{
    "fraction of match covered by td injection": [
        0.018842735324200714, 
        0.09459325631773105, 
        0.3190403229003509, 
        0.30800967591755796, 
        0.38435058665020944, 
        0.23095043087928982
    ], 
    "distance": [
        886.8483523128405, 
        449.1102314577124, 
        322.64531609803356, 
        934.986630920464, 
        492.54441424099, 
        744.7818472546172
    ], 
    "source": "AId", 
    "spearman_correlation": [
        -0.1085952971266015, 
        0.528280791347674, 
        0.10848901982322523, 
        0.09657522664917592, 
        0.07942519946527425, 
        -0.002900144585955239
    ], 
    "pearson_correlation": [
        0.24803731518194683, 
        0.731902784254965, 
        0.4908918026832174, 
        -0.07809087400261462, 
        0.06982395047401317, 
        -0.010113693971134678
    ], 
    "absolute_overlap": [
        213.6184493055531, 
        2246.955942250727, 
        7526.9801832521325, 
        11671.961768819618, 
        8356.770559670895, 
        10285.546516697228
    ], 
    "match_A": [
        112596790, 
        112596790, 
        112596790, 
        112596790, 
        166153483, 
        166153483
    ], 
    "injection_overlap": [
        0.009243932813476734, 
        0.09723275228582087, 
        0.3257157765564998, 
        0.5050819849277542, 
        0.3462255996773169, 
        0.42613584821128314
    ], 
    "match_B": [
        272737914, 
        166153483, 
        296048512, 
        296047806, 
        296048512, 
        296047806
    ]
}