{
    "fraction of match covered by td injection": [
        0.9189296814227936, 
        0.37874819198286425, 
        0, 
        0.0712278947944383
    ], 
    "distance": [
        341.9064199455752, 
        1341.118935814419, 
        1757.4982219052172, 
        850.7643622061281
    ], 
    "source": "AIp", 
    "spearman_correlation": [
        0.003310460906987732, 
        0.40869264030591484, 
        0.08057387775451856, 
        0.38419816874992574
    ], 
    "pearson_correlation": [
        -0.09963565079287921, 
        0.5834384280491168, 
        0.08894193429631103, 
        0.2692280507689038
    ], 
    "absolute_overlap": [
        31945.766887528458, 
        9660.216803705269, 
        0, 
        251.63568182207985
    ], 
    "match_A": [
        180917660, 
        180917660, 
        180917660, 
        183330908
    ], 
    "injection_overlap": [
        0.42270662505345813, 
        0.1278240605948052, 
        0, 
        0.017695502307156618
    ], 
    "match_B": [
        174361746, 
        183330908, 
        485903475, 
        485903475
    ]
}