{
    "fraction of match covered by td injection": [
        0.00029580498361555407, 
        0.09785314933834137, 
        0.0008372947754646783, 
        0.15377218798793077, 
        0.0020153373273684035, 
        0.0019723394603464476, 
        0.3167934990297225, 
        0, 
        0.27113853606257193, 
        0.3476840314704221, 
        0.012698162281417501, 
        0.24519614190925645, 
        0.33945669838175774, 
        0.3628672541978152, 
        0.7451577590680372, 
        0.008089872068690098, 
        0.9872162859822025, 
        0.5259237774294018, 
        0.2824971556033708, 
        0.19683115263143558, 
        0.08494463923170016, 
        0.020699781655143697
    ], 
    "distance": [
        877.5534171775528, 
        380.52595180880894, 
        678.3804242458651, 
        444.29719783046124, 
        763.4788798650555, 
        1000.2999550134949, 
        483.6320915737499, 
        536.0970061472084, 
        371.2142238654117, 
        595.3990258641678, 
        866.1408661412992, 
        427.43420546325024, 
        304.9590136395381, 
        125.29964086141668, 
        374.16573867739413, 
        957.5489543621255, 
        347.1310991541956, 
        571.8391382198319, 
        745.9892760623305, 
        278.0287754891569, 
        1019.3134944657605, 
        1284.5621822239668
    ], 
    "source": "AM", 
    "spearman_correlation": [
        -0.047162305174865395, 
        0.4930891417088142, 
        0.13147331448802357, 
        0.1399825899101752, 
        0.4258144876432919, 
        0.049227476301543255, 
        0.3076771462667948, 
        0.1922817602336516, 
        0.3723675983882555, 
        0.8638720829732065, 
        0.3200665008631554, 
        0.49119399035265887, 
        0.5191634241245137, 
        0.35699222975050304, 
        0.4351775829907202, 
        0.5621575278781312, 
        0.44042470572422826, 
        0.45074521708936227, 
        0.6506925216318793, 
        0.3238365832234245, 
        0.5395951019296494, 
        0.35730387070550873
    ], 
    "pearson_correlation": [
        0.19413549802534041, 
        0.32419408613515754, 
        0.23057572816586178, 
        0.12852703255037795, 
        0.32694141414624694, 
        0.12516060910233365, 
        0.24633162405756426, 
        0.5274959592877921, 
        0.6324994979313467, 
        0.9318776401261417, 
        0.45028386381422797, 
        0.7609061485714494, 
        0.46173448485563595, 
        0.5549047163761431, 
        0.3391145215980965, 
        0.4016847182688732, 
        0.7119363653067261, 
        0.45241128411592824, 
        0.7746996165899089, 
        0.6409043879551066, 
        0.6649842644134268, 
        0.341199976946631
    ], 
    "absolute_overlap": [
        0.7780665165154801, 
        171.80390218358838, 
        1.2527204368816456, 
        970.3425710014856, 
        4.579331902737566, 
        1.9045925848022307, 
        2114.016883693097, 
        0, 
        2593.6737894238568, 
        1288.4792713104644, 
        171.09809001781804, 
        2307.9842529097073, 
        3821.8493106157093, 
        1277.4073869824344, 
        5768.586164133723, 
        221.9795474865481, 
        5540.388021215459, 
        5830.548999557139, 
        4834.151152796709, 
        1991.2277730934613, 
        1216.5875625906342, 
        353.0701443766228
    ], 
    "match_A": [
        266839077, 
        266839077, 
        266839077, 
        266839077, 
        266839077, 
        266839077, 
        266839077, 
        573035760, 
        573035760, 
        573035760, 
        573035760, 
        573035760, 
        292321278, 
        292321278, 
        292321278, 
        292321278, 
        167571459, 
        167571459, 
        167571459, 
        514333422, 
        514333422, 
        479267539
    ], 
    "injection_overlap": [
        0.0002466516153111046, 
        0.05446283716218752, 
        0.0003971196713024767, 
        0.30760424393341035, 
        0.0014516748721102725, 
        0.0006037669371185127, 
        0.670155659047019, 
        0, 
        0.8604004751118082, 
        0.42742775970045926, 
        0.05675843991728603, 
        0.7656285674210385, 
        0.5666211104661126, 
        0.18938632408115416, 
        0.8552411234691835, 
        0.03291032363526909, 
        0.39364402126332976, 
        0.4142599300933151, 
        0.34346596157071846, 
        0.5143440779061417, 
        0.31425064300938205, 
        0.04476676277031973
    ], 
    "match_B": [
        267610466, 
        573035760, 
        292321278, 
        167571459, 
        514333422, 
        479267539, 
        278500868, 
        292321278, 
        167571459, 
        514333422, 
        479267539, 
        278500868, 
        167571459, 
        514333422, 
        479267539, 
        278500868, 
        514333422, 
        479267539, 
        278500868, 
        479267539, 
        278500868, 
        278500868
    ]
}