{
    "fraction of match covered by td injection": [
        0.00023122436108614946, 
        0.00072069212472371, 
        0, 
        0, 
        0, 
        0.352661062965061, 
        0, 
        0.4402566682464606, 
        0.5053985899888788, 
        0.016722594553923914, 
        0, 
        0, 
        0.037310391295952976, 
        0, 
        0.04549477284136518, 
        0.1859081527490493, 
        0, 
        0.00974645877276565, 
        0.024114761599176162, 
        0.01685961199334042, 
        0.07651283599085433, 
        0.44304632439296837, 
        0.02954739759977919, 
        0, 
        0.14350240516152826, 
        5.808952140737561e-06, 
        0.18340897012816673, 
        0, 
        0.5686483119022431, 
        0.00034352739861273656, 
        0, 
        0.6369069736573516, 
        0.016336648427234143, 
        0.02243763293044767
    ], 
    "distance": [
        1063.8608931622593, 
        998.2484660644362, 
        760.3288762108144, 
        716.2401831787993, 
        522.1110992882645, 
        934.826187052973, 
        613.0252849597641, 
        214.7091055358389, 
        376.9615364994153, 
        803.8034585643434, 
        916.1877536837087, 
        1074.988372030135, 
        868.3893136145792, 
        961.0411021387171, 
        1241.7326604386308, 
        864.0601830891179, 
        852.936105461599, 
        975.9610647971567, 
        815.4753215150046, 
        865.8521813797087, 
        1140.7892005098927, 
        286.53097563788805, 
        483.4252786108728, 
        1301.9216566291536, 
        380.13155617496426, 
        844.393273303382, 
        285.3068523537421, 
        1326.6876045248935, 
        136.38181696985856, 
        744.1102068914255, 
        1289.3796958227626, 
        162.48076809271922, 
        489.38737212968624, 
        621.85207244167
    ], 
    "source": "AUDp", 
    "spearman_correlation": [
        0.20736850611683513, 
        0.5521063608907909, 
        0.30525450696377654, 
        0.41098797812171856, 
        0.49148771119843093, 
        0.45887531332721504, 
        0.41317951145174203, 
        0.5995278649925534, 
        0.13253234197149244, 
        0.236751922624933, 
        0.2884476961545995, 
        0.4772955564083236, 
        0.26038398238425237, 
        0.35995009959310037, 
        0.48560307018135357, 
        0.2065738218473253, 
        0.43931968592297965, 
        0.34613755294988924, 
        0.4702873427859782, 
        0.21078351945272356, 
        0.302019949389571, 
        0.158226172768409, 
        0.2476518228251897, 
        0.22324410937238967, 
        0.4966407415497748, 
        0.1511695861524598, 
        0.5089104758602933, 
        0.23799577057803117, 
        0.6570113570386535, 
        0.40879864484274375, 
        0.2846847966952305, 
        0.5348077689014443, 
        0.31327944864324564, 
        0.3140136183807669
    ], 
    "pearson_correlation": [
        0.09788326177833415, 
        0.21205353153291154, 
        -0.034207533993235846, 
        0.11832101980954654, 
        0.4885553230069497, 
        0.6924863360720692, 
        0.6684137221567235, 
        0.4831714990169395, 
        0.17912011929841193, 
        0.21016538789222958, 
        0.20996078659253822, 
        0.683304767766311, 
        0.3649978158695299, 
        0.1777257352495436, 
        0.06000673872802621, 
        0.0944153378305365, 
        0.03638671740449263, 
        0.32511596093785067, 
        0.33968286784918056, 
        -0.1201268365155768, 
        0.10089590301686044, 
        -0.004635866065695235, 
        -0.0434168376608432, 
        0.07897862854683464, 
        0.8025448681220415, 
        -0.09149706985195682, 
        0.36534261621681235, 
        0.18491796762772403, 
        0.5239471108620649, 
        0.2075602597455303, 
        0.0573136445589263, 
        0.18214531871569137, 
        0.12676180015420396, 
        0.15576098321550516
    ], 
    "absolute_overlap": [
        4.9572746470876154, 
        9.836553511951934, 
        0, 
        0, 
        0, 
        6562.227320129914, 
        0, 
        6483.534293455601, 
        3258.285172858742, 
        91.93471549153855, 
        0, 
        0, 
        1120.3590984955063, 
        0, 
        365.30613094089995, 
        933.4633274300044, 
        0, 
        23.142925072615526, 
        860.8490146407523, 
        37.77055921672945, 
        329.2977560191224, 
        2005.992515149875, 
        292.7772279117646, 
        0, 
        914.256093007021, 
        1.398443450259947, 
        961.6085266993101, 
        0, 
        2863.823432680282, 
        21.532454821874126, 
        0, 
        2721.295431611133, 
        481.3802888178559, 
        531.4308911486959
    ], 
    "match_A": [
        146858006, 
        146858006, 
        146858006, 
        146858006, 
        146858006, 
        146858006, 
        146858006, 
        146858006, 
        112881858, 
        112881858, 
        112881858, 
        112881858, 
        112881858, 
        112881858, 
        112881858, 
        116903230, 
        116903230, 
        116903230, 
        116903230, 
        116903230, 
        116903230, 
        120491896, 
        120491896, 
        120491896, 
        120491896, 
        120491896, 
        100149109, 
        100149109, 
        100149109, 
        100149109, 
        139519496, 
        139519496, 
        139519496, 
        182090318
    ], 
    "injection_overlap": [
        0.0007491586850246353, 
        0.0014865304060806307, 
        0, 
        0, 
        0, 
        0.9917040995236136, 
        0, 
        0.9798117658159035, 
        0.42681359035962824, 
        0.012042833550756133, 
        0, 
        0, 
        0.14675955723709588, 
        0, 
        0.047852662690807866, 
        0.16336180144493306, 
        0, 
        0.004050153679819922, 
        0.1506538518133204, 
        0.006610079275653301, 
        0.05762912484539107, 
        0.35679614424808614, 
        0.05207486331760118, 
        0, 
        0.1626142901215426, 
        0.0002487343433404886, 
        0.22602138176364603, 
        0, 
        0.6731276932446627, 
        0.005061098208340964, 
        0, 
        0.38583744667458253, 
        0.06825225198242851, 
        0.10821827979724596
    ], 
    "match_B": [
        112881858, 
        116903230, 
        120491896, 
        100149109, 
        139519496, 
        576332845, 
        182090318, 
        562671482, 
        116903230, 
        120491896, 
        100149109, 
        139519496, 
        576332845, 
        182090318, 
        562671482, 
        120491896, 
        100149109, 
        139519496, 
        576332845, 
        182090318, 
        562671482, 
        100149109, 
        139519496, 
        576332845, 
        182090318, 
        562671482, 
        139519496, 
        576332845, 
        182090318, 
        562671482, 
        576332845, 
        182090318, 
        562671482, 
        562671482
    ]
}