{
    "fraction of match covered by td injection": [
        0, 
        0, 
        0, 
        0, 
        0, 
        0.8365887918400619, 
        0, 
        0.2542645754417631, 
        0, 
        0, 
        0.20467712648231393, 
        0.1299157884186241, 
        0, 
        0, 
        0, 
        0, 
        0, 
        0, 
        0, 
        0, 
        0.12400575520685173, 
        0, 
        0, 
        0, 
        0, 
        0.0008615808130840668, 
        0, 
        0, 
        0, 
        0, 
        0, 
        0.2998097397446837, 
        0, 
        0, 
        0, 
        0, 
        0, 
        0, 
        1.2809921149332867e-05, 
        0, 
        0, 
        0, 
        0.002578264698384956, 
        0, 
        0.36279908560092144, 
        0, 
        0, 
        0, 
        0, 
        0, 
        0, 
        0.04515394389399212, 
        0, 
        0.08330743042793849, 
        0, 
        0, 
        0.0003802115450770023, 
        0, 
        0.2609414018860102, 
        0, 
        0, 
        0.006349542093879874, 
        0.09834464238858616, 
        0, 
        0.05431179800523696, 
        0, 
        0, 
        0, 
        0, 
        0, 
        0.00234322848950151, 
        0.06147780746751106, 
        0, 
        0, 
        0, 
        0, 
        0, 
        0.057477910654422065
    ], 
    "distance": [
        2167.694627940015, 
        1120.0, 
        1621.5424755460463, 
        2901.22387967561, 
        2308.6143029964965, 
        458.1484475582123, 
        2679.328274026906, 
        755.5792479945436, 
        2375.4788990854036, 
        2551.0390040138545, 
        804.7981113297918, 
        1241.5313125330347, 
        2743.0822080280423, 
        2736.0007309940543, 
        3535.9581445486597, 
        3316.443878614562, 
        1744.8782192462602, 
        3243.2853713480104, 
        1426.5342617687106, 
        3440.2034823539143, 
        470.425339453563, 
        2320.215507232033, 
        2296.627962905616, 
        1440.7636863830237, 
        2020.1732598962892, 
        1381.6294727603345, 
        1200.7914056987584, 
        1931.113668327165, 
        1606.39347608237, 
        1667.9628293220446, 
        3157.05559026128, 
        549.6362433464518, 
        631.6644678941502, 
        1877.7912557044247, 
        1403.1749712705112, 
        1603.277892319357, 
        1529.509725369538, 
        1897.0239850882224, 
        1034.842983258813, 
        2991.8556114892976, 
        1103.4944494649712, 
        1280.6248474865697, 
        702.4243731534377, 
        2762.4626694310277, 
        447.54888001200493, 
        3075.2235691084315, 
        1065.5515003977987, 
        3823.885458535598, 
        2098.6185932655794, 
        1733.580110638098, 
        2244.77170331417, 
        714.4928271158501, 
        2602.652493130806, 
        700.713921654194, 
        3646.76569030696, 
        1508.7080565835129, 
        1228.04723036209, 
        2520.5356573553963, 
        415.45156155681974, 
        2352.998087547034, 
        2141.798309832184, 
        787.7816956492452, 
        1083.7435120913067, 
        2813.343206933701, 
        849.7646733066749, 
        3505.6811035803016, 
        1895.3891421024866, 
        1575.3729717117785, 
        2698.7033923719737, 
        1814.4696194756198, 
        1191.385747774414, 
        1430.9088021254186, 
        3717.75469873955, 
        1640.7315441594947, 
        1543.1461369552787, 
        2706.085734044655, 
        2692.656680678025, 
        520.0961449578338
    ], 
    "source": "CA3", 
    "spearman_correlation": [
        0.09457457835374235, 
        -0.20563380281690144, 
        -0.016878714667881586, 
        0.2474906173802478, 
        -0.10004433146950202, 
        0.25996532676463613, 
        -0.01899649890184313, 
        0.080628497355277, 
        -0.09764518154704567, 
        -0.1062399813548849, 
        0.2956802383316782, 
        0.334091375976183, 
        0.198853394355538, 
        0.6276717622398525, 
        -0.05349472862163218, 
        -0.12767492554682228, 
        0.2982795500129226, 
        0.20810033568172037, 
        0.2627218655649076, 
        0.2588591184096802, 
        0.4240943961259958, 
        0.2277257718971577, 
        -0.051469957955550254, 
        0.22446136105512454, 
        0.25391887859511125, 
        0.13147445139660563, 
        0.2152495370007358, 
        0.16568080485525036, 
        0.028452690440143244, 
        0.13582615142712426, 
        -0.4440499220692455, 
        0.04434589800443459, 
        0.11096024322249343, 
        0.6553694299557998, 
        0.10519460560935402, 
        -0.10597597584982434, 
        0.2733516483516483, 
        0.34729064039408863, 
        0.26387584154835525, 
        0.16424620185049782, 
        -0.09710098606226905, 
        0.07220640094792101, 
        -0.024268717883539404, 
        -0.030568606607922346, 
        0.35350130959612014, 
        0.0992419345764951, 
        0.12899740708729474, 
        0.1992589468332709, 
        0.2382767729116978, 
        -0.22039699945068958, 
        -0.02133894015198547, 
        0.08666252170534558, 
        0.19398297009626772, 
        0.4616494483048941, 
        -0.1235294117647059, 
        0.021164996285543476, 
        0.420055138925188, 
        -0.22613421977203124, 
        -0.2028682966268066, 
        0.4439509581587686, 
        0.2400630767098365, 
        0.18368545010857087, 
        0.011907012119677523, 
        0.18487394957983194, 
        0.03579390904830116, 
        0.3259921601358058, 
        0.30170663526490743, 
        -0.13357696285368134, 
        0.0028472174927303582, 
        0.29105710093002307, 
        -0.16472488706992072, 
        0.04332384056875261, 
        -0.303412500852558, 
        0.1021139052096006, 
        0.3022210351748977, 
        0.06427639846056275, 
        0.1528092353827014, 
        0.20938445683299944
    ],