{
    "fraction of match covered by td injection": [
        0.5592512729050452, 
        0.5701962277272199, 
        9.125038451898144e-06, 
        0.16176667343015905, 
        0.004220007527967409, 
        0.08428789173685594, 
        0.21394797751187325, 
        0, 
        0, 
        0, 
        0, 
        0, 
        0, 
        0.6438986044766439, 
        0.11127827747368535, 
        0.4636376315543478, 
        0.15832965139670316, 
        0.14479181714943287, 
        0.5450804127065919, 
        0, 
        0, 
        0.04289219852979598, 
        0, 
        0.00973059089462206, 
        0.00021774178085196038, 
        0.005299893214263664, 
        0.3894063686822089, 
        0.09624536015256992, 
        0.0736303518959399, 
        0.3784452091906473, 
        0, 
        0, 
        0.0014534689160704034, 
        0, 
        0, 
        0, 
        0.4156055433591976, 
        0.1734592761591694, 
        0.6199759765222904, 
        0, 
        0.0003680745116912937, 
        0.025486830972720375, 
        0, 
        0.020108128261666053, 
        0, 
        0.025530936681747253, 
        0.24008518630694933, 
        0, 
        0.2840611020975636, 
        0.0003505477562794116, 
        0, 
        0.0031088910129635737, 
        0, 
        0.3524351873518093, 
        0, 
        0, 
        0.11070111258470511, 
        0.07718359434501357, 
        0.003979991900020499, 
        0.017781382503332045, 
        0, 
        0.0055869302566038895, 
        0.1029468558807465, 
        0, 
        0.15153929320373422, 
        0.00027798523508234814, 
        0, 
        0, 
        0.009188984204411367, 
        0, 
        0.00014051645871391606, 
        0.06582348254574336, 
        0.058934102202627243
    ], 
    "distance": [
        587.7074101966045, 
        653.7583651472461, 
        2195.7458869368284, 
        880.9653795694811, 
        1639.0851106638727, 
        1260.7140833670417, 
        1279.8046725965646, 
        2938.6391408269237, 
        1743.7029563546653, 
        2073.0171248689676, 
        2530.1976207403245, 
        2447.6110802167896, 
        2632.299375071156, 
        189.73665961010275, 
        1725.2536045462998, 
        537.4941860150675, 
        1053.0906893520614, 
        806.2257748298549, 
        693.1810730249348, 
        2410.020746798666, 
        1208.4287318663025, 
        1700.2940922087566, 
        2149.9069747316976, 
        1894.993403682451, 
        2324.3063481391605, 
        1828.359920803341, 
        350.5709628591621, 
        1017.5460677532001, 
        937.0165420097983, 
        681.248853210044, 
        2470.910763261191, 
        1245.5922286205866, 
        1837.1173070873836, 
        2283.002409109548, 
        1939.1235133430773, 
        2476.772092866035, 
        1028.639878674748, 
        1214.4546101028232, 
        773.950902835574, 
        2598.7112190468565, 
        1345.5853744746187, 
        2112.5576915199263, 
        2543.737407831241, 
        2049.3169593793928, 
        2764.4348427843256, 
        895.6561840349231, 
        366.1966684720111, 
        1623.884232326923, 
        598.7486951969081, 
        1537.010084547268, 
        1862.3909364040624, 
        1063.8608931622593, 
        2177.383751202346, 
        659.7726881282674, 
        1708.156901458411, 
        811.1103500757465, 
        912.6883367283708, 
        1347.6275449841473, 
        1257.2191535289303, 
        1550.6127820961622, 
        1827.8676100855882, 
        657.723346096214, 
        1467.00374914313, 
        1852.4578267804102, 
        1280.7419724519066, 
        2120.9667607013553, 
        1323.8202294873727, 
        1573.8487856207787, 
        871.837140755084, 
        1842.471166667202, 
        1204.1179344233688, 
        406.07881008493905, 
        1575.1190431202335
    ], 
    "source": "ENTm", 
    "spearman_correlation": [
        0.26813119081481884, 
        0.10654296840535339, 
        0.05791576283512551, 
        0.12890714382093926, 
        0.2821442626240816, 
        0.12773474770961046, 
        0.16545110192780554, 
        0.004394420173006307, 
        -0.12132212349106013, 
        0.5641385709866997, 
        0.4483394454564712, 
        0.40508285142516404, 
        0.2785258107767717, 
        0.23816868293866839, 
        0.07448860624587665, 
        -0.011036369300950036, 
        0.15000242887071863, 
        0.11746949409771248, 
        -0.06779054031382573, 
        0.057931466852007174, 
        -0.012413446417410191, 
        0.3951978925626862, 
        0.31951888986181526, 
        0.25167865361180114, 
        0.17563586433363162, 
        -0.013689156833247595, 
        0.24186006532576926, 
        -0.061211112214735686, 
        0.016704627668746013, 
        0.2211637317022682, 
        0.1062685351482954, 
        0.30124114814454045, 
        0.25140528757522024, 
        0.15495445935846003, 
        0.30754630762729174, 
        0.32271033203525745, 
        0.22745245992935106, 
        0.11944275996768892, 
        0.2563078498584896, 
        0.3933253212859525, 
        0.21360276041941106, 
        0.27863252439137004, 
        0.21052752527375793, 
        0.31886041751759786, 
        0.3976221851967982, 
        0.40468832123978954, 
        0.33591728726641523, 
        0.30072802108024893, 
        0.17740204929140158, 
        0.2118669974290996, 
        0.22704532807701835, 
        0.20129569537790754, 
        0.2580934912563482, 
        0.2690268916123382, 
        0.0453819001386508, 
        -0.15171182686047746, 
        0.24245781793344526, 
        0.11506007662652695, 
        0.18007012777432635, 
        0.16932682232692103, 
        0.009461075769448157, 
        0.5072636782249088, 
        0.18040987173693931, 
        0.05777228140559317, 
        0.3405968867113322, 
        0.21889279612443466, 
        0.0461029817853321, 
        0.07058008562418042, 
        0.10040776437132055, 
        0.20993973132066787, 
        0.4372251740684651, 
        0.36626716796976366, 
        0.3527837540818147
    ],