{
    "fraction of match covered by td injection": [
        0.384101476963838, 
        0.46104827819841016, 
        0.5808752654401901, 
        0.22527451302864743, 
        0.6231533154249917, 
        0.2257615738883016, 
        0.3629127572843597
    ], 
    "distance": [
        896.6604708583958, 
        1526.7612779999367, 
        313.6877428271624, 
        658.7867636800241, 
        1560.7049689162907, 
        1869.4919095839919, 
        418.09089920733743
    ], 
    "source": "ORBm", 
    "spearman_correlation": [
        0.10892148038715319, 
        0.3195037205346158, 
        0.5223394667073182, 
        0.23268854485664814, 
        0.36387596168649683, 
        0.18397998325015255, 
        0.42856219477161733
    ], 
    "pearson_correlation": [
        0.10097907413515511, 
        0.4257849370977634, 
        0.43575407498071617, 
        0.08159069171463532, 
        0.45006895618776005, 
        0.13990968253411298, 
        0.19205274546578943
    ], 
    "absolute_overlap": [
        9257.661426938752, 
        7291.037010038926, 
        8712.391092659953, 
        7382.595212453362, 
        7342.5455116953235, 
        6937.074084097931, 
        9664.591044201477
    ], 
    "match_A": [
        126860974, 
        126860974, 
        126860974, 
        126860974, 
        496554237, 
        496554237, 
        478582494
    ], 
    "injection_overlap": [
        0.5635578335130641, 
        0.443840061971224, 
        0.5303646377270397, 
        0.4494136447383454, 
        0.44086527847805457, 
        0.4165197332501918, 
        0.8362360036757027
    ], 
    "match_B": [
        478376197, 
        496554237, 
        478582494, 
        167902586, 
        478582494, 
        167902586, 
        167902586
    ]
}