{
    "fraction of match covered by td injection": [
        0.2164770915657699, 
        0.6733547572993208, 
        0.41384638135913276, 
        0.6077732902672259, 
        0.518405385464869, 
        0.22707380165120453, 
        0.08816503309202078, 
        0.30364353837941865, 
        0.5711940339314141, 
        0.12345184660450774
    ], 
    "distance": [
        725.9476565152614, 
        153.94804318340653, 
        836.9587803470372, 
        263.81811916545837, 
        386.52296180175375, 
        594.3904440685432, 
        833.9064695755753, 
        522.8766584960549, 
        334.81338085566415, 
        748.4650960465692
    ], 
    "source": "RE", 
    "spearman_correlation": [
        0.31630624971240656, 
        0.32978115556217913, 
        0.2003696010748117, 
        0.2827788162082519, 
        0.40412376942875666, 
        0.27945376091070073, 
        0.32051689190647475, 
        0.47960346385339186, 
        0.45636703436938175, 
        0.5303217802445921
    ], 
    "pearson_correlation": [
        0.43600540782454233, 
        0.49796670443856594, 
        0.3729287439374981, 
        0.4053283017474713, 
        0.44211289359501427, 
        0.2351457395069444, 
        0.4865117848817456, 
        0.5651646448050476, 
        0.10024097719880631, 
        0.5634449440868879
    ], 
    "absolute_overlap": [
        4200.390265188608, 
        6145.592013909501, 
        6912.74450710864, 
        4069.9126205657203, 
        9478.429410098295, 
        3547.7841061224017, 
        1120.2821522416566, 
        3843.4033547729714, 
        5756.388005345717, 
        1435.0421605635402
    ], 
    "match_A": [
        175374982, 
        175374982, 
        175374982, 
        175374982, 
        175374982, 
        175374982, 
        175374982, 
        538833505, 
        538833505, 
        538833505
    ], 
    "injection_overlap": [
        0.35215377706605183, 
        0.5152362764815657, 
        0.5795530734955653, 
        0.3412147470055751, 
        0.7946558549768912, 
        0.2974403553736954, 
        0.09392260394496237, 
        0.5835821743834109, 
        0.8740496686569275, 
        0.2178967303427895
    ], 
    "match_B": [
        204832205, 
        265286700, 
        184158290, 
        538833505, 
        170784358, 
        265947058, 
        278500868, 
        170784358, 
        265947058, 
        278500868
    ]
}