{
    "fraction of match covered by td injection": [
        0, 
        0, 
        0, 
        0.8290247421926481, 
        0, 
        0, 
        0, 
        0, 
        0, 
        0, 
        0, 
        0, 
        0.40691370937420773, 
        0, 
        0.0013086030997103326, 
        0, 
        0, 
        0, 
        0, 
        0.002884917743446628, 
        0, 
        0.09753065594248603, 
        0.2068025832335557, 
        0.035789922036937795, 
        0.19159319012309417, 
        0, 
        0.33241870422848135, 
        0, 
        0.27740421558296435, 
        0, 
        0, 
        0, 
        0, 
        0, 
        0, 
        0, 
        0, 
        0, 
        0, 
        0.4933524850866053, 
        0, 
        0.006817707486616988, 
        0, 
        0.2665963792971756, 
        0, 
        0.3591173973724055, 
        0, 
        0.04167447084741023, 
        0, 
        0, 
        0, 
        0, 
        0, 
        0, 
        0, 
        0, 
        0.7955005232237188, 
        0, 
        0, 
        0, 
        0, 
        0
    ], 
    "distance": [
        2735.196519447917, 
        792.3383115816122, 
        2030.0985197768111, 
        558.8380803059147, 
        1993.2134858062745, 
        1697.4687036879354, 
        1884.9137911321038, 
        2117.8054679313677, 
        2120.3773249117717, 
        2454.9949083450256, 
        884.3641783790205, 
        2665.089116708858, 
        348.85527085024813, 
        2454.9949083450256, 
        538.2378656319156, 
        3475.5431230240833, 
        2356.289455903073, 
        816.9455306200041, 
        2724.5917125323567, 
        763.544366752843, 
        1120.4909638189858, 
        899.4442728707544, 
        631.6644678941502, 
        872.066511224918, 
        606.3827174318212, 
        2279.254264008296, 
        440.6812907306141, 
        2394.3683927081897, 
        606.3827174318212, 
        2406.4496670406384, 
        2482.6800035445567, 
        1561.121391820636, 
        1153.819743287486, 
        1596.5274817553252, 
        1249.2397688194208, 
        1463.318147225681, 
        1768.643548033351, 
        1712.0163550620655, 
        2018.7619968683778, 
        103.440804327886, 
        2273.4335266288304, 
        670.5967491719596, 
        2018.7619968683778, 
        541.2023651093923, 
        3388.303410263018, 
        222.93496809607953, 
        540.8326913195984, 
        541.6641025580336, 
        800.6247560499238, 
        1173.925040196349, 
        1034.6496991735899, 
        1362.827942184926, 
        800.6247560499238, 
        1382.6423977297961, 
        2810.658285882508, 
        2317.6280978621226, 
        291.37604568666933, 
        2393.616510638243, 
        2895.5310393777513, 
        2178.8758569500924, 
        2965.0632370996746, 
        3071.9863280945765
    ], 
    "source": "RSPagl", 
    "spearman_correlation": [
        0.3766444038801854, 
        0.09124954938605392, 
        0.35654098373380255, 
        0.3865338855249927, 
        0.278909420824826, 
        0.22038343280882622, 
        -0.02838113054132089, 
        0.25647584967668896, 
        0.3340763948485181, 
        -0.07298991134190097, 
        0.15751574749644146, 
        0.3895748270747772, 
        0.12240386328915485, 
        0.20506233974246293, 
        0.5520222396505821, 
        0.119431271968536, 
        0.21184730758935152, 
        0.2797476941458795, 
        0.10634097562152589, 
        0.5320401748019891, 
        0.03508239606940024, 
        0.25570685246539465, 
        0.1437171924535474, 
        0.22123154813725704, 
        0.43765890582012773, 
        0.5163303707899344, 
        0.3621753112813447, 
        0.23638724621443916, 
        0.3098802310345826, 
        0.03504608212446255, 
        0.3133170077675097, 
        0.10142595858270195, 
        0.04471612034376364, 
        0.19799611167564254, 
        0.4053567847901469, 
        0.23163447611022395, 
        0.2799160520395606, 
        0.10150798762682813, 
        -0.028298962338697158, 
        0.05641774875106985, 
        0.26552838600964723, 
        0.5993012540429878, 
        0.2559809769972969, 
        0.14487632508833925, 
        0.10814959417944868, 
        0.8377976699248514, 
        0.2228003098125974, 
        0.23410472314718922, 
        0.5363911695645073, 
        0.29561158867349957, 
        0.5211028365412834, 
        0.3512544566283158, 
        0.4761445619414377, 
        0.1516370293632465, 
        -0.06364832444118104, 
        0.09541478031663574, 
        0.5675036348717893, 
        0.28115097945242734, 
        0.26734177279741445, 
        0.2815874242053577, 
        0.21691774189164972, 
        0.29511396167654974
    ], 
    "pearson_correlation": [
        0.22053430645977015, 
        -0.10002897416575283, 
        0.05780621937306577, 
        0.7937769376920253, 
        0.7062656968967987, 
        0.07083761927834693, 
        -0.13527039629097887, 
        0.09804735627129116, 
        0.6842483697443935, 
        -0.03389821964043662, 
        0.6555131382689386, 
        0.5186037539425291, 
        0.33916946139370163, 
        0.14064660784866254, 
        0.25688462103068727, 
        -0.06170164567934999, 
        0.17293054704836452, 
        0.41511360931522007, 
        0.1055019800921707, 
        0.707260642009491, 
        -0.08612024719041782, 
        0.1341872302177609, 
        -0.037070022618492585, 
        0.08679195455721393, 
        0.3783024792078458, 
        0.6251008953095696, 
        0.2806898804020531, 
        0.18790613164009484, 
        0.2692638542102615, 
        0.008009421990249977, 
        0.6985580219285588, 
        -0.10044082793393136, 
        0.13837724771267937, 
        0.009326075021154867, 
        0.1662415715188457, 
        -0.03824982772066819, 
        0.14303668231167624, 
        -0.06351321523279128, 
        -0.13016363471727682, 
        -0.1348458706562134, 
        0.13481538016346398, 
        0.6122577152087639, 
        0.130884990034747, 
        0.02894165780526795, 
        -0.023883432825000387, 
        0.9589228990285694, 
        0.33356022640387095, 
        0.3158934324350602, 
        0.6208964028136286, 
        0.2888496687820545, 
        0.4025486107808122, 
        0.21579374397167378, 
        0.5201674333668708, 
        -0.017078683412887277, 
        0.2549278660642666, 
        -0.03280323238079759, 
        0.6969909895657931, 
        0.03613908424768664, 
        0.3622023375332203, 
        0.30181026278605033, 
        0.02537242288780652, 
        -0.011989003813901791
    ], 
    "absolute_overlap": [
        0, 
        0, 
        0, 
        6969.346513685394, 
        0, 
        0, 
        0, 
        0, 
        0, 
        0, 
        0, 
        0, 
        1758.8596112675746, 
        0, 
        23.40213474741904, 
        0, 
        0, 
        0, 
        0, 
        44.01871877121539, 
        0, 
        1885.0804852698802, 
        1768.7586458589797, 
        909.3487215764479, 
        2041.6227012948511, 
        0, 
        1982.7312218888442, 
        0, 
        1823.016155571022, 
        0, 
        0, 
        0, 
        0, 
        0, 
        0, 
        0, 
        0, 
        0, 
        0, 
        3235.005932714983, 
        0, 
        17.003871069978004, 
        0, 
        1075.2644904504898, 
        0, 
        6336.771542857302, 
        0, 
        997.8072840423184, 
        0, 
        0, 
        0, 
        0, 
        0, 
        0, 
        0, 
        0, 
        6550.380977610527, 
        0, 
        0, 
        0, 
        0, 
        0
    ],