{
    "fraction of match covered by td injection": [
        0.0002981754903771398, 
        0.12737962340323064, 
        0.12209449026625521, 
        0, 
        0.4121057313508051, 
        0, 
        0.4727454726772983, 
        0.04690653900301306, 
        0.0788987036818852, 
        0, 
        0.0006428170863714571, 
        0, 
        0.1049415053296418, 
        0, 
        0, 
        0, 
        0.5762536292187663, 
        0.020363944038452222, 
        0
    ], 
    "distance": [
        2041.396580775034, 
        1673.2602905704778, 
        1631.2571838922274, 
        3411.832352270551, 
        516.6236541235796, 
        3166.322788346128, 
        1498.4325143295578, 
        758.485332752058, 
        601.5812497078014, 
        1801.9156473042794, 
        1598.937146982332, 
        1911.6746585127921, 
        567.2741841473133, 
        2365.6288804459587, 
        1229.8373876248843, 
        2421.445849074474, 
        335.4101966249685, 
        2731.098680018721, 
        1048.2366145102926
    ], 
    "source": "SUB", 
    "spearman_correlation": [
        0.21240440958336398, 
        0.354470536153384, 
        0.2180773636444934, 
        0.21100651775793913, 
        0.34509003497601326, 
        0.4657854021607596, 
        0.31643195815321085, 
        0.2474929390197468, 
        0.2894934004511799, 
        0.38320495082127837, 
        0.26385462543664584, 
        0.3850250452430698, 
        0.4223792337283831, 
        0.39076547860871663, 
        0.1157843592961556, 
        0.20468546637744034, 
        0.14650980881087838, 
        0.36063300440272117, 
        0.5772776485628667
    ], 
    "pearson_correlation": [
        -0.03671404818461693, 
        0.08348563517367849, 
        0.056400557496128795, 
        0.014549349190983394, 
        0.4373396929744928, 
        0.25213895358288424, 
        0.03631987481244001, 
        0.06067067173837527, 
        0.1592291819973428, 
        0.3851886366862488, 
        0.21665897749923058, 
        0.019605428234262458, 
        0.1593006985193226, 
        0.6292454517546526, 
        -0.059125102118993925, 
        0.06026941816326611, 
        -0.14764212274464888, 
        0.078350800109764, 
        0.19810207091182228
    ], 
    "absolute_overlap": [
        0.056518663206588826, 
        3502.663060068832, 
        765.9870249910441, 
        0, 
        8164.581509502277, 
        0, 
        3243.4289982748387, 
        933.1926767083835, 
        422.5469965528476, 
        0, 
        2.059006837396282, 
        0, 
        860.9878516947676, 
        0, 
        0, 
        0, 
        4773.736500756391, 
        52.45583451734467, 
        0
    ], 
    "match_A": [
        127139568, 
        127139568, 
        127139568, 
        127139568, 
        127139568, 
        127139568, 
        127139568, 
        640285199, 
        640285199, 
        640285199, 
        640285199, 
        640285199, 
        640285199, 
        152994878, 
        152994878, 
        152994878, 
        152994878, 
        638314843, 
        638314843
    ], 
    "injection_overlap": [
        1.7186880863958856e-06, 
        0.10651322820560731, 
        0.023293062848529316, 
        0, 
        0.24827850084666964, 
        0, 
        0.09863012431893559, 
        0.5580552660621214, 
        0.25268584127427424, 
        0, 
        0.0012312994273807152, 
        0, 
        0.514876312948097, 
        0, 
        0, 
        0, 
        0.6583418744446254, 
        0.004298560207985732, 
        0
    ], 
    "match_B": [
        640285199, 
        127222723, 
        152994878, 
        157063781, 
        638314843, 
        127795906, 
        299446445, 
        127222723, 
        152994878, 
        157063781, 
        638314843, 
        127795906, 
        299446445, 
        157063781, 
        638314843, 
        127795906, 
        299446445, 
        127795906, 
        299446445
    ]
}