{
    "fraction of match covered by td injection": [
        0.1914029716403216, 
        0.020411051729643897, 
        0.12602544362552992, 
        0.11369485332098175, 
        0.017310282262810627, 
        0.23451661368173746, 
        0.02631675237281367, 
        0.0721434217318385, 
        0.08224737875028701, 
        0, 
        0.04551721349096691, 
        0.02751219705819462, 
        0, 
        0.25014441777531315, 
        0.3655163351144405, 
        0.8513268321675437, 
        0.0019559650883248215, 
        0.2677909540938238, 
        0.26495004387624266, 
        0.4887376645247915, 
        0.04075354453074232, 
        0, 
        0, 
        0.5083848429688913, 
        0.6422000020125936, 
        0.34067970356796884, 
        0.12527502026421458, 
        0.06565092852987858, 
        0.009385307169221282, 
        0.9122725458979463, 
        0.6438906922055216, 
        0.2292526914785392, 
        0.07387948562645709, 
        0.005167199496877202, 
        0.9979420040189402, 
        0.45279003768616827, 
        0.023730010779273912, 
        0.0018987556197062744
    ], 
    "distance": [
        514.0038910358559, 
        660.4543890383347, 
        610.4096984812742, 
        310.322412983658, 
        490.81564767232106, 
        247.1841418861655, 
        674.9074010558782, 
        703.2780389006897, 
        539.0732788777422, 
        911.1531155629114, 
        782.1764506810467, 
        587.2818744010409, 
        812.0960534321048, 
        297.4894956128703, 
        242.69322199023193, 
        230.65125189341592, 
        808.8263101556477, 
        400.74929819027756, 
        576.6281297335398, 
        520.8646657242167, 
        696.6347680097513, 
        918.7491496594704, 
        951.945376584182, 
        128.84098726725125, 
        355.6683848755748, 
        283.0194339616981, 
        564.71231613982, 
        739.2563831310488, 
        830.0602387778853, 
        400.4996878900157, 
        232.80893453645632, 
        308.54497241083027, 
        643.1174076325411, 
        727.5300681071539, 
        494.064773081425, 
        147.30919862656236, 
        841.9619943916708, 
        869.1375035056305
    ], 
    "source": "VISpm", 
    "spearman_correlation": [
        0.4887519962630184, 
        0.11446988580107932, 
        0.5622866275479841, 
        0.5945910824574314, 
        0.006913571497858541, 
        0.2860914234086843, 
        0.6559521997500145, 
        0.04302293668604179, 
        0.4942135198709488, 
        0.3170448433325067, 
        0.29168296017866946, 
        0.5649322654176223, 
        0.3749333770849341, 
        0.45787695329556405, 
        0.09995529525453195, 
        0.06372273985198958, 
        0.3926076668929476, 
        0.07714032236448677, 
        0.45451368049225804, 
        0.10495535773965897, 
        0.5290326512186471, 
        0.4001881236006111, 
        0.27138520569031027, 
        0.3647460567570219, 
        0.5125447181878537, 
        0.1804768629577024, 
        0.6361132097018609, 
        0.3748098072001388, 
        0.35870566203289866, 
        0.7018099571690641, 
        0.22300383034601842, 
        0.5154672821866989, 
        0.6292542129080398, 
        0.35209720542912704, 
        0.20509980592001736, 
        0.7199404169004235, 
        0.4419398466240483, 
        0.29132905651892727
    ], 
    "pearson_correlation": [
        0.25771282943469276, 
        0.0950426520753461, 
        0.35187945696136624, 
        0.24202570442330898, 
        -0.10620541360938289, 
        0.18183567986991603, 
        0.3643290968570462, 
        0.019697406868416947, 
        0.2949826331109205, 
        0.16119127559418564, 
        0.1401719300956352, 
        0.8424616899180317, 
        0.09566255895377804, 
        0.6978008629538156, 
        0.14305304528517931, 
        0.025336052754205522, 
        0.2205410489589541, 
        0.11142918916495055, 
        0.5117060162389877, 
        0.1187164825597556, 
        0.6476081016521126, 
        0.7368482310851746, 
        0.08150040020928727, 
        0.19588663519575508, 
        0.18343475679038274, 
        0.0881367281807596, 
        0.7272794828134844, 
        0.12374144059867494, 
        0.029339256336589844, 
        0.28424686127788507, 
        -0.05241831355669831, 
        0.10771153033534771, 
        0.3118789235888135, 
        0.17567381941832544, 
        0.1515601380505078, 
        0.4076673609107475, 
        0.6561403230631373, 
        0.10467921802611888
    ], 
    "absolute_overlap": [
        1251.106220205832, 
        64.44099120552971, 
        899.658035456978, 
        1479.8006932418018, 
        141.45176945529613, 
        3492.0597175395405, 
        85.5651272774885, 
        474.5667101327492, 
        434.0624591289122, 
        0, 
        400.2602897744704, 
        364.0199979541643, 
        0, 
        5306.107629172785, 
        3120.0036516475207, 
        6317.404159490021, 
        15.541900604121793, 
        1495.7879291216504, 
        2761.1671153753205, 
        3837.21270697846, 
        1203.7347339616126, 
        0, 
        0, 
        2281.3030718359714, 
        7494.982356915196, 
        4523.818789078098, 
        3017.1016288176284, 
        548.8126889288844, 
        120.50638897457611, 
        5732.70132451748, 
        8536.96313322159, 
        6469.928195043068, 
        818.3581475592312, 
        105.58313523166626, 
        8133.985737275118, 
        3316.295425127757, 
        158.0202634823895, 
        1.9591601491247275
    ], 
    "match_A": [
        146077302, 
        146077302, 
        146077302, 
        146077302, 
        146077302, 
        146077302, 
        146077302, 
        146077302, 
        146077302, 
        100141599, 
        100141599, 
        100141599, 
        100141599, 
        100141599, 
        100141599, 
        100141599, 
        100141599, 
        523718823, 
        523718823, 
        523718823, 
        523718823, 
        523718823, 
        523718823, 
        523718823, 
        294481346, 
        294481346, 
        294481346, 
        294481346, 
        294481346, 
        294481346, 
        512314723, 
        512314723, 
        512314723, 
        512314723, 
        512314723, 
        502074651, 
        502074651, 
        159753308
    ], 
    "injection_overlap": [
        0.3528027666390786, 
        0.018171886299578194, 
        0.2536969593885331, 
        0.41729292862459105, 
        0.03988836023979746, 
        0.9847351965160395, 
        0.02412873754744531, 
        0.13382432729180602, 
        0.12240242595041041, 
        0, 
        0.05489213868751947, 
        0.049922104998198685, 
        0, 
        0.7276854669634409, 
        0.42788075041944, 
        0.866375791271305, 
        0.002131433432753965, 
        0.34228630102629076, 
        0.6318473762468686, 
        0.8780825932283065, 
        0.27545476299339583, 
        0, 
        0, 
        0.5220384352460855, 
        0.9944012665307598, 
        0.6002003632822972, 
        0.40029576296202274, 
        0.07281405171761493, 
        0.015988257225289522, 
        0.7605895766363107, 
        0.5322645437874646, 
        0.40338857335239536, 
        0.051023182280159736, 
        0.006582921634865436, 
        0.5071396162853861, 
        0.38194137340125167, 
        0.01819936667957331, 
        0.00027139188924701126
    ],