{
    "fraction of match covered by td injection": [
        0.41415655530877993, 
        0.6936901097714427, 
        0.4198286541210787, 
        0.7597561892713346, 
        0.18575792463657376, 
        0.7172688546307494, 
        0.6057150647803814, 
        0.8455318309042014, 
        0.6674458331878474, 
        0.5317577830229094, 
        0.9107640790373376, 
        0.3198991919733514, 
        0.24168379283603056
    ], 
    "distance": [
        187.88294228055935, 
        122.47448713915891, 
        790.0632886041473, 
        550.0, 
        651.9969325081215, 
        286.18176042508367, 
        829.5179322956195, 
        614.3289021363067, 
        726.7736924242649, 
        874.8714191239762, 
        617.4949392505173, 
        720.0694410957876, 
        458.9117562233506
    ], 
    "source": "VISrl", 
    "spearman_correlation": [
        0.1677453693923844, 
        0.29712026607651854, 
        0.33641592017359573, 
        0.24767385512019802, 
        0.5496900761372312, 
        0.5247164132239137, 
        0.3614143331751305, 
        0.46173045794865936, 
        0.24406101525381343, 
        0.6197939342868156, 
        0.6291519171396, 
        0.38817499909318315, 
        0.3252525705329235
    ], 
    "pearson_correlation": [
        -0.005044372861157648, 
        0.01789654747662716, 
        0.05826353908214698, 
        0.04439346514533537, 
        0.1331305128025728, 
        0.48427078014344677, 
        0.05685632864842696, 
        0.30953784451374894, 
        -0.05507103284647018, 
        0.8094557486810023, 
        0.6446384914639188, 
        0.024000626810196754, 
        -0.016223881464912108
    ], 
    "absolute_overlap": [
        5100.95057458678, 
        5700.68724115367, 
        3422.2517712422273, 
        4609.185118199637, 
        3017.7004193022967, 
        6520.59946627434, 
        4805.776031477558, 
        5181.674222975238, 
        9034.29263245018, 
        5102.8292699520625, 
        7029.020164181132, 
        5400.76943376862, 
        3749.782115964468
    ], 
    "match_A": [
        521600943, 
        521600943, 
        521600943, 
        521600943, 
        521600943, 
        540145406, 
        540145406, 
        540145406, 
        540145406, 
        518606617, 
        518606617, 
        518606617, 
        272929308
    ], 
    "injection_overlap": [
        0.8084848270978449, 
        0.9035412265049002, 
        0.5424162792995113, 
        0.7305415292426094, 
        0.478296146190429, 
        0.5609948168090998, 
        0.41346128655019687, 
        0.445801401622255, 
        0.777258496945679, 
        0.49106853128975453, 
        0.6764346651290029, 
        0.5197406719626092, 
        0.6046969770548217
    ], 
    "match_B": [
        540145406, 
        518606617, 
        657334568, 
        272929308, 
        524874308, 
        518606617, 
        657334568, 
        272929308, 
        524874308, 
        657334568, 
        272929308, 
        524874308, 
        524874308
    ]
}