{
    "image_series_id": 485929089, 
    "distance": [
        713.4423592694787, 
        1558.813651467038, 
        1156.762724157379, 
        1294.9517365523704, 
        681.6157275180789, 
        1576.5151442342697, 
        1131.94522835692, 
        752.3961722390671, 
        785.0477692471968, 
        650.7687761409578, 
        366.742416417845, 
        1483.1385639919151, 
        987.2183142547549, 
        976.5244492586962, 
        1506.3532122314473, 
        1532.1553446044563, 
        1923.6683705878204, 
        966.126285741155, 
        505.3711507397311, 
        93.8083151964686, 
        857.7878525602936, 
        900.1111042532472, 
        446.09416046390925, 
        725.6721022610694, 
        1164.6887996370533, 
        1104.7171583713182, 
        1246.0337074092338, 
        548.543526076099, 
        994.98743710662, 
        1166.3189958154674, 
        1195.7006314291216, 
        1388.1642554107204, 
        306.75723300355935, 
        970.5668446840743
    ], 
    "exclusion_zone_overlap": [
        0.020167303574721584, 
        0.017787936480614566, 
        0.1024150524908993, 
        0.03392558677818971, 
        0.2460108995909666, 
        0.26023174460965076, 
        0.12566776643997, 
        0.011020173892932866, 
        4.0735848492220495e-06, 
        0.05051646922533126, 
        0.05008416969583068, 
        0.1332232878733649, 
        0.3897765269473664, 
        0.2524611965947904, 
        2.0873007343070228e-05, 
        0.000361187521879323, 
        0.00037627254767713496, 
        0.01122303337022397, 
        0.007112715772853742, 
        0.19002444103733268, 
        1.610160922554001e-06, 
        0.04647081309350596, 
        0.02030245468694797, 
        6.446078290463213e-07, 
        0.03655366932668942, 
        0.01060202365767662, 
        0.00013430465393193195, 
        0.14108707214769628, 
        0.0009635967278669143, 
        0.11683762375132327, 
        0.0003587935359542025, 
        0.007052626053453809, 
        0.20820446952952248, 
        1.9130734410183493e-05
    ], 
    "match_id": [
        142656218, 
        558580065, 
        585051446, 
        585026021, 
        640282128, 
        127139568, 
        626107114, 
        142654100, 
        180297139, 
        640285199, 
        113226232, 
        146984915, 
        127222723, 
        112672974, 
        113166056, 
        558581415, 
        127089669, 
        100148554, 
        642967852, 
        152994878, 
        114472145, 
        112672268, 
        640081415, 
        272414403, 
        638314843, 
        100148443, 
        120280939, 
        579409876, 
        232311959, 
        287028480, 
        603468246, 
        657172447, 
        299446445, 
        286483411
    ], 
    "fraction of match covered by td exclusion zone": [
        0.09337111969972778, 
        0.0188774504490776, 
        0.12829253875464883, 
        0.043272489737966185, 
        0.6930724100446659, 
        0.3989070368544032, 
        0.5823568069141881, 
        0.028839894670460362, 
        8.276214088503752e-06, 
        0.9641210881900224, 
        0.09547519093216061, 
        0.5765670679633175, 
        0.7578241647846069, 
        0.44676098627292254, 
        8.512591782308062e-05, 
        0.004091519159657789, 
        0.0006996134066766912, 
        0.17964970850084824, 
        0.04007499533862816, 
        0.9994733310970151, 
        2.8985413602793746e-05, 
        0.4389174867010997, 
        0.07182850518196988, 
        1.924564159041393e-07, 
        0.16850335700893068, 
        0.1763844579317316, 
        0.003122020615011356, 
        0.30082754128954825, 
        0.003594534967298187, 
        0.3684349969451477, 
        0.0002062401677084854, 
        0.020078526921301028, 
        0.8836321161936687, 
        0.00019232680467687677
    ], 
    "source": "SUB", 
    "pearson_correlation": [
        0.03831864915840663, 
        -0.0054494126574686835, 
        -0.04489424487177284, 
        -0.03958926840051799, 
        1.0, 
        0.285165249472549, 
        -0.03104563249441032, 
        0.07897190115573423, 
        -0.009018933962096017, 
        0.9700920613581223, 
        0.05425517514621012, 
        NaN, 
        0.9341849592550698, 
        -0.01673648027073505, 
        NaN, 
        0.13496361556569123, 
        -0.022038918161174446, 
        NaN, 
        0.1011202235453577, 
        0.9817455538655435, 
        -0.043262045579045394, 
        0.502479574597822, 
        0.07937345201768235, 
        0.10822559649552535, 
        0.8495829749887039, 
        NaN, 
        -0.011764705882352958, 
        0.16801197470046236, 
        0.117208561434761, 
        0.10992237794593707, 
        0.04834790382967556, 
        -0.02532345240617609, 
        0.17796404578973957, 
        -0.0385849934215656
    ], 
    "spearman_correlation": [
        0.12754507623222117, 
        0.08389327849320871, 
        -0.06449743592735924, 
        -0.049552746577590505, 
        1.0, 
        0.2609777986419767, 
        -0.034682427899900205, 
        0.13327628770098482, 
        0.04817796752269108, 
        0.39159407537109603, 
        0.20051399001787001, 
        NaN, 
        0.39159407537109603, 
        -0.01673538989640619, 
        NaN, 
        0.3547381623949929, 
        0.07450858302400405, 
        NaN, 
        0.13994552470876934, 
        0.308235458697471, 
        -0.015508031230274022, 
        0.6945186807008568, 
        0.13187098534641853, 
        0.1364956078976402, 
        0.5841557837144915, 
        NaN, 
        -0.01176470588235294, 
        0.18026270086452592, 
        0.13864387805784736, 
        0.20575891271051963, 
        0.13608300341994342, 
        0.03970218292105944, 
        0.3338183685365395, 
        -0.06449743592735924
    ], 
    "injection_overlap": [
        0.00657767273524471, 
        0.008772928019852298, 
        0.1355729233735805, 
        0.024556347402422064, 
        0.34439319568967514, 
        0.34503552701565793, 
        0.09622329378549216, 
        0.0039024791111707023, 
        0, 
        0.038171039489294574, 
        0.036910409086106814, 
        0.07975809781931034, 
        0.5799751081301983, 
        0.2791627655240462, 
        2.3721826302821592e-05, 
        0, 
        0, 
        4.957032884348851e-05, 
        0.00023349291764901292, 
        0.3183922595340257, 
        0, 
        0.040735966827423746, 
        0.010451727816951473, 
        0, 
        0.009924166935343507, 
        0.0002610239763888585, 
        0, 
        0.13787817665199809, 
        2.2566702012289608e-08, 
        0.07231122019315887, 
        0, 
        6.908921991951909e-08, 
        0.37396338261021456, 
        0
    ], 
    "fraction of match covered by td injection": [
        0.014229163390088359, 
        0.007871877996417137, 
        0.039222762754533534, 
        0.0026220249470527857, 
        0.510536876813902, 
        0.22528606376481783, 
        0.20702004233435028, 
        0.006719549552148449, 
        0, 
        0.4412294586666377, 
        0.03235883041380861, 
        0.21173824855584542, 
        0.5875603669561492, 
        0.26870241936432687, 
        5.097111569084364e-05, 
        0, 
        0, 
        0.0003103726289851103, 
        0.004099860997414414, 
        0.9605235839022302, 
        0, 
        0.2556761252188243, 
        0.023722045471893993, 
        0, 
        0.023092371885505458, 
        0.002281136380442463, 
        0, 
        0.1505367409094354, 
        2.2836620307025037e-06, 
        0.08906687362271402, 
        0, 
        3.6504715961663015e-08, 
        0.860663897267697, 
        0
    ]
}