{
    "image_series_id": 501923898, 
    "distance": [
        1168.1609478149833, 
        531.5072906367325, 
        382.88379438153294, 
        382.88379438153294, 
        505.3711507397311, 
        618.869937870632, 
        801.2490249604052, 
        761.2489737267302, 
        929.3546147730693, 
        830.0602387778853, 
        165.5294535724685, 
        336.7491648096547, 
        201.49441679609885, 
        1118.9280584559492, 
        535.6304696336832, 
        1078.9810007595129, 
        866.8333173107734, 
        382.88379438153294, 
        3767.0678252455186, 
        1235.677951571525, 
        64.03124237432849, 
        640.0781202322104, 
        777.2387020729217, 
        1306.3690137170279, 
        763.8717169787084, 
        447.88391353117385, 
        1106.0741385639571, 
        639.8437309218556, 
        1010.9401564880089, 
        492.34134500364684, 
        330.3028912982749, 
        271.8455443813637, 
        762.823701781742, 
        286.70542373662903, 
        691.4477565225011, 
        153.94804318340653, 
        674.1661516273269, 
        560.4462507680821, 
        741.0128204019145, 
        490.3060268852505, 
        247.38633753705963, 
        400.6245124802026, 
        602.1627686929838, 
        579.827560572969, 
        495.3786430600334, 
        314.6426544510455, 
        639.7655820689325, 
        696.419413859206, 
        1162.4543001770005, 
        1403.3531273346705, 
        758.2216034906945, 
        943.8749917229505, 
        161.86414056238647, 
        504.0833264451424
    ], 
    "exclusion_zone_overlap": [
        0.0011098889736885407, 
        0.04056444764078248, 
        0.29389626493306426, 
        0.24829517237355866, 
        0.002963795472688175, 
        0.00011185762661043701, 
        1.8699177843346574e-06, 
        0.011809935733755309, 
        0.03537190366145056, 
        0.027434917741381976, 
        0.3386234859641871, 
        0.013109507411089119, 
        0.7502393668953742, 
        0.0013248250021564597, 
        0.37785637608572326, 
        0.1662256730909041, 
        0.01830416428271871, 
        0.2487180723609704, 
        0.3243385647798781, 
        0.013550087178333406, 
        0.277690531080223, 
        0.0006098070327692513, 
        0.0015785372289034139, 
        0.09649573437502675, 
        0.0006576928140676287, 
        0.03954486903038324, 
        0.0010354316480909855, 
        0.030299949647898377, 
        0.0005956335660477879, 
        0.0019138788103301152, 
        0.2573390050272908, 
        0.3643759813822118, 
        0.0072003440600212154, 
        0.38679242932303737, 
        0.0018382021003445184, 
        0.48384622993241805, 
        0.2971377355013118, 
        0.04317084015207459, 
        0.0001403430569034197, 
        0.1272017473703796, 
        0.06612189326080778, 
        0.20974771627747849, 
        0.0431202613567349, 
        0.0006885632913241597, 
        0.5469255848976473, 
        0.09137736419831628, 
        0.10603027943118111, 
        1.411874542759622e-07, 
        0.248723776042373, 
        0.05345849232900605, 
        0.00031146751455854747, 
        0.0026464923045751783, 
        0.45497626073557174, 
        0.04391598657089344
    ], 
    "match_id": [
        113887162, 
        304586645, 
        307558646, 
        307557934, 
        114008926, 
        309003780, 
        277712166, 
        277616630, 
        307137980, 
        304585910, 
        309113907, 
        126862385, 
        307593747, 
        174361040, 
        100141219, 
        272782668, 
        304762965, 
        309372716, 
        638314843, 
        127795906, 
        500836840, 
        523718823, 
        294481346, 
        512315551, 
        657046319, 
        502966396, 
        512314723, 
        294482052, 
        501006221, 
        530574594, 
        482578964, 
        266250195, 
        536298726, 
        479755622, 
        510417993, 
        479701339, 
        479984127, 
        596253012, 
        535692871, 
        501115762, 
        536299435, 
        479983421, 
        501004474, 
        562061175, 
        546103149, 
        517072832, 
        121510421, 
        503323656, 
        584511827, 
        593277684, 
        485237081, 
        523718075, 
        479756361, 
        503069254
    ], 
    "fraction of match covered by td exclusion zone": [
        0.0007144958672254115, 
        0.09002334873532664, 
        0.11717665050422268, 
        0.18587918400037168, 
        0.007635222853800532, 
        0.00012783984583460207, 
        7.237335998673756e-05, 
        0.05280366461588851, 
        0.03248348693744757, 
        0.0423481122832444, 
        0.17695363384169538, 
        0.014935323035579642, 
        0.5527365904442455, 
        0.0024528924272974556, 
        0.6765947607913715, 
        0.21766715332874528, 
        0.008371661233858886, 
        0.11340571917923757, 
        0.08864047274668857, 
        0.015288265128513204, 
        0.28748377604375275, 
        0.001162670446860002, 
        0.006235797090535701, 
        0.022277216590875108, 
        0.00837596933904673, 
        0.21312005867697226, 
        0.0033572240545556233, 
        0.2290926823237708, 
        0.001981447285952623, 
        0.005449691843899265, 
        0.9687713573298594, 
        0.7190466904144694, 
        0.006604731182822221, 
        0.738723085222133, 
        0.005468725308405171, 
        0.9827302915867046, 
        0.32889091184524005, 
        0.25198456389513263, 
        0.000501629521381342, 
        0.21646671520486968, 
        0.18227464458408063, 
        0.2998575521916834, 
        0.08996085196126963, 
        0.0006965417950273843, 
        0.8873039825797878, 
        1.0000000000000002, 
        0.673626081089502, 
        5.722235023016457e-08, 
        0.08744723227545348, 
        0.012418999630764262, 
        0.0035059308092799247, 
        0.004091793040583888, 
        0.8384482290042328, 
        0.16078513395602406
    ], 
    "source": "VISp", 
    "pearson_correlation": [
        0.8899386083760129, 
        0.9797758074067281, 
        0.8877400214119994, 
        0.9577521263999861, 
        0.8901682165649277, 
        0.9568136849246159, 
        0.9830019509654411, 
        0.978976202683831, 
        0.9270960995855232, 
        0.9990604391761222, 
        0.9330212824604229, 
        0.9063216364440491, 
        0.974702101218322, 
        0.877317722693864, 
        0.9788674773668798, 
        0.9414975610300365, 
        1.0, 
        0.8873236808154144, 
        0.48240784019798544, 
        0.3609492504074015, 
        0.8946220256909794, 
        0.7245320906752031, 
        0.8285340453812123, 
        0.5917921008603165, 
        0.8636742181920753, 
        0.7728313716694533, 
        0.6575692849333761, 
        0.9790880204151591, 
        0.5493332687394149, 
        0.866901591318963, 
        0.9534250397872539, 
        0.9857970358614424, 
        0.844276682770014, 
        0.9208642490087604, 
        0.7740426748162468, 
        0.8880161413925128, 
        0.8491558183555186, 
        0.9507652962618868, 
        0.9060762780722776, 
        0.8639778742372166, 
        0.9535041735089594, 
        0.9267999054285134, 
        0.8606393011604562, 
        0.8772479571285572, 
        0.8548645079018403, 
        0.9631491578839791, 
        0.9818704597210358, 
        0.8546425967244634, 
        0.6867830601878335, 
        0.7750054258628557, 
        0.7419369398142571, 
        0.29138216070596124, 
        0.8811820206870384, 
        0.8748613467089791
    ],