{
    "image_series_id": 528964707, 
    "distance": [
        600.0833275470999, 
        1132.2985472038724, 
        802.3091673413685, 
        478.4349485562274, 
        456.50848842053307, 
        232.163735324878, 
        566.2155066756826, 
        735.4590403278758, 
        232.163735324878, 
        472.7578661429125, 
        372.6929030716845, 
        846.6994744299774, 
        838.9278872465737, 
        870.6893820416096, 
        688.6218120274727, 
        674.3144666993286, 
        310.0, 
        1080.2777420645118, 
        819.9390221229869, 
        336.30343441600473, 
        628.1719509815764, 
        848.5870609430714, 
        1202.7052839328512, 
        740.3377607551839, 
        232.163735324878, 
        3581.912896763404, 
        1140.7892005098927, 
        254.55844122715712, 
        1110.0900864344298, 
        1207.683733433551, 
        708.5901495222749, 
        616.8468205316454, 
        372.6929030716845, 
        139.2838827718412, 
        216.79483388678798, 
        692.4593850905626, 
        90.0, 
        185.47236990991408, 
        768.3749084919418, 
        530.0943312279429, 
        767.2027111526653, 
        540.9251334519408, 
        551.8151864528558, 
        184.66185312619388, 
        404.96913462633177, 
        715.6116265125937, 
        635.3739056650029, 
        693.1810730249348, 
        351.42566781611157, 
        561.7828762075255, 
        467.0117771534247, 
        1080.1388799594245, 
        1367.3331708109768, 
        1195.8678856796848, 
        771.167945391923, 
        256.7099530598687, 
        362.76714294434106
    ], 
    "exclusion_zone_overlap": [
        3.568097136618053e-05, 
        0.06319312296691183, 
        0.006674379099185383, 
        4.432414754056326e-06, 
        0.24305505897926669, 
        0.6898344632397134, 
        0.004124884351662027, 
        0.009128847995251752, 
        0.5455209567718833, 
        0.08694937867967809, 
        0.04188164056024079, 
        0.020779266848465705, 
        0.08145572042874188, 
        0.0016063332637803384, 
        0.21693355511779377, 
        0.05683921001214469, 
        0.7826000448192277, 
        0.0008219053980723679, 
        0.000450844663110745, 
        0.902107578773042, 
        0.7803957091101695, 
        0.0005411143436415353, 
        0.019046244202801016, 
        0.11448621106644702, 
        0.703221805682477, 
        0.2664328547575365, 
        0.19152987850716474, 
        0.7247173077136122, 
        0.0689203797339294, 
        0.01813739950086596, 
        0.003986012399045992, 
        0.15945874778832078, 
        0.06379206580408046, 
        0.40390714042442993, 
        0.7967361687901211, 
        0.00018434056401303865, 
        0.4973970827791732, 
        0.46271648237117374, 
        0.07474217326466093, 
        0.19700752528873974, 
        0.0006524990920274663, 
        0.0012933875159005371, 
        0.012616664557722207, 
        0.3036955086779524, 
        0.5417985216485379, 
        0.06070541881793672, 
        0.01439249648738405, 
        0.306634957909574, 
        0.11771339594758996, 
        0.11803602385318591, 
        0.00040618612662835635, 
        0.00012727668878539055, 
        0.11185024983651994, 
        0.01660476920933352, 
        0.0002764310126771482, 
        0.6384059578969369, 
        0.19734142352218836
    ], 
    "match_id": [
        307297141, 
        113887162, 
        100147853, 
        307321674, 
        304586645, 
        307558646, 
        307320960, 
        307743253, 
        307557934, 
        114008926, 
        309003780, 
        277712166, 
        277616630, 
        277714322, 
        307137980, 
        304585910, 
        309113907, 
        277713580, 
        307296433, 
        307593747, 
        100141219, 
        304564721, 
        272782668, 
        304762965, 
        309372716, 
        638314843, 
        127795906, 
        500836840, 
        512315551, 
        598605738, 
        502966396, 
        294482052, 
        530574594, 
        482578964, 
        266250195, 
        503809372, 
        479755622, 
        479701339, 
        479984127, 
        596253012, 
        566992832, 
        535692871, 
        501115762, 
        536299435, 
        479983421, 
        501004474, 
        562061175, 
        546103149, 
        517072832, 
        121510421, 
        503323656, 
        524874308, 
        584511827, 
        593277684, 
        480069939, 
        479756361, 
        503069254
    ], 
    "fraction of match covered by td exclusion zone": [
        6.04706281771105e-05, 
        0.039748067916276664, 
        0.03126703123488302, 
        2.3208675659293063e-05, 
        0.3092900237559782, 
        0.19667198863258323, 
        0.003064912140014434, 
        0.0039124952926054574, 
        0.28358266970014046, 
        0.13146554480587294, 
        0.042131486315093294, 
        0.08698164819013435, 
        0.26289937053575535, 
        0.001483697398856201, 
        0.13017792231574074, 
        0.1052859774407909, 
        0.2998109848526752, 
        0.00027064265170603433, 
        0.0002852751385200002, 
        0.5158598127198375, 
        0.9054222766040335, 
        0.0025251633396736434, 
        0.018576924850217648, 
        0.08358934922056899, 
        0.22500667348948375, 
        0.056037656175359475, 
        0.12771587198143783, 
        0.5334903856170722, 
        0.01271079636060881, 
        0.010076853997850745, 
        0.021015597474925745, 
        0.621862458333131, 
        0.14861454838329322, 
        0.993420310590384, 
        0.9591739678433713, 
        0.002669455984907367, 
        0.6550663522760125, 
        0.7874764980780188, 
        0.06184510133275794, 
        0.6937614269507809, 
        0.010984095940540992, 
        0.0033212850472455675, 
        0.0172157837060004, 
        0.5005577851840971, 
        0.5600173096447886, 
        0.09258933623691033, 
        0.033069087435207756, 
        0.4176574462572296, 
        0.9964681284878762, 
        0.5263136497552946, 
        0.000829452274965701, 
        4.617372730132653e-05, 
        0.02492640091096277, 
        0.0009371944405294668, 
        0.00011040311647894702, 
        0.800182779542686, 
        0.48201403174869706
    ], 
    "source": "VISp",