{
    "image_series_id": 585022673, 
    "distance": [
        724.4998274671982, 
        1004.4899203078147, 
        369.45906403822335, 
        1319.3180056377614, 
        628.8083968904996, 
        1086.9222603295968, 
        278.20855486487113, 
        1223.4377793741698, 
        878.521485223896, 
        1789.6647730790255, 
        445.5333881989093, 
        1059.9056561788884, 
        96.95359714832658, 
        394.2080668885405, 
        1308.9690599857583, 
        518.9412298131649, 
        945.3570753953238, 
        1800.1388835309347, 
        2842.2878109016333, 
        855.6868586112562, 
        1332.2912594474228, 
        1075.8252646224664, 
        885.889383614004, 
        1142.1908772179893, 
        667.6076692189807, 
        958.8534820294495, 
        649.1532946846993, 
        764.7875521999557, 
        571.0516614107694, 
        657.4191965557441, 
        692.3871749245504, 
        865.6789243131659, 
        610.4096984812742, 
        705.1950084905593, 
        347.1310991541956, 
        657.9513659838393, 
        122.47448713915891, 
        1817.4157477033152, 
        604.3177971895251, 
        85.44003745317531, 
        303.31501776206204, 
        1033.682736626669, 
        645.0581369148056, 
        662.2688275919379, 
        1420.9855734665289, 
        704.6275611981126, 
        616.1980201201559
    ], 
    "exclusion_zone_overlap": [
        0.00014948715466005924, 
        0.0006882786771828446, 
        0.22341205923721102, 
        1.6282304177724683e-05, 
        0.08213215427318557, 
        0.00022697347255330836, 
        0.5136697767761076, 
        0.003200023406324777, 
        0.016632612495927474, 
        4.833075226934937e-06, 
        0.17842826084386462, 
        0.20910052375489266, 
        0.2979426999439084, 
        0.24285955828134606, 
        0.0026524844630465157, 
        0.13093582303185633, 
        0.01135690443691857, 
        2.8399136661315917e-05, 
        0.044511084530536725, 
        1.4819665825401482e-05, 
        0.0711137466035326, 
        0.0005704242631502203, 
        0.0017332157212410684, 
        0.0007881547717122955, 
        0.5980028653911034, 
        1.8453908087837498e-05, 
        0.02756014469300409, 
        0.0025620128918964155, 
        0.07962339234951799, 
        0.005049588743201332, 
        0.01771885482569911, 
        7.111538644731683e-05, 
        0.018038447248293805, 
        0.058633883079027095, 
        0.2809761339104527, 
        0.05222006054511791, 
        0.3879433127242875, 
        0.13062624662907263, 
        0.10375056131522038, 
        0.13859739484563935, 
        0.29969816293444285, 
        0.06101979431369449, 
        0.6266756445607382, 
        0.16659683330492608, 
        0.021703184960947357, 
        0.051404757117894516, 
        0.10186977934662575
    ], 
    "match_id": [
        180073473, 
        272916202, 
        180296424, 
        307321674, 
        157062358, 
        307743253, 
        100141796, 
        142654100, 
        304565427, 
        127222723, 
        112373830, 
        309004492, 
        127089669, 
        307295727, 
        307296433, 
        114250546, 
        127138787, 
        640081415, 
        638314843, 
        500836105, 
        579409876, 
        512315551, 
        479981981, 
        603468246, 
        479673174, 
        606100558, 
        579203888, 
        576332845, 
        495562600, 
        648252402, 
        479700629, 
        590988082, 
        518605900, 
        657172447, 
        166083557, 
        554334685, 
        576340889, 
        299446445, 
        479673887, 
        298178204, 
        648050335, 
        482580380, 
        661987195, 
        479980810, 
        593277684, 
        642809043, 
        554421791
    ], 
    "fraction of match covered by td exclusion zone": [
        0.00034345840184790737, 
        0.0019221825679353894, 
        0.08585156948446877, 
        2.1543043552286257e-06, 
        0.1852539231166199, 
        7.700688935970493e-05, 
        0.7542139647920666, 
        0.001641684500821001, 
        0.027271198948917778, 
        1.115835786455038e-06, 
        0.47684032775144125, 
        0.05580839736282515, 
        0.19829912369299965, 
        0.1287332709700437, 
        0.0013353469051313248, 
        0.25418482177065277, 
        0.017834075162292927, 
        7.478565543291624e-06, 
        0.006590812654121982, 
        1.0109480298171553e-05, 
        0.04382381128304277, 
        8.539836581078452e-05, 
        0.0032447855220189233, 
        0.0003006554430369978, 
        0.2421650560652027, 
        0.0001064950570599324, 
        0.03123204923172783, 
        0.0014880858835868496, 
        0.29913034007288664, 
        0.011228748340755075, 
        0.06616574197902336, 
        0.000199720707574638, 
        0.019170887058852823, 
        0.06083484716358777, 
        0.3341574554689562, 
        0.21674390197213808, 
        0.4419608320465629, 
        0.08299763432383317, 
        0.16868289133727393, 
        0.14547629259357012, 
        0.7539500864899285, 
        0.08192268533183751, 
        0.42220411764521637, 
        0.28328796680336144, 
        0.002710351731736359, 
        0.026577973871569575, 
        0.06523331903997703
    ], 
    "source": "VISli", 
    "pearson_correlation": [
        0.31665515113767756, 
        0.6165775604515465, 
        0.8762880094930205, 
        0.8642992758734271, 
        0.9136576832383644, 
        0.8817221222250212, 
        0.9496897192670903, 
        0.4125349313651355, 
        0.8701313559119944, 
        0.014907299390835644, 
        0.9285514496879573, 
        0.8437230543796481, 
        0.9296973575879987, 
        0.906513315027037, 
        0.911741825628356, 
        0.9532333283979926, 
        0.9096412540070523, 
        0.5929462375278596, 
        0.4042089792346824, 
        0.8756546598766123, 
        0.8161268528147649, 
        0.8043179442089357, 
        0.850597249831917, 
        0.8977993827938165, 
        0.9005245393343067, 
        0.5787355175566533, 
        0.6216024878946617, 
        0.623796800668651, 
        0.9296924210168123, 
        0.7246218939171164, 
        0.9161984168905655, 
        0.8871880971436112, 
        0.8486910260296916, 
        0.8696931092157583, 
        0.8639786483632317, 
        0.8498086990519503, 
        0.8781579650928001, 
        0.5566988642125086, 
        0.9032878537593956, 
        0.7877426657920689, 
        0.8669874954870973, 
        0.8667380168925417, 
        0.8641226544854305, 
        0.9065942396197821, 
        0.9304172614098247, 
        0.3150906439380442, 
        0.6369573917140492
    ],