{
    "image_series_id": 589397775, 
    "distance": [
        699.8571282769077, 
        520.0961449578338, 
        892.3564310296642, 
        718.7489130426563, 
        2781.797979724624, 
        1098.6355173577815, 
        835.7631243360764, 
        580.8614292583043, 
        653.7583651472461, 
        791.7701686727027, 
        1098.6355173577815, 
        826.8010643437755, 
        440.22721406110276, 
        2175.9825366946307, 
        625.6996084384263, 
        623.2174580353153, 
        1389.6042602122375, 
        565.1548460377917, 
        749.2663077971677, 
        679.1906948714771, 
        444.6346815083142, 
        911.5920140062658, 
        1098.6355173577815, 
        3210.7008580682195, 
        1571.1460785044783, 
        598.4981202978001, 
        1880.4254837669052, 
        751.9308478842985, 
        713.1619731870173, 
        1776.3445611704954, 
        475.1841748206689, 
        1655.4757624320569, 
        504.67811523782166, 
        746.9270379361026, 
        681.8357573492315, 
        355.8089374931439, 
        219.31712199461307, 
        416.4132562731403, 
        616.9278726074872, 
        971.8538984847465, 
        451.88494110780016, 
        831.2039460926542, 
        943.0800602281865, 
        646.8384651518492, 
        817.3738434767778, 
        2262.078690054791, 
        467.1188285650665, 
        773.0459236035075, 
        739.932429347437, 
        810.0, 
        2313.8928237928394, 
        518.2663407939975, 
        1003.0952098380293, 
        725.9476565152614, 
        783.9005038906405, 
        1274.872542648872, 
        1017.6934705499491
    ], 
    "exclusion_zone_overlap": [
        0.7503715618475056, 
        0.7006919833319589, 
        0.0032803127712610226, 
        0.780204331056073, 
        0.25009939454876345, 
        0.2656228960182367, 
        0.22476678767300037, 
        0.7315623731134924, 
        3.3051515683943064e-08, 
        0.1387934979761815, 
        0.03865308385554152, 
        0.0992634118414714, 
        0.3501369312474876, 
        0.027871943887187316, 
        0.21448577061792806, 
        0.999867155108179, 
        0.0012055008185173019, 
        0.8543468851023782, 
        0.42046399561369024, 
        0.004977065874589772, 
        0.05702236636518249, 
        0.01797378696321322, 
        0.010569486237636703, 
        0.681080887187563, 
        4.40374821693953e-12, 
        0.01272920267676402, 
        0.030035487597138023, 
        0.7255839762503267, 
        0.0001695782176196236, 
        0.023912977934791007, 
        0.5190867165699541, 
        0.010485703889378984, 
        0.3316221915054033, 
        0.05765630196643038, 
        0.008055228839588724, 
        0.32392989360036073, 
        0.12772014862514325, 
        0.18878889311699654, 
        0.006734126652140422, 
        0.0033372091013587867, 
        0.20710467701307167, 
        0.0015526696231678804, 
        0.0012991661762240523, 
        0.07161843534861927, 
        4.1221596661254025e-05, 
        5.312584979515227e-05, 
        0.2609002078073098, 
        0.009181453855690344, 
        0.37864635718110257, 
        0.13712089830337412, 
        0.007566236306289872, 
        0.27975674799534284, 
        0.0135031993445881, 
        0.16894020699475493, 
        0.002181792679486044, 
        2.3194716625004328e-05, 
        1.8524941207289804e-08
    ], 
    "match_id": [
        307297141, 
        180296424, 
        146858755, 
        307321674, 
        626107114, 
        307558646, 
        307320960, 
        307743253, 
        100141796, 
        116903968, 
        307557934, 
        309003780, 
        304565427, 
        127222723, 
        307137980, 
        309004492, 
        309113907, 
        307295727, 
        307296433, 
        114250546, 
        127138787, 
        304762965, 
        309372716, 
        638314843, 
        127795906, 
        500836105, 
        579409876, 
        512315551, 
        522409371, 
        287028480, 
        479981981, 
        603468246, 
        479673174, 
        500837552, 
        574941472, 
        530555292, 
        495562600, 
        479700629, 
        518605900, 
        167794131, 
        479982715, 
        603479758, 
        286417464, 
        562520963, 
        593016678, 
        299446445, 
        479673887, 
        503323656, 
        482580380, 
        661987195, 
        584511827, 
        479980810, 
        593277684, 
        480069939, 
        524666904, 
        601476074, 
        503069254
    ], 
    "fraction of match covered by td exclusion zone": [
        0.44959402669799053, 
        0.3290688790168493, 
        0.016066494179978862, 
        0.38657053342004505, 
        0.03570043303618261, 
        0.09040546256490033, 
        0.1801530755111585, 
        0.5066856351652351, 
        3.605577380397955e-06, 
        0.2779743815402739, 
        0.022695769495311994, 
        0.10924320701580771, 
        0.5171252418378333, 
        0.0072819430308026095, 
        0.1591696672310426, 
        0.45494949679971475, 
        0.00031850245389642876, 
        0.6306325155198647, 
        0.2065904884916714, 
        0.01223700232406193, 
        0.08728845042048125, 
        0.0065348941884684365, 
        0.00434999752214414, 
        0.20044924926422233, 
        1.2060376313007617e-09, 
        0.02373487614980446, 
        0.005640265729984714, 
        0.19700095451859248, 
        0.0023670976469062077, 
        0.006242868410183348, 
        0.7489534716005943, 
        0.002299068870007635, 
        0.15593382921728824, 
        0.14123873582811902, 
        0.016604085262054927, 
        0.8265818439969359, 
        0.539770884701548, 
        0.6163466601986706, 
        0.006272646725932761, 
        0.00844958892496508, 
        0.7856857269091064, 
        0.013681663564897802, 
        0.0017285502120811698, 
        0.2908088147087318, 
        0.00011126008501298664, 
        1.4133526943295821e-05, 
        0.6630007565964791, 
        0.05733861554612962, 
        0.5503090550897187, 
        0.058008141178549584, 
        0.0022066060575901035, 
        0.5590031320359858, 
        0.0015203457640881885, 
        0.3478173116846576, 
        0.0042327891864812695, 
        8.950778073445145e-05, 
        7.874390557584323e-09
    ], 
    "source": "VISp",