{
    "image_series_id": 601359621, 
    "distance": [
        582.2370651203855, 
        214.7091055358389, 
        599.4163828258284, 
        445.1965857910413, 
        251.99206336708306, 
        320.1562118716424, 
        451.10974274559845, 
        1171.3667231059621, 
        232.163735324878, 
        286.0069929215018, 
        530.9425580983313, 
        226.4950330581225
    ], 
    "exclusion_zone_overlap": [
        0, 
        0, 
        0, 
        0, 
        0, 
        0, 
        0, 
        0, 
        0, 
        0, 
        0, 
        0
    ], 
    "match_id": [
        146593590, 
        139426984, 
        139520203, 
        584194481, 
        526783054, 
        125833030, 
        478491090, 
        583747816, 
        126117554, 
        478376911, 
        161458737, 
        496576666
    ], 
    "fraction of match covered by td exclusion zone": [
        0, 
        0, 
        0, 
        0, 
        0, 
        0, 
        0, 
        0, 
        0, 
        0, 
        0, 
        0
    ], 
    "source": "ACAd", 
    "pearson_correlation": [
        0.7585336517367367, 
        0.8881822687983175, 
        0.8876484626107377, 
        0.7726248956053394, 
        0.7461022817170653, 
        0.8334546470971186, 
        0.4294158917163954, 
        0.5825863446294786, 
        0.7661093296609208, 
        0.6832216831141027, 
        0.8224639092502057, 
        0.5811614025138306
    ], 
    "spearman_correlation": [
        0.7852180529437216, 
        0.7154297095036336, 
        0.695904967788739, 
        0.739872164142258, 
        0.8348225448574731, 
        0.7817191275524512, 
        0.7992844364032835, 
        0.7200122439745007, 
        0.6641924887721999, 
        0.7794938997752301, 
        0.6861531217237831, 
        0.7749904860178454
    ], 
    "injection_overlap": [
        0.24158600796813742, 
        0.6248022392700123, 
        0.27564283084351804, 
        0.3211086904742547, 
        0.5521570065085345, 
        0.8575120972200321, 
        0.5590468735746486, 
        0.21011001587731548, 
        0.34879883397380246, 
        0.7092622041861438, 
        0.7003098741429851, 
        0.7770653117068884
    ], 
    "fraction of match covered by td injection": [
        0.024007116385979074, 
        0.07173087029557011, 
        0.05015411325325032, 
        0.030378914826174004, 
        0.1788301448287666, 
        0.09641408499715355, 
        0.0619029247242018, 
        0.0043007588735537484, 
        0.09322893573847994, 
        0.11556484178237, 
        0.03407121108858663, 
        0.05856124190190165
    ]
}