{
    "match_A": [
        180917660, 
        180917660, 
        180917660, 
        183330908
    ], 
    "pearson_correlation": [
        0.934499794812679, 
        0.8693278553350418, 
        0.4051494460316136, 
        0.5905393744664449
    ], 
    "sum_NPD_B": [
        2.434965444867069, 
        0.9415521382193167, 
        4.876918349040361, 
        4.876918349040361
    ], 
    "fraction of match covered by td injection": [
        0.9189296814227936, 
        0.37874819198286425, 
        0, 
        0.0712278947944383
    ], 
    "sum_NPD_A": [
        6.65035972662681, 
        6.65035972662681, 
        6.65035972662681, 
        0.9415521382193167
    ], 
    "distance": [
        341.9064199455752, 
        1341.118935814419, 
        1757.4982219052172, 
        850.7643622061281
    ], 
    "absolute_overlap": [
        31945.766887528458, 
        9660.216803705269, 
        0, 
        251.63568182207985
    ], 
    "absolute_overlap_lg_over_small": [
        23992.104879820923, 
        5385.919985438507, 
        0, 
        584.8670155685867
    ], 
    "spearman_correlation": [
        0.9771687343742629, 
        0.8316901740648143, 
        0.10373130808056984, 
        0.505561583093542
    ], 
    "injection_overlap": [
        0.42270662505345813, 
        0.1278240605948052, 
        0, 
        0.017695502307156618
    ], 
    "source": "AIp", 
    "match_B": [
        174361746, 
        183330908, 
        485903475, 
        485903475
    ]
}