{
    "match_A": [
        122641784, 
        122641784, 
        122641784, 
        122641784, 
        122641784, 
        122641784, 
        100147861, 
        100147861, 
        100147861, 
        100147861, 
        100147861, 
        116900714, 
        116900714, 
        116900714, 
        116900714, 
        127649005, 
        127649005, 
        127649005, 
        120436274, 
        120436274, 
        120494729
    ], 
    "pearson_correlation": [
        0.2652544999743436, 
        0.5103150655629659, 
        0.5867667725795794, 
        0.5688927774191876, 
        0.5034933993189945, 
        0.586208498830917, 
        0.42147557191366347, 
        0.3733720225340921, 
        0.5109742476709158, 
        0.5870059859451803, 
        0.16710452482683502, 
        0.5037631891044414, 
        0.8678963932403918, 
        0.6924305673445901, 
        0.6405645754425018, 
        0.5917667826562365, 
        0.5859053269036142, 
        0.433023416655026, 
        0.8638458836828539, 
        0.5892034588930146, 
        0.38540172020283636
    ], 
    "sum_NPD_B": [
        0.9799939228316089, 
        1.121895452156137, 
        2.296970960456576, 
        0.7556373813557988, 
        0.04633627592755745, 
        0.057038241951054815, 
        1.121895452156137, 
        2.296970960456576, 
        0.7556373813557988, 
        0.04633627592755745, 
        0.057038241951054815, 
        2.296970960456576, 
        0.7556373813557988, 
        0.04633627592755745, 
        0.057038241951054815, 
        0.7556373813557988, 
        0.04633627592755745, 
        0.057038241951054815, 
        0.04633627592755745, 
        0.057038241951054815, 
        0.057038241951054815
    ], 
    "fraction of match covered by td injection": [
        0, 
        0, 
        0.0969306171192225, 
        0, 
        0, 
        0, 
        0.00033784732259853323, 
        0, 
        0.09598995186039962, 
        0, 
        0, 
        0, 
        0.4642690185645534, 
        0, 
        0, 
        0, 
        0, 
        0, 
        0, 
        0, 
        0
    ], 
    "sum_NPD_A": [
        0.3090161386415925, 
        0.3090161386415925, 
        0.3090161386415925, 
        0.3090161386415925, 
        0.3090161386415925, 
        0.3090161386415925, 
        0.9799939228316089, 
        0.9799939228316089, 
        0.9799939228316089, 
        0.9799939228316089, 
        0.9799939228316089, 
        1.121895452156137, 
        1.121895452156137, 
        1.121895452156137, 
        1.121895452156137, 
        2.296970960456576, 
        2.296970960456576, 
        2.296970960456576, 
        0.7556373813557988, 
        0.7556373813557988, 
        0.04633627592755745
    ], 
    "distance": [
        4393.358624105253, 
        5367.336397134057, 
        1041.633332799983, 
        4643.156254101298, 
        3797.3280079550673, 
        2678.3950418114205, 
        1477.3963584630903, 
        3990.5638699311653, 
        1013.1633629380802, 
        1152.0850663036997, 
        3388.6575513025805, 
        4731.014690317501, 
        847.7027781009097, 
        1776.6823013696062, 
        3788.6805090954817, 
        4035.2571169629327, 
        3282.209621581169, 
        2005.2929960482084, 
        1379.130160644745, 
        3382.735579379506, 
        2295.844071360248
    ], 
    "absolute_overlap": [
        0, 
        0, 
        2472.7140964461937, 
        0, 
        0, 
        0, 
        0.621666586507672, 
        0, 
        546.4752194003842, 
        0, 
        0, 
        0, 
        2349.7547667063673, 
        0, 
        0, 
        0, 
        0, 
        0, 
        0, 
        0, 
        0
    ], 
    "absolute_overlap_lg_over_small": [
        0, 
        0, 
        3571.4874736528764, 
        0, 
        0, 
        0, 
        3.5991206272738054, 
        0, 
        520.5426607852542, 
        0, 
        0, 
        0, 
        2517.678419041402, 
        0, 
        0, 
        0, 
        0, 
        0, 
        0, 
        0, 
        0
    ], 
    "spearman_correlation": [
        0.26263865126203884, 
        0.2979447321366074, 
        0.5970261726225494, 
        0.35499755331271776, 
        0.4069972416413098, 
        0.6690198058762391, 
        0.6372966274298661, 
        0.24447285215034442, 
        0.49579220242764493, 
        0.11495083673716969, 
        0.24371482518919219, 
        0.34206970280713883, 
        0.6432626831607452, 
        0.11581600003110695, 
        0.31078777029430776, 
        0.5999461773578835, 
        0.47083157125831365, 
        0.32325294544909766, 
        0.2886410881618756, 
        0.2720121072347675, 
        0.3516781455239486
    ], 
    "injection_overlap": [
        0, 
        0, 
        0.6126545621400692, 
        0, 
        0, 
        0, 
        7.712590220788202e-05, 
        0, 
        0.06779742589556846, 
        0, 
        0, 
        0, 
        0.2205700888931317, 
        0, 
        0, 
        0, 
        0, 
        0, 
        0, 
        0, 
        0
    ], 
    "source": "CA1", 
    "match_B": [
        100147861, 
        116900714, 
        127649005, 
        120436274, 
        120494729, 
        100148443, 
        116900714, 
        127649005, 
        120436274, 
        120494729, 
        100148443, 
        127649005, 
        120436274, 
        120494729, 
        100148443, 
        120436274, 
        120494729, 
        100148443, 
        120494729, 
        100148443, 
        100148443
    ]
}