{
    "match_A": [
        157556400, 
        157556400, 
        157556400, 
        157711748, 
        157711748, 
        286313491
    ], 
    "pearson_correlation": [
        0.7660223538223544, 
        0.9145136160116877, 
        0.6534945370024124, 
        0.8050682615815564, 
        0.905625583941514, 
        0.8333413547077144
    ], 
    "sum_NPD_B": [
        1.0363394989595136, 
        2.2135109523117924, 
        4.499651666800861, 
        2.2135109523117924, 
        4.499651666800861, 
        4.499651666800861
    ], 
    "fraction of match covered by td injection": [
        0.010870778428925539, 
        0.6300609586281206, 
        0.08378493063896293, 
        0.001826665799143517, 
        0.4133350538724307, 
        0.1280253213743112
    ], 
    "sum_NPD_A": [
        1.1026443224367732, 
        1.1026443224367732, 
        1.1026443224367732, 
        1.0363394989595136, 
        1.0363394989595136, 
        2.2135109523117924
    ], 
    "distance": [
        718.6097689288673, 
        678.0855403265874, 
        544.1507144165116, 
        886.9047299456689, 
        213.7755832643195, 
        688.4039511798287
    ], 
    "absolute_overlap": [
        58.26799424644753, 
        6476.898047275026, 
        1779.0052370307394, 
        8.697451804977657, 
        7089.033206066093, 
        3205.099281814975
    ], 
    "absolute_overlap_lg_over_small": [
        86.861390181803, 
        7501.962729501664, 
        1904.4151585837358, 
        21.749607806628546, 
        9395.025288743564, 
        2909.990625383544
    ], 
    "spearman_correlation": [
        0.7586148337969861, 
        0.8832816797196238, 
        0.74413295030287, 
        0.826161611396764, 
        0.9421859521675551, 
        0.8583706778621631
    ], 
    "injection_overlap": [
        0.007840176210387167, 
        0.8714908183139444, 
        0.23937179780944576, 
        0.0010884936479865128, 
        0.8871986632627541, 
        0.26918394543034313
    ], 
    "source": "ILA", 
    "match_B": [
        157711748, 
        286313491, 
        263106036, 
        286313491, 
        263106036, 
        263106036
    ]
}