{
    "match_A": [
        180673746, 
        180673746, 
        180673746, 
        180673746, 
        170721670, 
        170721670, 
        170721670, 
        112306316, 
        112306316, 
        287769286
    ], 
    "pearson_correlation": [
        0.9793164410567216, 
        0.8279911259906108, 
        0.3392918552008657, 
        0.6294160239001272, 
        0.7778284797584459, 
        0.3202833363505593, 
        0.6014997028306699, 
        0.674285599801843, 
        0.8680445349970688, 
        0.928955826854051
    ], 
    "sum_NPD_B": [
        3.1874174834418274, 
        3.848211034111318, 
        3.877823281599259, 
        3.624207841751239, 
        3.848211034111318, 
        3.877823281599259, 
        3.624207841751239, 
        3.877823281599259, 
        3.624207841751239, 
        3.624207841751239
    ], 
    "fraction of match covered by td injection": [
        0.7318714291838507, 
        0.0737847166679253, 
        0, 
        0.0855590954029562, 
        0.18722268925230312, 
        2.235398511028845e-06, 
        0.19335211775392844, 
        0.33945557983921915, 
        0.5983217027838003, 
        0.4502258833483665
    ], 
    "sum_NPD_A": [
        1.4273279360503337, 
        1.4273279360503337, 
        1.4273279360503337, 
        1.4273279360503337, 
        3.1874174834418274, 
        3.1874174834418274, 
        3.1874174834418274, 
        3.848211034111318, 
        3.848211034111318, 
        3.877823281599259
    ], 
    "distance": [
        227.37634001804145, 
        799.3122043357026, 
        1038.7492478938311, 
        975.8073580374356, 
        697.2804313904127, 
        933.4345183246653, 
        875.7282683572571, 
        962.1330469326995, 
        891.5716460273958, 
        82.46211251235322
    ], 
    "absolute_overlap": [
        7949.24656611793, 
        1379.779207178987, 
        0, 
        2549.851734656763, 
        3510.4189674457707, 
        0.13680054695578292, 
        5336.306393506814, 
        6233.422012761367, 
        14692.91350242341, 
        11190.030338603847
    ], 
    "absolute_overlap_lg_over_small": [
        9907.735764597452, 
        1357.4973198193156, 
        0, 
        2101.2484023278157, 
        3444.538521618375, 
        0.03848157004904351, 
        4748.540486592197, 
        5843.603997083022, 
        14694.200729114762, 
        11057.11103672676
    ], 
    "spearman_correlation": [
        0.9255743778520872, 
        0.8146152793726176, 
        0.3362834378322094, 
        0.5789970304585598, 
        0.863050143874711, 
        0.32968536251709984, 
        0.5939997169677815, 
        0.46850323128449456, 
        0.6458134817680079, 
        0.8896551724137931
    ], 
    "injection_overlap": [
        0.9818153426056493, 
        0.1704172066810301, 
        0, 
        0.3149334384878984, 
        0.25931003892119026, 
        1.010527674460333e-05, 
        0.39418594516155137, 
        0.3388082395215509, 
        0.7986111235541458, 
        0.6500300566063932
    ], 
    "source": "ORBl", 
    "match_B": [
        170721670, 
        112306316, 
        287769286, 
        156741826, 
        112306316, 
        287769286, 
        156741826, 
        287769286, 
        156741826, 
        156741826
    ]
}