{
    "match_A": [
        146984915, 
        146984915, 
        146984915, 
        146984915, 
        146984915, 
        100148554, 
        100148554, 
        100148554, 
        127711098, 
        127711098, 
        120280939
    ], 
    "pearson_correlation": [
        0.6397189078827474, 
        0.4962679611696234, 
        0.6337367421122475, 
        0.605652614431703, 
        0.6912952188254322, 
        0.7717345120396398, 
        0.9534966622429927, 
        0.5363330747418874, 
        0.782757922347369, 
        0.6496643660340893, 
        0.6031370941721891
    ], 
    "sum_NPD_B": [
        0.13956393635993494, 
        0.02399181816315259, 
        0.06326580270741144, 
        0.17052382286327616, 
        2.6601330055582624, 
        0.06326580270741144, 
        0.17052382286327616, 
        2.6601330055582624, 
        0.17052382286327616, 
        2.6601330055582624, 
        2.6601330055582624
    ], 
    "fraction of match covered by td injection": [
        7.851509355530032e-05, 
        0.21318718447319784, 
        0, 
        0.037730414843617624, 
        0.20930690161762047, 
        0, 
        1.1833055634197573e-05, 
        0.009188984204411367, 
        0.015447940289522923, 
        0, 
        0.07003720867123812
    ], 
    "sum_NPD_A": [
        1.4430550638736785, 
        1.4430550638736785, 
        1.4430550638736785, 
        1.4430550638736785, 
        1.4430550638736785, 
        0.02399181816315259, 
        0.02399181816315259, 
        0.02399181816315259, 
        0.06326580270741144, 
        0.06326580270741144, 
        0.17052382286327616
    ], 
    "distance": [
        554.7972602672079, 
        1151.7378173872733, 
        824.8030067840442, 
        703.2069396699666, 
        350.14282800023193, 
        1516.3772617656862, 
        849.7058314499201, 
        871.837140755084, 
        677.4953874381729, 
        848.351342310484, 
        462.709412050371
    ], 
    "absolute_overlap": [
        0.3391298926944728, 
        340.87666395429613, 
        0, 
        157.45275261092493, 
        3521.7069123841334, 
        0, 
        0.001371727206816331, 
        118.35362628549122, 
        70.86396922726885, 
        0, 
        1056.596407973484
    ], 
    "absolute_overlap_lg_over_small": [
        0.08722071472061543, 
        219.45996084291215, 
        0, 
        114.57728042997257, 
        3299.2923169656965, 
        0, 
        0.03593385705835317, 
        144.84541480490446, 
        46.911304684940276, 
        0, 
        1103.9923800166096
    ], 
    "spearman_correlation": [
        0.75845737485327, 
        0.4626029153490932, 
        0.7007294499929094, 
        0.7817231055546815, 
        0.4554296346548683, 
        0.4205250153893451, 
        0.5098420788447431, 
        0.20839162592683025, 
        0.7333288057758401, 
        0.4209672490056003, 
        0.42204601689370586
    ], 
    "injection_overlap": [
        2.5428216281628564e-05, 
        0.025559190514057365, 
        0, 
        0.01180592667817516, 
        0.26406025236261804, 
        0, 
        1.3325194261552803e-06, 
        0.11497075030491526, 
        0.04815440855882468, 
        0, 
        0.3479382705324467
    ], 
    "source": "PAR", 
    "match_B": [
        558581415, 
        100148554, 
        127711098, 
        120280939, 
        287028480, 
        127711098, 
        120280939, 
        287028480, 
        120280939, 
        287028480, 
        287028480
    ]
}