{
    "match_A": [
        113887868, 
        113887868, 
        113887868, 
        113887868, 
        113887868, 
        113887868, 
        113887868, 
        113887868, 
        113887868, 
        113887868, 
        113887868, 
        113887868, 
        113887868, 
        113887868, 
        113887868, 
        113887868, 
        112229103, 
        112229103, 
        112229103, 
        112229103, 
        112229103, 
        112229103, 
        112229103, 
        112229103, 
        112229103, 
        112229103, 
        112229103, 
        112229103, 
        112229103, 
        112229103, 
        112229103, 
        174361040, 
        174361040, 
        174361040, 
        174361040, 
        174361040, 
        174361040, 
        174361040, 
        174361040, 
        174361040, 
        174361040, 
        174361040, 
        174361040, 
        174361040, 
        174361040, 
        496113850, 
        496113850, 
        496113850, 
        496113850, 
        496113850, 
        496113850, 
        496113850, 
        496113850, 
        496113850, 
        496113850, 
        646525156, 
        646525156, 
        646525156, 
        646525156, 
        562674923, 
        562674923, 
        523718075
    ], 
    "pearson_correlation": [
        0.21494816078897222, 
        0.825750767408642, 
        0.3011189701032847, 
        0.9106740404454663, 
        0.5017704411189919, 
        0.6445886321783316, 
        0.6951902812610565, 
        0.35896807816793963, 
        0.5902774815597035, 
        0.30572957156502145, 
        0.7142842202944296, 
        0.3005657481483935, 
        0.9017462276291712, 
        0.3225139415353841, 
        0.4667372052184185, 
        0.07958050232556634, 
        0.46220641422024217, 
        0.5610225306589345, 
        0.15580813455601775, 
        0.8277097391009205, 
        0.74970454559911, 
        0.7021730461239531, 
        0.9213010995830679, 
        0.774722568625664, 
        0.8188891449193136, 
        0.5764514836453496, 
        0.929194854075979, 
        0.28931013120115207, 
        0.8518505848144533, 
        0.4191024073892147, 
        0.347324930659656, 
        0.48614321459820253, 
        0.6718790058359199, 
        0.6386122861147023, 
        0.7673966684822952, 
        0.7909494373721747, 
        0.5477698937873191, 
        0.671698238026327, 
        0.47499805566782227, 
        0.8219957402351278, 
        0.5258152582023481, 
        0.833983906455511, 
        0.513457172869239, 
        0.6279149989181654, 
        0.22162866282316374, 
        0.9723360822260523, 
        0.8769245877276766, 
        0.9002368964623053, 
        0.8184328698697172, 
        0.8647567550094085, 
        0.8223035968637232, 
        0.7082736008847789, 
        0.814957845812748, 
        0.6480794846977012, 
        0.17294289809853983, 
        0.3855242457968887, 
        0.9639411789833136, 
        0.5186650769214011, 
        0.3508228457689833, 
        0.5128341777732383, 
        0.2624009285061629, 
        0.1869412287391583
    ], 
    "sum_NPD_B": [
        0.7607700200562438, 
        0.369280602104711, 
        0.852980346134974, 
        0.48910596029831954, 
        1.2634558113129402, 
        0.7693691674360499, 
        1.7020118515459768, 
        1.4079251925657443, 
        4.851570786099559, 
        3.263439475699128, 
        0.5708963021147883, 
        2.9343081105976117, 
        0.24344990686247647, 
        2.633641870673478, 
        0.06873843665990072, 
        0.037820787982307515, 
        0.369280602104711, 
        0.852980346134974, 
        0.48910596029831954, 
        1.2634558113129402, 
        0.7693691674360499, 
        1.7020118515459768, 
        1.4079251925657443, 
        4.851570786099559, 
        3.263439475699128, 
        0.5708963021147883, 
        2.9343081105976117, 
        0.24344990686247647, 
        2.633641870673478, 
        0.06873843665990072, 
        0.037820787982307515, 
        0.852980346134974, 
        0.48910596029831954, 
        1.2634558113129402, 
        0.7693691674360499, 
        1.7020118515459768, 
        1.4079251925657443, 
        4.851570786099559, 
        3.263439475699128, 
        0.5708963021147883, 
        2.9343081105976117, 
        0.24344990686247647, 
        2.633641870673478, 
        0.06873843665990072, 
        0.037820787982307515, 
        1.7020118515459768, 
        1.4079251925657443, 
        4.851570786099559, 
        3.263439475699128, 
        0.5708963021147883, 
        2.9343081105976117, 
        0.24344990686247647, 
        2.633641870673478, 
        0.06873843665990072, 
        0.037820787982307515, 
        0.24344990686247647, 
        2.633641870673478, 
        0.06873843665990072, 
        0.037820787982307515, 
        0.06873843665990072, 
        0.037820787982307515, 
        0.037820787982307515
    ], 
    "fraction of match covered by td injection": [
        0, 
        0, 
        0, 
        0.8290247421926481, 
        0, 
        0, 
        0, 
        0, 
        0, 
        0, 
        0, 
        0, 
        0.40691370937420773, 
        0, 
        0.0013086030997103326, 
        0, 
        0, 
        0, 
        0, 
        0.002884917743446628, 
        0, 
        0.09753065594248603, 
        0.2068025832335557, 
        0.035789922036937795, 
        0.19159319012309417, 
        0, 
        0.33241870422848135, 
        0, 
        0.27740421558296435, 
        0, 
        0, 
        0, 
        0, 
        0, 
        0, 
        0, 
        0, 
        0, 
        0, 
        0.4933524850866053, 
        0, 
        0.006817707486616988, 
        0, 
        0.2665963792971756, 
        0, 
        0.3591173973724055, 
        0, 
        0.04167447084741023, 
        0, 
        0, 
        0, 
        0, 
        0, 
        0, 
        0, 
        0, 
        0.7955005232237188, 
        0, 
        0, 
        0, 
        0, 
        0
    ], 
    "sum_NPD_A": [
        2.185400066472649, 
        2.185400066472649, 
        2.185400066472649, 
        2.185400066472649, 
        2.185400066472649, 
        2.185400066472649, 
        2.185400066472649, 
        2.185400066472649, 
        2.185400066472649, 
        2.185400066472649, 
        2.185400066472649, 
        2.185400066472649, 
        2.185400066472649, 
        2.185400066472649, 
        2.185400066472649, 
        2.185400066472649, 
        0.7607700200562438, 
        0.7607700200562438, 
        0.7607700200562438, 
        0.7607700200562438, 
        0.7607700200562438, 
        0.7607700200562438, 
        0.7607700200562438, 
        0.7607700200562438, 
        0.7607700200562438, 
        0.7607700200562438, 
        0.7607700200562438, 
        0.7607700200562438, 
        0.7607700200562438, 
        0.7607700200562438, 
        0.7607700200562438, 
        0.369280602104711, 
        0.369280602104711, 
        0.369280602104711, 
        0.369280602104711, 
        0.369280602104711, 
        0.369280602104711, 
        0.369280602104711, 
        0.369280602104711, 
        0.369280602104711, 
        0.369280602104711, 
        0.369280602104711, 
        0.369280602104711, 
        0.369280602104711, 
        0.369280602104711, 
        0.7693691674360499, 
        0.7693691674360499, 
        0.7693691674360499, 
        0.7693691674360499, 
        0.7693691674360499, 
        0.7693691674360499, 
        0.7693691674360499, 
        0.7693691674360499, 
        0.7693691674360499, 
        0.7693691674360499, 
        2.9343081105976117, 
        2.9343081105976117, 
        2.9343081105976117, 
        2.9343081105976117, 
        2.633641870673478, 
        2.633641870673478, 
        0.06873843665990072
    ],