{
    "match_A": [
        100140949, 
        100140949, 
        100140949, 
        100140949, 
        100140949, 
        100140949, 
        100140949, 
        100140949, 
        100140949, 
        100140949, 
        100140949, 
        100140949, 
        100140949, 
        100140949, 
        100140949, 
        112424813, 
        112424813, 
        112424813, 
        112424813, 
        112424813, 
        112424813, 
        112424813, 
        112424813, 
        112424813, 
        112424813, 
        112424813, 
        112424813, 
        112424813, 
        657046319, 
        657046319, 
        657046319, 
        657046319, 
        657046319, 
        657046319, 
        657046319, 
        657046319, 
        657046319, 
        657046319, 
        657046319, 
        657046319, 
        501484658, 
        501484658, 
        501484658, 
        501484658, 
        501484658, 
        501484658, 
        501484658, 
        501484658, 
        501484658, 
        501484658, 
        501484658, 
        584895127, 
        584895127, 
        584895127, 
        584895127, 
        584895127, 
        584895127, 
        584895127, 
        584895127, 
        584895127, 
        584895127, 
        592540591, 
        592540591, 
        592540591, 
        592540591, 
        592540591, 
        592540591, 
        166054929, 
        166054929, 
        166054929, 
        166054929, 
        501115762, 
        501115762, 
        501115762, 
        591535205
    ], 
    "pearson_correlation": [
        0.8046221540739328, 
        0.7735351627893943, 
        0.26610005179459534, 
        0.8542948214074565, 
        0.6691415417841617, 
        0.4235421731929531, 
        0.3061533953021924, 
        0.16325630295500124, 
        0.8202454229102617, 
        0.36043391751004855, 
        0.8398825885531283, 
        0.2836446604460275, 
        0.355052327231489, 
        0.9681856051757249, 
        0.28968106219467654, 
        0.5451059314967027, 
        0.803008082521309, 
        0.8232862731064263, 
        0.6282707739147637, 
        0.4330033981652664, 
        0.34993898613202234, 
        0.8383712106520038, 
        0.6003036154166753, 
        0.9137672235020841, 
        0.481142756844228, 
        0.5064825554289532, 
        0.7849315780460467, 
        0.5439565503712797, 
        0.38072886463192607, 
        0.7228562132028373, 
        0.880768333294322, 
        0.8404205390987987, 
        0.86675723029719, 
        0.535362345339035, 
        0.9252085423257239, 
        0.5924914129614439, 
        0.9298324268153969, 
        0.754571695128931, 
        0.3338939518829752, 
        0.7955772058547605, 
        0.7537961955731094, 
        0.5148406096825944, 
        0.40593438607617877, 
        0.2677476465408689, 
        0.9433509431580527, 
        0.47768652975694903, 
        0.9152397171702574, 
        0.4007860411144951, 
        0.46579587645719633, 
        0.8901593094531836, 
        0.3789443951175432, 
        0.7027022894710501, 
        0.6770670758982771, 
        0.5677325996406082, 
        0.8698393360848462, 
        0.7045710033934354, 
        0.9215192261077856, 
        0.7402610607539376, 
        0.5430344305423874, 
        0.7559098009433517, 
        0.5729575458578892, 
        0.595592987631902, 
        0.9640924653635533, 
        0.5568913577712659, 
        0.5452771663763669, 
        0.874485474933902, 
        0.4375726021012986, 
        0.6065290844711594, 
        0.5836356210999666, 
        0.8868280678537706, 
        0.5117554574110574, 
        0.6758189893452963, 
        0.3706973851392566, 
        0.8350376023698943, 
        0.32682701154341187
    ], 
    "sum_NPD_B": [
        0.852980346134974, 
        0.38380139515829664, 
        0.17648923500109526, 
        0.9830037030237805, 
        0.43620949221197486, 
        0.5626294877444593, 
        1.181424284078539, 
        0.28592628889813915, 
        0.9968982795802814, 
        0.5708963021147883, 
        3.0023252997847583, 
        0.8502245580628446, 
        1.0298416586170454, 
        1.0852076836984934, 
        0.06873843665990072, 
        0.17648923500109526, 
        0.9830037030237805, 
        0.43620949221197486, 
        0.5626294877444593, 
        1.181424284078539, 
        0.28592628889813915, 
        0.9968982795802814, 
        0.5708963021147883, 
        3.0023252997847583, 
        0.8502245580628446, 
        1.0298416586170454, 
        1.0852076836984934, 
        0.06873843665990072, 
        0.9830037030237805, 
        0.43620949221197486, 
        0.5626294877444593, 
        1.181424284078539, 
        0.28592628889813915, 
        0.9968982795802814, 
        0.5708963021147883, 
        3.0023252997847583, 
        0.8502245580628446, 
        1.0298416586170454, 
        1.0852076836984934, 
        0.06873843665990072, 
        0.43620949221197486, 
        0.5626294877444593, 
        1.181424284078539, 
        0.28592628889813915, 
        0.9968982795802814, 
        0.5708963021147883, 
        3.0023252997847583, 
        0.8502245580628446, 
        1.0298416586170454, 
        1.0852076836984934, 
        0.06873843665990072, 
        0.5626294877444593, 
        1.181424284078539, 
        0.28592628889813915, 
        0.9968982795802814, 
        0.5708963021147883, 
        3.0023252997847583, 
        0.8502245580628446, 
        1.0298416586170454, 
        1.0852076836984934, 
        0.06873843665990072, 
        0.5708963021147883, 
        3.0023252997847583, 
        0.8502245580628446, 
        1.0298416586170454, 
        1.0852076836984934, 
        0.06873843665990072, 
        0.8502245580628446, 
        1.0298416586170454, 
        1.0852076836984934, 
        0.06873843665990072, 
        1.0298416586170454, 
        1.0852076836984934, 
        0.06873843665990072, 
        0.06873843665990072
    ], 
    "fraction of match covered by td injection": [
        0, 
        0, 
        0, 
        0.00011285947211921693, 
        0, 
        0, 
        0, 
        0, 
        0, 
        0, 
        0.0006581521204995882, 
        0, 
        0, 
        0.7088249726941016, 
        0, 
        0, 
        0.04784959944517305, 
        0.010775198994411848, 
        0, 
        0, 
        0, 
        0.019749673420566508, 
        0, 
        0.1326093951241145, 
        0, 
        0, 
        0, 
        0, 
        0, 
        0, 
        0.031685038259142095, 
        0.1981450945918185, 
        0.358215015529171, 
        0, 
        0.10274878335373164, 
        0, 
        0.2360688848229124, 
        0, 
        0, 
        0.2900342732069994, 
        0.26998186028723015, 
        0, 
        0, 
        0, 
        0.3011115649299592, 
        0, 
        0.4253970010971079, 
        0, 
        0, 
        0.014397064559952372, 
        0, 
        0, 
        0, 
        0, 
        0.3954277653832528, 
        0, 
        0.272475547952112, 
        0, 
        0, 
        0, 
        0, 
        0, 
        0.6670110259438192, 
        0, 
        0, 
        8.535756044161476e-10, 
        0, 
        0, 
        0, 
        0.012203908207632362, 
        0, 
        0, 
        0, 
        0.665317267987871, 
        0
    ],