{
    "match_A": [
        126909424, 
        126909424, 
        126909424, 
        126909424, 
        126909424, 
        126909424, 
        180718587, 
        180718587, 
        180718587, 
        180718587, 
        180718587, 
        112229814, 
        112229814, 
        112229814, 
        112229814, 
        148964212, 
        148964212, 
        148964212, 
        112791318, 
        112791318, 
        266249483
    ], 
    "pearson_correlation": [
        0.8160712133172795, 
        0.7864379707920037, 
        0.4607782141548103, 
        0.35491088137992927, 
        0.5495726210290248, 
        0.951567385198108, 
        0.9567070103726468, 
        0.7268844731463656, 
        0.7461407659482789, 
        0.8297115578758886, 
        0.8153110429223337, 
        0.8578969961676465, 
        0.7792747966898088, 
        0.6979708128515233, 
        0.803531633828122, 
        0.8276420246966524, 
        0.4103566767485055, 
        0.4464473478058339, 
        0.6185992489325616, 
        0.33055699158072016, 
        0.607883702153047
    ], 
    "sum_NPD_B": [
        3.68402492700333, 
        1.4919877672116204, 
        0.03145416415591022, 
        2.6109957579078817, 
        2.181943603189383, 
        0.37855818175979145, 
        1.4919877672116204, 
        0.03145416415591022, 
        2.6109957579078817, 
        2.181943603189383, 
        0.37855818175979145, 
        0.03145416415591022, 
        2.6109957579078817, 
        2.181943603189383, 
        0.37855818175979145, 
        2.6109957579078817, 
        2.181943603189383, 
        0.37855818175979145, 
        2.181943603189383, 
        0.37855818175979145, 
        0.37855818175979145
    ], 
    "fraction of match covered by td injection": [
        0.0033217292134098447, 
        0, 
        0, 
        0, 
        0, 
        0.5572042079922797, 
        0.9938230180061178, 
        0.9974822711466028, 
        0.406222422641901, 
        0.19231009989702808, 
        0, 
        0.9617845895744889, 
        0.07742626938846102, 
        0.019201527579545703, 
        0, 
        0.04383237921054843, 
        0.0012284599566869119, 
        0, 
        0.35912231894925073, 
        0, 
        0
    ], 
    "sum_NPD_A": [
        1.614934149873318, 
        1.614934149873318, 
        1.614934149873318, 
        1.614934149873318, 
        1.614934149873318, 
        1.614934149873318, 
        3.68402492700333, 
        3.68402492700333, 
        3.68402492700333, 
        3.68402492700333, 
        3.68402492700333, 
        1.4919877672116204, 
        1.4919877672116204, 
        1.4919877672116204, 
        1.4919877672116204, 
        0.03145416415591022, 
        0.03145416415591022, 
        0.03145416415591022, 
        2.6109957579078817, 
        2.6109957579078817, 
        2.181943603189383
    ], 
    "distance": [
        961.9251530134765, 
        1137.4093370462544, 
        1215.4834429147934, 
        1335.889216963742, 
        1198.2069938036582, 
        240.8318915758459, 
        589.576118919347, 
        676.8308503607086, 
        484.25200051213005, 
        410.6093033529562, 
        1000.8496390567366, 
        94.33981132056604, 
        682.1290200541243, 
        694.4062211702887, 
        1067.9419459877022, 
        725.8098924649622, 
        752.2632517942106, 
        1134.9889867307083, 
        163.40134638368193, 
        1316.4345787011218, 
        1183.7651794169315
    ], 
    "absolute_overlap": [
        191.94838601687798, 
        0, 
        0, 
        0, 
        0, 
        3436.389256246341, 
        16508.55384686194, 
        8751.90672614912, 
        9507.700087046418, 
        2589.6631587790316, 
        0, 
        6565.279008323754, 
        1930.2594466223877, 
        206.72265042027678, 
        0, 
        742.9145494447606, 
        3.8656376396947962, 
        0, 
        5683.911280148706, 
        0, 
        0
    ], 
    "absolute_overlap_lg_over_small": [
        192.98352040848505, 
        0, 
        0, 
        0, 
        0, 
        3124.977343517374, 
        10915.899790078884, 
        2270.1685694085945, 
        10099.894756345431, 
        2762.5671433992175, 
        0, 
        2188.9242635698406, 
        1925.046793611547, 
        275.8331945266002, 
        0, 
        1089.8030051310584, 
        17.64703525785717, 
        0, 
        5158.852911634653, 
        0, 
        0
    ], 
    "spearman_correlation": [
        0.7599922637579899, 
        0.6684293450572673, 
        0.5641875955242749, 
        0.3526503733723531, 
        0.4002471826412881, 
        0.8718565586047219, 
        0.9418884942248019, 
        0.4134648495958526, 
        0.7928770225010613, 
        0.8201613283645455, 
        0.7807821123637908, 
        0.43465196143177914, 
        0.8119477897528412, 
        0.8016831062078261, 
        0.739359117698295, 
        0.17274481223274527, 
        0.17286746010598533, 
        0.5642462580668376, 
        0.9176564932308127, 
        0.4166139912260012, 
        0.48231520354733715
    ], 
    "injection_overlap": [
        0.010784527894526622, 
        0, 
        0, 
        0, 
        0, 
        0.1930718802042003, 
        0.2841535146016526, 
        0.15064221123001878, 
        0.1636513058971683, 
        0.04457458206379217, 
        0, 
        0.5977267585430422, 
        0.17573780500628958, 
        0.01882077815679714, 
        0, 
        0.32642690152346954, 
        0.0016985104384900664, 
        0, 
        0.22860953168378417, 
        0, 
        0
    ], 
    "source": "SSp-ul", 
    "match_B": [
        180718587, 
        112229814, 
        148964212, 
        112791318, 
        266249483, 
        286312782, 
        112229814, 
        148964212, 
        112791318, 
        266249483, 
        286312782, 
        148964212, 
        112791318, 
        266249483, 
        286312782, 
        112791318, 
        266249483, 
        286312782, 
        266249483, 
        286312782, 
        286312782
    ]
}