{
    "match_A": [
        126908007, 
        126908007, 
        126908007, 
        126908007, 
        126908007, 
        126908007, 
        112373124, 
        112373124, 
        112373124, 
        112373124, 
        112373124, 
        112162251, 
        112162251, 
        112162251, 
        112162251, 
        120875816, 
        120875816, 
        120875816, 
        286314623, 
        286314623, 
        168163498
    ], 
    "pearson_correlation": [
        0.9527268453063342, 
        0.9520740164503722, 
        0.961580874722119, 
        0.8387542385377356, 
        0.8147660785576856, 
        0.9027996552042128, 
        0.9647285145224812, 
        0.9002035532720213, 
        0.8276742363823891, 
        0.7887919093994029, 
        0.9462991797982366, 
        0.8516241823105337, 
        0.8733926814363488, 
        0.8485143586655544, 
        0.8975497194176745, 
        0.7536302161866459, 
        0.7295697334401575, 
        0.9020047115515452, 
        0.9437260367106902, 
        0.8326456266550835, 
        0.8197237653215709
    ], 
    "sum_NPD_B": [
        0.29892701596737986, 
        0.9027670695517271, 
        1.63415187440738, 
        0.8452778384213651, 
        2.5179686072561522, 
        1.48095236727367, 
        0.9027670695517271, 
        1.63415187440738, 
        0.8452778384213651, 
        2.5179686072561522, 
        1.48095236727367, 
        1.63415187440738, 
        0.8452778384213651, 
        2.5179686072561522, 
        1.48095236727367, 
        0.8452778384213651, 
        2.5179686072561522, 
        1.48095236727367, 
        2.5179686072561522, 
        1.48095236727367, 
        1.48095236727367
    ], 
    "fraction of match covered by td injection": [
        0.365386793842662, 
        0.435331072058095, 
        0.6070983383056023, 
        0.028252878614998818, 
        0.030934631824597197, 
        0.3415284324531145, 
        0.013363757337191034, 
        0.06636637907771478, 
        0, 
        0, 
        0.4505793410343182, 
        0.043740692127397895, 
        0.0005931872321946211, 
        0.07852161040788545, 
        0.1936925792772969, 
        0.0006026923293368332, 
        0.0009154879563132839, 
        0.13652401824039564, 
        0.4522116534849964, 
        0, 
        0
    ], 
    "sum_NPD_A": [
        1.8689151410309288, 
        1.8689151410309288, 
        1.8689151410309288, 
        1.8689151410309288, 
        1.8689151410309288, 
        1.8689151410309288, 
        0.29892701596737986, 
        0.29892701596737986, 
        0.29892701596737986, 
        0.29892701596737986, 
        0.29892701596737986, 
        0.9027670695517271, 
        0.9027670695517271, 
        0.9027670695517271, 
        0.9027670695517271, 
        1.63415187440738, 
        1.63415187440738, 
        1.63415187440738, 
        0.8452778384213651, 
        0.8452778384213651, 
        2.5179686072561522
    ], 
    "distance": [
        687.749954561976, 
        809.4442537939225, 
        311.7691453623979, 
        1043.1203190428225, 
        1171.7508267545622, 
        799.3122043357026, 
        759.8684096605149, 
        557.6737397439474, 
        1256.383699353028, 
        1256.9009507514902, 
        216.1018278497431, 
        961.8731725128838, 
        654.9045732013176, 
        510.88159097779203, 
        704.3436661176133, 
        1306.636904422954, 
        1397.3546436034053, 
        728.6288492778748, 
        417.0131892398609, 
        1171.2386605641054, 
        1173.4138229968148
    ], 
    "absolute_overlap": [
        1158.6441081162347, 
        4949.419733025743, 
        5648.16037764284, 
        905.5611085748194, 
        983.7554133687353, 
        3353.7963826097885, 
        90.22463691910207, 
        409.3065257731066, 
        0, 
        0, 
        2486.042323085335, 
        260.26918919749113, 
        28.918275753349008, 
        792.637531657191, 
        1148.8117216496, 
        90.73596066974937, 
        38.60400881068017, 
        1171.1756160510604, 
        7899.49467716359, 
        0, 
        0
    ], 
    "absolute_overlap_lg_over_small": [
        944.0733828583077, 
        3022.301412655691, 
        4643.925764194595, 
        482.8402549368343, 
        548.8861744364184, 
        2857.1035462139143, 
        92.77835943948048, 
        507.66163935728355, 
        0, 
        0, 
        3769.3840711098296, 
        334.5891666925887, 
        10.137539552025501, 
        1393.241936472677, 
        1620.3621793756695, 
        10.299981177527997, 
        16.243887592800093, 
        1142.1106402658174, 
        8023.781434488721, 
        0, 
        0
    ], 
    "spearman_correlation": [
        0.8708396175481695, 
        0.8772600930607934, 
        0.9299378720090151, 
        0.9139042226940316, 
        0.8686229222039513, 
        0.878095960883661, 
        0.8939736172557822, 
        0.7918994926027918, 
        0.8836137948397309, 
        0.8684765672468427, 
        0.8416001051896321, 
        0.8544851123789602, 
        0.8908256260857239, 
        0.887684844901791, 
        0.8928048728464301, 
        0.89414018446752, 
        0.8399964149176665, 
        0.8888102684672146, 
        0.9141765384844682, 
        0.8767561486401165, 
        0.8718052738336712
    ], 
    "injection_overlap": [
        0.05532477357972189, 
        0.23633273078637768, 
        0.26969730553680804, 
        0.043240165762339355, 
        0.04697391124781087, 
        0.1601423803915488, 
        0.03491983929223524, 
        0.15841480319921325, 
        0, 
        0, 
        0.9621784177826428, 
        0.0374890686556228, 
        0.00416537673345925, 
        0.11417118920200742, 
        0.16547437535000106, 
        0.011861871559594351, 
        0.005046684807409575, 
        0.15310726451544648, 
        0.4622304415420568, 
        0, 
        0
    ], 
    "source": "SSp-n", 
    "match_B": [
        112373124, 
        112162251, 
        120875816, 
        286314623, 
        168163498, 
        249327301, 
        112162251, 
        120875816, 
        286314623, 
        168163498, 
        249327301, 
        120875816, 
        286314623, 
        168163498, 
        249327301, 
        286314623, 
        168163498, 
        249327301, 
        168163498, 
        249327301, 
        249327301
    ]
}