{
    "match_A": [
        174360333, 
        174360333, 
        174360333, 
        174360333, 
        174360333, 
        174360333, 
        174360333, 
        174360333, 
        174360333, 
        174360333, 
        174360333, 
        112882565, 
        112882565, 
        112882565, 
        112882565, 
        112882565, 
        112882565, 
        112882565, 
        112882565, 
        112882565, 
        112882565, 
        180982124, 
        180982124, 
        180982124, 
        180982124, 
        180982124, 
        180982124, 
        180982124, 
        180982124, 
        117298988, 
        117298988, 
        117298988, 
        117298988, 
        117298988, 
        117298988, 
        117298988, 
        112514915, 
        112514915, 
        112514915, 
        112514915, 
        112514915, 
        112514915, 
        100141473, 
        100141473, 
        100141473, 
        100141473, 
        100141473, 
        120916102, 
        120916102, 
        120916102, 
        298179622, 
        298179622, 
        286314623
    ], 
    "pearson_correlation": [
        0.06894797237433291, 
        0.8441702037874271, 
        0.7032016675059771, 
        0.822011185662637, 
        0.5715087328012274, 
        0.03019474128650193, 
        0.8020022818116747, 
        0.01694400146628982, 
        0.03636993325687135, 
        0.5656411214499915, 
        0.582042882220852, 
        -0.08960214630959368, 
        -0.03555590777068953, 
        0.14910672041456555, 
        0.31809096842342105, 
        0.9500551464295949, 
        -0.08169248681652705, 
        0.8137832894714211, 
        0.8928069446842045, 
        0.09399800030559392, 
        0.0032434776770207986, 
        0.505608417968053, 
        0.3596793662196334, 
        -0.051919677627008866, 
        0.8473265667842588, 
        -0.044807329478520085, 
        -0.028202282942589144, 
        0.24701084435450557, 
        0.3546732181474186, 
        0.8113464987775093, 
        0.08032276194424444, 
        0.5116757805128321, 
        0.07061618954086839, 
        0.13992869272611547, 
        0.7751598322889433, 
        0.737918771106441, 
        0.2317243241230831, 
        0.27518752300114574, 
        0.26953042284737044, 
        0.34430073327002303, 
        0.8608877255938787, 
        0.8280192629393053, 
        -0.08585164327580175, 
        0.8175000681890074, 
        0.8638101739236667, 
        0.04552992279591433, 
        -0.04018185417824518, 
        0.9625031249678868, 
        0.027903178645901257, 
        -0.02058250686112036, 
        0.07012991607292345, 
        0.014897119953355768, 
        0.9437260367106902
    ], 
    "sum_NPD_B": [
        1.8108909015346712, 
        4.038599098274862, 
        2.471386519609251, 
        2.4217505905757735, 
        3.9900154579852147, 
        1.0327973622159208, 
        0.8578034470403604, 
        2.010811560525102, 
        2.069429947882715, 
        0.8452778384213651, 
        2.5179686072561522, 
        4.038599098274862, 
        2.471386519609251, 
        2.4217505905757735, 
        3.9900154579852147, 
        1.0327973622159208, 
        0.8578034470403604, 
        2.010811560525102, 
        2.069429947882715, 
        0.8452778384213651, 
        2.5179686072561522, 
        2.4217505905757735, 
        3.9900154579852147, 
        1.0327973622159208, 
        0.8578034470403604, 
        2.010811560525102, 
        2.069429947882715, 
        0.8452778384213651, 
        2.5179686072561522, 
        3.9900154579852147, 
        1.0327973622159208, 
        0.8578034470403604, 
        2.010811560525102, 
        2.069429947882715, 
        0.8452778384213651, 
        2.5179686072561522, 
        1.0327973622159208, 
        0.8578034470403604, 
        2.010811560525102, 
        2.069429947882715, 
        0.8452778384213651, 
        2.5179686072561522, 
        0.8578034470403604, 
        2.010811560525102, 
        2.069429947882715, 
        0.8452778384213651, 
        2.5179686072561522, 
        2.069429947882715, 
        0.8452778384213651, 
        2.5179686072561522, 
        0.8452778384213651, 
        2.5179686072561522, 
        2.5179686072561522
    ], 
    "fraction of match covered by td injection": [
        0, 
        0.01042799951053326, 
        0.1425931883582613, 
        0, 
        0, 
        0, 
        0.02509283650918455, 
        0, 
        0, 
        0, 
        0, 
        0, 
        0, 
        0, 
        0, 
        0.9167198809490292, 
        0, 
        0.26266206084626864, 
        0.27278959053259816, 
        0, 
        0, 
        0, 
        0, 
        0, 
        0.03387409365774039, 
        0, 
        0, 
        0, 
        0, 
        0.1894281027765253, 
        0, 
        0, 
        0, 
        0, 
        0.30755454645653724, 
        0.3272448629494553, 
        0, 
        0, 
        0, 
        0, 
        0.08897685619744436, 
        0.004453991906853838, 
        0, 
        0.27010157094542925, 
        0.2618199957362135, 
        0, 
        0, 
        0.8343892485702635, 
        0, 
        0, 
        0, 
        0, 
        0.4522116534849964
    ], 
    "sum_NPD_A": [
        0.6200758236225565, 
        0.6200758236225565, 
        0.6200758236225565, 
        0.6200758236225565, 
        0.6200758236225565, 
        0.6200758236225565, 
        0.6200758236225565, 
        0.6200758236225565, 
        0.6200758236225565, 
        0.6200758236225565, 
        0.6200758236225565, 
        1.8108909015346712, 
        1.8108909015346712, 
        1.8108909015346712, 
        1.8108909015346712, 
        1.8108909015346712, 
        1.8108909015346712, 
        1.8108909015346712, 
        1.8108909015346712, 
        1.8108909015346712, 
        1.8108909015346712, 
        2.471386519609251, 
        2.471386519609251, 
        2.471386519609251, 
        2.471386519609251, 
        2.471386519609251, 
        2.471386519609251, 
        2.471386519609251, 
        2.471386519609251, 
        2.4217505905757735, 
        2.4217505905757735, 
        2.4217505905757735, 
        2.4217505905757735, 
        2.4217505905757735, 
        2.4217505905757735, 
        2.4217505905757735, 
        3.9900154579852147, 
        3.9900154579852147, 
        3.9900154579852147, 
        3.9900154579852147, 
        3.9900154579852147, 
        3.9900154579852147, 
        1.0327973622159208, 
        1.0327973622159208, 
        1.0327973622159208, 
        1.0327973622159208, 
        1.0327973622159208, 
        2.010811560525102, 
        2.010811560525102, 
        2.010811560525102, 
        2.069429947882715, 
        2.069429947882715, 
        0.8452778384213651
    ],