{
    "match_A": [
        180917660, 
        180917660, 
        180917660, 
        180917660, 
        180074890, 
        180074890
    ], 
    "pearson_correlation": [
        0.6120971773782165, 
        0.8702498969992178, 
        0.8770089172201595, 
        0.934499794812679, 
        0.8517771174314943, 
        0.8496997843765501
    ], 
    "sum_NPD_B": [
        0.041427425281601045, 
        5.435767968017814, 
        10.598138793596616, 
        2.434965444867069, 
        10.598138793596616, 
        2.434965444867069
    ], 
    "fraction of match covered by td injection": [
        0, 
        0.8269355425053007, 
        0.42863860712547225, 
        0.9189296814227936, 
        0.07019345867721494, 
        0.24219623542739074
    ], 
    "sum_NPD_A": [
        6.65035972662681, 
        6.65035972662681, 
        6.65035972662681, 
        6.65035972662681, 
        5.435767968017814, 
        5.435767968017814
    ], 
    "distance": [
        1455.0944986494862, 
        41.23105625617661, 
        886.0022573334675, 
        341.9064199455752, 
        877.8952101475437, 
        333.7663853655727
    ], 
    "absolute_overlap": [
        0, 
        23333.44516403036, 
        29824.40113860031, 
        31945.766887528458, 
        5576.933225093548, 
        6576.623057676616
    ], 
    "absolute_overlap_lg_over_small": [
        0, 
        21509.08473224447, 
        28253.603709323448, 
        23992.104879820923, 
        4626.783802216559, 
        6323.440845740021
    ], 
    "spearman_correlation": [
        0.2876267748478702, 
        0.8114250672201518, 
        0.4555403556771545, 
        0.9771687343742629, 
        0.7325345535166754, 
        0.762856738525402
    ], 
    "injection_overlap": [
        0, 
        0.308748319953708, 
        0.39463669768591403, 
        0.42270662505345813, 
        0.21441006716083227, 
        0.25284401562191344
    ], 
    "source": "VISC", 
    "match_B": [
        180404418, 
        180074890, 
        180436360, 
        174361746, 
        180436360, 
        174361746
    ]
}