{
    "match_A": [
        521600943, 
        521600943, 
        521600943, 
        521600943, 
        521600943, 
        540145406, 
        540145406, 
        540145406, 
        540145406, 
        518606617, 
        518606617, 
        518606617, 
        272929308
    ], 
    "pearson_correlation": [
        0.9446867253552519, 
        0.9858877988945008, 
        0.964426155053232, 
        0.9175648501742396, 
        0.8416245178591876, 
        0.9455029812496666, 
        0.9553714205918254, 
        0.9719084360737267, 
        0.9501223222522218, 
        0.941228476931055, 
        0.9194149268316323, 
        0.8655463573205157, 
        0.9658172721733923
    ], 
    "sum_NPD_B": [
        2.484926777111088, 
        3.476752266710868, 
        2.494116288567676, 
        1.5274203796450925, 
        3.174454610320082, 
        3.476752266710868, 
        2.494116288567676, 
        1.5274203796450925, 
        3.174454610320082, 
        2.494116288567676, 
        1.5274203796450925, 
        3.174454610320082, 
        3.174454610320082
    ], 
    "fraction of match covered by td injection": [
        0.41415655530877993, 
        0.6936901097714427, 
        0.4198286541210787, 
        0.7597561892713346, 
        0.18575792463657376, 
        0.7172688546307494, 
        0.6057150647803814, 
        0.8455318309042014, 
        0.6674458331878474, 
        0.5317577830229094, 
        0.9107640790373376, 
        0.3198991919733514, 
        0.24168379283603056
    ], 
    "sum_NPD_A": [
        3.320210510301677, 
        3.320210510301677, 
        3.320210510301677, 
        3.320210510301677, 
        3.320210510301677, 
        2.484926777111088, 
        2.484926777111088, 
        2.484926777111088, 
        2.484926777111088, 
        3.476752266710868, 
        3.476752266710868, 
        3.476752266710868, 
        1.5274203796450925
    ], 
    "distance": [
        187.88294228055935, 
        122.47448713915891, 
        790.0632886041473, 
        550.0, 
        651.9969325081215, 
        286.18176042508367, 
        829.5179322956195, 
        614.3289021363067, 
        726.7736924242649, 
        874.8714191239762, 
        617.4949392505173, 
        720.0694410957876, 
        458.9117562233506
    ], 
    "absolute_overlap": [
        5100.95057458678, 
        5700.68724115367, 
        3422.2517712422273, 
        4609.185118199637, 
        3017.7004193022967, 
        6520.59946627434, 
        4805.776031477558, 
        5181.674222975238, 
        9034.29263245018, 
        5102.8292699520625, 
        7029.020164181132, 
        5400.76943376862, 
        3749.782115964468
    ], 
    "absolute_overlap_lg_over_small": [
        4813.857334477683, 
        7208.3262739744405, 
        3985.578595609471, 
        4711.318692047444, 
        3012.7434345391644, 
        7453.339549618056, 
        5750.262573861044, 
        5243.221412227805, 
        10825.072770280596, 
        5048.1605227775335, 
        5647.73264134813, 
        5188.334183952987, 
        3919.7857185680105
    ], 
    "spearman_correlation": [
        0.9533185527619226, 
        0.9623001084956837, 
        0.9769800462285957, 
        0.9655644134157271, 
        0.9464314354450681, 
        0.9414500683994529, 
        0.9556016793244962, 
        0.9484881362328412, 
        0.9595641303835085, 
        0.9506580499080145, 
        0.9296570592952497, 
        0.9682437850842021, 
        0.9306193688381527
    ], 
    "injection_overlap": [
        0.8084848270978449, 
        0.9035412265049002, 
        0.5424162792995113, 
        0.7305415292426094, 
        0.478296146190429, 
        0.5609948168090998, 
        0.41346128655019687, 
        0.445801401622255, 
        0.777258496945679, 
        0.49106853128975453, 
        0.6764346651290029, 
        0.5197406719626092, 
        0.6046969770548217
    ], 
    "source": "VISrl", 
    "match_B": [
        540145406, 
        518606617, 
        657334568, 
        272929308, 
        524874308, 
        518606617, 
        657334568, 
        272929308, 
        524874308, 
        657334568, 
        272929308, 
        524874308, 
        524874308
    ]
}