{
    "image_series_id": 475829896, 
    "distance": [
        469.14816422959603, 
        402.74061131204536, 
        269.4438717061496, 
        998.4988733093293, 
        692.8924880528003, 
        420.9513035969838, 
        869.1375035056305, 
        388.84444190447164, 
        1598.1864722240643, 
        779.3587107359486, 
        734.0299721401027, 
        687.0953354520753, 
        1062.449998823474, 
        517.1073389539158
    ], 
    "exclusion_zone_overlap": [
        0.44829038569518503, 
        0.6205264158671034, 
        0.338009647542596, 
        0.1454089643274655, 
        0.048816841487391335, 
        0.24648085387557525, 
        0.5269014451938461, 
        0.6196913334653396, 
        0.008533139940031608, 
        0.0016130245613136056, 
        0.13350657955379486, 
        0.27372465871180657, 
        0.10974697175635308, 
        0.6147921750183779
    ], 
    "match_id": [
        146593590, 
        139426984, 
        139520203, 
        180916954, 
        584194481, 
        526783054, 
        125833030, 
        478491090, 
        583747816, 
        182793477, 
        126117554, 
        478376911, 
        161458737, 
        496576666
    ], 
    "fraction of match covered by td exclusion zone": [
        0.6267852084798793, 
        0.962614447079046, 
        0.5850890234166707, 
        0.06472962424830417, 
        0.06786243960615665, 
        0.9994888314571742, 
        0.6474830647132412, 
        0.8464651652728579, 
        0.0028639437676294412, 
        0.00025339253456354297, 
        0.25458105240173684, 
        0.41206379045724506, 
        0.0612942225939897, 
        0.6608601766346267
    ], 
    "source": "ACAd", 
    "pearson_correlation": [
        0.9227619168508938, 
        0.9633861551267189, 
        0.9211870172131412, 
        0.5187017434464559, 
        0.8960183075354052, 
        0.929930839763392, 
        0.9700901084041264, 
        0.6978368092070362, 
        0.7675515116968803, 
        0.31944497173366326, 
        0.7164307457920814, 
        0.8785812843536497, 
        0.8475206164180783, 
        0.8317364265655941
    ], 
    "spearman_correlation": [
        0.8855360069059803, 
        0.8015481111376018, 
        0.8576768202716922, 
        0.7145173018988663, 
        0.7280569471991722, 
        0.8738238016939547, 
        0.879806667187449, 
        0.884050673294383, 
        0.8010360461858598, 
        0.4723046229449166, 
        0.7893216475544539, 
        0.8537070203022104, 
        0.8758576832554593, 
        0.8769022006027971
    ], 
    "injection_overlap": [
        0.6678231596421434, 
        0.7226084450349581, 
        0.4741403641552334, 
        0.2574911526236281, 
        0.015180219966728867, 
        0.34998093003907477, 
        0.6268810984166752, 
        0.8627737306874483, 
        0.0008335427898084045, 
        0, 
        0.11743052100227064, 
        0.20604143855217077, 
        0.11158785847140817, 
        0.7651448077054651
    ], 
    "fraction of match covered by td injection": [
        0.3973427242453468, 
        0.5939544254566629, 
        0.39306682533726406, 
        0.036379824785580044, 
        0.010052711611164418, 
        0.8307273569635362, 
        0.3818225682588404, 
        0.5664583405839435, 
        5.957068055724419e-05, 
        0, 
        0.1124347691673691, 
        0.17432171607784583, 
        0.02424725506616193, 
        0.37431859638890114
    ]
}