{
    "image_series_id": 475830603, 
    "distance": [
        363.86810797320504, 
        776.788259437538, 
        1448.0676779764128, 
        810.3085831953158, 
        333.7663853655727, 
        507.83855702378486
    ], 
    "exclusion_zone_overlap": [
        0.5640436718800261, 
        0.10769015023776078, 
        1.511208842318012e-06, 
        5.735990545437824e-05, 
        0.6160051112225619, 
        0.41264631734719115
    ], 
    "match_id": [
        100140949, 
        100148142, 
        576341623, 
        166054929, 
        159832064, 
        591535205
    ], 
    "fraction of match covered by td exclusion zone": [
        0.6238334537205261, 
        0.22099380991504067, 
        2.293310557861252e-06, 
        1.0090211340735326e-05, 
        0.8418501910927134, 
        0.7834044116804725
    ], 
    "source": "RSPv", 
    "pearson_correlation": [
        0.9621468076403443, 
        0.9601707811894243, 
        0.7349785603030721, 
        0.8270899219951772, 
        0.9605820281457068, 
        0.9283012418342304
    ], 
    "spearman_correlation": [
        0.8020409712522669, 
        0.7770129394734779, 
        0.619927002436049, 
        0.7148050712174693, 
        0.8000314233122133, 
        0.7944888388587567
    ], 
    "injection_overlap": [
        0.8503959266420544, 
        0.07691953359991173, 
        0, 
        0, 
        0.9083224281774107, 
        0.5484735228403991
    ], 
    "fraction of match covered by td injection": [
        0.31636864879479015, 
        0.06122683288759724, 
        0, 
        0, 
        0.4391523635929587, 
        0.37443688677905956
    ]
}