{
    "image_series_id": 477435412, 
    "distance": [
        339.5585369269929, 
        217.7154105707724, 
        335.4101966249685, 
        212.83796653792763, 
        356.9313659514949, 
        753.5250493513802, 
        634.3500610861482, 
        349.428104193123, 
        395.0949253027682, 
        363.86810797320504
    ], 
    "exclusion_zone_overlap": [
        0.03384519995727618, 
        0.3943480346871321, 
        0.3786287131208586, 
        0.1312150915689535, 
        0.005490981134429453, 
        0.7724407041717581, 
        0.0013302366790002105, 
        0.01796327156631456, 
        0.40386975475159814, 
        0.3786999844190572
    ], 
    "match_id": [
        141603190, 
        112514202, 
        112458114, 
        584194481, 
        125833030, 
        583747816, 
        126117554, 
        478376911, 
        286482701, 
        161458737
    ], 
    "fraction of match covered by td exclusion zone": [
        0.08325654961333119, 
        0.6330850352905371, 
        0.9092656858385759, 
        0.23865884883416225, 
        0.008530624464484429, 
        0.5788607682107572, 
        0.00407954787091119, 
        0.0246505348960117, 
        0.6356346075309136, 
        0.3744436424514747
    ], 
    "source": "ACAd", 
    "pearson_correlation": [
        0.6030203838352624, 
        0.8967177179470935, 
        0.9645590664075401, 
        0.8915392557666325, 
        0.8991196379630205, 
        0.7581643188746006, 
        0.6054468549588417, 
        0.8247755515040376, 
        0.7879722512471171, 
        0.801479633345005
    ], 
    "spearman_correlation": [
        0.6564732706693122, 
        0.8078826752299726, 
        0.8227094628941442, 
        0.7880127172695902, 
        0.7732258882568539, 
        0.7980908505128524, 
        0.787871856819009, 
        0.7958870235827064, 
        0.7716863971125538, 
        0.8378798353545831
    ], 
    "injection_overlap": [
        0.022051424758784088, 
        0.8821449031919318, 
        0.8683818784933702, 
        0.17265362517842325, 
        0.0017561366473086632, 
        0.9949816860795012, 
        0.0010556494896742515, 
        0.009317362679248643, 
        0.587184971861676, 
        0.6130764402719903
    ], 
    "fraction of match covered by td injection": [
        0.021983238507545178, 
        0.31989070016978804, 
        0.577591404454416, 
        0.0832766940930284, 
        6.799578419426184e-05, 
        0.2347358514591861, 
        0.0002035002557159134, 
        0.007047376326107052, 
        0.2519011162090558, 
        0.15881359391612798
    ]
}