{
    "image_series_id": 485553574, 
    "distance": [
        1066.6770832824711, 
        1113.822247937255, 
        923.7965143904798, 
        636.6317616958802, 
        585.6620185738528, 
        1023.7675517420935, 
        1120.6248257110851, 
        585.6620185738528, 
        607.4537019394976, 
        807.2174428244226, 
        554.7972602672079, 
        473.8143096192853, 
        1065.222981351792, 
        821.5838362577492, 
        443.3959855479073, 
        567.2741841473133, 
        1275.5391017134677, 
        510.88159097779203, 
        1211.0326172320877, 
        172.91616465790582, 
        1137.3653766490345, 
        698.9992846920518, 
        585.6620185738528, 
        4086.049436803231, 
        1559.6473960482222, 
        415.33119314590374, 
        1301.9216566291536, 
        537.4011537017761, 
        398.9987468652001, 
        520.9606511052442, 
        486.31265663151316, 
        511.5662224971465, 
        535.1635264103861, 
        492.03658400570174, 
        878.692210048547, 
        620.403094769844, 
        969.5875411740809, 
        744.983221287567, 
        478.9572005931219, 
        512.7377497317708, 
        625.7795138864806, 
        617.4139616173253, 
        641.0928169929842, 
        321.55870381627057, 
        560.4462507680821, 
        1088.7148386974434, 
        1639.9390232566575, 
        476.0252094164762, 
        549.6362433464518
    ], 
    "exclusion_zone_overlap": [
        7.465283212509588e-06, 
        7.838452178065014e-05, 
        0.0008845832114904796, 
        0.1255773083094179, 
        0.48872996575068156, 
        5.675746274897432e-07, 
        4.07629722883048e-05, 
        0.41109352190131926, 
        0.002032372930534199, 
        0.010367970783329093, 
        6.594603809091425e-05, 
        0.05668513799358965, 
        0.09498834224106892, 
        0.043424308510537586, 
        0.6047978135688363, 
        0.0007546773190474862, 
        3.0088481675369533e-05, 
        0.7792546834796514, 
        1.2264403117161793e-07, 
        0.5609371928093771, 
        0.03654487267249746, 
        0.05926197531919114, 
        0.4424686177424168, 
        0.33519506055784476, 
        0.028590844382809642, 
        0.46415549650357707, 
        0.0354876322032979, 
        0.022118186149762502, 
        0.07429057167948779, 
        0.006884170650380392, 
        0.2974868744160683, 
        0.46583148634463895, 
        0.49465128472506653, 
        0.5701804340284622, 
        0.11552748750304559, 
        0.06862955091707679, 
        5.906227137475725e-06, 
        0.020927840361493238, 
        0.10963001627045912, 
        0.30719852392231656, 
        0.02334764263521463, 
        0.00010625938089046905, 
        0.46352335220739166, 
        0.09829527084066442, 
        0.08606766656941599, 
        0.16252119406138354, 
        0.012047572344952599, 
        0.6473048382111636, 
        0.06644876734950617
    ], 
    "match_id": [
        307297141, 
        113887162, 
        100147853, 
        304586645, 
        307558646, 
        307320960, 
        307743253, 
        307557934, 
        114008926, 
        309003780, 
        277712166, 
        277616630, 
        307137980, 
        304585910, 
        309113907, 
        126862385, 
        307296433, 
        307593747, 
        174361040, 
        100141219, 
        272782668, 
        304762965, 
        309372716, 
        638314843, 
        127795906, 
        500836840, 
        512315551, 
        502966396, 
        294482052, 
        530574594, 
        482578964, 
        266250195, 
        479755622, 
        479701339, 
        479984127, 
        596253012, 
        535692871, 
        501115762, 
        536299435, 
        479983421, 
        501004474, 
        562061175, 
        546103149, 
        517072832, 
        121510421, 
        584511827, 
        593277684, 
        479756361, 
        503069254
    ], 
    "fraction of match covered by td exclusion zone": [
        3.339347653137878e-05, 
        7.842000125868234e-05, 
        0.006216573056617771, 
        0.16523994423034452, 
        0.1556073711675693, 
        4.30889139399263e-06, 
        1.0854086321400604e-05, 
        0.2580625414844239, 
        0.0015837101050963916, 
        0.014985747239097721, 
        0.00026080703509905067, 
        0.1851247622067512, 
        0.07710662602929011, 
        0.059271095211787694, 
        0.24201309370682583, 
        0.0010625405402079388, 
        3.4815396500082256e-05, 
        0.4817634446489551, 
        5.1139510962527547e-08, 
        0.7203342406867445, 
        0.03582387159130129, 
        0.022839032108947437, 
        0.15046377344333198, 
        0.08378556524746, 
        0.027219696098137815, 
        0.346978259842643, 
        0.008630511485057713, 
        0.07680071637121695, 
        0.30134197924359013, 
        0.016920035074444, 
        0.9424161874304681, 
        0.7144653092819325, 
        0.8079793133684968, 
        0.961011881362134, 
        0.09599984174051225, 
        0.252084064948677, 
        1.342890745421006e-05, 
        0.028364964813620885, 
        0.20544014217273632, 
        0.32047563475340846, 
        0.03784728606856278, 
        6.257461794041699e-05, 
        0.6462966189623188, 
        0.987203493306905, 
        0.4817639686308437, 
        0.03855988177959713, 
        0.0007781731590132151, 
        0.9226788371265416, 
        0.2382510376205204
    ], 
    "source": "VISp", 
    "pearson_correlation": [
        0.8850712041955549, 
        0.9116828491558419, 
        0.9737429068984725, 
        0.9747598220336038, 
        0.9261388628579135, 
        0.9488362980883228, 
        0.9097349634266699, 
        0.9766162697276319, 
        0.8731580353177797, 
        0.9714238422448178, 
        0.9892343006406418, 
        0.982845400194783, 
        0.9505731749609005, 
        0.9726359480588541, 
        0.9632724487562458, 
        0.9754279309586792, 
        0.8859601318717588, 
        0.9883546272698487, 
        0.9704538949655159, 
        0.9908842508323558, 
        0.994095217628374, 
        0.9783164839587948, 
        0.9214923093997354, 
        0.48814777358527267, 
        0.35210625398324613, 
        0.942495656239253, 
        0.7016604918534999, 
        0.8796898835197792, 
        0.9863796004605024, 
        0.9270930273182013, 
        0.9875899793219585, 
        0.9898640595690347, 
        0.9743530850832859, 
        0.9625346827725987, 
        0.9436468642464945, 
        0.9758638314303958, 
        0.960945863623624, 
        0.9588073001150917, 
        0.9772482779667294, 
        0.9672900919687739, 
        0.9280041189890227, 
        0.9201196238978193, 
        0.9462001488038418, 
        0.9898485671329422, 
        0.9863368722581757, 
        0.8054731264620206, 
        0.8514192134391335, 
        0.959592504830225, 
        0.9403851970177242
    ],