{
    "image_series_id": 501787135, 
    "distance": [
        942.9209935090003, 
        1257.8155667664478, 
        797.057087039567, 
        851.0581648747634, 
        699.5712972957081, 
        575.9340239992772, 
        874.9857141690943, 
        1081.6191566350885, 
        575.9340239992772, 
        685.054742338158, 
        752.9276193632427, 
        666.3332499583073, 
        1032.7632836231157, 
        670.0, 
        453.9823785126467, 
        1127.69676775275, 
        387.94329482541644, 
        323.4192325759246, 
        797.3079706111058, 
        987.7752780870759, 
        697.2087205421343, 
        575.9340239992772, 
        3985.7119815661545, 
        1531.0780515702, 
        378.68192457522974, 
        681.9090848492928, 
        1335.5523202031436, 
        888.8756943465155, 
        576.9748694700662, 
        1036.001930500132, 
        931.5578350268974, 
        500.49975024968796, 
        561.6938667993447, 
        367.6955262170047, 
        508.3306010855534, 
        480.10415536631217, 
        387.55644750152203, 
        712.320152740325, 
        714.5628033979939, 
        804.7359815492283, 
        576.4546816532935, 
        468.50827100489914, 
        587.0264048575668, 
        768.9603370785778, 
        745.7211275000864, 
        534.1348144429456, 
        126.8857754044952, 
        411.0960958218893, 
        692.6037828369117, 
        1035.0845376103346, 
        1472.4469430169631, 
        1071.8675291284833, 
        1204.9896265113655, 
        351.7101079013795, 
        577.7542730261715
    ], 
    "exclusion_zone_overlap": [
        0.0036130003130801914, 
        0.00024185524350925323, 
        0.01585339665647799, 
        0.00047508908892804515, 
        0.1600235881152396, 
        0.5349976279973852, 
        0.010611430673605064, 
        0.0004636897282216678, 
        0.47714057504317076, 
        0.0060254231131777625, 
        0.02985905587371567, 
        0.03076953235670799, 
        0.16839160288840155, 
        0.09168779507373886, 
        0.5692959168457264, 
        0.008134039400753487, 
        0.7295227983733507, 
        0.5143972830302261, 
        1.9706021026234387e-05, 
        0.02514627385462858, 
        0.07689363056435283, 
        0.4291954880353615, 
        0.38602957762358264, 
        0.049312479051053466, 
        0.4321635957888897, 
        9.113906341070025e-09, 
        0.12988569056122348, 
        2.0938024115507808e-08, 
        0.02002389799302335, 
        2.42376210269776e-07, 
        4.948515508359297e-11, 
        0.06131020118978884, 
        0.016681640892892605, 
        0.24523092930933654, 
        0.4032076546528037, 
        0.5051736558209272, 
        0.4179465132497237, 
        0.09352962038587873, 
        0.059727097446677285, 
        0.02101608247472752, 
        0.017789918081604572, 
        0.1485252185048947, 
        0.2680929606872827, 
        0.03121387289271515, 
        0.0002914037096074237, 
        0.28999008930392567, 
        0.07364663116397577, 
        0.11294943376387914, 
        0.0041983631565764, 
        0.08662289102974347, 
        0.025051474105990915, 
        1.4779754836785491e-05, 
        0.0024280934804052972, 
        0.5108315535453559, 
        0.0875664282235762
    ], 
    "match_id": [
        307297141, 
        113887162, 
        100147853, 
        307321674, 
        304586645, 
        307558646, 
        307320960, 
        307743253, 
        307557934, 
        114008926, 
        309003780, 
        277616630, 
        307137980, 
        304585910, 
        309113907, 
        307296433, 
        307593747, 
        100141219, 
        304564721, 
        272782668, 
        304762965, 
        309372716, 
        638314843, 
        127795906, 
        500836840, 
        294481346, 
        512315551, 
        522409371, 
        502966396, 
        512314723, 
        500837552, 
        294482052, 
        530574594, 
        482578964, 
        266250195, 
        479755622, 
        479701339, 
        479984127, 
        596253012, 
        535692871, 
        501115762, 
        536299435, 
        479983421, 
        501004474, 
        562061175, 
        546103149, 
        517072832, 
        121510421, 
        503323656, 
        584511827, 
        593277684, 
        480069939, 
        601476074, 
        479756361, 
        503069254
    ], 
    "fraction of match covered by td exclusion zone": [
        0.00483898136160608, 
        9.586937108755661e-05, 
        0.15120299754233074, 
        0.0008187209633165924, 
        0.3254716983319938, 
        0.25096102940395393, 
        0.015286714864805703, 
        0.0005135185538106933, 
        0.4249234270441421, 
        0.01237091877826854, 
        0.05259144562955408, 
        0.15268162836035162, 
        0.17314195464318702, 
        0.320511499963818, 
        0.34241732919944823, 
        0.009383897682068505, 
        0.6963338701115048, 
        0.9371321763305248, 
        0.0003124240258713782, 
        0.03227988079905191, 
        0.0790197259007083, 
        0.2283222395363246, 
        0.12669850801889104, 
        0.0634267248384132, 
        0.5144569912499161, 
        1.017835334808405e-06, 
        0.042888792885144765, 
        1.401089586591197e-05, 
        0.11481370270491541, 
        3.599293311079521e-06, 
        5.487613253344988e-08, 
        0.3602504199985117, 
        0.0682657431387743, 
        0.9983416423042045, 
        0.8821380836467542, 
        0.990315580047746, 
        0.9868163704723315, 
        0.11835729401325197, 
        0.3135515036728186, 
        0.11412707866181479, 
        0.03338627585101212, 
        0.46028172254774874, 
        0.4772676729508631, 
        0.07413024997526205, 
        0.0003386651248880854, 
        0.5944717983343958, 
        1.0000000000000002, 
        0.8631987374144545, 
        0.023678022107667486, 
        0.030089162520265954, 
        0.0038268049067956265, 
        7.364590502007835e-06, 
        0.0017872733974518037, 
        0.9886549138124688, 
        0.4048206846059018
    ], 
    "source": "VISp", 
    "pearson_correlation": [
        0.9034448539771356, 
        0.9035321789422942, 
        0.9750313185859426, 
        0.8801175705170016, 
        0.9647850440282675, 
        0.9335618310375361, 
        0.9659627992486247, 
        0.9190148385133666, 
        0.9782132352248553, 
        0.8635810143614259, 
        0.9724804998790194, 
        0.9712698618443931, 
        0.9577172522729505, 
        0.9555628887919825, 
        0.9638111998058927, 
        0.9218625237150031, 
        0.9839348247009018, 
        0.9851068359514352, 
        0.9323688261322708, 
        0.9926894875037524, 
        0.962553830329217, 
        0.928108987009413, 
        0.4993477423170292, 
        0.3594652903711749, 
        0.9518494043533587, 
        0.9257964256730777, 
        0.727368323492961, 
        0.908418415832379, 
        0.8821760827640976, 
        0.7902318282542038, 
        0.9735860289662898, 
        0.9782037757720085, 
        0.9365675016025313, 
        0.9884668315375318, 
        0.9802185034524236, 
        0.9854954413381386, 
        0.9763617922370719, 
        0.9528256195742906, 
        0.9730184636740002, 
        0.9807389249378955, 
        0.9700044957123829, 
        0.9770166899583168, 
        0.9702606005692789, 
        0.9274982522754684, 
        0.9159632738306749, 
        0.9562180978175097, 
        0.9862263093465515, 
        0.9818895642249995, 
        0.9480054114429981, 
        0.8381757386710734, 
        0.8749798932303442, 
        0.9683696592412401, 
        0.8826142107133368, 
        0.9761699132223634, 
        0.9565255191035609
    ],