{
    "image_series_id": 501711996, 
    "distance": [
        455.85085280165924, 
        735.9347797189639, 
        458.0392996239515, 
        914.6037393319579, 
        642.8841264178172, 
        2936.7669298056326, 
        404.22765862815476, 
        376.4306044943742, 
        736.0706487831178, 
        866.8333173107734, 
        404.22765862815476, 
        400.24992192379, 
        1035.615758860399, 
        704.3436661176133, 
        591.100668245266, 
        884.1945487278238, 
        493.1531202375181, 
        591.4389233048498, 
        638.278935889318, 
        379.7367509209505, 
        787.4642849044012, 
        996.794863550169, 
        1141.6654501210064, 
        816.8231142664855, 
        404.22765862815476, 
        3460.8380487968516, 
        1141.7092449481172, 
        2002.1238722916223, 
        417.2529209005013, 
        1184.651847590675, 
        740.0675644831356, 
        407.9215610874228, 
        842.0213774008354, 
        441.92759587968703, 
        779.3587107359486, 
        552.268050859363, 
        714.7027354082255, 
        211.8962010041709, 
        413.8840417314975, 
        677.1262806892079, 
        276.76705006196096, 
        710.7038764492564, 
        277.308492477241, 
        691.158447825099, 
        729.0404652692469, 
        331.81320046074114, 
        473.9198244429114, 
        422.0189569201839, 
        390.6404996924922, 
        612.6173356998642, 
        924.0129869217207, 
        718.0529228406497, 
        421.6633728461603, 
        552.1775076911409, 
        327.10854467592253, 
        694.6941773183363, 
        1194.8640089985136, 
        1608.1355664246719, 
        1398.1773850266638, 
        624.8999919987198, 
        994.786409235671, 
        591.100668245266, 
        849.0583018850944, 
        758.2216034906945, 
        318.43366656181314, 
        532.2593352868506
    ], 
    "exclusion_zone_overlap": [
        0.03546295984030987, 
        0.08350671547873625, 
        0.022440878743760082, 
        0.007581586085376516, 
        0.08702524949355463, 
        0, 
        0.46484103862823034, 
        0.08477963343574677, 
        0.014356383674644035, 
        0.011377774469993036, 
        0.43376660994708255, 
        0.115344739761623, 
        0.005152064738834782, 
        0.22017271112797132, 
        0.1722913114685646, 
        0.0006991044279769411, 
        0.39865851321397494, 
        2.3137730289373607e-07, 
        0.08287311292081045, 
        0.6523508076799285, 
        0.35403190071580704, 
        3.482174743849529e-07, 
        0.06235128879929208, 
        0.12051846933538678, 
        0.3375666839107739, 
        0.5007534282129074, 
        0.02548507255832654, 
        0.018866108961391327, 
        0.2946186803203559, 
        0.39397847242401607, 
        8.934180495695524e-05, 
        0.003408465585016649, 
        0.0006460389008794722, 
        0.0007267176789878656, 
        0.02156420696286272, 
        0.013291502548936457, 
        0.0006617490433197317, 
        0.15291768547828521, 
        0.24584498098366983, 
        0.0065370639356685, 
        0.3882317867168994, 
        0.009451988070311057, 
        0.2462720202592622, 
        0.17190650239632724, 
        0.017858223435302672, 
        0.1159114622358402, 
        0.07197725131903376, 
        0.008739943815581562, 
        0.084260948546493, 
        0.15060347056425122, 
        0.0008281511426984635, 
        0.18582993704250544, 
        0.052980746102078646, 
        0.12787833808172666, 
        0.04296192184665313, 
        0.00988168719146338, 
        0.003208052239388535, 
        0.002683649721266439, 
        0.1547371768836568, 
        0.021603252141049658, 
        0.09306843822494426, 
        0.00926046243972941, 
        0.0012808332016251507, 
        0.09163203019603693, 
        0.320332342072981, 
        0.0709283214399705
    ], 
    "match_id": [
        307297141, 
        100147853, 
        307321674, 
        126115436, 
        304586645, 
        626107114, 
        307558646, 
        307320960, 
        307743253, 
        113887868, 
        307557934, 
        309003780, 
        277616630, 
        307137980, 
        304585910, 
        309004492, 
        309113907, 
        126862385, 
        307296433, 
        307593747, 
        100141219, 
        304564721, 
        272782668, 
        304762965, 
        309372716, 
        638314843, 
        127795906, 
        120280939, 
        500836840, 
        512315551, 
        606929366, 
        522409371, 
        502966396, 
        500837552, 
        294482052, 
        530574594, 
        530555292, 
        482578964, 
        266250195, 
        536298726, 
        479755622, 
        510417993, 
        479701339, 
        479984127, 
        596253012, 
        535692871, 
        501115762, 
        603479758, 
        536299435, 
        479983421, 
        501004474, 
        546103149, 
        517072832, 
        121510421, 
        503323656, 
        272930013, 
        482580380, 
        661987195, 
        584511827, 
        510417255, 
        593277684, 
        480069939, 
        523718075, 
        601476074, 
        479756361, 
        503069254
    ], 
    "fraction of match covered by td exclusion zone": [
        0.04420162785034232, 
        0.6260119466729691, 
        0.02674984668728537, 
        0.02922489555583067, 
        0.2305569629883634, 
        0, 
        0.2926406065304096, 
        0.12430034531261976, 
        0.01997269011145589, 
        0.03192997703458946, 
        0.5285919029230199, 
        0.24815784181198175, 
        0.026581871496426036, 
        0.3110723402623387, 
        0.7457225836154179, 
        0.0005806909432096699, 
        0.32974547664410553, 
        1.6662148872679493e-06, 
        0.07998769478203306, 
        0.797343476878748, 
        0.8856984402017387, 
        3.085986806001559e-06, 
        0.1221436132524152, 
        0.3262962702080241, 
        0.24292252396025169, 
        0.19161323394236945, 
        0.04408589360341635, 
        0.07715469057744063, 
        0.46524210649253017, 
        0.16806377958272933, 
        0.0005784384771625627, 
        0.03843418713986603, 
        0.009359885864008386, 
        0.003551651381153685, 
        0.20272023746153256, 
        0.0682116048001872, 
        0.0009352491757628506, 
        0.9763787407130631, 
        0.7635831972238365, 
        0.02293600826340814, 
        0.9935603549976874, 
        0.07315802136608711, 
        0.9494210320745544, 
        0.30833986251542034, 
        0.15176673212476888, 
        0.6920619710290301, 
        0.22352358536452493, 
        0.053704269605199285, 
        0.3478884397330544, 
        0.3727104483422586, 
        0.002771460324662052, 
        0.5782866931290624, 
        0.9999999999999998, 
        0.9999999999999999, 
        0.2933368300928707, 
        0.30788144861654443, 
        0.0017855897858499647, 
        0.0018012055214274266, 
        0.10344835665593183, 
        0.25588283951725727, 
        0.06842769818873166, 
        0.02721589460323424, 
        0.0027558951959674154, 
        0.11586732383478542, 
        0.9065584079296115, 
        0.5068843525430388
    ], 
    "source": "VISp",