{
    "image_series_id": 501837158, 
    "distance": [
        866.1408661412992, 
        1045.657687773585, 
        816.639455328972, 
        773.1752712031083, 
        1132.651755836718, 
        1228.576411950026, 
        773.1752712031083, 
        949.5261976375375, 
        480.9365862564419, 
        1176.9027147559818, 
        791.0752176626443, 
        676.3135367564366, 
        743.9085965358917, 
        1370.6202975295528, 
        696.1321713582845, 
        1248.7593843491227, 
        130.7669683062202, 
        1155.6816170554935, 
        630.3967004989795, 
        773.1752712031083, 
        4250.341162777407, 
        1776.7667263881322, 
        638.5138996137829, 
        1351.5176654413362, 
        728.0109889280518, 
        388.329756778952, 
        659.8484674529449, 
        619.1122676865642, 
        721.4568594171103, 
        1031.9399207318224, 
        721.3875518748573, 
        825.4089895318563, 
        686.2215385719105, 
        987.9777325425913, 
        798.3107164506813, 
        1072.0541031123382, 
        881.7028978062849, 
        685.1277253184255, 
        717.0076708097341, 
        821.2186067059124, 
        772.9165543575839, 
        420.23802778901387, 
        516.6236541235796, 
        907.9647570252934, 
        1074.6627377926527, 
        942.0721840708386, 
        1725.2825855493934, 
        1310.6486943494813, 
        1276.048588416601, 
        1499.0997298378784, 
        661.3622305514581, 
        686.2215385719105
    ], 
    "exclusion_zone_overlap": [
        0.0018089950276666716, 
        1.503559613566647e-11, 
        0.020862015038580362, 
        0.3463173955137972, 
        0.000959455758087887, 
        6.161273982667542e-06, 
        0.3089174704467006, 
        0.012391395672144723, 
        0.010124754642415638, 
        0.07013814751805197, 
        0.0518895523816, 
        0.3744325300337379, 
        0.000717306506852682, 
        4.078266868145317e-05, 
        0.8278001636730569, 
        1.8240310175343344e-08, 
        0.43725002659736206, 
        0.12421812787331682, 
        0.0325919776128033, 
        0.2344303929216645, 
        0.4459070186323709, 
        0.0035061081656262228, 
        0.2624329223811418, 
        0.15967624587931328, 
        0.008086200931961125, 
        0.006044798608726377, 
        0.00018129336581607504, 
        0.29268934889226444, 
        0.3489973437902087, 
        0.0018021226369322252, 
        0.5133287213731811, 
        0.0005573493342151727, 
        0.5539272476646134, 
        0.2644534940521412, 
        0.006689361175805177, 
        0.006628393452901922, 
        0.10054492564599679, 
        0.0235012802141344, 
        0.15149894466443126, 
        0.0012387510189411915, 
        0.4857392376248098, 
        0.12575429458903908, 
        0.15071301369967174, 
        0.001211122377167307, 
        0.210182566033105, 
        1.1776986141970303e-06, 
        0.07308572947881571, 
        4.190797840394661e-06, 
        0.0003413186105774727, 
        0.0007649197942911609, 
        0.48291548646614785, 
        0.05296702947037887
    ], 
    "match_id": [
        100147853, 
        307321674, 
        304586645, 
        307558646, 
        307320960, 
        307743253, 
        307557934, 
        309003780, 
        277616630, 
        307137980, 
        304585910, 
        309113907, 
        126862385, 
        307296433, 
        307593747, 
        174361040, 
        100141219, 
        272782668, 
        304762965, 
        309372716, 
        638314843, 
        127795906, 
        500836840, 
        512315551, 
        502966396, 
        294482052, 
        530574594, 
        482578964, 
        266250195, 
        536298726, 
        479755622, 
        510417993, 
        479701339, 
        479984127, 
        596253012, 
        535692871, 
        501115762, 
        536299435, 
        479983421, 
        501004474, 
        546103149, 
        517072832, 
        121510421, 
        503323656, 
        584511827, 
        510417255, 
        593277684, 
        480069939, 
        523718075, 
        601476074, 
        479756361, 
        503069254
    ], 
    "fraction of match covered by td exclusion zone": [
        0.01421743067454866, 
        2.900240328254317e-08, 
        0.03132788711388656, 
        0.11282433989702903, 
        0.0011730861114997882, 
        6.62266190804472e-06, 
        0.2060941428111376, 
        0.02144830978480501, 
        0.046195713059328916, 
        0.05841063491927459, 
        0.09635789414763347, 
        0.157605150711166, 
        0.0010759000254201047, 
        1.5283944742805443e-05, 
        0.5115814721445142, 
        2.1985199567627402e-06, 
        0.6216370882723768, 
        0.12967927724526554, 
        0.01694329316984281, 
        0.0891676612110459, 
        0.10464212954854935, 
        0.0018481914848798792, 
        0.20037899792611208, 
        0.03382025608800303, 
        0.030224542403700077, 
        0.027057510315016343, 
        0.00032665720429249124, 
        0.8957348187256283, 
        0.522009300262253, 
        0.0009343830011948278, 
        0.8001854565446086, 
        0.0024226280025645168, 
        0.8756332380998456, 
        0.2423941086706868, 
        0.026733691048723963, 
        0.0277621353527063, 
        0.1439958149754864, 
        0.0481574876983056, 
        0.1514794675185863, 
        0.0022371333433711085, 
        0.6848493344117008, 
        1.0000000000000002, 
        0.765261405112098, 
        0.00617020884134028, 
        0.05431457202222531, 
        0.00011384450600202975, 
        0.012954266867247186, 
        1.0632683859393016e-05, 
        0.001465222658853257, 
        0.0005901777179521257, 
        0.7044035344841209, 
        0.17126506435919636
    ], 
    "source": "VISp", 
    "pearson_correlation": [
        0.9893585865181174, 
        0.8687274827730893, 
        0.9862100223054168, 
        0.9322945124346631, 
        0.9582187309758697, 
        0.9291004489984117, 
        0.9848862475002038, 
        0.9834316322334794, 
        0.9896753652234656, 
        0.963677654827655, 
        0.9839595767990851, 
        0.9666475328995057, 
        0.9516810544811768, 
        0.8979825424872251, 
        0.9923172068136202, 
        0.9464293963494055, 
        0.9947494739147615, 
        0.9746922981801919, 
        0.9895418926676416, 
        0.9260407770443044, 
        0.4980632487526588, 
        0.35528803675036025, 
        0.954252690879218, 
        0.6766188583826811, 
        0.8376222305756762, 
        0.9912583207404951, 
        0.9256348337144641, 
        0.9833123847910206, 
        0.9932992520005474, 
        0.9115148538735525, 
        0.9741951241572923, 
        0.8553301498342987, 
        0.9541248145949841, 
        0.9134484000152993, 
        0.9760696028748024, 
        0.9628289304983219, 
        0.930520111025248, 
        0.9789130259434252, 
        0.9719139145518457, 
        0.9124667947360813, 
        0.9207477484176569, 
        0.990192819402866, 
        0.99321862505603, 
        0.9206546180909515, 
        0.8059142184277216, 
        0.709993238699875, 
        0.8299641318188032, 
        0.9564511266327113, 
        0.411804691218985, 
        0.8378391987813263, 
        0.9491740086046184, 
        0.9393158546715695
    ],