{
    "image_series_id": 501883865, 
    "distance": [
        474.3416490252569, 
        709.6477999684068, 
        587.4521257089807, 
        1044.4615837837216, 
        533.4791467339656, 
        2596.0354388952396, 
        949.1048414163738, 
        627.4551776820397, 
        429.6510211788167, 
        684.1052550594828, 
        891.5716460273958, 
        949.1048414163738, 
        657.1149062378664, 
        607.1243694664216, 
        2024.5740292713429, 
        757.4298647399639, 
        482.18253804964775, 
        850.6468127254695, 
        407.18546143004664, 
        1239.4353553130554, 
        583.2666628567074, 
        527.6362383309167, 
        730.6846104852626, 
        580.086200490927, 
        1250.5998560690787, 
        955.0916186418976, 
        949.1048414163738, 
        3049.491760933287, 
        1329.398360161468, 
        547.3572873361603, 
        1829.9180309511135, 
        803.9900496896712, 
        499.799959983992, 
        1575.9441614473528, 
        229.3468988235943, 
        1687.4240723659243, 
        359.58309192730405, 
        532.2593352868506, 
        462.709412050371, 
        174.92855684535903, 
        1096.0839383915813, 
        439.43145085439664, 
        270.92434368288133, 
        597.6621118993573, 
        944.5104552094699, 
        314.6426544510455, 
        686.0757975617563, 
        873.6131867136622, 
        592.1148537234985, 
        610.3277807866851, 
        2142.6618958669146, 
        395.72717874818755, 
        636.3961030678928, 
        784.1555968046138, 
        919.7282207261012, 
        2214.023486776958, 
        383.92707640904933, 
        815.7205403813244, 
        511.46847410177685, 
        878.8060081724522, 
        941.1694852681954, 
        921.0320298447823
    ], 
    "exclusion_zone_overlap": [
        0.4783511036926199, 
        0.00506896292107085, 
        0.510732371406999, 
        0.044944817882341476, 
        0.5192070076258417, 
        0.13957802447515802, 
        0.25122632399076344, 
        0.149182095890223, 
        0.5488224163454295, 
        0.036426702213213584, 
        0.16646744838580907, 
        0.05307424800547895, 
        0.11554874735369061, 
        0.271351222331885, 
        0.05400465141437136, 
        0.007409113495910762, 
        0.17688094389840867, 
        1.0049602298920226e-07, 
        0.9587925779228563, 
        0.00681181430546588, 
        0.631772775796684, 
        0.29695444707952323, 
        0.06983012282906947, 
        0.12288711246559643, 
        0.00026166509153018963, 
        0.05455710512615684, 
        0.06365074151270633, 
        0.4222636881081533, 
        2.8934288443905254e-08, 
        0.0660080854670679, 
        0.04829794873928466, 
        0.6896695899155338, 
        0.00025845039981175946, 
        0.015700625857277748, 
        0.30818623635093206, 
        0.03528245024296974, 
        0.43960956893779357, 
        0.033248670842141795, 
        0.015433616952201678, 
        0.14636301058416534, 
        0.007461828360063614, 
        0.12133802156863457, 
        0.17801905247527414, 
        0.03966383175978784, 
        0.04252283565302447, 
        0.1091240621095501, 
        7.318384515383489e-05, 
        0.010504400239573372, 
        0.10307308644416618, 
        0.0006784118589723152, 
        0.003946235839201828, 
        0.20230763610178867, 
        0.007231150386200244, 
        0.2759614857337, 
        0.16760756961686338, 
        0.006690814453333501, 
        0.22313046082246007, 
        0.037586547923997286, 
        0.09719895056069733, 
        0.015821191747286804, 
        0.0007876311895930015, 
        6.876921081902098e-05
    ], 
    "match_id": [
        307297141, 
        272916202, 
        180296424, 
        146858755, 
        307321674, 
        626107114, 
        307558646, 
        307320960, 
        307743253, 
        100141796, 
        116903968, 
        307557934, 
        309003780, 
        304565427, 
        127222723, 
        112373830, 
        307137980, 
        304585910, 
        309004492, 
        309113907, 
        307295727, 
        307296433, 
        114250546, 
        127138787, 
        307593747, 
        304762965, 
        309372716, 
        638314843, 
        127795906, 
        500836105, 
        579409876, 
        512315551, 
        522409371, 
        287028480, 
        479981981, 
        603468246, 
        479673174, 
        500837552, 
        574941472, 
        530555292, 
        510834706, 
        495562600, 
        479700629, 
        518605900, 
        167794131, 
        479982715, 
        603479758, 
        286417464, 
        562520963, 
        593016678, 
        299446445, 
        479673887, 
        503323656, 
        482580380, 
        661987195, 
        584511827, 
        479980810, 
        593277684, 
        480069939, 
        524666904, 
        580150240, 
        503069254
    ], 
    "fraction of match covered by td exclusion zone": [
        0.6009586933056509, 
        0.082232486790945, 
        0.5611349270029766, 
        0.4694968793853376, 
        0.5566881973364509, 
        0.05621934528052021, 
        0.1918909924461518, 
        0.24589461741319354, 
        0.781585565105919, 
        0.18253151863164946, 
        0.7559470356004258, 
        0.07828295463479673, 
        0.30732486920586427, 
        0.9213399778320303, 
        0.021906938680833987, 
        0.10600331931304659, 
        0.2939375636032191, 
        2.590898310520157e-06, 
        0.819222319966989, 
        0.007396945682894557, 
        0.9252548652706826, 
        0.31848473082034645, 
        0.4525548653734936, 
        0.49092055291656256, 
        0.0007332889766494171, 
        0.053009253355864254, 
        0.06424984227796078, 
        0.28927067099783166, 
        5.8487332436416904e-08, 
        0.30500102424147013, 
        0.03366531910813718, 
        0.34113725909290465, 
        0.0038692609930043947, 
        0.007001752602577541, 
        0.9888153861164424, 
        0.026327994934934214, 
        0.5016469043671924, 
        0.15283521035411324, 
        0.06998408935419115, 
        0.8684598329279195, 
        0.043327845972269484, 
        0.9982405879042646, 
        0.9954221646178358, 
        0.17489636655777432, 
        0.22808410052743908, 
        0.8822779938960656, 
        8.253540486868932e-05, 
        0.03809381961858491, 
        0.928486169009058, 
        0.002082286177245168, 
        0.005026179752901506, 
        0.9759711947628723, 
        0.06599032564723602, 
        0.874471702490969, 
        0.21386097877495364, 
        0.006088230459314617, 
        0.9146348061713973, 
        0.03749131312406366, 
        0.41549870556141466, 
        0.2590538832956181, 
        0.002837914894519035, 
        0.0004717764410561101
    ], 
    "source": "VISl",