{
    "image_series_id": 502590301, 
    "distance": [
        873.8993077008357, 
        478.4349485562274, 
        308.86890422961, 
        963.1718434422801, 
        1364.44127759314, 
        829.7590011563599, 
        488.7739763939975, 
        1044.7009141376302, 
        304.138126514911, 
        2100.6189564030883, 
        482.7007354458868, 
        637.102817447859, 
        381.18237105091833, 
        837.6753547765387, 
        406.201920231798, 
        344.3835071544513, 
        3074.752022521491, 
        803.3056703397531, 
        1668.8618876348037, 
        1000.8496390567366, 
        553.9855593785817, 
        1380.4709341380571, 
        501.5974481593781, 
        583.1809324729334, 
        231.94827009486403, 
        497.29267036625424, 
        723.118247591637, 
        673.8694235532578, 
        882.4397996464121, 
        2100.2142747824564, 
        551.8151864528558, 
        981.0198774744578, 
        902.5519375637061, 
        475.49973711874964, 
        972.0596689504199, 
        987.8258955909184
    ], 
    "exclusion_zone_overlap": [
        0.2052350288543973, 
        0.042495490553356746, 
        0.8068265821716868, 
        0.3197815320805441, 
        0.002060996771906872, 
        0.174286664980146, 
        0.2687792629149592, 
        0.02927012150702747, 
        0.4124647847378069, 
        0.012332951513825527, 
        0.1448918704972794, 
        0.8284769124528323, 
        0.7783172103407483, 
        0.206111858213029, 
        0.30256505190012783, 
        0.2591228797547248, 
        0.20796201760808622, 
        0.0016093211974587, 
        0.13193279365933203, 
        0.35828758376128006, 
        0.3521498039829205, 
        0.07391911362158166, 
        0.7192882396032142, 
        0.04663692796003228, 
        0.24098517029634267, 
        0.19207265736550597, 
        0.00567412583984827, 
        0.02886762879177048, 
        0.009703337572020472, 
        0.03779383494729612, 
        0.2931266659537438, 
        0.36417362492417626, 
        0.2982088510061994, 
        0.46211913370984786, 
        0.11901155101983003, 
        2.3371795232551674e-05
    ], 
    "match_id": [
        307297141, 
        272916202, 
        180296424, 
        307321674, 
        307558646, 
        307743253, 
        100141796, 
        116903968, 
        304565427, 
        127222723, 
        112373830, 
        309004492, 
        307295727, 
        307296433, 
        114250546, 
        127138787, 
        638314843, 
        500836105, 
        579409876, 
        512315551, 
        479981981, 
        603468246, 
        479673174, 
        530555292, 
        495562600, 
        479700629, 
        518605900, 
        479982715, 
        562520963, 
        299446445, 
        479673887, 
        482580380, 
        661987195, 
        479980810, 
        593277684, 
        524666904
    ], 
    "fraction of match covered by td exclusion zone": [
        0.15419077891365257, 
        0.3508722817384264, 
        0.5025250982574773, 
        0.1975080755559412, 
        0.001065082362828369, 
        0.14762288805794907, 
        0.6723044394900852, 
        0.08587284626691287, 
        0.7973097358585357, 
        0.0030489951929179625, 
        0.6970242001235349, 
        0.39835156302879293, 
        0.6814947043067807, 
        0.10531168585302643, 
        0.8783400798397178, 
        0.5317897028351619, 
        0.04544541835040579, 
        0.003491580890686738, 
        0.05712103221140658, 
        0.1101576515457686, 
        0.8145435535204394, 
        0.027620533141703145, 
        0.4727093991406065, 
        0.20174970039144466, 
        0.9985686876556704, 
        0.7353698392687947, 
        0.009891552844302015, 
        0.19244245389927456, 
        0.06445655925652742, 
        0.041247648690657404, 
        0.8922192224241825, 
        0.6290832805025179, 
        0.2699010947975872, 
        0.9598497826567658, 
        0.058632454530298785, 
        1.7484204208770772e-06
    ], 
    "source": "VISl", 
    "pearson_correlation": [
        0.9012506525907794, 
        0.7522779467091146, 
        0.8730327160912306, 
        0.9220305181656622, 
        0.8822851447333865, 
        0.9072076490963342, 
        0.9239474045590726, 
        0.9031036053715708, 
        0.922278656597839, 
        0.07280578181726227, 
        0.9457654437529842, 
        0.8589925815332659, 
        0.9290048792073503, 
        0.9637556508135466, 
        0.9540191992834953, 
        0.9541314922570291, 
        0.44520052221776474, 
        0.8672169221964613, 
        0.7395590044398636, 
        0.8141546126255085, 
        0.9125952935995011, 
        0.8618366838538665, 
        0.8603763146286245, 
        0.9024993210157078, 
        0.9525716758343837, 
        0.9237981403682651, 
        0.8221958866413814, 
        0.8851121990259595, 
        0.8810233039748446, 
        0.58369462933698, 
        0.908251413988488, 
        0.9198012844458738, 
        0.8299465456478484, 
        0.9141295568381161, 
        0.8752599488518575, 
        0.8298932156703137
    ], 
    "spearman_correlation": [
        0.9359513945531893, 
        0.6078084265916087, 
        0.8920521570345368, 
        0.9233786466126434, 
        0.9026640412287008, 
        0.9098060665527269, 
        0.8260449617813265, 
        0.8808992726862962, 
        0.9068343625720642, 
        0.4194513282838044, 
        0.8394745144484612, 
        0.9255760498315847, 
        0.9293473693613555, 
        0.9110556147890638, 
        0.8530631038065676, 
        0.8979174246039785, 
        0.35455782268814207, 
        0.8395707751893453, 
        0.6811439223117864, 
        0.9315357603287497, 
        0.9220917883774309, 
        0.7823787031413371, 
        0.8676494101942352, 
        0.8074624827434334, 
        0.8838958986574406, 
        0.9094199759776952, 
        0.8178214456842006, 
        0.8891012326698965, 
        0.8398824224545027, 
        0.47263366687835634, 
        0.8865118822097655, 
        0.9402926971700449, 
        0.8211908689609982, 
        0.8735071912933625, 
        0.7734641533371237, 
        0.8272887785471794
    ], 
    "injection_overlap": [
        0.08633530698277962, 
        0.004723320513922944, 
        0.9767832843504282, 
        0.2526943956166941, 
        0, 
        0.11030210694559996, 
        0.16004049319775296, 
        2.4064055818083573e-05, 
        0.507430452503968, 
        8.087663182420113e-05, 
        0.008901550040276386, 
        0.9690558830722137, 
        0.9920348415433415, 
        0.0538315707823897, 
        0.4336622479446015, 
        0.19321610247486362, 
        0.21864282834041954, 
        0, 
        0.42318615026353085, 
        0.30241169209834123, 
        0.3935995934953968, 
        0.04012160145076976, 
        0.9653371406520486, 
        0.0004354309891276338, 
        0.8412740058367184, 
        0.5347022245352102, 
        4.2485662197656766e-05, 
        0, 
        0, 
        0.07103715127394135, 
        0.7564659050438148, 
        0.8732282908626791, 
        0.44741825946928315, 
        0.9692970069994136, 
        0.15610487718505794, 
        0
    ],