{
    "image_series_id": 502955689, 
    "distance": [
        1121.918000568669, 
        900.1111042532472, 
        448.3302354291979, 
        1016.4152694642087, 
        3247.907018373525, 
        1267.320006943787, 
        1246.755790040696, 
        853.4049449118513, 
        1006.0318086422516, 
        503.3885179461288, 
        1267.320006943787, 
        1076.3363786474933, 
        752.2632517942106, 
        2559.3749236874223, 
        1120.8925015361642, 
        868.9073598491384, 
        1162.626337221035, 
        1541.7198189035516, 
        975.4486147409303, 
        1238.9108119634761, 
        1078.424777163433, 
        790.4429138147801, 
        805.5432949258532, 
        1267.320006943787, 
        3664.7919449813244, 
        765.8328799418317, 
        2254.706189284981, 
        605.7227088363123, 
        2281.9509197176, 
        990.4039579888603, 
        1979.5706605221244, 
        988.6354231970448, 
        1174.8191350161096, 
        1118.3469944520798, 
        783.6453279386026, 
        888.2004278314664, 
        525.9277516921883, 
        872.8688332160795, 
        825.4089895318563, 
        912.2499657440388, 
        779.9358948016177, 
        767.6587783644502, 
        2686.1682746991114, 
        832.1658488546619, 
        625.939294181153, 
        710.0704190430693, 
        1017.2020448268869, 
        1530.3921066184314, 
        1200.708124399931, 
        574.978260458602
    ], 
    "exclusion_zone_overlap": [
        0.27912123515286835, 
        0.28906102087293933, 
        0.13637776902018842, 
        0.28808492937265934, 
        0.07446130328897453, 
        0.20199713884621143, 
        0.02142753077779374, 
        0.6244185095131417, 
        0.013977116738052742, 
        0.35369453934500156, 
        0.011403812948452668, 
        0.03476126388653313, 
        0.12371453555429966, 
        0.09145055083949416, 
        5.44103013032518e-10, 
        0.10234166209793216, 
        0.8188345116840944, 
        0.00040751414139572595, 
        0.43074555168358136, 
        0.08193629244416469, 
        0.006154642094416891, 
        0.007198247052365077, 
        0.026322772362405874, 
        0.07438675822865931, 
        0.3438070099149613, 
        0.22194502740913324, 
        0.019209828510754225, 
        0.595032780987626, 
        0.007885784344198883, 
        0.20471032699495867, 
        5.855919203084759e-05, 
        0.5014735269451313, 
        0.00013628326602843453, 
        4.932868204612639e-05, 
        0.0903145547920378, 
        0.062180164495303246, 
        0.13314906035716403, 
        0.2527758606524494, 
        0.16161362967286705, 
        0.1307546423300494, 
        0.1205862112800202, 
        0.19906037003987379, 
        0.0013337610309826183, 
        0.2670504137511077, 
        0.3123927937475415, 
        0.20553479396754262, 
        0.22944558705036625, 
        0.002497306773909582, 
        0.014841461279007588, 
        0.07655371942268177
    ], 
    "match_id": [
        307297141, 
        180296424, 
        146858755, 
        307321674, 
        626107114, 
        307558646, 
        307320960, 
        307743253, 
        100141796, 
        116903968, 
        307557934, 
        309003780, 
        304565427, 
        127222723, 
        112373830, 
        307137980, 
        309004492, 
        309113907, 
        307295727, 
        307296433, 
        114250546, 
        127138787, 
        304762965, 
        309372716, 
        638314843, 
        500836105, 
        579409876, 
        512315551, 
        287028480, 
        479981981, 
        603468246, 
        479673174, 
        500837552, 
        530574594, 
        530555292, 
        510834706, 
        495562600, 
        479700629, 
        518605900, 
        167794131, 
        479982715, 
        562520963, 
        299446445, 
        479673887, 
        482580380, 
        661987195, 
        479980810, 
        593277684, 
        480069939, 
        524666904
    ], 
    "fraction of match covered by td exclusion zone": [
        0.2680811403396782, 
        0.2402445853399542, 
        0.917429911889911, 
        0.22774400566225012, 
        0.021868470297227622, 
        0.10490418480333828, 
        0.03225237324008987, 
        0.6287105619266441, 
        0.062223577497388785, 
        0.9713911117363331, 
        0.012547506368535527, 
        0.0694492709352228, 
        0.3307088793113709, 
        0.022144208383100494, 
        1.1657660880733021e-09, 
        0.12528355292669047, 
        0.4929987961423816, 
        0.00018797618016394213, 
        0.5247989830294095, 
        0.0663021396393379, 
        0.03196118262778508, 
        0.025656701239041107, 
        0.018878364838054763, 
        0.04657475131115603, 
        0.1759491274091802, 
        0.6656195155953567, 
        0.009816332996209912, 
        0.20612347191715052, 
        0.005742734318229507, 
        0.5630499448086818, 
        9.1377406457926e-05, 
        0.38977389585005673, 
        0.0003802596270243849, 
        3.213922005038837e-05, 
        0.4644542848587881, 
        0.28315000099087984, 
        0.8584978371883734, 
        0.9998733088858904, 
        0.47353447441392893, 
        0.49256353387260166, 
        0.6999995676382905, 
        0.9987746912400361, 
        0.001114012677705722, 
        0.9648646040689316, 
        0.729642342348431, 
        0.18168802686951405, 
        0.7286745076128716, 
        0.000698819632480504, 
        0.06546210658657765, 
        0.8053087208002141
    ], 
    "source": "VISl", 
    "pearson_correlation": [
        0.9455729316826084, 
        0.9161099432270934, 
        0.9728877162915852, 
        0.943441863044818, 
        0.5156339077709673, 
        0.9615514293582893, 
        0.9657257692230238, 
        0.9672957922725701, 
        0.9552105768975089, 
        0.9761467453477992, 
        0.9606039789441719, 
        0.9628649454257259, 
        0.9497152873307992, 
        0.032436419110817134, 
        0.8828728612736114, 
        0.9647060884776012, 
        0.9234189235410688, 
        0.9631892139735238, 
        0.9711675146760675, 
        0.9559657860800242, 
        0.9496731165073047, 
        0.9493062090990251, 
        0.8979426300758845, 
        0.9475275063525366, 
        0.4713236224718438, 
        0.9610796502003854, 
        0.7725403132271867, 
        0.8621475093869762, 
        0.8755772311935468, 
        0.9383756649217617, 
        0.903748149356363, 
        0.9538968667147143, 
        0.9672479729254128, 
        0.9651871142899203, 
        0.939234594777797, 
        0.8235989256458828, 
        0.9811421875774253, 
        0.9867148918752116, 
        0.9185678262558334, 
        0.9572350876182535, 
        0.954898956524439, 
        0.9549704487980689, 
        0.39197078311315536, 
        0.9823985562404793, 
        0.945389613570096, 
        0.850958705954301, 
        0.9794787482200973, 
        0.8758244508509619, 
        0.9660198498039894, 
        0.8992755222439434
    ],