{
    "image_series_id": 520615681, 
    "distance": [
        965.8674857349739, 
        906.697303403953, 
        1048.8088481701516, 
        450.0, 
        875.0428560933459, 
        364.9657518178932, 
        977.1898484941398, 
        903.8252043398658, 
        108.16653826391968, 
        1023.1813133555557, 
        951.3674369033239, 
        1172.5612990372827, 
        1080.6479537758817, 
        1020.0980345045274, 
        1035.0845376103346, 
        742.2263805605403, 
        506.06323715519983, 
        962.7564593395361
    ], 
    "exclusion_zone_overlap": [
        0.005670418734875812, 
        0.00017399773703082188, 
        1.1712352541239934e-06, 
        0.0627613802039906, 
        0.002762096424754753, 
        0.11258049853351719, 
        0.05560507802012243, 
        0.2418634899260157, 
        0.4659714608951231, 
        0.3487527716439246, 
        0.034355518273030676, 
        0.22211924483621734, 
        0.08448303832488879, 
        1.4933560056386418e-06, 
        0.02971675690465897, 
        0.23930230507217604, 
        0.21070545316020153, 
        0.359256141405731
    ], 
    "match_id": [
        100141454, 
        112952510, 
        157556400, 
        112423392, 
        112306316, 
        157711748, 
        158435116, 
        126860974, 
        478376197, 
        496554237, 
        166055636, 
        480994108, 
        287769286, 
        286313491, 
        156741826, 
        478582494, 
        263106036, 
        167902586
    ], 
    "fraction of match covered by td exclusion zone": [
        0.08352846474020424, 
        0.001354288598775134, 
        6.675098634615084e-05, 
        0.6388496044125277, 
        0.01745743862443398, 
        0.7833282738281612, 
        0.5553400702200906, 
        0.8183827698230108, 
        0.9859949590347149, 
        0.9473767567591842, 
        0.09677169600516504, 
        0.4935861431652299, 
        0.3686043332598078, 
        2.7565771099613742e-06, 
        0.09133594486012711, 
        0.9560967605400047, 
        0.557638935322745, 
        0.7490634286523117
    ], 
    "source": "ORBvl", 
    "pearson_correlation": [
        0.26482990321161165, 
        0.2581387806323812, 
        0.533280409264445, 
        0.7863713300087356, 
        0.44790273997434404, 
        0.6701325000753772, 
        0.6677757901645127, 
        0.8165142885458891, 
        0.7166968729312612, 
        0.8028584086265933, 
        0.21283588219513758, 
        0.7425219205114258, 
        0.7165399491836031, 
        0.5043042668840929, 
        0.6315725660140902, 
        0.6947070130240834, 
        0.6079205056330417, 
        0.8862613536877322
    ], 
    "spearman_correlation": [
        0.6519552814561943, 
        0.6439548909183007, 
        0.8082892969032939, 
        0.8448110096851432, 
        0.6477824905801887, 
        0.8443514579043774, 
        0.7670035424090446, 
        0.8457888197598646, 
        0.8737384299027335, 
        0.8549418246880078, 
        0.5593188880641949, 
        0.872680004038862, 
        0.8659232807463034, 
        0.7480394256782557, 
        0.8727224317461608, 
        0.8301219576815972, 
        0.7520842323418631, 
        0.9188824147511926
    ], 
    "injection_overlap": [
        2.6317724183825522e-05, 
        0, 
        7.933459166370226e-07, 
        0.16724472754436512, 
        0.0002868285959434161, 
        0.14925836662355407, 
        0.12343030180912978, 
        0.2228325115302223, 
        0.5045514038962396, 
        0.4254585073007425, 
        0.010129904994854203, 
        0.4555484244303227, 
        0.18495286449530682, 
        0, 
        0.02991916059057651, 
        0.3792027857999655, 
        0.18822041174106366, 
        0.6824537394331965
    ], 
    "fraction of match covered by td injection": [
        2.7599022028439764e-07, 
        0, 
        4.401032565544596e-05, 
        0.23935314499941981, 
        9.501512644843089e-05, 
        0.28639889877096253, 
        0.1506859962864553, 
        0.17334652009894966, 
        0.3147235667842957, 
        0.37492080937696637, 
        0.004380002137843244, 
        0.13048046087223716, 
        0.10526532320535802, 
        0, 
        0.015315453383524094, 
        0.3795273896756948, 
        0.14370836669352996, 
        0.2819847780442423
    ]
}