{
    "image_series_id": 521617657, 
    "distance": [
        968.8137075826291, 
        466.2617290749907, 
        1296.495275733776, 
        1519.4077793666847, 
        771.2976079309465, 
        1011.6817681464859, 
        1179.0674280973078, 
        1399.6428115772967, 
        1491.6098685648335, 
        492.1381919745713, 
        1288.9142717807108, 
        1264.9901185384808, 
        1640.883908142194, 
        1717.5272923595712
    ], 
    "exclusion_zone_overlap": [
        0.019893092921156378, 
        0.1668551029887351, 
        0.00030804995862743835, 
        0.019351489499183767, 
        0.1344092242700346, 
        0.04890451099267875, 
        0.0002029362889007112, 
        0.012290939664377266, 
        0.00042420802027308993, 
        0.704048085730068, 
        0.010710142104817515, 
        0.012564095318700386, 
        0.030668757840260595, 
        0.022866211307974962
    ], 
    "match_id": [
        146553971, 
        112881858, 
        127397469, 
        158314278, 
        116903230, 
        120491896, 
        100149109, 
        139519496, 
        115958825, 
        180435652, 
        576332845, 
        182090318, 
        562671482, 
        642809043
    ], 
    "fraction of match covered by td exclusion zone": [
        0.043148058332171425, 
        0.5882305185637251, 
        0.00034548321769886967, 
        0.04542854341734261, 
        0.6604461098761403, 
        0.2331700009666259, 
        0.00019668772909643513, 
        0.03504334797029863, 
        0.0009492791040894854, 
        0.41839124904064645, 
        0.013540123076223888, 
        0.06087203907190479, 
        0.08441260995190732, 
        0.028629498954463015
    ], 
    "source": "TEa", 
    "pearson_correlation": [
        0.24483204765473288, 
        0.9117152380761774, 
        0.19762952859278726, 
        0.6515369498591935, 
        0.8058101005689936, 
        0.6328669941884523, 
        0.6692493265143926, 
        0.5821829614763478, 
        0.7064047275964814, 
        0.8264512061630545, 
        0.7041835660759569, 
        0.686268635577098, 
        0.7794786739281011, 
        0.9048181483234823
    ], 
    "spearman_correlation": [
        0.3615446598444822, 
        0.9206269903537836, 
        0.49833015966316335, 
        0.7213875935840346, 
        0.8233515531500729, 
        0.7478689769731988, 
        0.6385292501122953, 
        0.6041442708631563, 
        0.6851056562698004, 
        0.7180170531990329, 
        0.796265915560731, 
        0.7081264979421964, 
        0.7556251747274686, 
        0.7885315375143189
    ], 
    "injection_overlap": [
        1.1731530558077345e-05, 
        0.11855713996843192, 
        3.661608307148969e-09, 
        0.016313749276019106, 
        0.10756821961749714, 
        0.07130103126701354, 
        4.6865344471419264e-05, 
        0.007197767927832901, 
        4.3474690568248605e-05, 
        0.8113612750179384, 
        0.002935564022247649, 
        0.00484558471644725, 
        0.02548803054880772, 
        0.012065669325600005
    ], 
    "fraction of match covered by td injection": [
        9.735489694371462e-06, 
        0.18193312687404198, 
        1.7064171371378033e-11, 
        0.01464786695818527, 
        0.1814954420927293, 
        0.0795843955739499, 
        1.1445588512430469e-05, 
        0.007503387231539181, 
        6.454586606446769e-05, 
        0.13458324215066592, 
        0.0007742963784540953, 
        0.01160775003644261, 
        0.018736399145549698, 
        0.001791112599470606
    ]
}