{
    "image_series_id": 525412369, 
    "distance": [
        152.64337522473747, 
        910.4394543296111, 
        634.1135544995076, 
        475.49973711874964, 
        741.6872656315463, 
        1245.3915047084593, 
        903.3825324855468, 
        774.2738533619743, 
        547.0831746635972, 
        275.3179979587241
    ], 
    "exclusion_zone_overlap": [
        0.28334560408023685, 
        0.002565250747646349, 
        4.1826939145652467e-07, 
        0.11301197319993696, 
        0.0002641523848639544, 
        0.0012423221070526418, 
        0.004581924851826727, 
        0.12140559037204014, 
        0.24615360991352156, 
        0.34940394216598347
    ], 
    "match_id": [
        100140949, 
        100148142, 
        112424813, 
        501484658, 
        584895127, 
        576341623, 
        592540591, 
        166054929, 
        159832064, 
        591535205
    ], 
    "fraction of match covered by td exclusion zone": [
        0.3732086569352473, 
        0.00871449039006496, 
        6.913104584078307e-05, 
        0.11254609928685291, 
        5.117481394097125e-05, 
        0.00010643245335165485, 
        0.0013997053816322859, 
        0.09842478522869984, 
        0.35378421631873236, 
        0.8204346396387809
    ], 
    "source": "RSPv", 
    "pearson_correlation": [
        0.9075980878913801, 
        0.8217314890028209, 
        0.7285711383895728, 
        0.7850036880077768, 
        0.6605286887062006, 
        0.6962698680851678, 
        0.8159033871327193, 
        0.829317314554419, 
        0.8661913499917685, 
        0.8931590793262122
    ], 
    "spearman_correlation": [
        0.7817842058306386, 
        0.701012076034049, 
        0.8461719961317727, 
        0.7433599852204904, 
        0.7334846121193269, 
        0.7062024854186809, 
        0.7428936489598246, 
        0.836672995065519, 
        0.7507331285696442, 
        0.8257669955712544
    ], 
    "injection_overlap": [
        0.27918464164103185, 
        0, 
        0, 
        0.14992777857684447, 
        0, 
        0, 
        0, 
        0.1464532822509964, 
        0.04491335825929132, 
        0.5938675080148059
    ], 
    "fraction of match covered by td injection": [
        0.019159145725229275, 
        0, 
        0, 
        0.00720502593501734, 
        0, 
        0, 
        0, 
        0.007160115272625749, 
        0.009123786808259335, 
        0.09957404481922132
    ]
}