{
    "image_series_id": 526784559, 
    "distance": [
        1381.3399291991816, 
        742.6977851050857, 
        579.2236183029833, 
        579.2236183029833, 
        711.8286310622804, 
        1014.7413463538381, 
        959.8958276813166, 
        1024.9390225764653, 
        1104.9886877249016, 
        932.6842981416595, 
        336.6006535941367, 
        1226.4583156389783, 
        124.49899597988733, 
        121.2435565298214, 
        932.148056909416, 
        708.0960386840192, 
        911.5371632577577, 
        1072.0541031123382, 
        579.2236183029833, 
        3762.2998285623116, 
        1257.060062208644, 
        256.12496949731394, 
        1239.5563722558163, 
        390.0, 
        1120.1339205648583, 
        861.6843969807043, 
        725.3275122315436, 
        490.9175083453431, 
        1983.6582366930045, 
        468.8283267892417, 
        2159.930554439193, 
        793.6623967405789, 
        467.8675026115834, 
        248.19347291981714, 
        480.83261120685233, 
        772.9165543575839, 
        903.8805230781334, 
        328.1767816284388, 
        454.86261662176634, 
        609.9180272790762, 
        756.6372975210778, 
        765.8328799418317, 
        306.10455730027934, 
        428.3689998120779, 
        751.7978451685001, 
        1277.928010491984, 
        1034.601372510205, 
        1403.1749712705112, 
        192.61360284258222, 
        733.48483283569
    ], 
    "exclusion_zone_overlap": [
        0.12144299408735428, 
        0.13778113783356566, 
        0.3976991549425685, 
        0.20960999760456694, 
        0.08576106942098659, 
        0.02808372369022233, 
        0.2071577970146291, 
        0.0034332975977037303, 
        0.012145363639933095, 
        2.6686796926202187e-06, 
        0.695399276621592, 
        0.001204840663414406, 
        0.0012109952033700487, 
        0.6560942839346636, 
        0.00039980071364825926, 
        0.5010509160901238, 
        0.021989177857137124, 
        0.01651743828510166, 
        0.5014950011128647, 
        0.05485249621510424, 
        0.06801956090574234, 
        0.5208355753465143, 
        0.094866435233195, 
        0.003766972484565129, 
        3.976036874844601e-09, 
        0.12693444601754938, 
        0.02633520684070231, 
        0.2882002762138362, 
        0.0005559805625486824, 
        0.5662820454320272, 
        0.0005442546768088083, 
        0.02212583942415196, 
        0.26076788866046874, 
        0.5869994078032313, 
        0.09515119623719231, 
        0.17212597399451915, 
        0.010603782572143818, 
        0.021961391454316966, 
        0.1074122714418291, 
        0.39072592048453647, 
        0.18080538401280494, 
        0.054534881208071755, 
        0.42967714077365676, 
        0.06135071809431445, 
        0.005060204055165796, 
        0.0002329106912472651, 
        0.1125882010506178, 
        0.00012854038530351586, 
        0.5428675199447389, 
        0.047678958041836375
    ], 
    "match_id": [
        113887162, 
        304586645, 
        307558646, 
        307557934, 
        114008926, 
        277712166, 
        277616630, 
        277714322, 
        307137980, 
        304585910, 
        309113907, 
        277713580, 
        126862385, 
        307593747, 
        174361040, 
        100141219, 
        272782668, 
        304762965, 
        309372716, 
        638314843, 
        127795906, 
        500836840, 
        598605738, 
        502966396, 
        512314723, 
        294482052, 
        530574594, 
        482578964, 
        540145406, 
        266250195, 
        511550172, 
        503809372, 
        479755622, 
        479701339, 
        479984127, 
        596253012, 
        566992832, 
        501115762, 
        536299435, 
        479983421, 
        501004474, 
        562061175, 
        546103149, 
        517072832, 
        121510421, 
        524874308, 
        584511827, 
        593277684, 
        479756361, 
        503069254
    ], 
    "fraction of match covered by td exclusion zone": [
        0.06444832091202776, 
        0.1679876804763168, 
        0.09169877753781552, 
        0.09394412970912284, 
        0.09887484463034507, 
        0.14605792371180643, 
        0.5187116936918585, 
        0.008783536941632947, 
        0.008106045207232524, 
        4.80117427262369e-06, 
        0.22025624056542625, 
        0.00037382078872051075, 
        0.0005951191290099015, 
        0.2923470986935068, 
        0.0004735647294968014, 
        0.4928952056472998, 
        0.014638813167052886, 
        0.0066560095265491975, 
        0.12993648115182932, 
        0.004956811292459084, 
        0.04344148318303358, 
        0.2947799702352827, 
        0.03310669692802285, 
        0.0059372926071052995, 
        5.718223670616831e-07, 
        0.430345273751901, 
        0.05126725767672012, 
        0.6220596672529284, 
        5.6036444772387035e-05, 
        0.5991110421504711, 
        2.7258733884823065e-05, 
        0.16173699469125424, 
        0.28787611139985847, 
        0.8256347121017543, 
        0.05732732514447747, 
        0.498176885701772, 
        0.22869436702298415, 
        0.020315739501041458, 
        0.17394710096698207, 
        0.31376210734944804, 
        0.20466406649505817, 
        0.12919837646722615, 
        0.44643724545826113, 
        0.6117354398867714, 
        0.026982655377885224, 
        5.6055385995360875e-05, 
        0.017537638955881635, 
        1.4664875940844207e-05, 
        0.6205254992932341, 
        0.14280781482373026
    ], 
    "source": "VISp", 
    "pearson_correlation": [
        0.9104681891996965, 
        0.9620335719161492, 
        0.9169965266867124, 
        0.9668104376086053, 
        0.8743489633180076, 
        0.9813740416569768, 
        0.972779697080029, 
        0.9625649005382092, 
        0.9383462300786357, 
        0.9564404734556794, 
        0.9575603411020426, 
        0.8539544593900461, 
        0.974674212272187, 
        0.9828239869825377, 
        0.9541553924948971, 
        0.9820610010349003, 
        0.9889666773592724, 
        0.960745073888895, 
        0.9135518562976565, 
        0.5027249627763881, 
        0.3777352219756587, 
        0.9344937685829241, 
        0.666195459034877, 
        0.8824163425479561, 
        0.7922512803421615, 
        0.9792828622069412, 
        0.925516053707271, 
        0.9870248702393412, 
        0.3561237764504149, 
        0.9817365198448585, 
        0.36613852576795725, 
        0.9411121000003511, 
        0.9684675766478873, 
        0.9659520519662728, 
        0.957248282189574, 
        0.9696445930698364, 
        0.9477674764170559, 
        0.963763972606704, 
        0.9712348804861287, 
        0.957250623329482, 
        0.9305921358203451, 
        0.9217439633315627, 
        0.9569767506720378, 
        0.9832837401764102, 
        0.9777373805893866, 
        0.2089594941148676, 
        0.8080982949746732, 
        0.8609660924793503, 
        0.9616659974386408, 
        0.9398813650925671
    ],