{
    "image_series_id": 527390805, 
    "distance": [
        522.1110992882645, 
        805.0465825031494, 
        886.9047299456689, 
        855.6868586112562, 
        669.1038783328041, 
        790.0632886041473, 
        603.4069936618235, 
        841.7244204607587, 
        1347.219358530748, 
        1770.4801608603243, 
        1323.706916201619, 
        1029.271587094485, 
        910.4394543296111, 
        774.9193506423749, 
        381.8376618407357, 
        1630.8586695357756, 
        760.5261336732617
    ], 
    "exclusion_zone_overlap": [
        0.05384816127792863, 
        0.15862382140917486, 
        0.0009656771390653956, 
        0.0013127875859953655, 
        7.694751980406063e-06, 
        0.011635372287864846, 
        0.012854812918369174, 
        0.02138104588741644, 
        0.002380741847264503, 
        7.213569608231882e-05, 
        0.05492319116032195, 
        0.8746705543268354, 
        0.0423078743827996, 
        0.18395192879987018, 
        0.09556842318079597, 
        0.25924524769871954, 
        0.3370272979676215
    ], 
    "match_id": [
        272916202, 
        180296424, 
        100141796, 
        304565427, 
        112373830, 
        309004492, 
        114250546, 
        127138787, 
        579409876, 
        512315551, 
        287028480, 
        603468246, 
        479673174, 
        166083557, 
        286417464, 
        661987195, 
        593277684
    ], 
    "fraction of match covered by td exclusion zone": [
        0.1401338931033511, 
        0.03475614411486653, 
        0.0011246928669807587, 
        0.0002549396324306642, 
        5.705854010976043e-05, 
        0.0021045361370420996, 
        0.023624247338813274, 
        0.025017414148686645, 
        0.001158130979101954, 
        6.0591740206610064e-06, 
        0.0031625290451191795, 
        0.1927356493471018, 
        0.008656554596766997, 
        0.020466510256784337, 
        0.2758885700985909, 
        0.05850241297160236, 
        0.07247806616616483
    ], 
    "source": "ENTm", 
    "pearson_correlation": [
        0.6455261252578376, 
        0.9082199379770013, 
        0.9323571245525948, 
        0.9018669161338814, 
        0.9486446101459076, 
        0.8896857833078022, 
        0.952832407510218, 
        0.9224200349266366, 
        0.3765876829825752, 
        0.7824938375511898, 
        0.6062790223170793, 
        0.5215969169184747, 
        0.873036721496176, 
        0.9304019367994987, 
        0.7708461896812991, 
        0.8948417299195136, 
        0.8901679576843027
    ], 
    "spearman_correlation": [
        0.5095239376517938, 
        0.7554382647957937, 
        0.7560921434851424, 
        0.7493469294050153, 
        0.742704333177952, 
        0.7561627925193849, 
        0.7626707096906687, 
        0.7309106735833208, 
        0.518940840653853, 
        0.7125298380248671, 
        0.4271902079189703, 
        0.6543035615005885, 
        0.7743472462170091, 
        0.7359606841898488, 
        0.5561139469677027, 
        0.7545916682794915, 
        0.722023606850915
    ], 
    "injection_overlap": [
        0, 
        0.020836638670652174, 
        0, 
        0, 
        0, 
        0, 
        0, 
        0, 
        0, 
        0, 
        0.08251689224399322, 
        0.9626858235269038, 
        0, 
        0.3740525856421596, 
        4.709372300551193e-05, 
        0.32426189324904414, 
        0.09228867478200578
    ], 
    "fraction of match covered by td injection": [
        0, 
        9.302336406871876e-05, 
        0, 
        0, 
        0, 
        0, 
        0, 
        0, 
        0, 
        0, 
        0.00018709781955594934, 
        0.013520471239714232, 
        0, 
        0.0021194255047094906, 
        3.893247194798112e-08, 
        0.003802661789125644, 
        0.0005929368563833572
    ]
}