{
    "image_series_id": 529435133, 
    "distance": [
        458.3666654546336, 
        733.5529974037322, 
        262.8687885618983, 
        1415.9449141827517, 
        528.0151512977634
    ], 
    "exclusion_zone_overlap": [
        0.4031361456782907, 
        0.0012409028981342203, 
        0.7375248096081837, 
        0.0019402094705458122, 
        0.2956118704424015
    ], 
    "match_id": [
        157556400, 
        157711748, 
        286313491, 
        161458737, 
        263106036
    ], 
    "fraction of match covered by td exclusion zone": [
        0.7499371577711417, 
        0.002203494039189399, 
        0.9025477806859767, 
        0.0003621054927280041, 
        0.17134033959878986
    ], 
    "source": "ILA", 
    "pearson_correlation": [
        0.7722487292452807, 
        0.6791124208265568, 
        0.8404381676561749, 
        0.4400919424455002, 
        0.6155118519737147
    ], 
    "spearman_correlation": [
        0.6719961829721353, 
        0.764937277490809, 
        0.7469380608505589, 
        0.5890918925189813, 
        0.7864333853381704
    ], 
    "injection_overlap": [
        0.7952047517317726, 
        0.0023036990616298074, 
        0.9413204734551661, 
        0, 
        0.49359009619521743
    ], 
    "fraction of match covered by td injection": [
        0.11584011672625533, 
        3.4637769619259083e-05, 
        0.11975772518339069, 
        0, 
        0.023464494377260354
    ]
}