{
    "image_series_id": 529428776, 
    "distance": [
        802.8698524667619, 
        627.8534860936904, 
        1150.4347004502254, 
        636.7102951892642
    ], 
    "exclusion_zone_overlap": [
        8.189807897022808e-07, 
        0.021547862662729914, 
        2.771197051445615e-07, 
        0.9109087290363039
    ], 
    "match_id": [
        146553971, 
        112881858, 
        127397469, 
        180435652
    ], 
    "fraction of match covered by td exclusion zone": [
        5.182444062690689e-06, 
        0.03366352185973925, 
        1.7064171371378033e-11, 
        0.2012064331722047
    ], 
    "source": "TEa", 
    "pearson_correlation": [
        0.34415178474796915, 
        0.6978223510664544, 
        0.31108065098389104, 
        0.7925879154833121
    ], 
    "spearman_correlation": [
        0.44113629058153525, 
        0.6405090764495922, 
        0.5680438993722527, 
        0.6263047339956858
    ], 
    "injection_overlap": [
        0, 
        0.006092382123451293, 
        0, 
        0.9316933250138524
    ], 
    "fraction of match covered by td injection": [
        0, 
        0.00028868642700364237, 
        0, 
        0.01735024164158973
    ]
}