{
    "image_series_id": 530000865, 
    "distance": [
        1057.9697538209682, 
        597.7457653551382, 
        685.3466276272176, 
        1357.7186748365805, 
        891.0667763978186, 
        843.8601779915912, 
        598.7486951969081, 
        1793.7948600662228, 
        1426.253834350674, 
        548.6346689738081, 
        706.1161377563892, 
        520.8646657242167, 
        923.0926280715278
    ], 
    "exclusion_zone_overlap": [
        0.15968535692847188, 
        0.442556230166483, 
        0.3531870423243353, 
        0.014414792120890836, 
        0.7277679495781468, 
        0.2542765293392164, 
        0.4160283580869973, 
        0.005409712439623838, 
        0.0005505115386554669, 
        0.6037285350087542, 
        0.004952701113828502, 
        0.1439718022241694, 
        0.010975910475604266
    ], 
    "match_id": [
        558580065, 
        585051446, 
        585026021, 
        640282128, 
        127139568, 
        626107114, 
        113226232, 
        146984915, 
        127222723, 
        112672974, 
        100148554, 
        638314843, 
        299446445
    ], 
    "fraction of match covered by td exclusion zone": [
        0.3247936374274277, 
        0.7906281339128746, 
        0.5365984746809659, 
        0.0033379237543110876, 
        0.66285248964762, 
        0.5787682483542973, 
        0.3670110933400521, 
        0.011306948785661698, 
        0.0007297785381446, 
        0.656360065273161, 
        0.03447468839631578, 
        0.22542106654741764, 
        0.017781671670412457
    ], 
    "source": "ENTm", 
    "pearson_correlation": [
        0.49681998726175225, 
        0.5448699555171288, 
        0.6365907235830656, 
        0.5282875642223981, 
        0.6849262787482837, 
        0.8997280604223861, 
        0.7725195931321833, 
        0.34042444440375413, 
        0.9035191049587827, 
        0.6769257919918197, 
        0.2545344981362648, 
        0.4084969902610443, 
        0.5743664598975997
    ], 
    "spearman_correlation": [
        0.4981860286885282, 
        0.5446841975614723, 
        0.6215756014919104, 
        0.5917206495696156, 
        0.5954469193446282, 
        0.7077354319843276, 
        0.6109943335679789, 
        0.8231208413425734, 
        0.5972029134832634, 
        0.8550489183963944, 
        0.49386713426894874, 
        0.5847761734594317, 
        0.42974969011522496
    ], 
    "injection_overlap": [
        0.06682201634212874, 
        0.5087371387009935, 
        0.3121915890646336, 
        0, 
        0.8904900948199873, 
        0.33388261287753296, 
        0.5959222683640363, 
        0, 
        0.0002933401271597975, 
        0.6733562642154105, 
        0, 
        0.1521310243782534, 
        0.012432115137180434
    ], 
    "fraction of match covered by td injection": [
        0.016457562848042406, 
        0.1508469101545214, 
        0.06802350291876952, 
        0, 
        0.1459291742104264, 
        0.10928948729806312, 
        0.06041119485509368, 
        0, 
        1.8384380142356492e-05, 
        0.14980665475222565, 
        0, 
        0.06484636571531026, 
        0.002898454859666684
    ]
}