{
    "image_series_id": 543297033, 
    "distance": [
        671.341939699882, 
        767.2027111526653, 
        686.5857557508749, 
        711.9691004531026, 
        579.9137866959192, 
        2927.2000273298713, 
        899.8333178983761, 
        808.7026647662292, 
        441.24822945820415, 
        564.4466316668033, 
        899.8333178983761, 
        660.6814663663572, 
        663.5510530471638, 
        2297.215706023272, 
        463.6809247747852, 
        788.7331614684398, 
        764.2643521714198, 
        1192.6860441876563, 
        802.6830009412184, 
        809.5060222135472, 
        947.7341399358788, 
        656.3535632568776, 
        1255.9060474414478, 
        680.0735254367721, 
        899.8333178983761, 
        3379.2750701888713, 
        1500.7331541616584, 
        1176.860229593982, 
        502.4937810560445, 
        2103.7347741576173, 
        543.415126767741, 
        667.0082458260918, 
        1928.4449693989195, 
        588.6425061104575, 
        1916.950703591514, 
        664.9812027418519, 
        732.8028384224505, 
        335.4101966249685, 
        431.50898020782836, 
        532.4471804789655, 
        635.0590523722971, 
        755.1158851461145, 
        385.0973902793941, 
        887.6936408468858, 
        802.3714850367004, 
        495.6813492557492, 
        553.2630477449221, 
        685.638388656878, 
        546.8089245796926, 
        789.5568377260753, 
        2159.861106645518, 
        702.780193232564, 
        1142.4972647669665, 
        770.7788269017254, 
        631.9810123729984, 
        1315.2946437965904, 
        782.4321056807421
    ], 
    "exclusion_zone_overlap": [
        0.8637494519069192, 
        0.42444735863704797, 
        0.006117404676866509, 
        0.01209338077268758, 
        0.8629225559877337, 
        0.37151741397715354, 
        0.5772157212462843, 
        0.18939146251244118, 
        0.878971871517988, 
        0.14239556416863092, 
        0.2199026523604853, 
        0.3737102502966567, 
        0.16813554775067688, 
        0.016204345925260093, 
        0.4990056281918836, 
        0.004940832218743075, 
        0.9724453778137573, 
        0.04892976652070981, 
        0.6504063157418692, 
        0.3833849573456658, 
        6.027060507898548e-05, 
        0.009186296506140368, 
        0.03398545670028691, 
        0.1305634005309833, 
        0.10861791830657758, 
        0.822432907829604, 
        0.0014219238182496977, 
        0.0008410041678827609, 
        0.00536451630739805, 
        0.017471431656028283, 
        0.7785226929263908, 
        0.012316824106032798, 
        0.011936154032601358, 
        0.3165251189049052, 
        0.00023372528935949324, 
        0.14924163642150318, 
        0.04930298979069583, 
        0.2971313809331975, 
        0.05301417196260137, 
        0.08223500198183224, 
        7.822175465996334e-05, 
        0.008042440675840097, 
        0.23323910064199485, 
        0.00021127099276796856, 
        0.0021883867828561237, 
        0.07456567050656211, 
        0.1293225483533602, 
        0.020691137456188023, 
        0.3054249947713065, 
        0.11395500918081429, 
        0.00017011508998824101, 
        0.14664767015608865, 
        0.0025329054667467548, 
        0.15619972025992507, 
        0.00027079342923135816, 
        4.302408391563962e-10, 
        0.0040691053507357295
    ], 
    "match_id": [
        307297141, 
        180296424, 
        146858755, 
        100147853, 
        307321674, 
        626107114, 
        307558646, 
        307320960, 
        307743253, 
        116903968, 
        307557934, 
        309003780, 
        304565427, 
        127222723, 
        307137980, 
        304585910, 
        309004492, 
        309113907, 
        307295727, 
        307296433, 
        114250546, 
        127138787, 
        307593747, 
        304762965, 
        309372716, 
        638314843, 
        127795906, 
        500836840, 
        500836105, 
        579409876, 
        512315551, 
        522409371, 
        287028480, 
        479981981, 
        603468246, 
        479673174, 
        500837552, 
        530555292, 
        495562600, 
        479700629, 
        518605900, 
        167794131, 
        479982715, 
        535692871, 
        603479758, 
        562520963, 
        479673887, 
        503323656, 
        482580380, 
        661987195, 
        584511827, 
        479980810, 
        593277684, 
        480069939, 
        524666904, 
        601476074, 
        503069254
    ], 
    "fraction of match covered by td exclusion zone": [
        0.5196451887587078, 
        0.20350367971684624, 
        0.03129368369255134, 
        0.04861794086293261, 
        0.4275943881676426, 
        0.060851287435930636, 
        0.2099627294169782, 
        0.14761639194401, 
        0.6180390074206445, 
        0.27757937533703303, 
        0.15160803579315152, 
        0.48098768466932246, 
        0.2719932928802885, 
        0.006159172828122997, 
        0.39435673137535077, 
        0.018309972329400098, 
        0.4140967767154461, 
        0.021724585923712944, 
        0.4518133855446538, 
        0.1789659186033438, 
        0.0002836252478650997, 
        0.01966754553547599, 
        0.03228102990814454, 
        0.0814159703423946, 
        0.04533979638329562, 
        0.3140102263608311, 
        0.0012815477781268848, 
        0.00028213132000603634, 
        0.007926277274445203, 
        0.004006901685560905, 
        0.20527660058456332, 
        0.07768969596721965, 
        0.005193434440961976, 
        0.5120334547598293, 
        0.00011672534337152794, 
        0.0772043249792827, 
        0.10645580157549614, 
        0.8043390798827212, 
        0.22281760834345957, 
        0.3002357014810528, 
        0.000283032529492671, 
        0.01673294977539654, 
        0.8558919303961844, 
        0.0005700933526134711, 
        0.0055051449879168395, 
        0.2994608180907876, 
        0.33308122429145226, 
        0.11896512793533612, 
        0.45084874547852194, 
        0.043863519427587615, 
        2.5571887718005678e-05, 
        0.300079240937694, 
        0.0006574915597864542, 
        0.3059235647288079, 
        0.00020686168440961462, 
        2.8928523519110933e-11, 
        0.019937638845104393
    ], 
    "source": "VISp",