{
    "image_series_id": 546389260, 
    "distance": [
        538.8877434122992, 
        1102.2703842524302, 
        740.1351227985333, 
        396.4845520319802, 
        1114.6748404803977, 
        440.56781543821376, 
        220.45407685048602, 
        527.162214123888, 
        647.7653896280659, 
        1060.6601717798212, 
        220.45407685048602, 
        473.0750469005948, 
        294.27877939124323, 
        838.3316766053875, 
        842.0807562223471, 
        865.2167358529307, 
        601.4149981501957, 
        625.939294181153, 
        976.4220398987314, 
        389.1015291668744, 
        1070.9341716464182, 
        770.8436936240706, 
        431.97222132910355, 
        645.6779382943172, 
        795.6129712366434, 
        1271.1412195346354, 
        671.863081289633, 
        220.45407685048602, 
        3552.295032792181, 
        1149.1301057756689, 
        2142.218476253064, 
        347.1310991541956, 
        1020.8819716304133, 
        1233.7746958014661, 
        489.2851929090027, 
        800.1249902359006, 
        561.159513863928, 
        588.727441181401, 
        327.414110874898, 
        701.5696686716152, 
        130.7669683062202, 
        1725.1666586159147, 
        258.2634314028992, 
        712.320152740325, 
        857.1464285639881, 
        124.09673645990857, 
        284.42925306655786, 
        845.0443775329198, 
        523.545604508337, 
        517.20402163943, 
        628.3311228962003, 
        565.4201977290871, 
        228.91046284519194, 
        423.4383071948026, 
        753.5250493513802, 
        655.8963332722634, 
        784.729252672538, 
        392.17343102255154, 
        541.9409561935691, 
        405.7092555020159, 
        1065.5515003977987, 
        853.8149682454624, 
        1037.159582706538, 
        1492.6821496889415, 
        1444.0567855870488, 
        795.0471684120383, 
        1159.9137898999218, 
        719.5832127002408, 
        1045.41857645634, 
        972.9850975220535, 
        351.2833614050059, 
        308.70698080866265
    ], 
    "exclusion_zone_overlap": [
        0.03440895582430289, 
        0.01906156960440449, 
        0.07646454189430993, 
        0.02305165159436862, 
        5.170620638457383e-05, 
        0.14261638985470831, 
        0.5143553250971769, 
        0.07180892344800704, 
        0.022080802664016932, 
        0.00015616314058184878, 
        0.43935189886797865, 
        0.027614359274128603, 
        0.0833680823979579, 
        0.00787745583625109, 
        0.06402297082183538, 
        0.0005316457683716352, 
        0.19868502694481063, 
        0.1561872451844936, 
        0.0002664120076811062, 
        0.5250565327173123, 
        4.6563627325120356e-06, 
        0.0592876613139176, 
        0.697406079525852, 
        0.4487817530291951, 
        5.5647295373402404e-05, 
        0.03715864189505262, 
        0.09056310280401787, 
        0.41707193921277547, 
        0.40938122925057796, 
        0.083084755056722, 
        0.0069984380497635215, 
        0.39398374408743986, 
        0.25972950821635743, 
        0.0016665278926687754, 
        0.004454139515946887, 
        0.001331061386912537, 
        0.0013079857847175893, 
        0.06903105445434594, 
        0.028047985574505586, 
        0.0003155833717800971, 
        0.17635832285050754, 
        3.5763824526711187e-06, 
        0.36644804465674974, 
        9.677763249290666e-06, 
        3.3958856141603686e-05, 
        0.40540519499181266, 
        0.29237495250688406, 
        0.11651086131109395, 
        0.07626712653654537, 
        0.08143075672751297, 
        0.029502540525197952, 
        0.005496289544245142, 
        0.13266290842805586, 
        0.23909936690240433, 
        0.02675814556366775, 
        0.0017130644776537803, 
        0.21714909646284733, 
        0.052622719040634695, 
        0.12537915049973714, 
        0.02591532470133106, 
        1.4566661171558664e-07, 
        0.0034206491016235876, 
        0.0021845362581206507, 
        0.0003043268334870906, 
        0.09369854573926728, 
        0.001098009604470263, 
        0.056981103768738016, 
        0.006599103400341242, 
        4.453235342906974e-07, 
        0.03175736418821073, 
        0.37084827207389925, 
        0.10086509955194682
    ], 
    "match_id": [
        307297141, 
        113887162, 
        100147853, 
        307321674, 
        126115436, 
        304586645, 
        307558646, 
        307320960, 
        307743253, 
        113887868, 
        307557934, 
        114008926, 
        309003780, 
        277712166, 
        277616630, 
        277714322, 
        307137980, 
        304585910, 
        309004492, 
        309113907, 
        277713580, 
        307296433, 
        307593747, 
        100141219, 
        304564721, 
        272782668, 
        304762965, 
        309372716, 
        638314843, 
        127795906, 
        120280939, 
        500836840, 
        512315551, 
        598605738, 
        522409371, 
        502966396, 
        500837552, 
        294482052, 
        530574594, 
        530555292, 
        482578964, 
        540145406, 
        266250195, 
        503809372, 
        536298726, 
        479755622, 
        479701339, 
        479984127, 
        596253012, 
        535692871, 
        501115762, 
        603479758, 
        536299435, 
        479983421, 
        501004474, 
        562061175, 
        546103149, 
        517072832, 
        121510421, 
        503323656, 
        524874308, 
        272930013, 
        482580380, 
        661987195, 
        584511827, 
        510417255, 
        593277684, 
        480069939, 
        523718075, 
        601476074, 
        479756361, 
        503069254
    ],