{
    "image_series_id": 552543088, 
    "distance": [
        965.5050491841045, 
        555.8776843874919, 
        111.80339887498948, 
        1055.1777101512332, 
        2519.285613026042, 
        1470.7141122597552, 
        1096.4032105024137, 
        737.8346698278687, 
        896.1026726887941, 
        296.98484809834997, 
        1140.7453703609758, 
        480.20828814171875, 
        1926.0581507316958, 
        287.22813232690146, 
        668.7301398920196, 
        409.1454509095757, 
        188.1488772222678, 
        913.3454987024352, 
        243.51591323771842, 
        524.3090691567331, 
        1875.553251710012, 
        2899.482712485108, 
        1469.8299221338502, 
        1068.7375730271674, 
        1553.6408851468861, 
        570.4384278780665, 
        1210.206593933449, 
        434.856298103178, 
        811.9729059519166, 
        694.4062211702887, 
        334.21549934136806, 
        477.28398255126893, 
        675.1296171847299, 
        326.6496594212215, 
        720.69410986909, 
        603.0754513325841, 
        515.9457335805772, 
        814.2481194328913, 
        1911.2822920751398, 
        509.31326312987375, 
        403.11288741492746, 
        627.2160712226688, 
        1038.60483341837, 
        875.7282683572571, 
        396.73668849754745, 
        1004.4899203078147, 
        1046.6613587975817
    ], 
    "exclusion_zone_overlap": [
        0.12298085099376542, 
        0.05284874584708318, 
        0.8197823874307096, 
        0.23506076549568722, 
        0.026137593795733275, 
        1.137240942494293e-08, 
        0.001861529677191435, 
        0.0004233217494729405, 
        0.13874555636405397, 
        0.34015585526972936, 
        0.005915696163872926, 
        0.3289850909953031, 
        0.00016779919250107058, 
        0.19845605844280237, 
        0.7746491132812766, 
        0.003875274418429986, 
        0.6861647348031678, 
        0.10697116236368569, 
        0.39025936996351696, 
        0.22486394043810762, 
        5.937211128936186e-05, 
        0.16601822933109792, 
        0.16141447387807847, 
        0.3649582599109306, 
        0.014265914399422305, 
        0.2583600198675229, 
        0.1069697459761804, 
        0.8106119952650893, 
        1.4339995228692697e-05, 
        0.01254089908919871, 
        0.21298659934367248, 
        0.19472316599380846, 
        0.00045100493917633086, 
        0.05632538786334044, 
        0.0053540500197393984, 
        0.024931204586017535, 
        0.02675292196051955, 
        0.015089773950238302, 
        0.03657214881752576, 
        0.2710353932655531, 
        0.010013703681670844, 
        0.02534992063217015, 
        0.3003348439485756, 
        0.33399263735716167, 
        0.43859655935094427, 
        0.16144939878550701, 
        0.0015407389628357363
    ], 
    "match_id": [
        307297141, 
        272916202, 
        180296424, 
        307321674, 
        626107114, 
        307558646, 
        307320960, 
        157062358, 
        307743253, 
        100141796, 
        116903968, 
        304565427, 
        127222723, 
        112373830, 
        309004492, 
        127089669, 
        307295727, 
        307296433, 
        114250546, 
        127138787, 
        640081415, 
        638314843, 
        579409876, 
        512315551, 
        287028480, 
        479981981, 
        603468246, 
        479673174, 
        574941472, 
        530555292, 
        495562600, 
        479700629, 
        518605900, 
        166083557, 
        479982715, 
        554334685, 
        576340889, 
        286417464, 
        299446445, 
        479673887, 
        298178204, 
        648050335, 
        482580380, 
        661987195, 
        479980810, 
        593277684, 
        642809043
    ], 
    "fraction of match covered by td exclusion zone": [
        0.09155479555087137, 
        0.5634763445995403, 
        0.47310205339732586, 
        0.1375668861066547, 
        0.0027200106829413165, 
        3.425253274847731e-09, 
        0.0020684190198420557, 
        0.0013354208243357075, 
        0.11444229409232075, 
        0.760961964116009, 
        0.018708264717908176, 
        0.5921161072813618, 
        4.320662211601766e-05, 
        0.867020640978096, 
        0.35108048644678674, 
        0.006661887676583201, 
        0.5776530111303836, 
        0.0477218984490258, 
        0.990956317579794, 
        0.47475593935931204, 
        0.0001623564985231135, 
        0.0402713205259025, 
        0.06488413868731542, 
        0.10440827254392633, 
        0.0051185059281213825, 
        0.5868382290339341, 
        0.04693240764673396, 
        0.5198658357417905, 
        2.4589811385034503e-05, 
        0.06533695593671741, 
        0.9162273884292176, 
        0.7017468268155062, 
        0.0003623654381642304, 
        0.07329034088762916, 
        0.04160680473755294, 
        0.15686860533226554, 
        0.052168518728249104, 
        0.07597510538898597, 
        0.030321388271711793, 
        0.8057111417899255, 
        0.011677371528596228, 
        0.09252697294590884, 
        0.5347692986084007, 
        0.2923632021171531, 
        0.9538853276368061, 
        0.07691199464765819, 
        0.0003531479900696875
    ], 
    "source": "VISl", 
    "pearson_correlation": [
        0.8779670666941438, 
        0.7231183208138219, 
        0.8767459314538523, 
        0.8856484365730152, 
        0.5834157952335759, 
        0.8799669260123054, 
        0.9106859562375421, 
        0.8460736265885374, 
        0.8850800718054416, 
        0.9287977260395724, 
        0.894156450571661, 
        0.8876668974189936, 
        0.038725813453329816, 
        0.9343596995514096, 
        0.8555848762067114, 
        0.8406538260638567, 
        0.9142229692475686, 
        0.9389871521276077, 
        0.9508177988961204, 
        0.9401217944659261, 
        0.5320734399069196, 
        0.4156605126455938, 
        0.7914450802913557, 
        0.8733681597000528, 
        0.8898178197109393, 
        0.8927326495942218, 
        0.8823062732151533, 
        0.8931062176570357, 
        0.9055374427566737, 
        0.8987571942852732, 
        0.946398992935231, 
        0.9344920986902528, 
        0.8598027483063196, 
        0.8073064866437486, 
        0.8702860545014602, 
        0.8312807631190615, 
        0.8183493069310172, 
        0.7754020364204517, 
        0.5325995979182461, 
        0.9164345237325786, 
        0.6546442218311611, 
        0.7708519148971218, 
        0.8968244779961998, 
        0.8431301507875343, 
        0.9132042144908097, 
        0.903107399031809, 
        0.1379779651825184
    ],