{
    "image_series_id": 560965104, 
    "distance": [
        797.8721702127478, 
        717.2865536171719, 
        617.1709649683789, 
        696.419413859206, 
        2936.6307224436646, 
        1012.4228365658294, 
        942.8149341201591, 
        513.2250968142537, 
        505.47007824400447, 
        1012.4228365658294, 
        1119.9107107265293, 
        777.303029712351, 
        673.0527468185536, 
        2275.6317804073665, 
        540.4627646748664, 
        845.81321815162, 
        1310.8775686539152, 
        761.445992832059, 
        925.3107586103168, 
        914.8223871331528, 
        686.2215385719105, 
        1391.1865439257238, 
        928.654941299512, 
        768.3749084919418, 
        1012.4228365658294, 
        3376.358985653036, 
        1568.5343477272022, 
        1301.8832512940628, 
        470.53161424074364, 
        2058.8831924128185, 
        486.00411520891464, 
        1957.396229688818, 
        648.074069840786, 
        1865.3149868051776, 
        671.7886572427374, 
        863.0758946929291, 
        917.0605214488301, 
        449.44410108488466, 
        826.317130404544, 
        364.5545226711637, 
        540.1851534427802, 
        565.8621740318043, 
        739.932429347437, 
        423.5563716909474, 
        482.7007354458868, 
        521.9195340279955, 
        829.8192574289898, 
        1366.089308939939, 
        484.66483264210535, 
        659.4694837519019, 
        710.9149034870488, 
        1239.0318801386832, 
        891.6277250063504, 
        529.2447448959697, 
        885.0423718670197
    ], 
    "exclusion_zone_overlap": [
        0.37011270730392215, 
        0.3057170986454834, 
        0.1538860401023173, 
        0.3725959557620318, 
        0.09192376179075275, 
        0.32322945227248184, 
        0.03539481288933318, 
        0.8350717656822835, 
        0.3761994200143724, 
        0.08255852621687422, 
        1.262470893201388e-05, 
        0.10675347171441432, 
        0.15556542968422457, 
        0.11868502006682452, 
        0.19757783424552533, 
        0.8819156169217617, 
        0.032408603126755677, 
        0.4366914054105054, 
        0.12688652605799108, 
        0.0006859712807311784, 
        0.005960124965594756, 
        0.0020434366705052213, 
        7.802995502652723e-06, 
        0.06928372134640513, 
        0.1637722966059491, 
        0.445675568971011, 
        6.1951588208301724e-06, 
        3.803776691535786e-08, 
        0.15994186404865543, 
        0.012905329766826634, 
        0.6093337842817711, 
        0.006489251584812507, 
        0.2654149339867729, 
        1.3707449520330973e-05, 
        0.3581511716214769, 
        0.0003400454482741405, 
        0.0011050373881150355, 
        0.12311049060201794, 
        0.02048796189958883, 
        0.09671390703412526, 
        0.19142752153681364, 
        0.0873828937005531, 
        0.14862079083826396, 
        0.20303290904763543, 
        0.23978521283368123, 
        0.22469591421753626, 
        1.1165616031417804e-06, 
        4.789189771823828e-06, 
        0.3451404906521524, 
        0.18813595253047335, 
        0.2033220273502789, 
        0.0010498450686638283, 
        0.03866547457035693, 
        0.0438961672091244, 
        0.006128324731956784
    ], 
    "match_id": [
        307297141, 
        180296424, 
        146858755, 
        307321674, 
        626107114, 
        307558646, 
        307320960, 
        307743253, 
        116903968, 
        307557934, 
        114008926, 
        309003780, 
        304565427, 
        127222723, 
        307137980, 
        309004492, 
        309113907, 
        307295727, 
        307296433, 
        114250546, 
        127138787, 
        307593747, 
        304564721, 
        304762965, 
        309372716, 
        638314843, 
        127795906, 
        500836840, 
        500836105, 
        579409876, 
        512315551, 
        287028480, 
        479981981, 
        603468246, 
        479673174, 
        500837552, 
        530574594, 
        530555292, 
        510834706, 
        495562600, 
        479700629, 
        518605900, 
        167794131, 
        479982715, 
        562520963, 
        479673887, 
        503323656, 
        524874308, 
        482580380, 
        661987195, 
        479980810, 
        593277684, 
        480069939, 
        524666904, 
        503069254
    ], 
    "fraction of match covered by td exclusion zone": [
        0.28318541156381777, 
        0.19931368496615323, 
        0.8220728546514467, 
        0.236318515459836, 
        0.021710483090599104, 
        0.15225623675610667, 
        0.03806456785606358, 
        0.7127566966664346, 
        0.8875899982686635, 
        0.08210563270250622, 
        5.128644481674169e-06, 
        0.16754851289298012, 
        0.32427786134383124, 
        0.022144322271762308, 
        0.20730724058192274, 
        0.4345376980187585, 
        0.02318073159919525, 
        0.4316094140739686, 
        0.07741022373959543, 
        0.0028195417674859004, 
        0.01514387958219731, 
        0.002375297540825583, 
        1.6895639607246524e-05, 
        0.059119823660563155, 
        0.09949024887315153, 
        0.16371584632745126, 
        1.3633721112637073e-05, 
        2.8208958553388376e-06, 
        0.39409674563693103, 
        0.003501247371232376, 
        0.18260130447807968, 
        0.004762526943632824, 
        0.5527440377982731, 
        1.7238723338029966e-05, 
        0.2081114794323024, 
        0.0009334270374911488, 
        0.007973908524692517, 
        0.48402726637638405, 
        0.062425849137444485, 
        0.48598760771410937, 
        0.7308669049149971, 
        0.1995126493395933, 
        0.45617412706246857, 
        0.8609230771607487, 
        0.9972487944315664, 
        0.6824893160329094, 
        4.5514392606541354e-06, 
        6.0475338873936026e-05, 
        0.6861388846639408, 
        0.1094452464251678, 
        0.5142455860566171, 
        0.000433853454202965, 
        0.10662263147823206, 
        0.4196267408216585, 
        0.0436315449295191
    ], 
    "source": "VISl", 
    "pearson_correlation": [
        0.9649421686023762, 
        0.9244963673376426, 
        0.9546653687587772, 
        0.9480408444672948, 
        0.4861954488714237, 
        0.9816644999780071, 
        0.9823184634335925, 
        0.9823709616955915, 
        0.9832856447586577, 
        0.9874271528941966, 
        0.8634692331926682, 
        0.9856661048355275, 
        0.9600872960461453, 
        0.03033249278055164, 
        0.9878268750068158, 
        0.9262225758512187, 
        0.9870149734868521, 
        0.9754975455457294, 
        0.9457761096176955, 
        0.9339761735514405, 
        0.9346929170286006, 
        0.9747850814370842, 
        0.9465386986251363, 
        0.9462247198447773, 
        0.9775060060617511, 
        0.4960398962816947, 
        0.36294721467124463, 
        0.975657512184076, 
        0.9699755657819131, 
        0.7686542320532624, 
        0.7997370452792958, 
        0.8708920507971477, 
        0.9293006187485413, 
        0.8988578029633756, 
        0.9652128023193765, 
        0.9831137976088005, 
        0.9762074979910448, 
        0.9515427837883469, 
        0.7828813773307646, 
        0.9644467779558152, 
        0.9741117912071683, 
        0.9213826842947218, 
        0.9590097749587015, 
        0.9765519454564129, 
        0.9693922573307489, 
        0.989665971108285, 
        0.9394755267423278, 
        0.27864160717901704, 
        0.9414795307547983, 
        0.8433038628651243, 
        0.9905359011544368, 
        0.8713848193395647, 
        0.9774912990804908, 
        0.8810703199227459, 
        0.9764534762504411
    ],