{
    "image_series_id": 561511939, 
    "distance": [
        876.8694315575153, 
        574.3692192309752, 
        789.2401408950257, 
        1015.6771140475697, 
        511.76166327695944, 
        1485.1935900750448, 
        1371.7142559585798, 
        825.4695633395577, 
        1044.1264291262817, 
        985.9513172565875, 
        1371.7142559585798, 
        795.361553005927, 
        791.8333157931662, 
        1303.073290340954, 
        1032.9569206893384
    ], 
    "exclusion_zone_overlap": [
        0.03348238526336179, 
        0.1797248922132239, 
        0.027913962238886023, 
        0.2951143476061792, 
        0.06992148353008609, 
        1.2373097042373328e-05, 
        0.2456459739151592, 
        0.004081976533409624, 
        0.09705673125731626, 
        0.36834689599315507, 
        0.17422912519868963, 
        0.021763078144932706, 
        0.004716912226613413, 
        5.8144794145743656e-05, 
        0.038541076254881006
    ], 
    "match_id": [
        126523791, 
        112595376, 
        272916915, 
        501484658, 
        249396394, 
        501006221, 
        572588941, 
        584895127, 
        496113850, 
        646525997, 
        571100135, 
        592540591, 
        166054929, 
        159832064, 
        303784745
    ], 
    "fraction of match covered by td exclusion zone": [
        0.03520596898925173, 
        0.6415968833266579, 
        0.10911293771107405, 
        0.33628104032009065, 
        0.123607892829789, 
        7.0056931167308595e-06, 
        0.17609064489620685, 
        0.005724478078890363, 
        0.18272097871969734, 
        0.17064212058059444, 
        0.08948137927692153, 
        0.03990732086748966, 
        0.004722040950476749, 
        0.00020760270398105884, 
        0.13528221487156558
    ], 
    "source": "RSPv", 
    "pearson_correlation": [
        0.7896335709518599, 
        0.9430002351316025, 
        0.8508072462328, 
        0.8500112284151976, 
        0.5912410129390833, 
        0.5438717648920904, 
        0.6675247876467251, 
        0.5493269964978789, 
        0.5662182918430834, 
        0.5351807908543288, 
        0.652873913329972, 
        0.7446154349075115, 
        0.794124963256733, 
        0.8792284965065839, 
        0.6857438787907074
    ], 
    "spearman_correlation": [
        0.36984723034038647, 
        0.745628855794727, 
        0.5736362179631782, 
        0.687154263813478, 
        0.6517680984683056, 
        0.6002775072399119, 
        0.6246941094448469, 
        0.38854384383777674, 
        0.5756067715344582, 
        0.6165961597004131, 
        0.6105623761497097, 
        0.5910103944264613, 
        0.5697125337800203, 
        0.5965006307396505, 
        0.5183886498078419
    ], 
    "injection_overlap": [
        0.0007029502224573978, 
        0.06527597173956706, 
        0, 
        0.7077845240605571, 
        0.027666458037393, 
        0, 
        0.07434695843236415, 
        0, 
        0.04662900185595211, 
        0.14345495569521283, 
        0.06796466062530626, 
        0, 
        0, 
        0, 
        0.03764724436101238
    ], 
    "fraction of match covered by td injection": [
        6.0495229551305555e-06, 
        0.03912275989777227, 
        0, 
        0.07796548377101922, 
        0.0021885119365510856, 
        0, 
        0.012952820253009601, 
        0, 
        0.016160729210136563, 
        0.011685597728078949, 
        0.0065725122871794165, 
        0, 
        0, 
        0, 
        0.012351027280421058
    ]
}