{
    "image_series_id": 561918178, 
    "distance": [
        492.64591747014407, 
        973.2933781753578, 
        1312.4785712536413, 
        821.0359310042405, 
        226.93611435820435, 
        356.9313659514949, 
        2900.499956903982, 
        209.04544960366871, 
        557.4943945906541, 
        435.7751713900185, 
        209.04544960366871, 
        422.0189569201839, 
        102.46950765959599, 
        860.4068804931769, 
        900.0, 
        382.88379438153294, 
        745.7211275000864, 
        900.9439494219382, 
        517.0106381884226, 
        1298.4221193433204, 
        752.3961722390671, 
        644.4377394287209, 
        790.8223567907017, 
        777.2387020729217, 
        1504.1608956491323, 
        695.1978135753881, 
        209.04544960366871, 
        3420.102337650147, 
        1035.4709073653398, 
        519.807656734681, 
        823.4682750416072, 
        456.17978911828175, 
        987.6234100101111, 
        554.7972602672079, 
        649.6922348312314, 
        293.0870177950569, 
        580.7753438292641, 
        359.44401511222856, 
        332.86633954186476, 
        264.76404589747455, 
        489.2851929090027, 
        1061.602562167217, 
        462.3851208678757, 
        744.983221287567, 
        616.0357132504575, 
        600.6662967072483, 
        650.6919393998976, 
        330.3028912982749, 
        431.0452412450461, 
        1006.0318086422516, 
        619.1122676865642, 
        717.6350047203662, 
        477.59815745038213, 
        973.2933781753578, 
        832.4662155306964, 
        1284.6011054019843, 
        1674.6940019000485, 
        1158.835622510803, 
        707.1774883294858, 
        1051.6653460107925, 
        568.242905807015, 
        255.73423705088842
    ], 
    "exclusion_zone_overlap": [
        0.36999496772932855, 
        0.0009298333732104556, 
        0.021352492437432997, 
        0.11757216965743865, 
        0.34698222796743966, 
        0.13600572391889199, 
        0.13491139069192623, 
        0.9735625178310573, 
        0.19606968212797585, 
        0.3412470611619694, 
        0.8992566864059562, 
        0.020537789598500687, 
        0.6295258711165765, 
        1.1773557923159023e-06, 
        2.2819772877174985e-05, 
        0.8016612505018376, 
        0.190644589664162, 
        0.2505097503115215, 
        0.6167044676815853, 
        0.05195899630072514, 
        0.23865762424416262, 
        0.5864994481053458, 
        0.2988523604301497, 
        0.0065175347846595675, 
        8.55476502750527e-06, 
        0.45115490321707263, 
        0.6972357163814281, 
        0.7333765824422712, 
        0.12294151537190635, 
        0.39261556357936606, 
        0.43839789895391396, 
        0.045958352128006925, 
        4.134264878299603e-06, 
        0.048778204516600275, 
        0.0408805719979233, 
        0.06381632042314994, 
        0.07644792586693981, 
        0.09513730570918352, 
        0.24326367920016218, 
        0.28805484963199723, 
        0.039037365816503994, 
        0.002842684907559293, 
        0.039416558654700354, 
        0.0002221409822737909, 
        0.026232536646303446, 
        0.039922311266113196, 
        0.013251192692801166, 
        0.18617971452301116, 
        0.21096697522763777, 
        0.008525167724913851, 
        0.03291024280226635, 
        0.0915650703096948, 
        0.05181223106893404, 
        1.3640636963704129e-05, 
        0.08370063662958174, 
        0.011880832066916492, 
        0.004083615627736293, 
        0.01713932602487851, 
        0.10515225921378908, 
        0.0019482675761860464, 
        0.1813936315434364, 
        0.1834524955897014
    ], 
    "match_id": [
        307297141, 
        113887162, 
        180296424, 
        100147853, 
        307321674, 
        304586645, 
        626107114, 
        307558646, 
        307320960, 
        307743253, 
        307557934, 
        114008926, 
        309003780, 
        277712166, 
        277616630, 
        307137980, 
        304585910, 
        309004492, 
        309113907, 
        307295727, 
        307296433, 
        307593747, 
        100141219, 
        304564721, 
        272782668, 
        304762965, 
        309372716, 
        638314843, 
        127795906, 
        500836840, 
        512315551, 
        522409371, 
        479673174, 
        500837552, 
        294482052, 
        530574594, 
        530555292, 
        482578964, 
        266250195, 
        479755622, 
        479701339, 
        479984127, 
        596253012, 
        167794131, 
        479982715, 
        535692871, 
        603479758, 
        536299435, 
        479983421, 
        546103149, 
        517072832, 
        121510421, 
        503323656, 
        524874308, 
        482580380, 
        661987195, 
        584511827, 
        593277684, 
        480069939, 
        601476074, 
        479756361, 
        503069254
    ], 
    "fraction of match covered by td exclusion zone": [
        0.3207572667074366, 
        0.0012645853837041589, 
        0.017216245882086458, 
        0.6131593182550692, 
        0.2486543304165753, 
        0.31763550950519026, 
        0.041690690086275135, 
        0.5690064089519823, 
        0.21075985956061152, 
        0.33264927632226504, 
        0.8967383283151031, 
        0.04935999808503349, 
        0.9685521992741687, 
        5.93272864519553e-06, 
        0.0002123667906843648, 
        0.8783535615899711, 
        0.623455051647975, 
        0.1374346773218711, 
        0.4182589795571825, 
        0.05158306246612951, 
        0.16978620962887891, 
        0.6275011071604575, 
        0.6967816900408906, 
        0.02629159887532793, 
        2.8395458145244857e-05, 
        0.8861784137908931, 
        0.4153325749732375, 
        0.33901559055080616, 
        0.13342885236422436, 
        0.5315199374569285, 
        0.15382021539970772, 
        0.35899788863194915, 
        4.46932320244158e-07, 
        0.15167048244108527, 
        0.3210346748407301, 
        0.24215692884307535, 
        0.3361197848761496, 
        0.6643040752846843, 
        0.6211339750663505, 
        0.816009781772336, 
        0.17427639161952485, 
        0.005759573231697271, 
        0.3226900901374144, 
        0.0007451959336333956, 
        0.1550575163095425, 
        0.19018978867766553, 
        0.02338176633863428, 
        0.638627145504845, 
        0.4817786789322168, 
        0.03179877491597341, 
        0.8524193038984464, 
        0.8311755836257031, 
        0.2831897519471081, 
        1.8641222705896656e-09, 
        0.12731541090386203, 
        0.004027395744549681, 
        0.0010360613727268245, 
        0.0018917065033809057, 
        0.28766928855015106, 
        0.0014405539460153672, 
        0.5492315314884468, 
        0.8716152536908428
    ], 
    "source": "VISp",