{
    "image_series_id": 561910766, 
    "distance": [
        692.8924880528003, 
        208.08652046684813, 
        342.1987726453735, 
        791.580697086532
    ], 
    "exclusion_zone_overlap": [
        0.27606041123317093, 
        0.38983008412323045, 
        0.21645190342728757, 
        0.05574693565603879
    ], 
    "match_id": [
        100140949, 
        100148142, 
        159832064, 
        591535205
    ], 
    "fraction of match covered by td exclusion zone": [
        0.669022096658804, 
        0.9995154153630841, 
        0.580322585292411, 
        0.23829149075595538
    ], 
    "source": "RSPv", 
    "pearson_correlation": [
        0.940092302655159, 
        0.9722831376554779, 
        0.9308211781971331, 
        0.8480257907449562
    ], 
    "spearman_correlation": [
        0.7735535904559261, 
        0.807948704302749, 
        0.7590236988435248, 
        0.6965175441825744
    ], 
    "injection_overlap": [
        0.7069039802009968, 
        0.8406501205951288, 
        0.6417360928161828, 
        0.03772733437216376
    ], 
    "fraction of match covered by td injection": [
        0.11743024531803785, 
        0.2171525832322352, 
        0.12021037277700422, 
        0.005295277094350722
    ]
}