{
    "image_series_id": 570461017, 
    "distance": [
        611.0646446980876, 
        1243.945336419571, 
        823.7111144084436, 
        653.1462317123172, 
        1038.5085459446157, 
        479.68739820845826, 
        401.1234224026316, 
        629.3647591023825, 
        841.5461959987699, 
        965.090669315583, 
        873.0406634286859, 
        220.45407685048602, 
        283.9013913315678
    ], 
    "exclusion_zone_overlap": [
        0.007537574291626692, 
        0.20257510200677648, 
        0.00012230908094249703, 
        0.10639402542359742, 
        0.04451919295765519, 
        0.08273109784780514, 
        0.21671739485496044, 
        6.328566056975634e-05, 
        0.26667480867926174, 
        0.0005136842785689348, 
        0.3506968660621589, 
        0.11318858356163992, 
        0.41954485119128904
    ], 
    "match_id": [
        180601025, 
        180720175, 
        112935169, 
        100147861, 
        180718587, 
        114292355, 
        100141495, 
        112229814, 
        126852363, 
        100142655, 
        112791318, 
        272698650, 
        297652799
    ], 
    "fraction of match covered by td exclusion zone": [
        0.08385576847872417, 
        0.10977203690927562, 
        0.0014314531217993122, 
        0.303915410374465, 
        0.02692093565902997, 
        0.13214632968975476, 
        0.8447832047537615, 
        0.00012716001377374538, 
        0.39609175896435506, 
        0.002791446952837285, 
        0.5754751294040777, 
        0.34120154748547404, 
        0.6157260148087502
    ], 
    "source": "SSp-ll", 
    "pearson_correlation": [
        0.1827927524801796, 
        0.7595595273624601, 
        0.8719072857693496, 
        0.910815656980618, 
        0.5840048520917335, 
        0.9326177408059373, 
        0.9097804326546635, 
        0.6677383237229279, 
        0.7606669836984796, 
        0.38833693601151614, 
        0.8934017203359849, 
        0.817664694472686, 
        0.9517298528107
    ], 
    "spearman_correlation": [
        0.43779994583490406, 
        0.7772624571946756, 
        0.7647175509710237, 
        0.6470754333838051, 
        0.579608246400992, 
        0.8085000664407602, 
        0.6964755860911522, 
        0.6626424213567841, 
        0.7451531012798349, 
        0.6601412450607796, 
        0.7482960422710896, 
        0.7172988782463375, 
        0.7369560486182293
    ], 
    "injection_overlap": [
        0, 
        0.14911500549398182, 
        0, 
        0.06959017374703379, 
        0.003236451770666952, 
        0.035287021719992574, 
        0.25145706289701847, 
        0, 
        0.2633612584445901, 
        0, 
        0.27866481397254733, 
        0.07865774343114397, 
        0.7895383267965201
    ], 
    "fraction of match covered by td injection": [
        0, 
        0.014108449006929188, 
        0, 
        0.043276316378116235, 
        5.4899381179300876e-05, 
        0.004245926797429168, 
        0.11112362264970786, 
        0, 
        0.04987498723552325, 
        0, 
        0.056261406196415786, 
        0.027008975147472462, 
        0.09624403955103408
    ]
}