{
    "image_series_id": 571816813, 
    "distance": [
        1226.4990827554661, 
        955.928867646542, 
        876.6983517721475, 
        785.4934754662193, 
        459.78255730290596, 
        848.8816171881683, 
        1780.3932149949349, 
        666.4833081180653, 
        396.3584236521283, 
        392.3009049186606, 
        859.4184079946159, 
        621.1280061307814
    ], 
    "exclusion_zone_overlap": [
        0.12260849294334496, 
        0.007617890814708798, 
        0.12386441440876216, 
        0.34157992432819523, 
        0.17631520598053757, 
        6.979063656359202e-05, 
        6.407194327915961e-08, 
        0.28645837681951825, 
        0.3831192105063396, 
        0.38877384557302747, 
        0.002162525627371965, 
        0.23650600475484784
    ], 
    "match_id": [
        180709230, 
        170721670, 
        112423392, 
        112306316, 
        158435116, 
        478376197, 
        496554237, 
        480994108, 
        287769286, 
        156741826, 
        478582494, 
        167902586
    ], 
    "fraction of match covered by td exclusion zone": [
        0.14512678417066568, 
        0.027391967694272837, 
        0.6627867738351254, 
        0.7371571136574796, 
        0.9207397851323632, 
        0.0005596702272482626, 
        4.343098420231006e-05, 
        0.4392642059074734, 
        0.9297082747702238, 
        0.6408132997235324, 
        0.01254722955474076, 
        0.37372168434423153
    ], 
    "source": "ORBl", 
    "pearson_correlation": [
        0.7407737909893242, 
        0.7339285280667052, 
        0.7704694246317395, 
        0.9093289652166516, 
        0.5381437542541538, 
        0.5084475157479276, 
        0.5045508700711506, 
        0.6439391304953933, 
        0.9082114561518625, 
        0.9470512469941152, 
        0.4733008144931875, 
        0.5955255273462784
    ], 
    "spearman_correlation": [
        0.7076827797187765, 
        0.6625011553073857, 
        0.587128863098922, 
        0.7717571510563003, 
        0.44775023032770495, 
        0.741344646511204, 
        0.6615810191882734, 
        0.615066936866501, 
        0.6771309839067914, 
        0.7143128392038881, 
        0.6131739811378532, 
        0.6876359798915884
    ], 
    "injection_overlap": [
        0.004596510259083062, 
        0, 
        0.1501109396508798, 
        0.7439116887056695, 
        0.2233955579061104, 
        0, 
        0, 
        0.42460362174829175, 
        0.5747689431493213, 
        0.6707933931702855, 
        0, 
        0.20976876172077955
    ], 
    "fraction of match covered by td injection": [
        0.0011610890345220678, 
        0, 
        0.08272999932706875, 
        0.1294700604161364, 
        0.09759222792669367, 
        0, 
        0, 
        0.04658270752918823, 
        0.12019236434062318, 
        0.08863415656675215, 
        0, 
        0.028185389950270746
    ]
}