{
    "image_series_id": 572595932, 
    "distance": [
        833.6066218546971, 
        1206.8968472906042, 
        841.486779456457, 
        1205.7362895757929, 
        622.4146527838175, 
        704.3436661176133, 
        815.6592425762121, 
        406.201920231798, 
        1198.70763741623, 
        893.2524839036273, 
        1480.6079832285113, 
        1236.4465212858986, 
        1370.9485767161364, 
        1026.8885041717042, 
        1054.9881515922348, 
        802.7452896155792, 
        1266.412255152326, 
        700.9992867328754, 
        1026.8885041717042, 
        2710.14759745664
    ], 
    "exclusion_zone_overlap": [
        0.014957142742721937, 
        5.1713261573908e-05, 
        0.00516233244997584, 
        0.014558352935539946, 
        0.022884195443654033, 
        0.017669349359960305, 
        0.03746609032271339, 
        0.27181503555323744, 
        0.000186113757003233, 
        0.0028705029928554, 
        0.11623214747837358, 
        0.038628963637379596, 
        0.001198236776319994, 
        0.053220417101318224, 
        0.018576939083070284, 
        0.1075984049277492, 
        0.06141236701360734, 
        1.6330677954744815e-08, 
        0.01765440920029249, 
        0.024832436769588642
    ], 
    "match_id": [
        126861679, 
        180720175, 
        100148503, 
        100147861, 
        112229103, 
        116900714, 
        100141495, 
        126852363, 
        518742338, 
        559878074, 
        646525997, 
        576341623, 
        571100135, 
        575782182, 
        524667618, 
        646525156, 
        597007143, 
        591535205, 
        562674923, 
        183174303
    ], 
    "fraction of match covered by td exclusion zone": [
        0.09516167100397643, 
        2.4488603952540282e-05, 
        0.06692986716027512, 
        0.03135310124464104, 
        0.41156582587508406, 
        0.04389486331426367, 
        0.2013493999606351, 
        0.45500634273729307, 
        0.0005294338405391141, 
        0.015858209694368647, 
        0.08905897486145885, 
        0.10775127160931129, 
        0.0016434239033630135, 
        0.1165833647857191, 
        0.028661612673122415, 
        0.3855389452434599, 
        0.08806263519808752, 
        4.983609414807567e-06, 
        0.08923759410188056, 
        0.2131662785352279
    ], 
    "source": "RSPagl", 
    "pearson_correlation": [
        0.6856873404219717, 
        0.4760630313088261, 
        0.6597503316901665, 
        0.4183877633181832, 
        0.676853258262252, 
        0.615813525969901, 
        0.3164786942902245, 
        0.5613403730348098, 
        0.640010426600304, 
        0.6039911826437768, 
        0.4782132849184563, 
        0.6128903469629255, 
        0.4791922115687231, 
        0.5697239721260718, 
        0.6001607114725575, 
        0.681398339053277, 
        0.717559785817886, 
        0.6582740205730168, 
        0.6216230216304559, 
        0.6499856553765508
    ], 
    "spearman_correlation": [
        0.7639378636365659, 
        0.6128176171393254, 
        0.7401456331658001, 
        0.663852704302787, 
        0.7409722275561252, 
        0.7771843956683832, 
        0.6193821882184177, 
        0.7113365241116787, 
        0.6964145579111086, 
        0.7723911547549026, 
        0.5438219638738129, 
        0.6483743100942664, 
        0.6050810999795515, 
        0.7063598681947137, 
        0.765991436411398, 
        0.6946868419512723, 
        0.7950258259788839, 
        0.8276078887036632, 
        0.6237817843443069, 
        0.6692128672372997
    ], 
    "injection_overlap": [
        0, 
        0, 
        0, 
        0.034524299165578705, 
        0.001789552719977029, 
        0.0006581350876895014, 
        0.025162343927983735, 
        0.2204481591750991, 
        0, 
        0, 
        0.21748699625151474, 
        0.016859833449755408, 
        0, 
        0.005105240607789507, 
        0.006740448075091294, 
        0.09186823978089564, 
        0.014891728533432146, 
        0, 
        7.208212919916767e-05, 
        0.2181020808831899
    ], 
    "fraction of match covered by td injection": [
        0, 
        0, 
        0, 
        0.00561238504145012, 
        0.0017774070516938672, 
        5.54559305646517e-05, 
        0.006484953549987402, 
        0.038970205727608384, 
        0, 
        0, 
        0.01600098047879605, 
        0.003691045980799586, 
        0, 
        0.00018178021286426344, 
        0.0008691703792492992, 
        0.03535421655394633, 
        0.0006963189444636905, 
        0, 
        3.102029775333421e-05, 
        0.16331024813156592
    ]
}