{
    "image_series_id": 572753855, 
    "distance": [
        473.0750469005948, 
        287.5760768909681, 
        922.062904578641, 
        689.3475175845634, 
        1094.5775440780794, 
        494.9747468305833, 
        928.5472524325297, 
        673.2755750805163, 
        1072.9864864013898, 
        1040.2403568406678, 
        789.1134265744057, 
        736.6138744281159, 
        467.3328578219169, 
        686.804193347711, 
        968.039255402383, 
        780.5767098754612
    ], 
    "exclusion_zone_overlap": [
        0.3056848380402725, 
        0.157824826186506, 
        0.016115847375605303, 
        0.022265312268139978, 
        0.25092374268716233, 
        0.08682716911170248, 
        0.0015210825054169752, 
        0.03217280455316977, 
        0.0010400334991791276, 
        0.22105498479641678, 
        0.025304159460928486, 
        0.007050547639660685, 
        0.05627808194591951, 
        0.0008829694298742249, 
        0.2836729688752866, 
        0.06596898969439706
    ], 
    "match_id": [
        141603190, 
        112514202, 
        112952510, 
        112458114, 
        180916954, 
        584194481, 
        166055636, 
        125833030, 
        478491090, 
        583747816, 
        182793477, 
        478376911, 
        286482701, 
        161458737, 
        168162771, 
        496576666
    ], 
    "fraction of match covered by td exclusion zone": [
        0.9206381683662761, 
        0.32149963160757355, 
        0.04808768910287061, 
        0.11081850069322026, 
        0.2703998794444318, 
        0.1570058569128614, 
        0.004381208457273782, 
        0.1252045428432145, 
        0.001707371358162273, 
        0.22941104654333394, 
        0.06712328779328637, 
        0.038601321997093194, 
        0.11815350402833666, 
        0.0006632185614582371, 
        0.6507133376765638, 
        0.1437381946508152
    ], 
    "source": "MOs", 
    "pearson_correlation": [
        0.9364548225126653, 
        0.41537956692097994, 
        0.9568407021936202, 
        0.4557087559121086, 
        0.9390187753599413, 
        0.4743426589648507, 
        0.9340632456645678, 
        0.5482726045398736, 
        0.386460513833097, 
        0.5495054061460245, 
        0.88067002040238, 
        0.4842422799132439, 
        0.3777126155467259, 
        0.240901591065171, 
        0.9448167843578176, 
        0.46275002727183834
    ], 
    "spearman_correlation": [
        0.9115743822788238, 
        0.6958613747746377, 
        0.8292530641854854, 
        0.7676415959633934, 
        0.8480303401332386, 
        0.5487330909467446, 
        0.7271703027733625, 
        0.667785488058516, 
        0.6188712687224622, 
        0.7397409134107811, 
        0.7720655605704764, 
        0.6887065788166399, 
        0.6443997842134442, 
        0.6026872577201839, 
        0.7960956746455409, 
        0.7108430076346339
    ], 
    "injection_overlap": [
        0.9518414815925319, 
        0.22389522880334325, 
        3.849348491046759e-05, 
        0.002986009290684864, 
        0.44949786911448997, 
        0.011319139583261898, 
        0, 
        3.170114313270475e-05, 
        0, 
        0.08320918338438892, 
        9.299026795530705e-10, 
        0, 
        0.0008880376855337345, 
        0.0009439988585788285, 
        0.5303545297715707, 
        0.0037598007431822265
    ], 
    "fraction of match covered by td injection": [
        0.396688801704137, 
        0.049624048584321526, 
        0.00011501913819385559, 
        0.003882670074984542, 
        0.04984032840910003, 
        0.000384922627795921, 
        0, 
        2.377202085940743e-05, 
        0, 
        0.012562438595347995, 
        2.095803116638836e-12, 
        0, 
        0.0004396978451550076, 
        4.27700086819598e-05, 
        0.14180278686441836, 
        0.0008232309055907282
    ]
}