{
    "image_series_id": 573331541, 
    "distance": [
        760.6576102294646, 
        325.1153641401772, 
        637.8087487640789, 
        410.2438299353203, 
        1019.9509792141973, 
        773.1752712031083, 
        1164.0446726822815, 
        1154.5994976614186, 
        924.6080250571049, 
        1164.0446726822815, 
        870.1723967122837, 
        929.7849213662265, 
        705.7619995437556, 
        1128.6717857729943, 
        520.8646657242167, 
        870.1723967122837, 
        2381.4281429428015
    ], 
    "exclusion_zone_overlap": [
        0.010931310853241961, 
        0.09842397443472174, 
        0.06048266027070903, 
        0.00470513294967527, 
        0.0006844511444272628, 
        2.7881268524173772e-05, 
        2.1772775023812637e-09, 
        0.27887634715919857, 
        0.16138098524084596, 
        0.055095295366356094, 
        0.1568177700798775, 
        0.0507917117819471, 
        0.2726573290401051, 
        0.125090235720115, 
        0.025879990650586993, 
        0.08928747917343831, 
        0.023121153965839494
    ], 
    "match_id": [
        100140949, 
        112229103, 
        116900714, 
        126852363, 
        593018150, 
        501484658, 
        572588941, 
        646525997, 
        576341623, 
        571100135, 
        575782182, 
        524667618, 
        646525156, 
        597007143, 
        591535205, 
        562674923, 
        183174303
    ], 
    "fraction of match covered by td exclusion zone": [
        0.017078398129696006, 
        0.864306721101594, 
        0.08817375344202687, 
        0.004132787611517041, 
        0.001562338006115859, 
        1.000072047692412e-05, 
        1.743099563448614e-06, 
        0.13450779892315418, 
        0.2401739096239642, 
        0.042599026188432, 
        0.20756813074937522, 
        0.03430608637203965, 
        0.5212447779808026, 
        0.043429909659771726, 
        0.08080076478580918, 
        0.26298279472806857, 
        0.19813026125339697
    ], 
    "source": "RSPagl", 
    "pearson_correlation": [
        0.9390510923268957, 
        0.4956887897220029, 
        0.8677804056086551, 
        0.14649349291553213, 
        0.527908213265697, 
        0.806534852382207, 
        0.6930431563805431, 
        0.5609860571554767, 
        0.7672487766352735, 
        0.6147870339632675, 
        0.8055539070539884, 
        0.46221735194851177, 
        0.6851116569049929, 
        0.619406585678302, 
        0.9004592097020723, 
        0.7066056486003254, 
        0.1525487751847827
    ], 
    "spearman_correlation": [
        0.7121261643938128, 
        0.5980242309513921, 
        0.6655647235075594, 
        0.49191575347506666, 
        0.5010623145131806, 
        0.6765985418636713, 
        0.5358591892259787, 
        0.5159478472861629, 
        0.5632823222018398, 
        0.5354663005957667, 
        0.6103663311239762, 
        0.5830094649163222, 
        0.5953023969318731, 
        0.5898827491261127, 
        0.6712671998803014, 
        0.5526238287188896, 
        0.5907154220748667
    ], 
    "injection_overlap": [
        0, 
        0.06326976896083711, 
        0.004945559689949333, 
        0, 
        0, 
        0, 
        0, 
        0.11919236111490401, 
        0.16162856607235604, 
        0.03850671669861821, 
        0.04887357502967688, 
        0.01583006355024066, 
        0.48972220564037006, 
        0.1445090010781877, 
        0.022811454132088658, 
        0.05875917177585125, 
        0.002623405288746087
    ], 
    "fraction of match covered by td injection": [
        0, 
        0.06633887272012556, 
        0.0005946685321933839, 
        0, 
        0, 
        0, 
        0, 
        0.007050261589068854, 
        0.021078905188693826, 
        0.0031032659507511397, 
        0.00884616861873736, 
        0.0021330751773602497, 
        0.06557255053779709, 
        0.0017291932109029626, 
        0.006247875689855561, 
        0.010868153162051787, 
        0.00278714797557653
    ]
}