{
    "image_series_id": 575683857, 
    "distance": [
        1327.4411474713295, 
        1210.3305333668154, 
        652.533524043018, 
        447.88391353117385, 
        1106.932698947863, 
        630.9516621738943, 
        1484.6211637990345, 
        1311.0682667199294, 
        469.041575982343, 
        858.8946384743591, 
        293.0870177950569, 
        993.0256794262674
    ], 
    "exclusion_zone_overlap": [
        0.023931884690877734, 
        0.006481751081583307, 
        0.06902034008582186, 
        0.1970876098381034, 
        0.01930115252871228, 
        0.2823914471619723, 
        0.1850559004926355, 
        0.05265350591352085, 
        0.10873332426699414, 
        0.008007538720146581, 
        0.5477090178721516, 
        0.011689994214780279
    ], 
    "match_id": [
        100141454, 
        112952510, 
        157556400, 
        157711748, 
        126860974, 
        478376197, 
        496554237, 
        166055636, 
        286313491, 
        478582494, 
        263106036, 
        167902586
    ], 
    "fraction of match covered by td exclusion zone": [
        0.19628894297581204, 
        0.01814367351966003, 
        0.37322923012754183, 
        0.8851454687329351, 
        0.04661205111432318, 
        0.47375684915101796, 
        0.3599367050928165, 
        0.09459295397647506, 
        0.4210372999729558, 
        0.019805766838146614, 
        0.8516858572648135, 
        0.015252485652465377
    ], 
    "source": "PL", 
    "pearson_correlation": [
        0.02201496975015289, 
        -0.010079830711750405, 
        0.394406589890317, 
        0.8607560099042241, 
        0.807664030078965, 
        0.7329734311310366, 
        0.7176283339179839, 
        -0.03732529730402266, 
        0.6055332425964671, 
        0.4882354183049117, 
        0.9634853855105938, 
        0.6898012052976051
    ], 
    "spearman_correlation": [
        0.2990259512230161, 
        0.2877152167433152, 
        0.5541222740314344, 
        0.7701673871418228, 
        0.7528335686239115, 
        0.7387673913675312, 
        0.7811677355935923, 
        0.27083136247576217, 
        0.7319030416964726, 
        0.6785717243127732, 
        0.8228646856184275, 
        0.7180121390782089
    ], 
    "injection_overlap": [
        0.004094611442499533, 
        0.00044102924097363315, 
        0.05055835765855083, 
        0.3560066156568749, 
        0.013102813713034586, 
        0.3900656002093619, 
        0.23344481748301232, 
        0.013758304062615627, 
        0.06862385105377396, 
        0.00323865056655584, 
        0.8774265506797664, 
        0.010737485684457367
    ], 
    "fraction of match covered by td injection": [
        0.013280755341403019, 
        0.00024685242640006997, 
        0.1544648849878337, 
        0.590634697567206, 
        0.010717961770617254, 
        0.23887747084462585, 
        0.16932887020926296, 
        0.01087252772554533, 
        0.14103799210020987, 
        0.001929574065875302, 
        0.6379504941856718, 
        0.003601307214010819
    ]
}