{
    "image_series_id": 592698087, 
    "distance": [
        772.72245987806, 
        616.6846844214634, 
        1239.112585683803, 
        962.1850133939938, 
        864.0601830891179, 
        727.4613391789285, 
        565.4201977290871, 
        473.9198244429114, 
        833.8465086573187, 
        774.2092740338364, 
        999.0495483208027, 
        897.8307190111062, 
        606.4651680022522, 
        760.920495189872, 
        546.3515351859094, 
        467.8675026115834, 
        703.7044834303672, 
        934.3982020530648, 
        980.2040603874277, 
        667.3829485385434, 
        826.8615361715648, 
        1055.2724766618335, 
        769.7402159170326, 
        657.4191965557441
    ], 
    "exclusion_zone_overlap": [
        0.4221296172698623, 
        0.32659807767688076, 
        0.0015105496322427325, 
        0.13906231522292548, 
        0.43390675974882426, 
        0.33076499389358915, 
        0.26641239120378096, 
        0.1137496986512592, 
        0.5523449730991716, 
        0.03401839778174045, 
        0.11224222151950071, 
        0.10779641168797906, 
        0.27034068086546303, 
        0.2203168388478995, 
        0.07325706981032956, 
        0.031135580659821752, 
        0.1784623022304309, 
        0.005222720866565424, 
        0.07552167773553795, 
        0.7603279965099751, 
        0.2221913987427433, 
        0.21543398499258332, 
        0.5023256097556729, 
        0.1970405266665743
    ], 
    "match_id": [
        484504171, 
        204832205, 
        278510903, 
        159432479, 
        166264185, 
        159331462, 
        506947040, 
        266839077, 
        267610466, 
        184158290, 
        538833505, 
        170784358, 
        573035760, 
        480703321, 
        305125123, 
        167373923, 
        292321278, 
        181895006, 
        265947058, 
        167571459, 
        514333422, 
        479267539, 
        278500868, 
        264707643
    ], 
    "fraction of match covered by td exclusion zone": [
        0.3399822843705922, 
        0.11484433021590341, 
        0.0008724163677401869, 
        0.06278729217264849, 
        0.18733085250798331, 
        0.17476472931743642, 
        0.37555535646014865, 
        0.10949206545191814, 
        0.22438586426585613, 
        0.01570426907266311, 
        0.040941889316481295, 
        0.03681114202503881, 
        0.5352839337268207, 
        0.07199658488065293, 
        0.12049689358454618, 
        0.04576121653270972, 
        0.2422389507938426, 
        0.0023359375763869626, 
        0.02949827611870171, 
        0.5204238171758747, 
        0.5562228403818447, 
        0.22247034642513627, 
        0.2846432462140719, 
        0.33513444322463004
    ], 
    "source": "AM", 
    "pearson_correlation": [
        0.7811235765141801, 
        0.8498598938009951, 
        0.2510399934103958, 
        0.7117763487188303, 
        0.46616674758282794, 
        0.8096813766117735, 
        0.8263799818316725, 
        0.5817475182226879, 
        0.7907293964036713, 
        0.6686407745846432, 
        0.6820056237477794, 
        0.8814601905953017, 
        0.9277601068585545, 
        0.5090272396370543, 
        0.395854681781118, 
        0.28949687645236116, 
        0.7485663452684705, 
        0.8480374340686863, 
        0.20255921357207604, 
        0.914719654718304, 
        0.9286499418828987, 
        0.7551786955764119, 
        0.8449698960990849, 
        0.5549936131229503
    ], 
    "spearman_correlation": [
        0.7648111995768752, 
        0.8922341978536026, 
        0.25231754005189183, 
        0.6221358497570988, 
        0.7237235920152464, 
        0.827761050308042, 
        0.6476889387307809, 
        0.5451590516774432, 
        0.7829604447431951, 
        0.5561994445250515, 
        0.7978918109778659, 
        0.6990610019291217, 
        0.6063689223134479, 
        0.6371337713742036, 
        0.37773903581891616, 
        0.47188410662839503, 
        0.8641549416842776, 
        0.8318061829019764, 
        0.7177882620084105, 
        0.8949499218048066, 
        0.7399756737591705, 
        0.9045971383523316, 
        0.7103849307195854, 
        0.21688716907977396
    ], 
    "injection_overlap": [
        0.17421125808995505, 
        0.5182815712056363, 
        2.0347431136432673e-05, 
        0.09670809643325404, 
        0.2780478871282287, 
        0.4726084436327823, 
        0.15355445049659, 
        0.1701345498722716, 
        0.5378883617077804, 
        0.014659842443384299, 
        0.04160516934423, 
        0.1634372362993111, 
        0.10800291878913983, 
        0.07389305887841088, 
        0.04477366647312769, 
        0.004444934555704899, 
        0.227462442093715, 
        0, 
        0.014689032574455828, 
        0.905666201063126, 
        0.17458562949003895, 
        0.2879942749638716, 
        0.3641055746922498, 
        0.09583340021755446
    ], 
    "fraction of match covered by td injection": [
        0.027913797320483096, 
        0.01865639126944488, 
        7.387056466081929e-06, 
        0.0065061302976168935, 
        0.01427256105755506, 
        0.021192086167891734, 
        0.037856787449619775, 
        0.015417685161188964, 
        0.03069085704294954, 
        0.00036793129040558163, 
        0.010051473972953012, 
        0.0024207161650385786, 
        0.04624091751512063, 
        0.006237136207813583, 
        0.005639244473332785, 
        0.0016273081532093944, 
        0.049362187564474316, 
        0, 
        0.0027414745519386235, 
        0.08183275664838505, 
        0.06413133248181155, 
        0.06146463497356145, 
        0.034472149138287105, 
        0.02547923112174286
    ]
}