{
    "image_series_id": 592724077, 
    "distance": [
        1061.7438485811915, 
        506.45829048402396, 
        651.2296062065975, 
        958.7491851365508, 
        942.2313940853383, 
        482.59714048054616, 
        1226.7844146385298, 
        870.976463516667, 
        837.3171442171717, 
        1015.3324578678651, 
        1226.7844146385298, 
        641.5605972938176, 
        717.9136438319026, 
        833.6666000266533
    ], 
    "exclusion_zone_overlap": [
        0.00022607843960994366, 
        0.37089999362632803, 
        0.07625099516219488, 
        0.007461517847075043, 
        0.12609157251399217, 
        0.16528572769721, 
        0.1797137380944869, 
        0.3037518493438421, 
        0.4500186030351378, 
        0.00026864544779213104, 
        0.05825672539715992, 
        0.00029413732391535226, 
        0.04767904795574087, 
        0.10690742031451281
    ], 
    "match_id": [
        126523791, 
        112595376, 
        272916915, 
        112424813, 
        501484658, 
        249396394, 
        572588941, 
        496113850, 
        646525997, 
        576341623, 
        571100135, 
        592540591, 
        166054929, 
        303784745
    ], 
    "fraction of match covered by td exclusion zone": [
        7.336911590369376e-05, 
        0.33825643146708734, 
        0.11417193793183984, 
        0.009566729094550124, 
        0.03996606117559341, 
        0.041356476086319746, 
        0.035975205950351134, 
        0.10111373809021913, 
        0.0794176291067176, 
        1.1489664422273562e-05, 
        0.010701609778799517, 
        2.6699883294426296e-05, 
        0.01987505938600724, 
        0.04867084917482329
    ], 
    "source": "RSPv", 
    "pearson_correlation": [
        0.8085324183288185, 
        0.9695170350022452, 
        0.9181705987242156, 
        0.7749568724202284, 
        0.832718270943389, 
        0.6438755229404766, 
        0.6870000652057578, 
        0.5968902669758437, 
        0.5639766964260076, 
        0.823401108755939, 
        0.6486632461431312, 
        0.7328777493691537, 
        0.8204182300885663, 
        0.7665053711622685
    ], 
    "spearman_correlation": [
        0.40198574749163685, 
        0.6395077651390383, 
        0.5718872042645925, 
        0.5380747987209611, 
        0.6176002527300628, 
        0.5573043386650451, 
        0.5541093438011175, 
        0.5800350455306795, 
        0.5562120600579732, 
        0.5639004743459268, 
        0.5723635175906537, 
        0.6842491541094737, 
        0.5679989771511377, 
        0.5051283476031618
    ], 
    "injection_overlap": [
        0, 
        0.34874914354072556, 
        0.12216559260264946, 
        0.011367827020869317, 
        0.005180028266417248, 
        0.08383937212305312, 
        0.08148619185870862, 
        0.33796126775104934, 
        0.39531742562338656, 
        0.0009589801646145322, 
        0.04412360077972092, 
        0, 
        0.07790135316920059, 
        0.1948768837330973
    ], 
    "fraction of match covered by td injection": [
        0, 
        0.03703751966526138, 
        0.013101466367458866, 
        0.0018152124801126593, 
        0.00015246086113018172, 
        0.0007310320607335894, 
        0.002248589330219574, 
        0.014779157385439388, 
        0.008947062039486609, 
        6.404897771764381e-06, 
        0.0009864682485426133, 
        0, 
        0.0033933699483592408, 
        0.003911872949101752
    ]
}