{
    "image_series_id": 601885751, 
    "distance": [
        816.4557550780079, 
        402.74061131204536, 
        302.82007859453444, 
        1464.0013661195812, 
        3112.33031665985, 
        1392.4438947404667, 
        955.3009996854395, 
        842.4962907930218, 
        846.5222974027323, 
        462.3851208678757, 
        1180.9741741460734, 
        1531.926891205974, 
        2319.1808898833224, 
        404.72212689696124, 
        405.58599581346493, 
        496.58836071740546, 
        613.0252849597641, 
        325.2691193458119, 
        733.3484846919641, 
        331.81320046074114, 
        412.4318125460256, 
        1930.0, 
        1489.3287078412206, 
        2912.765009402578, 
        1553.2546475063257, 
        1112.564604865713, 
        1128.0514172678477, 
        1382.9678231976332, 
        464.327470649756, 
        1299.769210283118, 
        413.40053217188773, 
        588.5575587824865, 
        401.62171256046406, 
        1131.9893992436503, 
        461.51923036857306, 
        933.4880824091971, 
        1179.5338062132853, 
        488.3646178829912, 
        693.2532004974805, 
        657.0388116390081, 
        722.0803279414279, 
        637.0243323453194, 
        1955.6584568886256, 
        554.9774770204643, 
        608.3584469702053, 
        802.7452896155792, 
        1087.4281585465774, 
        1018.6756107809787, 
        363.59317925395686, 
        812.1576201698781, 
        1204.3670536842162, 
        1067.9419459877022
    ], 
    "exclusion_zone_overlap": [
        0.01595743085363076, 
        0.02025861104556141, 
        0.4692697409362763, 
        0.0021108914320198554, 
        0.0011166600924270495, 
        0.03282952123974195, 
        0.061579460724941124, 
        0.06146747683617531, 
        0.040225978943975324, 
        0.30321559039721935, 
        8.768814830012891e-05, 
        0.006367841155259001, 
        1.439384112405484e-05, 
        0.1238118360931476, 
        0.19155692051699977, 
        0.36778472381785327, 
        0.1578092897587651, 
        0.31251301755149313, 
        0.02639013798071024, 
        0.28036953663644226, 
        0.10076022291469369, 
        0.057293492943714296, 
        0.0001378762744064431, 
        0.05085523313085903, 
        0.23885085550910906, 
        0.1493053338769445, 
        0.014647728778541001, 
        0.0031360922032861423, 
        0.07896783881935339, 
        0.27496562064093044, 
        0.5742888696465298, 
        9.770387582996996e-05, 
        0.10666899890678257, 
        0.0340169980532022, 
        0.09899246918951228, 
        0.10717049040270071, 
        0.11601980919955004, 
        0.2647446593316797, 
        4.126736703380002e-05, 
        0.15285139702220327, 
        0.18927236591073215, 
        0.0009533640994136216, 
        0.07450959834584489, 
        0.12846509930223232, 
        0.05461498444645424, 
        0.0889297245428231, 
        0.136049551117657, 
        0.37065939012428323, 
        0.20812447006635026, 
        0.1232197457799857, 
        0.00015158342715934333, 
        0.0002725948293311312
    ], 
    "match_id": [
        307297141, 
        272916202, 
        180296424, 
        142656218, 
        585051446, 
        640282128, 
        307321674, 
        157062358, 
        307743253, 
        100141796, 
        116903968, 
        142654100, 
        113226232, 
        304565427, 
        112373830, 
        309004492, 
        127089669, 
        307295727, 
        307296433, 
        114250546, 
        127138787, 
        640081415, 
        272414403, 
        638314843, 
        579409876, 
        512315551, 
        232311959, 
        182794184, 
        479981981, 
        603468246, 
        479673174, 
        530555292, 
        495562600, 
        648252402, 
        479700629, 
        590988082, 
        657172447, 
        166083557, 
        479982715, 
        554334685, 
        576340889, 
        286417464, 
        299446445, 
        479673887, 
        298178204, 
        648050335, 
        482580380, 
        661987195, 
        479980810, 
        593277684, 
        642809043, 
        554421791
    ], 
    "fraction of match covered by td exclusion zone": [
        0.02068323297891633, 
        0.29643830008064176, 
        0.3950498784903651, 
        0.006922973183505403, 
        0.00012932114851431755, 
        0.002016382579712027, 
        0.06065450130509676, 
        0.5346920561404741, 
        0.05456523514761585, 
        0.9326648355730368, 
        0.00027599725376488334, 
        0.00850003520317738, 
        5.194435652512855e-06, 
        0.3794397634333218, 
        0.9966158101827617, 
        0.2635847594752456, 
        0.31236749231782235, 
        0.42791948397493157, 
        0.014901335122713478, 
        0.9997354659719793, 
        0.3136501950461057, 
        0.04716071622527019, 
        4.6069112446994636e-05, 
        0.022348054284991287, 
        0.2001887202015791, 
        0.0666909901739781, 
        0.02785629016219416, 
        0.0030805720219274574, 
        0.33228036022509283, 
        0.20938814484345125, 
        0.5597608251061386, 
        0.0014672204469970086, 
        0.7606181499339796, 
        0.21725812640326936, 
        0.5985869881895036, 
        0.9989802475967983, 
        0.27572147093702176, 
        0.7528527670045364, 
        0.0014982327650624402, 
        0.9999929610491703, 
        0.5220202736032744, 
        0.004334948619787028, 
        0.0995826086725763, 
        0.6389498826727228, 
        0.2519614129255162, 
        0.5420241825845799, 
        0.41067868198604923, 
        0.49601354158263905, 
        0.8082733190234185, 
        0.06982610274313142, 
        8.578248363738487e-05, 
        4.437935847323984e-05
    ], 
    "source": "VISpor", 
    "pearson_correlation": [
        0.7939333211929848, 
        0.6801960796722073, 
        0.8638800022294794, 
        0.685409145990013, 
        0.5975047854646307, 
        -0.02551889678536943, 
        0.8165522508779532, 
        0.8973556011077772, 
        0.7874928032486026, 
        0.8562634794421428, 
        0.7582562981423413, 
        0.440017221217714, 
        0.7186058512031068, 
        0.8094353434124754, 
        0.9372852324678312, 
        0.8358313714113687, 
        0.8561952210515594, 
        0.8334551588291934, 
        0.8255381842607246, 
        0.890251561245827, 
        0.8907337827467332, 
        0.6067809470964605, 
        0.5093516522878366, 
        0.3037139169569347, 
        0.7561598303990812, 
        0.8178280123443404, 
        0.6342778619889208, 
        0.6389629357807017, 
        0.8402814674929852, 
        0.8508599489399146, 
        0.767093465563851, 
        0.8244665943762226, 
        0.8425477904154395, 
        0.7776037816328903, 
        0.8006306935257443, 
        0.8967875991942603, 
        0.8140538518131343, 
        0.9170779575722703, 
        0.7837779643808933, 
        0.8502758585886161, 
        0.8501770344037416, 
        0.7735912953388704, 
        0.7259369048115119, 
        0.7914270310476444, 
        0.8232357330599975, 
        0.8741683817544627, 
        0.8583164514794225, 
        0.8279933829745043, 
        0.8028582543918436, 
        0.8732391184044042, 
        0.33029114229796047, 
        0.6029855610796963
    ],