{
    "image_series_id": 601900484, 
    "distance": [
        435.54563480765137, 
        1636.3984844774209, 
        721.1795892841117, 
        968.5040010242601, 
        759.3418202627852, 
        875.6711711595855, 
        545.3439281774392, 
        242.69322199023193, 
        231.08440016582685, 
        529.2447448959697, 
        1035.5674772799694, 
        897.8307190111062, 
        542.6785420486054, 
        661.2866246946176, 
        595.9865770300536, 
        580.5170109479997, 
        536.9357503463519, 
        643.9720490828776, 
        916.8424073961675, 
        1116.4676439557038, 
        906.0905032059436, 
        315.27765540868893, 
        478.1213235152768, 
        178.04493814764857, 
        130.7669683062202, 
        358.6084215408222, 
        924.6080250571049, 
        1077.1722239270748, 
        471.805044483418, 
        734.3704787094863, 
        1063.296760081587, 
        314.6426544510455, 
        572.2761571129798, 
        819.3900170248597, 
        598.7486951969081, 
        1059.1506030777682, 
        362.76714294434106
    ], 
    "exclusion_zone_overlap": [
        0.41973088037692935, 
        3.085741777339654e-05, 
        0.3653160334456782, 
        0.3732794662929809, 
        0.7360686831024251, 
        0.016245130521032835, 
        0.8263367653022599, 
        0.3241761181490672, 
        0.40411025880993917, 
        0.0006080531750562492, 
        0.01029957185659415, 
        0.0025089609157758984, 
        0.2832784429486443, 
        0.12639769133073514, 
        0.3698926934120928, 
        0.2190105164980509, 
        0.35989304404038974, 
        0.005586499590935699, 
        3.703093492977526e-06, 
        0.006556755987494175, 
        0.028884473956366934, 
        0.23993236021532813, 
        0.03998095523491406, 
        0.45531009242508286, 
        0.5413290517891975, 
        0.18561335915058558, 
        0.002088273330686547, 
        0.03995263648348955, 
        0.04023260637924436, 
        0.011332472037594183, 
        3.7087306073422453e-06, 
        0.45124471036075003, 
        0.0984559106591985, 
        0.05502888314158474, 
        0.5131138617727203, 
        0.007042896260170076, 
        0.25957648632697117
    ], 
    "match_id": [
        484504171, 
        175740500, 
        204832205, 
        278510903, 
        159432479, 
        166264185, 
        159331462, 
        506947040, 
        266839077, 
        294356922, 
        263106751, 
        301209502, 
        305449231, 
        267610466, 
        184158290, 
        183225830, 
        176897793, 
        175739791, 
        267928844, 
        170784358, 
        268399145, 
        573035760, 
        480703321, 
        305125123, 
        167373923, 
        545428296, 
        184157585, 
        168301446, 
        292321278, 
        181895006, 
        265947058, 
        167571459, 
        514333422, 
        479267539, 
        278500868, 
        558697990, 
        264707643
    ], 
    "fraction of match covered by td exclusion zone": [
        0.48030694993106576, 
        7.186237198162057e-06, 
        0.22872851965795232, 
        0.2993612236067143, 
        0.5157052571842096, 
        0.006807415808327771, 
        0.7999425931277472, 
        0.5548018878752413, 
        0.8509713000589961, 
        0.0014525733463456873, 
        0.002418862751984328, 
        0.002984713491704905, 
        0.5526170287375325, 
        0.09529689058328886, 
        0.26566359935561173, 
        0.2866091746399861, 
        0.8276169929999224, 
        0.0042086146910408516, 
        3.85907808382588e-09, 
        0.007024443432285481, 
        0.04486195190306244, 
        0.678489684749631, 
        0.016967952603841385, 
        0.9821702928878066, 
        0.9331318989223657, 
        0.8207805081517419, 
        0.0013840653100641624, 
        0.10068419518104611, 
        0.11675121154626486, 
        0.012319169202259533, 
        1.3459501149776906e-07, 
        0.5164900261322362, 
        0.32849455246468245, 
        0.12310409865038105, 
        0.5411059300031758, 
        0.011589164974770388, 
        0.493822020315996
    ], 
    "source": "AM", 
    "pearson_correlation": [
        0.7607724959757614, 
        0.4981365588880933, 
        0.8176963261266407, 
        0.5119461836910624, 
        0.9379189293550091, 
        0.16134757131711322, 
        0.9206067264262872, 
        0.9151555066234873, 
        0.8448882758797368, 
        0.20407732715817176, 
        0.11440332730259146, 
        0.43477034054141495, 
        0.5631805541376632, 
        0.47126883066556186, 
        0.8585367884054746, 
        0.488439137174158, 
        0.8679769580603296, 
        0.2584987309858562, 
        0.5735218486035562, 
        0.7049916794187684, 
        0.4616614628231385, 
        0.7772357699936295, 
        0.19828374393157414, 
        0.7412693889457075, 
        0.6306691248514914, 
        0.44219725327336307, 
        0.40216007038615287, 
        0.5781566989037796, 
        0.2887720749854198, 
        0.6183204497392311, 
        0.2788341844225403, 
        0.7531663440183677, 
        0.7059557259819186, 
        0.39114344415818264, 
        0.8393390020164752, 
        0.7928633678465573, 
        0.6519802653665078
    ], 
    "spearman_correlation": [
        0.7573816624898784, 
        0.6857834207411839, 
        0.7546086447527177, 
        0.5127245786566972, 
        0.7945049814322888, 
        0.5955163985869628, 
        0.8095174050773148, 
        0.7029270538356527, 
        0.7692670926782529, 
        0.5892735272729002, 
        0.24073841866945317, 
        0.519494681619152, 
        0.6380804773478023, 
        0.6285321860824076, 
        0.7190998470801161, 
        0.5248696618563482, 
        0.7282361324439441, 
        0.3858622544450304, 
        0.6958903590026018, 
        0.6832315736940735, 
        0.42212299903523054, 
        0.6239198904801965, 
        0.5208407295975863, 
        0.7375191567550962, 
        0.7614584815401184, 
        0.42030729026060865, 
        0.3972400200501496, 
        0.49099034165531785, 
        0.4758560471605596, 
        0.7115196211941628, 
        0.6868871830850658, 
        0.676929151403525, 
        0.6498313652780222, 
        0.5400427766579398, 
        0.7136588069143446, 
        0.6618729714253498, 
        0.4139184952978056
    ], 
    "injection_overlap": [
        0.693437350082258, 
        0, 
        0.6596595735572207, 
        0.18237850237962372, 
        0.9786004517830141, 
        0.002030201844220123, 
        0.966048753378229, 
        0.6235492119159347, 
        0.6914021887220534, 
        0, 
        0.0007244923960757769, 
        0, 
        0.2230209925488967, 
        0.03791157154402222, 
        0.20928567617296753, 
        0.16568386526543288, 
        0.4154114868141068, 
        0, 
        0, 
        0, 
        0.020932678721284646, 
        0.6009686370043551, 
        0.038893544862052334, 
        0.889715499354645, 
        0.7840360530132663, 
        0.1036183019043399, 
        0, 
        0.01883904722463332, 
        0, 
        0, 
        0, 
        0.8365863002412758, 
        0.07480481098268324, 
        0.002182530483125401, 
        0.6992446386457741, 
        0.00014940263630860125, 
        0.2610234724271583
    ],