{
    "image_series_id": 606260719, 
    "distance": [
        1117.7656283854858, 
        1028.10505299799, 
        986.154146165801, 
        496.8903299521938, 
        904.3229511629128, 
        434.7413023856832, 
        1179.4066304714418, 
        1131.812705353673, 
        1196.2441222426132, 
        756.5051222562872, 
        733.0757123244501, 
        495.5804677345547, 
        997.4968671630002
    ], 
    "exclusion_zone_overlap": [
        0.00958535310771339, 
        0.003274622131589192, 
        0.019258395536826227, 
        0.2782974331377589, 
        0.05987458339372703, 
        0.3873425764867647, 
        0.1952636803413776, 
        0.02597637268481944, 
        2.3035588107158854e-05, 
        0.060418275445206254, 
        0.01255821850419841, 
        0.607634503656487, 
        0.017196887345804785
    ], 
    "match_id": [
        100141454, 
        112952510, 
        157556400, 
        157711748, 
        126860974, 
        478376197, 
        496554237, 
        166055636, 
        480994108, 
        286313491, 
        478582494, 
        263106036, 
        167902586
    ], 
    "fraction of match covered by td exclusion zone": [
        0.0701751706386699, 
        0.01103418933762182, 
        0.08762392145953084, 
        0.9523189586718789, 
        0.1196146521912463, 
        0.549308365397203, 
        0.3369631139744024, 
        0.04233740229051522, 
        6.802151370988848e-05, 
        0.2167910106416299, 
        0.04160508807498013, 
        0.8712420174700163, 
        0.025294679700676736
    ], 
    "source": "PL", 
    "pearson_correlation": [
        0.11321024786529764, 
        0.0711458936655912, 
        0.48930770054018086, 
        0.8914614523921688, 
        0.8687056010830698, 
        0.8119412605321106, 
        0.7223662950932171, 
        0.023003869117777458, 
        0.4322832085246173, 
        0.6395105838307844, 
        0.5632543925307627, 
        0.9663972445108321, 
        0.7317761171270463
    ], 
    "spearman_correlation": [
        0.5389905008369404, 
        0.48820053183410206, 
        0.5970121185966928, 
        0.8887354370907707, 
        0.8372541014738091, 
        0.8446732465675229, 
        0.8192361088075467, 
        0.41737638168079394, 
        0.652743876622218, 
        0.7318180864794315, 
        0.7160158770310127, 
        0.8600417004131482, 
        0.7953021768755153
    ], 
    "injection_overlap": [
        0.0009824557991906899, 
        1.3425422611881977e-05, 
        0.0019408058628704202, 
        0.7377846439582109, 
        0.004575657240910372, 
        0.6163629625337095, 
        0.08145966538574465, 
        0.004564466083645823, 
        0, 
        0.007933458320478249, 
        0, 
        0.9832541321305555, 
        3.325548629334224e-08
    ], 
    "fraction of match covered by td injection": [
        0.005586823391204207, 
        4.164603617947784e-05, 
        0.0017252105043971697, 
        0.5833490848796261, 
        0.002680350649633993, 
        0.19814548169017346, 
        0.03259795018851213, 
        0.0032381268417065075, 
        0, 
        0.0064637612204648575, 
        0, 
        0.4353670825116846, 
        9.523358912844084e-07
    ]
}