{
    "image_series_id": 607289053, 
    "distance": [
        1365.0641010589943, 
        897.4408058473829, 
        481.7675788178362, 
        1026.1091559868278, 
        725.9476565152614, 
        918.4225606985054, 
        209.2844953645635, 
        475.1841748206689, 
        393.06488014067094, 
        904.1017641836565, 
        1103.0865786510142
    ], 
    "exclusion_zone_overlap": [
        0.020515619998810488, 
        0.20044083298969598, 
        0.25313284165692906, 
        0.026063212460452265, 
        0.005529010926822961, 
        0.26281811191483123, 
        0.595383682758505, 
        0.4957868384688828, 
        0.5679496147954042, 
        0.08771265450384799, 
        0.009459521060021299
    ], 
    "match_id": [
        484504171, 
        204832205, 
        265286700, 
        159432479, 
        278067445, 
        184158290, 
        538833505, 
        170784358, 
        265947058, 
        278500868, 
        277849256
    ], 
    "fraction of match covered by td exclusion zone": [
        0.008683427990155097, 
        0.10285650103056533, 
        0.3411192685688859, 
        0.007904234729474047, 
        0.003017564825133615, 
        0.1361573776306688, 
        0.871072155531526, 
        0.3997435472893878, 
        0.5085138594793573, 
        0.05914028530702622, 
        0.004900993937023725
    ], 
    "source": "RE", 
    "pearson_correlation": [
        0.7892293502223161, 
        0.7396736096746074, 
        0.9207293576111534, 
        0.8070454955294444, 
        0.25721616024097427, 
        0.8416202805454888, 
        0.9215793637893788, 
        0.7790536695801777, 
        0.5576156722835642, 
        0.7535966744468673, 
        0.29380663677147867
    ], 
    "spearman_correlation": [
        0.8657951812908017, 
        0.9071187029056966, 
        0.7952538542389254, 
        0.7608651119664477, 
        0.5263894245666854, 
        0.7190511373900875, 
        0.8685485858809321, 
        0.7489207383031906, 
        0.7599082388508542, 
        0.742105184873054, 
        0.7599049847200611
    ], 
    "injection_overlap": [
        0.0035157479273038483, 
        0.07347041045830568, 
        0.2169001432268569, 
        0.005498411192673403, 
        0, 
        0.3043699867543923, 
        0.9332836760195683, 
        0.6922598257058373, 
        0.8050879009135059, 
        0.04320128084827608, 
        0
    ], 
    "fraction of match covered by td injection": [
        0.00035501578160690493, 
        0.010215280734944278, 
        0.061880851964703394, 
        0.00012683906861231777, 
        0, 
        0.026211889231147523, 
        0.33420302494307874, 
        0.08521659613701703, 
        0.10330187235754251, 
        0.007517341118976201, 
        0
    ]
}