{
    "image_series_id": 616674416, 
    "distance": [
        253.96850198400588, 
        604.0695324215583, 
        232.163735324878, 
        480.20828814171875
    ], 
    "exclusion_zone_overlap": [
        0.6290002270799179, 
        0.5825607546028081, 
        0.6135158765348733, 
        0.12745038067432296
    ], 
    "match_id": [
        100140949, 
        100148142, 
        159832064, 
        591535205
    ], 
    "fraction of match covered by td exclusion zone": [
        0.5253358854389596, 
        0.6500512759487649, 
        0.5232606858274472, 
        0.15071850795393132
    ], 
    "source": "RSPv", 
    "pearson_correlation": [
        0.9361390174156929, 
        0.9642024393064581, 
        0.9268234593027714, 
        0.8727823133786731
    ], 
    "spearman_correlation": [
        0.7914143977461922, 
        0.8353111172008382, 
        0.8027387206059294, 
        0.7527915078002336
    ], 
    "injection_overlap": [
        0.9981862106248043, 
        0.7464303715983539, 
        0.9823361192335737, 
        0.16943740169415472
    ], 
    "fraction of match covered by td injection": [
        0.1839589568116785, 
        0.14980464577117178, 
        0.20418487259239354, 
        0.024155551576808973
    ]
}