{
    "image_series_id": 617900105, 
    "distance": [
        977.4456506629921, 
        1039.5191195932857, 
        364.6916505762094, 
        809.9382692526635, 
        1827.8402556022231, 
        451.88494110780016, 
        497.69468552517213, 
        522.398315464359, 
        682.9348431585549, 
        417.1330722922842
    ], 
    "exclusion_zone_overlap": [
        0.5205929080311316, 
        0.2614922398201573, 
        0.558905817850717, 
        3.342000485369148e-07, 
        0.00011689657055622965, 
        0.6991594188615587, 
        0.8473188445289512, 
        0.6092835756556471, 
        0.005342381943590906, 
        0.7686241920428024
    ], 
    "match_id": [
        112423392, 
        112306316, 
        158435116, 
        478376197, 
        496554237, 
        480994108, 
        287769286, 
        156741826, 
        478582494, 
        167902586
    ], 
    "fraction of match covered by td exclusion zone": [
        0.766423834220249, 
        0.214752653500672, 
        0.9187346009518833, 
        2.7939187193375683e-05, 
        0.00023861865475252153, 
        0.3406194853056795, 
        0.7534444231440549, 
        0.3224657869745937, 
        0.0037512656339727442, 
        0.34005606908349445
    ], 
    "source": "ORBvl", 
    "pearson_correlation": [
        0.8431393426647901, 
        0.3159995984291175, 
        0.7183569577935907, 
        0.26337977231740534, 
        0.33369754772808646, 
        0.29530584312310204, 
        0.5211526353518848, 
        0.43615877473810066, 
        0.19678653434165558, 
        0.42682355207316974
    ], 
    "spearman_correlation": [
        0.8369679649238091, 
        0.38783193577502145, 
        0.850841799561778, 
        0.5772571994694629, 
        0.601543772674696, 
        0.7638413736856592, 
        0.8162708982750526, 
        0.7907602311867096, 
        0.6623228010023067, 
        0.6939344339243736
    ], 
    "injection_overlap": [
        0.8303153445357377, 
        0.2849280753409955, 
        0.8225086594048404, 
        0, 
        0, 
        0.875942800365046, 
        0.9696367430377065, 
        0.8000185572047203, 
        0, 
        0.8751186281719331
    ], 
    "fraction of match covered by td injection": [
        0.16431142691075365, 
        0.035952035020178755, 
        0.18150979230053899, 
        0, 
        0, 
        0.04784869485230464, 
        0.11169235419592449, 
        0.05763448216486803, 
        0, 
        0.05091194269555116
    ]
}