{
    "image_series_id": 649362978, 
    "distance": [
        428.6023798347368, 
        286.0069929215018, 
        715.8910531638177, 
        1901.6834647227704, 
        560.8029957123981, 
        1250.9996003196804, 
        414.8493702538308, 
        794.669742723353, 
        673.2013071882734, 
        749.2663077971677, 
        674.4627491566899, 
        134.5362404707371, 
        624.6599074696567, 
        1018.3319694480774
    ], 
    "exclusion_zone_overlap": [
        0.07165259495425483, 
        0.35606720609681947, 
        0.0037876427247656016, 
        0.0007276233029451733, 
        0.25318058772412977, 
        0.0005041134545799617, 
        0.04976269625161785, 
        7.062565949137482e-05, 
        0.0005934311250830372, 
        0.7144639401844043, 
        0.008963814758355159, 
        0.492790808465935, 
        0.3589199793304935, 
        0.003090186852460943
    ], 
    "match_id": [
        141603190, 
        112514202, 
        112952510, 
        157556400, 
        112458114, 
        180916954, 
        584194481, 
        166055636, 
        125833030, 
        583747816, 
        478376911, 
        286482701, 
        161458737, 
        168162771
    ], 
    "fraction of match covered by td exclusion zone": [
        0.2792550033231056, 
        0.8480685211378322, 
        0.01602799616518107, 
        0.0003521790074335249, 
        0.9808487981877616, 
        0.0005323487985231062, 
        0.20003714212766355, 
        0.00025986220206916384, 
        0.0020657090168245754, 
        0.7389488240509222, 
        0.02809975496506907, 
        0.9738528493502067, 
        0.5023524710357146, 
        0.01622177468761799
    ], 
    "source": "ACAd", 
    "pearson_correlation": [
        0.6559585195040064, 
        0.9466978434959206, 
        0.4571475400591808, 
        0.7749041046582689, 
        0.9585208842174188, 
        0.5387166932163637, 
        0.9284939380921047, 
        0.34960855869413554, 
        0.8889919560496582, 
        0.8680827831168425, 
        0.863873067644506, 
        0.8730525431540429, 
        0.848302354337114, 
        0.3359857013928059
    ], 
    "spearman_correlation": [
        0.7535668881010766, 
        0.8414619476669978, 
        0.5597224579980433, 
        0.7242628974414405, 
        0.8594498064334224, 
        0.7085473669615483, 
        0.7237154421522178, 
        0.4065883215122837, 
        0.7813226170155958, 
        0.8521181008148245, 
        0.7972091420604827, 
        0.8002947701257076, 
        0.8074227534086346, 
        0.4386877079592894
    ], 
    "injection_overlap": [
        0.1499491537845396, 
        0.8556931285770453, 
        0, 
        0, 
        0.5391371179632342, 
        0, 
        0.0019742772821177523, 
        0, 
        0, 
        0.983953923628209, 
        0.0009656437358395793, 
        0.9317679865367111, 
        0.5518385005909558, 
        0
    ], 
    "fraction of match covered by td injection": [
        0.0291120887060649, 
        0.3182468912543826, 
        0, 
        0, 
        0.35716642129759224, 
        0, 
        0.0009297131730838373, 
        0, 
        0, 
        0.1911984117290397, 
        4.7288620939902136e-05, 
        0.38819044441577105, 
        0.17986230244295678, 
        0
    ]
}