{
    "image_series_id": 651703553, 
    "distance": [
        596.0704656330491, 
        553.6244214266563, 
        461.8441295502196, 
        767.5936424958195, 
        283.9013913315678, 
        645.6779382943172, 
        692.3871749245504, 
        221.13344387495982, 
        427.43420546325024, 
        1323.0646242719968, 
        564.5352070508977, 
        1257.0202862324857, 
        783.4538914320357, 
        487.03182647543684, 
        564.5352070508977, 
        457.49316934791494, 
        142.12670403551894, 
        311.60872901765765, 
        533.1041174104736, 
        176.0681686165901, 
        767.1375365604267, 
        340.58772731852804, 
        1037.448793917078, 
        300.33314835362415, 
        457.49316934791494, 
        545.3439281774392, 
        1596.5587994182988, 
        2778.5067932254547, 
        2334.6305917639306
    ], 
    "exclusion_zone_overlap": [
        0.4033301852710297, 
        0.27915743084726297, 
        0.00017517261573251562, 
        4.2034695722070545e-06, 
        0.3265264992776186, 
        0.0180876452838659, 
        0.022053303621549444, 
        0.834965664578216, 
        0.37120592941742914, 
        0.0019371516670905625, 
        0.10504387044952944, 
        0.08218081811009124, 
        0.0003639618023598577, 
        0.07263606330022558, 
        0.3082303758978127, 
        0.03126356412596835, 
        0.5267031195571884, 
        0.5180734409112363, 
        0.07180484438850404, 
        0.4971523638075304, 
        0.09429633722672405, 
        0.01772006292757005, 
        0.004281499256241671, 
        0.8479235057949708, 
        0.00812295780752184, 
        0.0381428272612209, 
        0.003855044909229393, 
        0.1887878815395564, 
        0.17817017104884558
    ], 
    "match_id": [
        126861679, 
        100148503, 
        116900714, 
        146077302, 
        100141599, 
        598605738, 
        593018150, 
        518742338, 
        559878074, 
        540145406, 
        572588941, 
        511550172, 
        646525997, 
        576341623, 
        571100135, 
        575782182, 
        524667618, 
        502074651, 
        657042668, 
        159753308, 
        656959718, 
        646525156, 
        524874308, 
        597007143, 
        562674923, 
        656632388, 
        525796603, 
        267493760, 
        298003295
    ], 
    "fraction of match covered by td exclusion zone": [
        0.33865773900453255, 
        0.41239832927383485, 
        7.611558543521414e-05, 
        1.4165557315744285e-05, 
        0.3049216369223412, 
        0.0054653318869603, 
        0.01365362457098323, 
        0.5840792535769567, 
        0.3904725266190082, 
        0.00040056406624716277, 
        0.037108397920870485, 
        0.033744666039412445, 
        0.00014186564417822042, 
        0.0512720797584038, 
        0.09114881339501887, 
        0.02352586261307549, 
        0.5776072978895688, 
        0.3595092930420707, 
        0.0875526371405244, 
        0.4868542070104926, 
        0.07160478052244927, 
        0.02421337445126566, 
        0.0022427699683370377, 
        0.4012662923868638, 
        0.0038661446228606777, 
        0.059134126589582614, 
        0.0002664575602663784, 
        0.03281699073076597, 
        0.027110540799024283
    ], 
    "source": "VISam", 
    "pearson_correlation": [
        0.8028643824424793, 
        0.8726093511793392, 
        0.5781478787503141, 
        0.5829225119162769, 
        0.7341717627842058, 
        0.5598548876254572, 
        0.435192826512309, 
        0.6135534495874155, 
        0.8792738176121266, 
        0.5292352051691968, 
        0.43459382787836365, 
        0.531369564153073, 
        0.42121599519989955, 
        0.4509412563872335, 
        0.42270729140906504, 
        0.39007079668423245, 
        0.655665330788842, 
        0.6045049541551895, 
        0.6460830159173507, 
        0.7057135984902877, 
        0.6145857626569987, 
        0.5794970437059019, 
        0.47674220857610267, 
        0.5930126536562711, 
        0.4900610222711458, 
        0.6859316413685755, 
        0.297213983399009, 
        -0.010068106194535005, 
        0.27602794065668407
    ], 
    "spearman_correlation": [
        0.8157966501550429, 
        0.8258071789980033, 
        0.8205588737869162, 
        0.7584607089733214, 
        0.7967822102101547, 
        0.7761670526647082, 
        0.6682744932697267, 
        0.7984630593566703, 
        0.8608274559012293, 
        0.781233427599579, 
        0.711848326039762, 
        0.7498810588202197, 
        0.6792312793103997, 
        0.7377163675389277, 
        0.69905575820461, 
        0.7557799907902155, 
        0.8488085114192638, 
        0.7894745607242073, 
        0.8200793451338163, 
        0.8361093678874756, 
        0.8161660941085305, 
        0.7842158653494441, 
        0.73817596628913, 
        0.8309455735973983, 
        0.7333531709869272, 
        0.8165488276811107, 
        0.5345738753662617, 
        0.39656578541716037, 
        0.5176594876313692
    ], 
    "injection_overlap": [
        0.5307371101445497, 
        0.3942271814686743, 
        0, 
        0, 
        0.340742981555798, 
        0, 
        0.001456939190216585, 
        0.9146199454195186, 
        0.3632721404041394, 
        0, 
        0.0572400103846625, 
        0.05905999957377793, 
        0, 
        0.034927788086927966, 
        0.36096243405952055, 
        0.011097735057008845, 
        0.662846884038422, 
        0.4927007608348573, 
        0.008600453835866904, 
        0.5300510792042246, 
        0.07026784614066646, 
        0.0013016423070932725, 
        0, 
        0.9130020711740392, 
        0.001923002844654605, 
        0, 
        0, 
        0.20263023207964415, 
        0.10037143792244362
    ], 
    "fraction of match covered by td injection": [
        0.13453999586057533, 
        0.14637725434662868, 
        0, 
        0, 
        0.08265321523120359, 
        0, 
        1.8512279001337054e-06, 
        0.213548923857777, 
        0.1218486504608425, 
        0, 
        0.002989116728137389, 
        0.0010128814719493264, 
        0, 
        0.0012078793848502721, 
        0.024573962287014667, 
        0.0022468654934266787, 
        0.24065980437751508, 
        0.09917581816911504, 
        0.0011897833895397384, 
        0.15776181639948633, 
        0.007646720057963902, 
        0.00047074630428871133, 
        0, 
        0.12635807883442593, 
        3.0775898071716774e-06, 
        0, 
        0, 
        0.00930550755702877, 
        0.001142177032659882
    ]
}