{
    "image_series_id": 657424207, 
    "distance": [
        499.799959983992, 
        803.4923770640266, 
        809.5060222135472, 
        582.2370651203855, 
        1609.3166251549135, 
        864.0601830891179, 
        452.76925690687085, 
        1077.9146533933008, 
        706.1161377563892, 
        1146.865292874451
    ], 
    "exclusion_zone_overlap": [
        0.02364141173048883, 
        0.0782681525884478, 
        0.02846028312224198, 
        0.4740112904422972, 
        0.0010778921672422181, 
        0.039315858689123524, 
        0.38235216762048063, 
        0.02650844381280179, 
        0.006515207527853455, 
        0.39743329383669795
    ], 
    "match_id": [
        100141454, 
        141603190, 
        112514202, 
        112952510, 
        180916954, 
        496554237, 
        166055636, 
        583747816, 
        286482701, 
        168162771
    ], 
    "fraction of match covered by td exclusion zone": [
        0.10609462492594465, 
        0.16824443174078818, 
        0.054215843949559736, 
        0.5669736802259117, 
        0.0003676771088903445, 
        0.0026494377550103083, 
        0.27944916826505795, 
        0.020953472106530886, 
        0.011849722021271977, 
        0.40542423858945076
    ], 
    "source": "MOs", 
    "pearson_correlation": [
        0.9029586555713124, 
        0.86390692465389, 
        0.2703513097754696, 
        0.9410319170833039, 
        0.8766461003159312, 
        0.19882254701944732, 
        0.9543598235255784, 
        0.40458565214181974, 
        0.24131021688765183, 
        0.9644894458517944
    ], 
    "spearman_correlation": [
        0.7851087585567506, 
        0.7953073915794563, 
        0.4551888001846567, 
        0.880582012583908, 
        0.7178508162042928, 
        0.5218564926780036, 
        0.8767217708865194, 
        0.544969816997696, 
        0.39947134147366237, 
        0.8687646686047833
    ], 
    "injection_overlap": [
        0.002577255188854424, 
        0.0006565076664302899, 
        0.00044644276454985227, 
        0.6680520638724705, 
        0, 
        0.03791211473947402, 
        0.6158470251883479, 
        0.00013920927820732803, 
        3.9599955550084384e-08, 
        0.39022523050907176
    ], 
    "fraction of match covered by td injection": [
        0.0021222520803435836, 
        0.00026188211699986467, 
        0.00018616080596120367, 
        0.19442462472666036, 
        0, 
        0.0005018323256649541, 
        0.084987482280861, 
        4.789076962860779e-05, 
        7.745502538947034e-09, 
        0.08753376831411955
    ]
}