{
    "distance": [
        721.3182376732201, 
        978.2126558167197, 
        476.44516998286383, 
        599.4163828258284, 
        757.495874576225, 
        1407.4800176201436, 
        947.3119866232032, 
        1044.796630928718, 
        387.94329482541644, 
        1281.3274366843161, 
        525.5473337388365, 
        641.9501538281613, 
        314.00636936215164, 
        430.4648650006177, 
        1036.3879582472964, 
        1148.0853626799708, 
        586.0887304837041, 
        619.1930232165088, 
        672.6812023536855, 
        963.7945839233587, 
        693.2532004974805, 
        418.9272013130682, 
        1155.2056094046636, 
        892.468486838611, 
        313.2091952673165, 
        680.147042925278, 
        922.875939658197, 
        717.9832867135558, 
        905.2071586106686, 
        1590.2201105507377, 
        1226.947431636743, 
        1128.9818421923358, 
        684.9087530467106, 
        1267.1227249165725, 
        375.89892258425004, 
        874.6999485537883, 
        1089.816498315198, 
        637.5735251718032, 
        516.1395160225576, 
        687.8226515607057, 
        860.3487664894975, 
        838.9278872465737, 
        304.9590136395381, 
        460.5431575867782, 
        771.8808198161164, 
        1539.9350635659935, 
        871.20606058498, 
        1222.906374175881, 
        624.1794613730895, 
        927.6852914647294, 
        633.1666447310693, 
        1607.6691201861158, 
        721.7340230306453, 
        768.7652437513028, 
        1156.676272774712
    ], 
    "source": "VISp", 
    "spearman_correlation": [
        0.33074248458979755, 
        0.5988069865205689, 
        0.4514248788793116, 
        0.4543922508579962, 
        0.4913456852493583, 
        0.30667835285802003, 
        0.5615542050269127, 
        0.3003959134053598, 
        0.4841109165519978, 
        0.35792727267244945, 
        0.45983806278220585, 
        0.00974448080959661, 
        0.8516936254189245, 
        0.60303926164492, 
        -0.24341146756892237, 
        0.0003018413849030689, 
        0.8758628584166082, 
        0.7912124186020714, 
        0.23538540016851747, 
        0.2913425553984591, 
        0.5304761787532757, 
        0.44206774880067723, 
        0.21260275837201056, 
        0.33293898077735984, 
        0.4913641348191725, 
        0.5858661982131028, 
        0.2970730015271499, 
        0.19011069868252395, 
        0.3499543218847164, 
        0.6270003151714808, 
        0.5902464807620629, 
        0.04550588312758531, 
        0.13832950844965938, 
        0.6032382895633069, 
        0.6786098274215875, 
        -0.11897236954427062, 
        0.18140522867853578, 
        0.8002225018427671, 
        0.8750135807074887, 
        0.3086611244052636, 
        0.04170169006336973, 
        0.22815774866710478, 
        0.5672545525625149, 
        0.5707479040425002, 
        0.4111386941924146, 
        0.5621760914145091, 
        -0.2147439421372963, 
        -0.1613453720987198, 
        0.2981585636437841, 
        0.026028599639784607, 
        0.13065969617190848, 
        0.39197599530933075, 
        0.7009261875065282, 
        0.25007128406663076, 
        0.21528826997301873
    ], 
    "pearson_correlation": [
        0.9160963166387327, 
        0.996948863291516, 
        0.9049784732196147, 
        0.9487906121677033, 
        0.9945612872894541, 
        0.9700179097337674, 
        0.9641522306044302, 
        0.9098668436022282, 
        0.9782870157563895, 
        0.9888731141920354, 
        0.908041414602126, 
        0.918889599049569, 
        0.963699559205561, 
        0.9095872349329417, 
        0.8508205364327242, 
        0.8490204369501031, 
        0.9863119687969437, 
        0.9681818424463243, 
        0.8860304475290728, 
        0.8993322139779012, 
        0.9475297605410874, 
        0.9971403909975085, 
        0.9766132169261356, 
        0.9683298567421877, 
        0.9043193702103779, 
        0.9730222400825574, 
        0.9929977036126193, 
        0.9491337149113904, 
        0.907463661995607, 
        0.8872577884641394, 
        0.8844993248559306, 
        0.8809160764537975, 
        0.9211146724900978, 
        0.9039629912506171, 
        0.9562729790348968, 
        0.9226426741595332, 
        0.9155820479272208, 
        0.945267079190952, 
        0.959340103759693, 
        0.9468484045749965, 
        0.976905482831184, 
        0.9680024503694494, 
        0.9057936265202006, 
        0.9704390416105616, 
        0.9956466013889634, 
        0.9891553995682691, 
        0.8453089200831303, 
        0.9262584464682021, 
        0.9830787882964941, 
        0.8415947722869334, 
        0.9235615008972936, 
        0.9754357105183961, 
        0.9591957518962921, 
        0.8815544387076828, 
        0.9538204010920186
    ], 
    "fraction of match covered by td injection": [
        5.270219438714066e-07, 
        0, 
        0, 
        0, 
        0, 
        0, 
        0, 
        0, 
        0.002096946865681887, 
        0, 
        0.21119386726074935, 
        0, 
        0.8151160996532741, 
        0.9298599314972629, 
        0, 
        0, 
        0.19701804243160992, 
        0.5788964815730315, 
        0, 
        0, 
        0.0001456798998096034, 
        0.005903119394530602, 
        0, 
        0.00994422237690975, 
        0.09467137224498734, 
        0.0368745511869236, 
        0, 
        0, 
        0, 
        0, 
        0, 
        0, 
        0, 
        0, 
        0.3946215663171199, 
        0, 
        0, 
        0.022018215462610603, 
        0.08784256459081081, 
        0.00818025686400614, 
        0, 
        0, 
        0.21380299145082796, 
        0.10269891349558924, 
        3.5070302436574937e-12, 
        0, 
        0, 
        0, 
        0, 
        0, 
        0.012062197236827036, 
        0, 
        0.06566263077238384, 
        0, 
        0
    ], 
    "match_A": [
        177781745, 
        177781745, 
        177781745, 
        177781745, 
        177781745, 
        177781745, 
        177781745, 
        177781745, 
        177781745, 
        177781745, 
        479756361, 
        479756361, 
        479756361, 
        479756361, 
        479756361, 
        479756361, 
        479756361, 
        479756361, 
        479756361, 
        514313871, 
        514313871, 
        514313871, 
        514313871, 
        514313871, 
        514313871, 
        514313871, 
        514313871, 
        168097187, 
        168097187, 
        168097187, 
        168097187, 
        168097187, 
        168097187, 
        168097187, 
        574637452, 
        574637452, 
        574637452, 
        574637452, 
        574637452, 
        574637452, 
        563731437, 
        563731437, 
        563731437, 
        563731437, 
        563731437, 
        596571282, 
        596571282, 
        596571282, 
        596571282, 
        638978767, 
        638978767, 
        638978767, 
        503069254, 
        503069254, 
        263780729
    ],