{
    "distance": [
        375.89892258425004, 
        874.6999485537883, 
        1089.816498315198, 
        637.5735251718032, 
        516.1395160225576, 
        687.8226515607057, 
        860.3487664894975, 
        838.9278872465737, 
        304.9590136395381, 
        460.5431575867782, 
        771.8808198161164, 
        1539.9350635659935, 
        871.20606058498, 
        1222.906374175881, 
        624.1794613730895, 
        927.6852914647294, 
        633.1666447310693, 
        1607.6691201861158, 
        721.7340230306453, 
        768.7652437513028, 
        1156.676272774712
    ], 
    "source": "VISp", 
    "spearman_correlation": [
        0.6786098274215875, 
        -0.11897236954427062, 
        0.18140522867853578, 
        0.8002225018427671, 
        0.8750135807074887, 
        0.3086611244052636, 
        0.04170169006336973, 
        0.22815774866710478, 
        0.5672545525625149, 
        0.5707479040425002, 
        0.4111386941924146, 
        0.5621760914145091, 
        -0.2147439421372963, 
        -0.1613453720987198, 
        0.2981585636437841, 
        0.026028599639784607, 
        0.13065969617190848, 
        0.39197599530933075, 
        0.7009261875065282, 
        0.25007128406663076, 
        0.21528826997301873
    ], 
    "pearson_correlation": [
        0.9562729790348968, 
        0.9226426741595332, 
        0.9155820479272208, 
        0.945267079190952, 
        0.959340103759693, 
        0.9468484045749965, 
        0.976905482831184, 
        0.9680024503694494, 
        0.9057936265202006, 
        0.9704390416105616, 
        0.9956466013889634, 
        0.9891553995682691, 
        0.8453089200831303, 
        0.9262584464682021, 
        0.9830787882964941, 
        0.8415947722869334, 
        0.9235615008972936, 
        0.9754357105183961, 
        0.9591957518962921, 
        0.8815544387076828, 
        0.9538204010920186
    ], 
    "fraction of match covered by td injection": [
        0.3946215663171199, 
        0, 
        0, 
        0.022018215462610603, 
        0.08784256459081081, 
        0.00818025686400614, 
        0, 
        0, 
        0.21380299145082796, 
        0.10269891349558924, 
        3.5070302436574937e-12, 
        0, 
        0, 
        0, 
        0, 
        0, 
        0.012062197236827036, 
        0, 
        0.06566263077238384, 
        0, 
        0
    ], 
    "match_A": [
        574637452, 
        574637452, 
        574637452, 
        574637452, 
        574637452, 
        574637452, 
        563731437, 
        563731437, 
        563731437, 
        563731437, 
        563731437, 
        596571282, 
        596571282, 
        596571282, 
        596571282, 
        638978767, 
        638978767, 
        638978767, 
        503069254, 
        503069254, 
        263780729
    ], 
    "injection_overlap": [
        0.4433246110878525, 
        0, 
        0, 
        0.013747534951357783, 
        0.6650916889873815, 
        0.0019773456697665696, 
        0, 
        0, 
        0.516869345281228, 
        0.8854939117641558, 
        3.7108630935866724e-07, 
        0, 
        0, 
        0, 
        0, 
        0, 
        0.10721664900696956, 
        0, 
        0.21773963750472555, 
        0, 
        0
    ], 
    "match_B": [
        563731437, 
        596571282, 
        638978767, 
        503069254, 
        263780729, 
        156545918, 
        596571282, 
        638978767, 
        503069254, 
        263780729, 
        156545918, 
        638978767, 
        503069254, 
        263780729, 
        156545918, 
        503069254, 
        263780729, 
        156545918, 
        263780729, 
        156545918, 
        156545918
    ]
}