{
    "image_series_id": 475829896, 
    "distance": [
        183.94368070923585, 
        232.3336574431663, 
        386.38553410745124, 
        529.4122574243049, 
        608.2083614455902, 
        298.451786481375, 
        304.86444162411925, 
        233.9541989761163, 
        979.6908755895344, 
        660.5040892473302, 
        746.4216110366139, 
        510.4484992296196, 
        1044.4329685273678, 
        114.59429451857721
    ], 
    "exclusion_zone_overlap": [
        0.44829038569518503, 
        0.6205264158671034, 
        0.338009647542596, 
        0.1454089643274655, 
        0.048816841487391335, 
        0.24648085387557525, 
        0.5269014451938461, 
        0.6196913334653396, 
        0.008533139940031608, 
        0.0016130245613136056, 
        0.13350657955379486, 
        0.27372465871180657, 
        0.10974697175635308, 
        0.6147921750183779
    ], 
    "match_id": [
        146593590, 
        139426984, 
        139520203, 
        180916954, 
        584194481, 
        526783054, 
        125833030, 
        478491090, 
        583747816, 
        182793477, 
        126117554, 
        478376911, 
        161458737, 
        496576666
    ], 
    "fraction of match covered by td exclusion zone": [
        0.6267852084798793, 
        0.962614447079046, 
        0.5850890234166707, 
        0.06472962424830417, 
        0.06786243960615665, 
        0.9994888314571742, 
        0.6474830647132412, 
        0.8464651652728579, 
        0.0028639437676294412, 
        0.00025339253456354297, 
        0.25458105240173684, 
        0.41206379045724506, 
        0.0612942225939897, 
        0.6608601766346267
    ], 
    "source": "ACAd", 
    "pearson_correlation": [
        0.9144591104851378, 
        0.9614008415358649, 
        0.921962775664446, 
        0.5294737934702379, 
        0.9204402513713801, 
        0.9371713828641436, 
        0.9748092333896228, 
        0.642819722712773, 
        0.8032997163782184, 
        0.28767173872765806, 
        0.7402076089828669, 
        0.9220132654048753, 
        0.8745423274032614, 
        0.8469928831700196
    ], 
    "spearman_correlation": [
        0.9038434829668188, 
        0.8792945906432749, 
        0.8450294918678183, 
        0.6902682186271067, 
        0.7908026037265901, 
        0.9167924307196049, 
        0.8863417519920272, 
        0.8784811412199556, 
        0.8144468349802269, 
        0.38413593702084164, 
        0.7005208333333334, 
        0.8773701741745311, 
        0.7788709399892026, 
        0.8832098007759119
    ], 
    "injection_overlap": [
        0.6678231596421434, 
        0.7226084450349581, 
        0.4741403641552334, 
        0.2574911526236281, 
        0.015180219966728867, 
        0.34998093003907477, 
        0.6268810984166752, 
        0.8627737306874483, 
        0.0008335427898084045, 
        0, 
        0.11743052100227064, 
        0.20604143855217077, 
        0.11158785847140817, 
        0.7651448077054651
    ], 
    "fraction of match covered by td injection": [
        0.3973427242453468, 
        0.5939544254566629, 
        0.39306682533726406, 
        0.036379824785580044, 
        0.010052711611164418, 
        0.8307273569635362, 
        0.3818225682588404, 
        0.5664583405839435, 
        5.957068055724419e-05, 
        0, 
        0.1124347691673691, 
        0.17432171607784583, 
        0.02424725506616193, 
        0.37431859638890114
    ]
}