{
    "image_series_id": 478877019,
    "match_id": [
        100141454,
        112952510,
        157556400,
        157711748,
        126860974,
        478376197,
        496554237,
        166055636,
        480994108,
        286313491,
        478582494,
        263106036,
        167902586
    ],
    "distance": [
        1186.4638050320832,
        1348.3756992014755,
        780.7259815541627,
        140.5448568040796,
        575.6240655717564,
        261.7419855156392,
        276.298602236418,
        1223.2097796067644,
        805.9193969485468,
        724.933987681587,
        623.2543254861915,
        79.5263098843786,
        575.759513762955
    ],
    "injection_overlap": [
        0.0018617980530017482,
        1.045411690891471e-06,
        0.001165907161132539,
        0.6584052295980904,
        0.07542625750338972,
        0.764127484028543,
        0.447764619679094,
        0.005739971696464114,
        0,
        0.00927087076987818,
        0.018924078627726774,
        0.9550532310002081,
        0.034698610717858305
    ],
    "exclusion_zone_overlap": [
        0.006017688062527382,
        0.00022763072091915704,
        0.003753298189553334,
        0.31736347550370875,
        0.1070946847905281,
        0.5203250787468405,
        0.31624848723226784,
        0.018855995618555117,
        0.0008191158422420017,
        0.014454081720526113,
        0.048774843668887735,
        0.6228306001803765,
        0.05628969473087256
    ],
    "fraction of match covered by td injection": [
        0.00610270011501167,
        1.2742511759161716e-06,
        0.003994352554690438,
        0.8070238067063238,
        0.08440895032503798,
        0.39714475315183656,
        0.2784277172932843,
        0.004636030190964315,
        0,
        0.022877772457384628,
        0.026785544413904315,
        0.6170660006018374,
        0.01655176762858664
    ],
    "fraction of match covered by td exclusion zone": [
        0.04224220152678809,
        0.00027753253190649876,
        0.016610058056989493,
        0.9323918092481772,
        0.16396972604080065,
        0.5914666066447244,
        0.4660821953170836,
        0.02539554023153884,
        0.0005231428608258937,
        0.04888974486244467,
        0.11745151980913482,
        0.7861754383024128,
        0.05017065316590414
    ],
    "spearman_correlation": [
        0.25686896694532807,
        0.2427796893381643,
        0.6260701025722881,
        0.9106259634305608,
        0.8235965562845494,
        0.8010943374741282,
        0.8432481184363231,
        0.2278942357543322,
        0.5782279626264711,
        0.8222668422685934,
        0.6513426315096055,
        0.9597426108074038,
        0.7539895440711758
    ],
    "pearson_correlation": [
        0.09699988182080467,
        0.05322754190580457,
        0.5611796409219924,
        0.9600547539065342,
        0.8854060243294095,
        0.7200457085539561,
        0.7602484158646906,
        0.019473354163621576,
        0.46579562318927475,
        0.6470908226786406,
        0.5134413795392059,
        0.9808290678889603,
        0.7582990854567119
    ],
    "source": "ILA"
}