{
    "image_series_id": 478995566, 
    "distance": [
        496.78141704665154, 
        1141.6513142031833, 
        776.4602227594901, 
        2092.612839153695, 
        1234.5113368239886, 
        505.0688363483006, 
        997.8259837894493, 
        308.08186097243185, 
        664.0693651529483, 
        785.1226311731958, 
        1165.7852233717435, 
        1111.8148097744292, 
        949.0664423029506
    ], 
    "exclusion_zone_overlap": [
        0.23777785379283106, 
        1.6994585358345793e-05, 
        0.03828402095481201, 
        0, 
        0.002307738781278623, 
        0.24881596552365604, 
        0.04154901979079259, 
        0.6920949009079984, 
        0.8134300464284863, 
        0.03843439496854273, 
        0.024969735154017448, 
        0.005007983496491541, 
        0.02606339971765629
    ], 
    "match_id": [
        112596790, 
        180709230, 
        272737914, 
        180436360, 
        249402048, 
        166153483, 
        272928602, 
        296048512, 
        296047806, 
        485846989, 
        513775257, 
        187268452, 
        513773998
    ], 
    "fraction of match covered by td exclusion zone": [
        0.16354477489305697, 
        1.543333830280583e-05, 
        0.05325046729563974, 
        0, 
        0.0014602174606228495, 
        0.16104870073080227, 
        0.04336577509484186, 
        0.4814737822485451, 
        0.31995904094631744, 
        0.05101474334226966, 
        0.017543226101600425, 
        0.0076236064303558575, 
        0.027595839596885174
    ], 
    "source": "CLA", 
    "pearson_correlation": [
        0.6979563932817437, 
        0.7990242576411222, 
        0.6639628409942796, 
        0.5660177316377171, 
        0.3327773954137613, 
        0.695297715309237, 
        0.3307586311604317, 
        0.7585726262804039, 
        0.7453555174784318, 
        0.8292180512848512, 
        0.8221305241366063, 
        0.5595543314132787, 
        0.835958155469855
    ], 
    "spearman_correlation": [
        0.7482560707658428, 
        0.8615933459940143, 
        0.717691777416875, 
        0.8230506516864255, 
        0.60961141195448, 
        0.8324202149884044, 
        0.6111557093881835, 
        0.8464542738114291, 
        0.7620745516293735, 
        0.8283067292687368, 
        0.8493296032531722, 
        0.8235452409270585, 
        0.9511992692601154
    ], 
    "injection_overlap": [
        0.36762337075940776, 
        8.954506226015553e-13, 
        0.016533816789697654, 
        0.0002707480493576924, 
        0.00197594089348932, 
        0.38073865489151343, 
        0.02449505913580705, 
        0.8768647732100182, 
        0.9591628435755933, 
        0.025697462041280365, 
        0.005973194991025263, 
        0.0012865838604220281, 
        0.009151822170904034
    ], 
    "fraction of match covered by td injection": [
        0.10271346162995375, 
        3.13140684484566e-09, 
        0.024561167500847553, 
        0.00018215266010470295, 
        0.0008443582590333067, 
        0.11150966814328653, 
        0.022399237575730622, 
        0.35280057232486794, 
        0.22393576423947914, 
        0.028215454264064913, 
        0.007878855676704172, 
        0.003882398204099493, 
        0.010914758530039585
    ]
}