{
    "image_series_id": 501787135, 
    "distance": [
        876.5187547866623, 
        902.5721506859593, 
        566.6339576586743, 
        947.5864302436246, 
        532.4759035824659, 
        527.8067145156234, 
        859.6755055207072, 
        928.310042771008, 
        410.6037811671557, 
        740.2125922071202, 
        604.0624792657391, 
        555.6539976466875, 
        559.9558348086836, 
        519.4160952062389, 
        448.7790800256753, 
        943.5346886125731, 
        128.2613216226786, 
        118.31216733607404, 
        816.199919905285, 
        722.9334367960098, 
        567.7547392041467, 
        588.2474079644118, 
        1847.4900929017333, 
        902.601619429104, 
        355.87805471064337, 
        876.9637679143623, 
        816.7240388140077, 
        697.8677557472424, 
        613.0005706322733, 
        894.9515524687255, 
        861.3690596168275, 
        457.0392670733524, 
        700.2033693239368, 
        55.08739917091531, 
        166.64851402523303, 
        182.95630816627008, 
        153.49865275061856, 
        612.7013513693466, 
        454.6797805544539, 
        601.6759183559462, 
        669.5514709694377, 
        430.39822153379623, 
        390.17670317387723, 
        660.1266522948595, 
        748.7982297488894, 
        324.24204735126426, 
        80.00105308598872, 
        298.57341660543756, 
        718.7724494170592, 
        692.154275278645, 
        1190.6118233707823, 
        856.076953754968, 
        927.2314684628252, 
        120.46391278601659, 
        430.78734477090364
    ], 
    "exclusion_zone_overlap": [
        0.0036130003130801914, 
        0.00024185524350925323, 
        0.01585339665647799, 
        0.00047508908892804515, 
        0.1600235881152396, 
        0.5349976279973852, 
        0.010611430673605064, 
        0.0004636897282216678, 
        0.47714057504317076, 
        0.0060254231131777625, 
        0.02985905587371567, 
        0.03076953235670799, 
        0.16839160288840155, 
        0.09168779507373886, 
        0.5692959168457264, 
        0.008134039400753487, 
        0.7295227983733507, 
        0.5143972830302261, 
        1.9706021026234387e-05, 
        0.02514627385462858, 
        0.07689363056435283, 
        0.4291954880353615, 
        0.38602957762358264, 
        0.049312479051053466, 
        0.4321635957888897, 
        9.113906341070025e-09, 
        0.12988569056122348, 
        2.0938024115507808e-08, 
        0.02002389799302335, 
        2.42376210269776e-07, 
        4.948515508359297e-11, 
        0.06131020118978884, 
        0.016681640892892605, 
        0.24523092930933654, 
        0.4032076546528037, 
        0.5051736558209272, 
        0.4179465132497237, 
        0.09352962038587873, 
        0.059727097446677285, 
        0.02101608247472752, 
        0.017789918081604572, 
        0.1485252185048947, 
        0.2680929606872827, 
        0.03121387289271515, 
        0.0002914037096074237, 
        0.28999008930392567, 
        0.07364663116397577, 
        0.11294943376387914, 
        0.0041983631565764, 
        0.08662289102974347, 
        0.025051474105990915, 
        1.4779754836785491e-05, 
        0.0024280934804052972, 
        0.5108315535453559, 
        0.0875664282235762
    ], 
    "match_id": [
        307297141, 
        113887162, 
        100147853, 
        307321674, 
        304586645, 
        307558646, 
        307320960, 
        307743253, 
        307557934, 
        114008926, 
        309003780, 
        277616630, 
        307137980, 
        304585910, 
        309113907, 
        307296433, 
        307593747, 
        100141219, 
        304564721, 
        272782668, 
        304762965, 
        309372716, 
        638314843, 
        127795906, 
        500836840, 
        294481346, 
        512315551, 
        522409371, 
        502966396, 
        512314723, 
        500837552, 
        294482052, 
        530574594, 
        482578964, 
        266250195, 
        479755622, 
        479701339, 
        479984127, 
        596253012, 
        535692871, 
        501115762, 
        536299435, 
        479983421, 
        501004474, 
        562061175, 
        546103149, 
        517072832, 
        121510421, 
        503323656, 
        584511827, 
        593277684, 
        480069939, 
        601476074, 
        479756361, 
        503069254
    ], 
    "fraction of match covered by td exclusion zone": [
        0.00483898136160608, 
        9.586937108755661e-05, 
        0.15120299754233074, 
        0.0008187209633165924, 
        0.3254716983319938, 
        0.25096102940395393, 
        0.015286714864805703, 
        0.0005135185538106933, 
        0.4249234270441421, 
        0.01237091877826854, 
        0.05259144562955408, 
        0.15268162836035162, 
        0.17314195464318702, 
        0.320511499963818, 
        0.34241732919944823, 
        0.009383897682068505, 
        0.6963338701115048, 
        0.9371321763305248, 
        0.0003124240258713782, 
        0.03227988079905191, 
        0.0790197259007083, 
        0.2283222395363246, 
        0.12669850801889104, 
        0.0634267248384132, 
        0.5144569912499161, 
        1.017835334808405e-06, 
        0.042888792885144765, 
        1.401089586591197e-05, 
        0.11481370270491541, 
        3.599293311079521e-06, 
        5.487613253344988e-08, 
        0.3602504199985117, 
        0.0682657431387743, 
        0.9983416423042045, 
        0.8821380836467542, 
        0.990315580047746, 
        0.9868163704723315, 
        0.11835729401325197, 
        0.3135515036728186, 
        0.11412707866181479, 
        0.03338627585101212, 
        0.46028172254774874, 
        0.4772676729508631, 
        0.07413024997526205, 
        0.0003386651248880854, 
        0.5944717983343958, 
        1.0000000000000002, 
        0.8631987374144545, 
        0.023678022107667486, 
        0.030089162520265954, 
        0.0038268049067956265, 
        7.364590502007835e-06, 
        0.0017872733974518037, 
        0.9886549138124688, 
        0.4048206846059018
    ], 
    "source": "VISp", 
    "pearson_correlation": [
        0.9467477013000353, 
        0.9115745647405815, 
        0.974335836715125, 
        0.9225011237604829, 
        0.9639943805676334, 
        0.962615663405448, 
        0.9744187490577123, 
        0.9409133492096343, 
        0.9801293668126919, 
        0.857653879525618, 
        0.9748935537614302, 
        0.9701946012606442, 
        0.9708258002078686, 
        0.9511938655537372, 
        0.9734596804667983, 
        0.9281396527977129, 
        0.9838199110210375, 
        0.9845932136929411, 
        0.9273463627155423, 
        0.9924116501798824, 
        0.9459919159202306, 
        0.9610234692299443, 
        0.47507669089904364, 
        0.3332191944856996, 
        0.9516678088006566, 
        0.9279487625915976, 
        0.7574372274806951, 
        0.904702214340431, 
        0.8832985365129755, 
        0.786355262545514, 
        0.9743994508702287, 
        0.9772918816838115, 
        0.9592722392580664, 
        0.9895911966178885, 
        0.980302902280326, 
        0.9859235262800199, 
        0.9778618068018756, 
        0.9563901303384768, 
        0.9797853823783972, 
        0.9809040961983417, 
        0.9710373304698504, 
        0.9788429112747588, 
        0.9725328994331861, 
        0.9297715511858619, 
        0.9214684170107896, 
        0.9599576856755386, 
        0.9867037534023375, 
        0.9818295765657218, 
        0.9468214717747443, 
        0.8385904237130978, 
        0.893374122404886, 
        0.9775148727039918, 
        0.8859979684219508, 
        0.9780781922504331, 
        0.9644422015323797
    ],