{
    "image_series_id": 501786400, 
    "distance": [
        926.8235555313058, 
        993.1391777707622, 
        576.6411125993601, 
        990.8628986274875, 
        1348.5866030361958, 
        625.8559766207558, 
        625.5744097050342, 
        872.98636529917, 
        1017.8469025107839, 
        1012.9783189389354, 
        500.3704919186783, 
        844.8149354306615, 
        680.9369353922718, 
        747.4691265454372, 
        608.1773687844794, 
        890.1276072179147, 
        647.4787907320327, 
        528.0838362949521, 
        545.9560630808171, 
        764.8741201401098, 
        962.6512012847002, 
        212.15011777731445, 
        878.6040818419955, 
        234.76209888649518, 
        607.7906460820209, 
        662.8121322236236, 
        692.3731084855519, 
        1916.797102224394, 
        995.6583113148378, 
        2311.2188181997526, 
        462.25488199488376, 
        876.1941325603229, 
        862.103962507617, 
        830.7525564101537, 
        682.2579834469599, 
        1096.6562851382082, 
        717.5370069141869, 
        571.7044073630321, 
        874.5793686289495, 
        876.8324816182862, 
        556.4363002527724, 
        825.8597254890752, 
        814.318382705074, 
        156.637178176035, 
        281.15877571161934, 
        835.8859100439009, 
        815.9423378368124, 
        213.75291397732454, 
        762.8898940299689, 
        108.22906421676286, 
        501.2044705284857, 
        561.0251131893264, 
        590.9400905143748, 
        567.457695666005, 
        911.922447814539, 
        540.9919566214173, 
        500.4420219235317, 
        702.4380937842253, 
        835.9001788036381, 
        220.97036092400018, 
        105.66923942784392, 
        285.39878706227984, 
        732.0786088423292, 
        760.6629866088482, 
        1786.416020450979, 
        582.729917285715, 
        794.581636601096, 
        1187.2270935678437, 
        831.8670810969766, 
        898.5181593796389, 
        882.850518443831, 
        893.0795276713019, 
        188.87187850168036, 
        544.8081665093061
    ], 
    "exclusion_zone_overlap": [
        0.002527243739469647, 
        0.004233624509074527, 
        0.03406064028559651, 
        0.0004913269081306018, 
        0.001568998464762709, 
        0.0673599634996043, 
        0.30081116240251093, 
        0.030840698741424033, 
        2.0074448062011475e-05, 
        0.0016041155533586975, 
        0.2577404088863716, 
        0.005769527870356699, 
        0.02093501009400615, 
        0.0010829867721066735, 
        0.04547427839814628, 
        7.083267178866505e-06, 
        0.0846643114168325, 
        0.08858893895882533, 
        0.32165182751295845, 
        0.010080161316810447, 
        0.023555563891035865, 
        0.5273362960691459, 
        0.008295447966126055, 
        0.2842735892345538, 
        0.13491987925459265, 
        0.034970426565358, 
        0.2282224563709978, 
        0.313332796862443, 
        0.018899050722504352, 
        0.008525583044235294, 
        0.22175476080053239, 
        0.00019043627597247655, 
        0.00016394644683450643, 
        0.22728112449663465, 
        0.006495972603653999, 
        0.00059876235088498, 
        2.0816728503784114e-05, 
        0.046433898213916934, 
        0.0009444345107810222, 
        2.728184500105473e-08, 
        0.03305633577545894, 
        9.909082470849315e-08, 
        0.006100815989748187, 
        0.1356677627469192, 
        0.21631267969660656, 
        1.3254599540976956e-07, 
        0.02602492495400608, 
        0.2916385892572453, 
        0.014610603140836991, 
        0.2434030099505904, 
        0.23329291093899357, 
        0.035231476003348444, 
        0.0578040695313258, 
        0.12345244702830403, 
        0.0005821787044822176, 
        0.04804244484633421, 
        0.13323858661745763, 
        0.04656389249295529, 
        0.0006322934224922364, 
        0.2809745049121525, 
        0.04134422292288132, 
        0.09325567437134717, 
        0.01566448796097134, 
        0.004051181958210281, 
        0.00023530009558020212, 
        0.19518706963315152, 
        0.0075543197295792576, 
        0.07018088396763794, 
        2.5182295818738605e-05, 
        0.00045568944482413635, 
        0.005286892865045519, 
        0.036865937378341755, 
        0.2805796956206379, 
        0.037341637736094654
    ], 
    "match_id": [
        307297141, 
        113887162, 
        100147853, 
        307321674, 
        126115436, 
        304586645, 
        307558646, 
        307320960, 
        307743253, 
        113887868, 
        307557934, 
        114008926, 
        309003780, 
        277712166, 
        277616630, 
        277714322, 
        307137980, 
        304585910, 
        309113907, 
        126862385, 
        307296433, 
        307593747, 
        174361040, 
        100141219, 
        272782668, 
        304762965, 
        309372716, 
        638314843, 
        127795906, 
        120280939, 
        500836840, 
        523718823, 
        294481346, 
        512315551, 
        657046319, 
        598605738, 
        522409371, 
        502966396, 
        512314723, 
        500837552, 
        294482052, 
        501006221, 
        530574594, 
        482578964, 
        266250195, 
        503809372, 
        536298726, 
        479755622, 
        510417993, 
        479701339, 
        479984127, 
        596253012, 
        535692871, 
        501115762, 
        603479758, 
        536299435, 
        479983421, 
        501004474, 
        562061175, 
        546103149, 
        517072832, 
        121510421, 
        503323656, 
        272930013, 
        661987195, 
        584511827, 
        510417255, 
        593277684, 
        485237081, 
        480069939, 
        523718075, 
        601476074, 
        479756361, 
        503069254
    ],