{
    "image_series_id": 502592260,
    "match_id": [
        307297141,
        113887162,
        100147853,
        307321674,
        304586645,
        307558646,
        307320960,
        307743253,
        307557934,
        114008926,
        309003780,
        277712166,
        277616630,
        277714322,
        307137980,
        304585910,
        309004492,
        309113907,
        277713580,
        307296433,
        307593747,
        100141219,
        304564721,
        272782668,
        304762965,
        309372716,
        638314843,
        127795906,
        500836840,
        523718823,
        294481346,
        512315551,
        598605738,
        522409371,
        502966396,
        512314723,
        500837552,
        294482052,
        530574594,
        530555292,
        482578964,
        540145406,
        266250195,
        511550172,
        503809372,
        479755622,
        479701339,
        479984127,
        596253012,
        566992832,
        535692871,
        501115762,
        603479758,
        536299435,
        479983421,
        501004474,
        562061175,
        546103149,
        517072832,
        121510421,
        503323656,
        524874308,
        482580380,
        584511827,
        593277684,
        485237081,
        480069939,
        601476074,
        479756361,
        503069254
    ],
    "distance": [
        957.5162353759166,
        648.9636711776005,
        724.5045407570573,
        1043.7667454168977,
        318.27416156809267,
        442.3264682386328,
        1015.3850691697246,
        898.0711483414466,
        386.73697363433257,
        637.6194789372678,
        614.720965625416,
        397.8883952870323,
        356.09708196364267,
        547.7169078185783,
        556.6644998577752,
        686.4922002431961,
        1183.0675267589943,
        251.81115619258586,
        648.718309343102,
        1090.3761290690713,
        294.07489454234934,
        180.4764626585694,
        604.4133391980871,
        943.0025586556824,
        485.5273130226628,
        419.1862287317743,
        1889.3532576452876,
        872.328556396368,
        163.1988206489208,
        973.1064578140639,
        812.8239120899573,
        969.326137677992,
        752.7996194971194,
        850.6087053060238,
        616.4531274154369,
        838.925899315969,
        1015.6865051792142,
        219.68041576010964,
        505.30512195713504,
        976.5548155347645,
        260.90522818514916,
        1140.1892629982783,
        141.6745755671883,
        1366.0525418312907,
        512.5355430319515,
        329.0387591138538,
        308.55069078594113,
        844.0449872385285,
        210.97832747761964,
        445.3816081890762,
        803.7901100070611,
        909.5275558910523,
        1111.2256854799186,
        239.0436983251634,
        178.46412096921432,
        483.25132455615335,
        501.01817815419656,
        504.79430102952637,
        330.17916319374956,
        511.39459397866455,
        889.8909034136577,
        1002.5624287972163,
        1191.6312549225167,
        926.6544195643248,
        1378.721218798197,
        806.8296712112044,
        975.596942192859,
        1154.5191263276713,
        194.53504512649408,
        334.4395158729633
    ],
    "injection_overlap": [
        0.003530880498938972,
        0.1211399136284421,
        0.0004346210433703911,
        0.004688560843298011,
        0.44218870580343306,
        0.8738750461159152,
        0.0021836996708468224,
        0.026272828911227918,
        0.5962247685686011,
        0.12640341648892212,
        0.03118491932047605,
        0.04257220526291907,
        0.24262678249388778,
        0.0002773113969086929,
        0.18727004946433262,
        0.041076581582112935,
        0,
        0.9430277782440007,
        0,
        0.0003063182205323953,
        0.8407047856460739,
        0.8016720289083555,
        0.0014773292947983035,
        0,
        0.2441239816100239,
        0.9113831672387732,
        0.2806316771211899,
        0.2721610048538863,
        0.9159894696127551,
        0,
        0,
        0.019881505742574364,
        0.04115024025656852,
        0,
        0.0036658600643147696,
        0.0012142892291389271,
        0,
        0.40512627691811737,
        0.11390409217906507,
        0,
        0.41225163340412035,
        0,
        0.882828961962348,
        3.064392616533795e-06,
        0.007808839752100793,
        0.4810505924163049,
        0.3108013245800875,
        4.258822401723756e-05,
        0.46653887739410344,
        3.842613590054016e-05,
        0,
        0,
        0,
        0.43817094105177345,
        0.815123236268056,
        0.1317567457878509,
        0.01365671536689724,
        0.13383095569212822,
        0.14602271844814851,
        0.0755665012233267,
        0,
        0,
        0.0025873424722808506,
        0.016287319701410723,
        0.002435939031047715,
        0,
        0,
        0,
        0.7264061364789683,
        0.27370049518567463
    ],
    "exclusion_zone_overlap": [
        0.016781749378930084,
        0.0892924173479336,
        0.03246353084450222,
        0.011049997797359526,
        0.26321889882812993,
        0.600854028084329,
        0.02430673561070346,
        0.016760935813051617,
        0.4682425151857876,
        0.07946527361403649,
        0.09212713162022318,
        0.04801858204992139,
        0.14613188385014292,
        0.013352869945982802,
        0.22652471859195722,
        0.09792267725411136,
        5.7692212286231334e-06,
        0.7092138768819262,
        0.006355314241881574,
        0.021764928176319434,
        0.6055116146742369,
        0.4287805899923304,
        0.006941734815347878,
        0.011362586109455257,
        0.12249687208245338,
        0.5668672856415317,
        0.3369028505274894,
        0.11960574701932862,
        0.5126523919316253,
        7.31518561335548e-05,
        5.0739644557628316e-05,
        0.1219517481469641,
        0.04083992244674402,
        0.0006257091122660197,
        0.014651974233150369,
        0.0006364979073432248,
        4.2434982454842e-05,
        0.14079856986737418,
        0.05744951296457577,
        0.00039318323125680577,
        0.1751126361351562,
        0.0015867896003092235,
        0.3727839724568652,
        1.167049844552375e-05,
        0.006173367431674549,
        0.37153151297207787,
        0.2718703186281521,
        0.04743715762240839,
        0.1355738144181932,
        0.004435374220530414,
        0.017916956778318446,
        0.008199224360247004,
        0.0003110797664046865,
        0.201463513766698,
        0.3465595453182805,
        0.12575542648698218,
        0.020686697027546098,
        0.17352437015498356,
        0.053560609489018605,
        0.09003169545792325,
        0.009017536893185157,
        0.0036134097429556785,
        0.0018288215512625497,
        0.053213644270239856,
        0.023519787292013834,
        1.7691149447510928e-06,
        0.00440900351322558,
        0.001298937004059222,
        0.37048841114601155,
        0.10802441845478576
    ],