{
    "image_series_id": 502956560, 
    "distance": [
        531.3930519406628, 
        313.86504897205594, 
        66.83631947257628, 
        456.67812794358207, 
        2454.449311211027, 
        1119.0827378279457, 
        642.6295187675298, 
        715.5767754290958, 
        529.3714979398783, 
        898.6864698007512, 
        1112.6333281784532, 
        892.6508019932589, 
        125.95273578431878, 
        927.9950937997273, 
        347.6666375950909, 
        260.5391682173005, 
        547.3065023544697, 
        306.32506158675557, 
        182.13536077342343, 
        1051.585141028612, 
        1205.3808016207656, 
        1527.6885078325615, 
        675.7605184040617, 
        1560.7649481538972, 
        212.3204925263894, 
        853.4049632843062, 
        402.9792006884913, 
        629.0005675053316, 
        617.1451808090513, 
        484.30089218061676, 
        410.8015348964575, 
        506.6352605466287, 
        1072.2739025696378, 
        665.1177833854899, 
        760.3161036933465, 
        482.6102889532401, 
        701.9645190803393, 
        2034.8525279823737, 
        442.1846111519961, 
        760.8734316859601, 
        487.98842856918543, 
        562.0235052871863, 
        1678.36771925486, 
        357.56739435298164, 
        731.1850220268947, 
        559.5919144182477, 
        845.6793996156006
    ], 
    "exclusion_zone_overlap": [
        0.48192147085985027, 
        0.07481695581344606, 
        0.9693861825743598, 
        0.7338831464174298, 
        0.07450601924507379, 
        0.007955814340848582, 
        0.27220151707311824, 
        0.16501927704485259, 
        0.007820662902409434, 
        0.0002130572483842854, 
        0.0013778677939479968, 
        0.0015014730703786212, 
        0.758784868379841, 
        0.012625212904741204, 
        0.9853218517270708, 
        0.7529033959017535, 
        0.6198959662164321, 
        0.1626876898216275, 
        0.5329787579274403, 
        0.24831443262851655, 
        6.931287395203824e-09, 
        0.09479341304385631, 
        0.6300380309611229, 
        0.038037333397226876, 
        0.6016407830608126, 
        0.23546969622530867, 
        0.6511235502497397, 
        0.00991334809486582, 
        0.12798176655967128, 
        0.13359745560892716, 
        0.13866426061563128, 
        0.11059334841146722, 
        0.0006372375932410966, 
        0.04505090663347969, 
        2.8505196175058624e-06, 
        0.04819066684235928, 
        0.011277258965074038, 
        0.0033756358802755496, 
        0.1932587936002565, 
        0.0006444361827304726, 
        0.3055451402594152, 
        0.16851043606411922, 
        0.04526252032289027, 
        0.3126682006142225, 
        0.15253695861655395, 
        0.1091903175932256, 
        0.009938306829672908
    ], 
    "match_id": [
        307297141, 
        272916202, 
        180296424, 
        307321674, 
        626107114, 
        307558646, 
        307320960, 
        307743253, 
        100141796, 
        116903968, 
        307557934, 
        309003780, 
        304565427, 
        307137980, 
        309004492, 
        307295727, 
        307296433, 
        114250546, 
        127138787, 
        638314843, 
        127795906, 
        579409876, 
        512315551, 
        287028480, 
        479981981, 
        603468246, 
        479673174, 
        500837552, 
        574941472, 
        530555292, 
        495562600, 
        479700629, 
        518605900, 
        479982715, 
        603479758, 
        286417464, 
        593016678, 
        299446445, 
        479673887, 
        503323656, 
        482580380, 
        661987195, 
        584511827, 
        479980810, 
        593277684, 
        480069939, 
        580150240
    ], 
    "fraction of match covered by td exclusion zone": [
        0.28243628788888253, 
        0.5184638437341683, 
        0.5504796095946473, 
        0.364501785294521, 
        0.00880604413795951, 
        0.0037882260840846416, 
        0.1823286363574132, 
        0.12012192966257111, 
        0.013117099235067011, 
        0.00045429396985487754, 
        0.0005882633824999291, 
        0.0017223106234074967, 
        0.9843727388749469, 
        0.01676157385020921, 
        0.41164282122026985, 
        0.6162804899930303, 
        0.2893028105639483, 
        0.3834656077626615, 
        0.807310237939523, 
        0.05511686471322165, 
        7.451269637628482e-09, 
        0.024648111119887673, 
        0.15487961259546015, 
        0.007001752602577541, 
        0.9115971825058742, 
        0.0822213971847628, 
        0.31696326078816967, 
        0.02610752370090245, 
        0.21024221853437006, 
        0.44885841627770523, 
        0.6263330343202312, 
        0.38435271062671017, 
        0.00028109336014451713, 
        0.2576056055244764, 
        0.00013304264185913408, 
        0.14949994070261435, 
        0.03597715312898736, 
        0.001955540088265556, 
        0.5538256059182167, 
        0.0021155633889803176, 
        0.50608365387417, 
        0.0753419094551309, 
        0.0176205621210957, 
        0.6700240833595777, 
        0.09221507381701773, 
        0.2261498976901186, 
        0.023768262098514206
    ], 
    "source": "VISl", 
    "pearson_correlation": [
        0.9451002579316818, 
        0.7112874188391295, 
        0.8991897110310135, 
        0.9630376118463149, 
        0.4325917505330726, 
        0.9014527935712126, 
        0.9374990969715189, 
        0.9262181729549382, 
        0.902950063492858, 
        0.9101915626351598, 
        0.887102436574305, 
        0.8963251102440805, 
        0.9668639614219325, 
        0.9126079783581967, 
        0.8870294678967122, 
        0.9364243502443039, 
        0.9817230742999833, 
        0.9211644092098425, 
        0.9697008369500774, 
        0.43126847304840465, 
        0.27031571561541995, 
        0.6885126207606881, 
        0.8103899100817751, 
        0.8195705984997228, 
        0.9758276881462196, 
        0.8396158960856912, 
        0.8235761454770517, 
        0.9076950452411225, 
        0.9868720915985282, 
        0.9379353081726635, 
        0.9317186808263613, 
        0.912533186728483, 
        0.7808270580026174, 
        0.9224059446358663, 
        0.9048795499769268, 
        0.737044449839079, 
        0.9599057364279769, 
        0.48353707018408293, 
        0.9006663848104699, 
        0.9641678700429765, 
        0.951027039257351, 
        0.8173618841382009, 
        0.9040445892768837, 
        0.9115757949311742, 
        0.8252158681342506, 
        0.9275210236131909, 
        0.9765051659825645
    ],