{
    "image_series_id": 521617657, 
    "distance": [
        1096.366396406595, 
        470.3230623617269, 
        1423.4742348269983, 
        1482.4522233378534, 
        802.2496770145964, 
        804.3700395904883, 
        1073.658603605284, 
        1431.688985509888, 
        1585.7270877919518, 
        377.2340646811381, 
        1045.2833006948877, 
        1163.3136374482986, 
        1196.1950548419138, 
        1289.32220980098
    ], 
    "exclusion_zone_overlap": [
        0.019893092921156378, 
        0.1668551029887351, 
        0.00030804995862743835, 
        0.019351489499183767, 
        0.1344092242700346, 
        0.04890451099267875, 
        0.0002029362889007112, 
        0.012290939664377266, 
        0.00042420802027308993, 
        0.704048085730068, 
        0.010710142104817515, 
        0.012564095318700386, 
        0.030668757840260595, 
        0.022866211307974962
    ], 
    "match_id": [
        146553971, 
        112881858, 
        127397469, 
        158314278, 
        116903230, 
        120491896, 
        100149109, 
        139519496, 
        115958825, 
        180435652, 
        576332845, 
        182090318, 
        562671482, 
        642809043
    ], 
    "fraction of match covered by td exclusion zone": [
        0.043148058332171425, 
        0.5882305185637251, 
        0.00034548321769886967, 
        0.04542854341734261, 
        0.6604461098761403, 
        0.2331700009666259, 
        0.00019668772909643513, 
        0.03504334797029863, 
        0.0009492791040894854, 
        0.41839124904064645, 
        0.013540123076223888, 
        0.06087203907190479, 
        0.08441260995190732, 
        0.028629498954463015
    ], 
    "source": "TEa", 
    "pearson_correlation": [
        0.173122550704629, 
        0.9151475305419757, 
        0.09290711974446819, 
        0.6182639109999332, 
        0.8019946506136685, 
        0.6512262482681647, 
        0.6563008392432237, 
        0.5493506042630792, 
        0.687508029330728, 
        0.8394563160963965, 
        0.7186720120398425, 
        0.6519762944335751, 
        0.78980006726524, 
        0.9552825300270614
    ], 
    "spearman_correlation": [
        0.16262364522355954, 
        0.922571962714907, 
        0.05701523257345784, 
        0.695620543797325, 
        0.7962052678511343, 
        0.8130499404993129, 
        0.7176557042886469, 
        0.627471105623475, 
        0.758241785903651, 
        0.5115492323954213, 
        0.8129763157915456, 
        0.7195941901306591, 
        0.7747686276426684, 
        0.8232872701219522
    ], 
    "injection_overlap": [
        1.1731530558077345e-05, 
        0.11855713996843192, 
        3.661608307148969e-09, 
        0.016313749276019106, 
        0.10756821961749714, 
        0.07130103126701354, 
        4.6865344471419264e-05, 
        0.007197767927832901, 
        4.3474690568248605e-05, 
        0.8113612750179384, 
        0.002935564022247649, 
        0.00484558471644725, 
        0.02548803054880772, 
        0.012065669325600005
    ], 
    "fraction of match covered by td injection": [
        9.735489694371462e-06, 
        0.18193312687404198, 
        1.7064171371378033e-11, 
        0.01464786695818527, 
        0.1814954420927293, 
        0.0795843955739499, 
        1.1445588512430469e-05, 
        0.007503387231539181, 
        6.454586606446769e-05, 
        0.13458324215066592, 
        0.0007742963784540953, 
        0.01160775003644261, 
        0.018736399145549698, 
        0.001791112599470606
    ]
}