{
    "image_series_id": 525413115, 
    "distance": [
        233.49286479682442, 
        1431.7199848226824, 
        681.7354172952435, 
        581.1809819842732, 
        769.4378755896535, 
        612.9547533568933
    ], 
    "exclusion_zone_overlap": [
        0.3870075745584932, 
        1.121816101629768e-09, 
        0.10830710567171817, 
        0.27905046802101946, 
        0.3380528704632339, 
        0.1030369968096867
    ], 
    "match_id": [
        146553971, 
        180297139, 
        127397469, 
        114472145, 
        180435652, 
        286483411
    ], 
    "fraction of match covered by td exclusion zone": [
        0.9326485596759537, 
        3.692352118298645e-07, 
        0.23094174632950304, 
        0.5536067288931681, 
        0.24622720199220213, 
        0.7679106989241444
    ], 
    "source": "ENTl", 
    "pearson_correlation": [
        0.8517036197495225, 
        0.8306905776341466, 
        0.9097011322250065, 
        0.879494628858933, 
        0.8131892701587966, 
        0.9367693553243219
    ], 
    "spearman_correlation": [
        0.4825693326807968, 
        0.7106670671239721, 
        0.4698923381090346, 
        0.6129835862609805, 
        0.7153544105428538, 
        0.558884653040775
    ], 
    "injection_overlap": [
        0.6429510240407761, 
        0, 
        0.17740536174764285, 
        0.2632330441645722, 
        0.21837976921161514, 
        0.05459901932901406
    ], 
    "fraction of match covered by td injection": [
        0.05068640721829291, 
        0, 
        0.004587957396746859, 
        0.019156134736384105, 
        0.005303305512481541, 
        0.025177942151244193
    ]
}