{
    "image_series_id": 530000865, 
    "distance": [
        681.6642899362239, 
        410.8379517040528, 
        616.0131966868531, 
        1059.762644795307, 
        238.40219673188085, 
        595.3320286464832, 
        468.0352860081967, 
        1217.8227510683012, 
        1086.839482487894, 
        215.02320409107818, 
        776.3316687510536, 
        2072.5465607744154, 
        1041.5151783553035
    ], 
    "exclusion_zone_overlap": [
        0.15968535692847188, 
        0.442556230166483, 
        0.3531870423243353, 
        0.014414792120890836, 
        0.7277679495781468, 
        0.2542765293392164, 
        0.4160283580869973, 
        0.005409712439623838, 
        0.0005505115386554669, 
        0.6037285350087542, 
        0.004952701113828502, 
        0.1439718022241694, 
        0.010975910475604266
    ], 
    "match_id": [
        558580065, 
        585051446, 
        585026021, 
        640282128, 
        127139568, 
        626107114, 
        113226232, 
        146984915, 
        127222723, 
        112672974, 
        100148554, 
        638314843, 
        299446445
    ], 
    "fraction of match covered by td exclusion zone": [
        0.3247936374274277, 
        0.7906281339128746, 
        0.5365984746809659, 
        0.0033379237543110876, 
        0.66285248964762, 
        0.5787682483542973, 
        0.3670110933400521, 
        0.011306948785661698, 
        0.0007297785381446, 
        0.656360065273161, 
        0.03447468839631578, 
        0.22542106654741764, 
        0.017781671670412457
    ], 
    "source": "ENTm", 
    "pearson_correlation": [
        0.47000536553698685, 
        0.5231571030679438, 
        0.6295498648940039, 
        0.49962133444812656, 
        0.6702432713952031, 
        0.9084034549169464, 
        0.7813804207381291, 
        0.39577188051901385, 
        0.908572025404137, 
        0.6622508351313022, 
        0.20391379236495835, 
        0.3747142258779244, 
        0.5488940944971161
    ], 
    "spearman_correlation": [
        0.5566915983208112, 
        0.5893391132921344, 
        0.6944884385337894, 
        0.81205594593082, 
        0.6966170366797587, 
        0.7527068153806346, 
        0.6482220111442281, 
        0.7431955805868184, 
        0.7708648574064461, 
        0.9021847765819252, 
        0.3949968128849295, 
        0.7146314577134565, 
        0.6927441876465771
    ], 
    "injection_overlap": [
        0.06682201634212874, 
        0.5087371387009935, 
        0.3121915890646336, 
        0, 
        0.8904900948199873, 
        0.33388261287753296, 
        0.5959222683640363, 
        0, 
        0.0002933401271597975, 
        0.6733562642154105, 
        0, 
        0.1521310243782534, 
        0.012432115137180434
    ], 
    "fraction of match covered by td injection": [
        0.016457562848042406, 
        0.1508469101545214, 
        0.06802350291876952, 
        0, 
        0.1459291742104264, 
        0.10928948729806312, 
        0.06041119485509368, 
        0, 
        1.8384380142356492e-05, 
        0.14980665475222565, 
        0, 
        0.06484636571531026, 
        0.002898454859666684
    ]
}