{
    "image_series_id": 536920234, 
    "distance": [
        636.8524145222957, 
        641.7061229095299, 
        385.06127462505503, 
        681.3193922919401, 
        594.3614165849089, 
        788.447447730739, 
        845.9879589387923, 
        775.9532846869478, 
        630.5760541168783, 
        649.6410092018436, 
        638.7135904445347, 
        475.3111650765203, 
        892.4162147934504, 
        338.22418692767127, 
        663.4838227251298, 
        999.4728389824463, 
        798.8474379446594, 
        1030.620513879602, 
        1365.0136493747475, 
        536.3112515391023, 
        610.9785775839752, 
        490.1876554660905, 
        1370.1190996804025, 
        652.8342707916917
    ], 
    "exclusion_zone_overlap": [
        0.02461287551178115, 
        0.046922462466249, 
        0.11990290008073116, 
        0.0002424122799829061, 
        0.019666435031882614, 
        0.0190715099801479, 
        0.008451997978890421, 
        0.0186677799885427, 
        0.13318590343536776, 
        0.03833124490775784, 
        0.14424358071065674, 
        0.050513849281300344, 
        0.06085688025890627, 
        0.18714063134996908, 
        0.1529315425677351, 
        0.000928684289248176, 
        0.07920153796837771, 
        2.9107384930137462e-05, 
        0.007124517868524878, 
        0.12233990815768189, 
        0.10269234156314885, 
        0.15198835340604755, 
        0.03963737463478772, 
        0.06636190084838571
    ], 
    "match_id": [
        146077302, 
        112595376, 
        272916915, 
        112424813, 
        523718823, 
        593018150, 
        501484658, 
        512314723, 
        249396394, 
        501006221, 
        572588941, 
        584895127, 
        482581199, 
        496113850, 
        646525997, 
        576341623, 
        571100135, 
        575782182, 
        524667618, 
        592540591, 
        166054929, 
        562521707, 
        584511827, 
        303784745
    ], 
    "fraction of match covered by td exclusion zone": [
        0.3401653694525275, 
        0.28495898267583775, 
        0.7325719459183543, 
        0.003816920243958135, 
        0.1479687578771907, 
        0.1283492456701102, 
        0.026718684204317056, 
        0.049598573156248486, 
        0.4765140454342547, 
        0.14116003407623573, 
        0.2796827870864833, 
        0.8412152861943895, 
        0.1818474913623474, 
        0.7111904586418178, 
        0.2634697631335846, 
        0.0026049795551911703, 
        0.1265746471556732, 
        1.9024842601284694e-05, 
        0.0029587243011754373, 
        0.4249733339352925, 
        0.27503244886200323, 
        0.9487537754179153, 
        0.033415875842710344, 
        0.3018271836501353
    ], 
    "source": "RSPd", 
    "pearson_correlation": [
        0.9352682219083616, 
        0.5911799505812931, 
        0.6383209606792408, 
        0.7434868488722118, 
        0.9577650864496321, 
        0.8804451205581806, 
        0.6513362601794809, 
        0.9447784634072358, 
        0.968218232256551, 
        0.9323594210795247, 
        0.9209446227512469, 
        0.9567914205652017, 
        0.9847822666597112, 
        0.9654382065311605, 
        0.9724078131141008, 
        0.7252769193637724, 
        0.8983350602947294, 
        0.6534728808175543, 
        0.7817440952476763, 
        0.8515825881317775, 
        0.8265289124553177, 
        0.9189916929167236, 
        0.7910752317600516, 
        0.8779062970109918
    ], 
    "spearman_correlation": [
        0.7694467848864175, 
        0.8685923804696737, 
        0.810124344545888, 
        0.7281581081053403, 
        0.8428116295130174, 
        0.8029445660466936, 
        0.5898987216171604, 
        0.7510031066480126, 
        0.9341067550577207, 
        0.8300357071329053, 
        0.7782312994993984, 
        0.7282168080383608, 
        0.9702436162002678, 
        0.9459758627282717, 
        0.88434351884135, 
        0.7799032170045075, 
        0.7573370955887752, 
        0.6643811849652211, 
        0.5175840449707905, 
        0.7122930774807396, 
        0.7471428135512226, 
        0.8035855553303296, 
        0.8158583273021452, 
        0.7332978441249292
    ], 
    "injection_overlap": [
        0.004029378674190537, 
        0.05273399318395918, 
        0.27080202390253444, 
        0, 
        0.00011022600031291876, 
        0.011365153510013564, 
        0, 
        0.000989238372034218, 
        0.3689596371304241, 
        0.002902534556095853, 
        0.2019101510616332, 
        0.0002528939190143945, 
        0.0093158950446801, 
        0.37912226341889477, 
        0.27945451565476565, 
        1.8747115607978027e-05, 
        0.08290131070313768, 
        0, 
        0.004164528026987102, 
        0.02533527139218407, 
        0.036505559992451, 
        0.02951046995004874, 
        0.00612997248764586, 
        0.11928180647985007
    ], 
    "fraction of match covered by td injection": [
        0.025650147852562474, 
        0.10521864154445139, 
        0.3955582649554998, 
        0, 
        0.0020251151729461813, 
        0.021108769366808562, 
        0, 
        0.0007744202830832247, 
        0.2331492290230957, 
        0.006747838910847555, 
        0.09063669344029332, 
        0.0008639104634515259, 
        0.0070781341628552855, 
        0.35304883743423643, 
        0.0857689553752773, 
        0.00010366057066675632, 
        0.032010986860366186, 
        0, 
        0.0007807581196083114, 
        0.014035944538600326, 
        0.011474314971953635, 
        0.07164655388897498, 
        0.00025459145848516875, 
        0.11771057251019777
    ]
}