{
    "image_series_id": 560965104, 
    "distance": [
        567.8254245715713, 
        659.6271683855188, 
        451.8388115131386, 
        610.3378814953387, 
        2650.030163159441, 
        752.2395666121253, 
        863.1876350701506, 
        274.1306857242573, 
        270.4657640506812, 
        823.0727942208587, 
        988.3769327005136, 
        635.8349325628487, 
        560.5736468035497, 
        2230.542133694315, 
        637.785625408265, 
        350.9385214870235, 
        1015.7785900572161, 
        388.3747577178309, 
        825.8262390398262, 
        775.6942801223988, 
        820.7928495392015, 
        1060.4795658205107, 
        938.3121120630921, 
        725.8949329323922, 
        846.5452423438694, 
        1150.2541234028768, 
        894.4391972369526, 
        1012.9094369353501, 
        449.85167726481427, 
        1795.0144978260428, 
        855.4372476539927, 
        1806.847566246765, 
        464.68641161914485, 
        1358.9236815346453, 
        511.90612414153435, 
        850.4093274230679, 
        822.3278618540645, 
        470.2938392170324, 
        634.4156491098066, 
        377.5041887835579, 
        289.4662816245827, 
        509.1001423622712, 
        536.4545823804252, 
        292.46050283558486, 
        256.7645969264792, 
        292.96021755201156, 
        896.8254419630467, 
        1275.952202087489, 
        157.5599888633402, 
        620.7401126296373, 
        381.97858999353315, 
        1159.0521130444386, 
        689.9457921266207, 
        492.8079080813657, 
        811.8258102009013
    ], 
    "exclusion_zone_overlap": [
        0.37011270730392215, 
        0.3057170986454834, 
        0.1538860401023173, 
        0.3725959557620318, 
        0.09192376179075275, 
        0.32322945227248184, 
        0.03539481288933318, 
        0.8350717656822835, 
        0.3761994200143724, 
        0.08255852621687422, 
        1.262470893201388e-05, 
        0.10675347171441432, 
        0.15556542968422457, 
        0.11868502006682452, 
        0.19757783424552533, 
        0.8819156169217617, 
        0.032408603126755677, 
        0.4366914054105054, 
        0.12688652605799108, 
        0.0006859712807311784, 
        0.005960124965594756, 
        0.0020434366705052213, 
        7.802995502652723e-06, 
        0.06928372134640513, 
        0.1637722966059491, 
        0.445675568971011, 
        6.1951588208301724e-06, 
        3.803776691535786e-08, 
        0.15994186404865543, 
        0.012905329766826634, 
        0.6093337842817711, 
        0.006489251584812507, 
        0.2654149339867729, 
        1.3707449520330973e-05, 
        0.3581511716214769, 
        0.0003400454482741405, 
        0.0011050373881150355, 
        0.12311049060201794, 
        0.02048796189958883, 
        0.09671390703412526, 
        0.19142752153681364, 
        0.0873828937005531, 
        0.14862079083826396, 
        0.20303290904763543, 
        0.23978521283368123, 
        0.22469591421753626, 
        1.1165616031417804e-06, 
        4.789189771823828e-06, 
        0.3451404906521524, 
        0.18813595253047335, 
        0.2033220273502789, 
        0.0010498450686638283, 
        0.03866547457035693, 
        0.0438961672091244, 
        0.006128324731956784
    ], 
    "match_id": [
        307297141, 
        180296424, 
        146858755, 
        307321674, 
        626107114, 
        307558646, 
        307320960, 
        307743253, 
        116903968, 
        307557934, 
        114008926, 
        309003780, 
        304565427, 
        127222723, 
        307137980, 
        309004492, 
        309113907, 
        307295727, 
        307296433, 
        114250546, 
        127138787, 
        307593747, 
        304564721, 
        304762965, 
        309372716, 
        638314843, 
        127795906, 
        500836840, 
        500836105, 
        579409876, 
        512315551, 
        287028480, 
        479981981, 
        603468246, 
        479673174, 
        500837552, 
        530574594, 
        530555292, 
        510834706, 
        495562600, 
        479700629, 
        518605900, 
        167794131, 
        479982715, 
        562520963, 
        479673887, 
        503323656, 
        524874308, 
        482580380, 
        661987195, 
        479980810, 
        593277684, 
        480069939, 
        524666904, 
        503069254
    ], 
    "fraction of match covered by td exclusion zone": [
        0.28318541156381777, 
        0.19931368496615323, 
        0.8220728546514467, 
        0.236318515459836, 
        0.021710483090599104, 
        0.15225623675610667, 
        0.03806456785606358, 
        0.7127566966664346, 
        0.8875899982686635, 
        0.08210563270250622, 
        5.128644481674169e-06, 
        0.16754851289298012, 
        0.32427786134383124, 
        0.022144322271762308, 
        0.20730724058192274, 
        0.4345376980187585, 
        0.02318073159919525, 
        0.4316094140739686, 
        0.07741022373959543, 
        0.0028195417674859004, 
        0.01514387958219731, 
        0.002375297540825583, 
        1.6895639607246524e-05, 
        0.059119823660563155, 
        0.09949024887315153, 
        0.16371584632745126, 
        1.3633721112637073e-05, 
        2.8208958553388376e-06, 
        0.39409674563693103, 
        0.003501247371232376, 
        0.18260130447807968, 
        0.004762526943632824, 
        0.5527440377982731, 
        1.7238723338029966e-05, 
        0.2081114794323024, 
        0.0009334270374911488, 
        0.007973908524692517, 
        0.48402726637638405, 
        0.062425849137444485, 
        0.48598760771410937, 
        0.7308669049149971, 
        0.1995126493395933, 
        0.45617412706246857, 
        0.8609230771607487, 
        0.9972487944315664, 
        0.6824893160329094, 
        4.5514392606541354e-06, 
        6.0475338873936026e-05, 
        0.6861388846639408, 
        0.1094452464251678, 
        0.5142455860566171, 
        0.000433853454202965, 
        0.10662263147823206, 
        0.4196267408216585, 
        0.0436315449295191
    ], 
    "source": "VISl", 
    "pearson_correlation": [
        0.9748839141398891, 
        0.9537435003698302, 
        0.957293440820106, 
        0.9533635964271325, 
        0.45223312944715155, 
        0.9853883730558497, 
        0.9810141236162032, 
        0.983431605996995, 
        0.9848939483349883, 
        0.9906833356276084, 
        0.8692588963485883, 
        0.9886143664550263, 
        0.9677868915801995, 
        -0.03713846622708723, 
        0.9879925260373459, 
        0.9506792828608774, 
        0.9882200171511414, 
        0.9783164513093043, 
        0.9409820196749024, 
        0.9361410681896523, 
        0.9437448872349116, 
        0.9836169905771921, 
        0.9548815445818836, 
        0.9453365184265088, 
        0.9841220441051975, 
        0.482184754488629, 
        0.3403845612399426, 
        0.9818571470629761, 
        0.9724401736711525, 
        0.7919893301581644, 
        0.7831406573136654, 
        0.8811700156828469, 
        0.949599971154066, 
        0.911179318675409, 
        0.9653266690250871, 
        0.9881123218483421, 
        0.977735588403079, 
        0.9671747377298037, 
        0.7868330413673089, 
        0.9714030578194978, 
        0.9776680055863052, 
        0.9292963110380167, 
        0.9629888683331566, 
        0.9868452558606526, 
        0.9719022226972331, 
        0.9890855608306083, 
        0.9422098131522054, 
        0.20726482677251434, 
        0.9664328228590339, 
        0.8920230347931901, 
        0.9905066293977928, 
        0.8607427322010316, 
        0.9771576676313635, 
        0.8966085831449373, 
        0.9752454467309339
    ],