{
    "image_series_id": 561506791,
    "match_id": [
        126861679,
        100148503,
        116900714,
        146077302,
        100141599,
        294481346,
        598605738,
        593018150,
        518742338,
        512314723,
        559878074,
        501006221,
        572588941,
        511550172,
        496113850,
        646525997,
        576341623,
        571100135,
        575782182,
        524667618,
        502074651,
        657042668,
        159753308,
        646525156,
        597007143,
        485237081,
        562674923,
        656632388,
        267493760,
        298003295
    ],
    "distance": [
        491.3519830775092,
        456.42589456336697,
        820.4743474886889,
        502.1129821709804,
        197.87490322466957,
        572.3778004447439,
        783.9597497571123,
        405.45238072146014,
        228.74912456854992,
        600.8573203221854,
        278.4151206508604,
        890.9537524856489,
        509.5749936095779,
        1022.2722666808436,
        938.5164826322201,
        547.7079201091826,
        500.8305153302844,
        426.55773627033466,
        537.2130113361088,
        384.72844560347374,
        103.84581352593554,
        592.7329261684213,
        165.72940690335588,
        629.9414845552494,
        429.2699897940052,
        628.5845083833595,
        547.3395563250723,
        669.2534429517755,
        2316.969306087695,
        2332.0700040678207
    ],
    "injection_overlap": [
        0.12319281254337555,
        0.07545479806771437,
        0,
        0.08959380093063755,
        0.7213568748020182,
        0.06504048828831809,
        0.0008566620371537545,
        0.12341336528923078,
        0.7763462340034073,
        0.04488202274738873,
        0.5575647890325124,
        0,
        0.5083548024929493,
        0.0017907656828879406,
        0,
        0.05919928532597812,
        0.13484339250423955,
        0.6481433511207151,
        0.03183923007430547,
        0.48046862432376997,
        0.942289064777192,
        0.00011378762783600977,
        0.7511616399781852,
        0.003865507830891143,
        0.6956705862008279,
        0.003987175983537882,
        0.01800387252863421,
        0,
        0.027262425362679,
        0.00011839369085940106
    ],
    "exclusion_zone_overlap": [
        0.12795388646576775,
        0.09754893468362023,
        0.0027980660207690884,
        0.08513250323078642,
        0.43337713250424537,
        0.10681344796549384,
        0.0233754748109323,
        0.16150143243763926,
        0.46999626860617616,
        0.12841289780127904,
        0.28653869314560154,
        0.00027800341089071466,
        0.3991893192934595,
        0.0176265966933044,
        0.0023728340482863505,
        0.14577034932928506,
        0.1665357558495082,
        0.4919068241208759,
        0.1013212138334012,
        0.25051804379362613,
        0.5302380606269435,
        0.012348264615232557,
        0.4796892604455762,
        0.03407846889091049,
        0.39730162561244287,
        0.03477119331177026,
        0.036531236182565346,
        0.009396120480624713,
        0.06689707563617396,
        0.013738780640302147
    ],
    "fraction of match covered by td injection": [
        0.05029975858549993,
        0.05484025061073806,
        0,
        0.07366199633568814,
        0.45547107452555574,
        0.04730429705210817,
        0.0004914677078520262,
        0.10269570546003594,
        0.3035633462057629,
        0.026442849042896302,
        0.3835394566921581,
        0,
        0.10524419173095903,
        0.00025844424540164934,
        0,
        0.016580421356461844,
        0.0676483193453713,
        0.12505735824722744,
        0.017643063365603045,
        0.15118515289906945,
        0.5799506424781524,
        9.158619103649954e-05,
        0.48071520230794806,
        0.004625089846892378,
        0.1408240604700866,
        0.006474151095094088,
        0.002398107221340194,
        0,
        0.008510226972270956,
        2.2435439549343904e-05
    ],
    "fraction of match covered by td exclusion zone": [
        0.22372753547726895,
        0.3344886985721968,
        0.001442057591568879,
        0.4038658924574259,
        0.9526728829982278,
        0.2381975709638182,
        0.01576292272945529,
        0.45150813260538675,
        0.7356065894871106,
        0.17953864862410127,
        0.7631367784038057,
        7.639735321327691e-05,
        0.3109554399509117,
        0.010247299405933191,
        0.003001221154910252,
        0.13063767114877578,
        0.2767099161453766,
        0.3604629937591407,
        0.1498049893712679,
        0.3886546663288862,
        0.9930658336975537,
        0.03807567908858547,
        0.9859136656345366,
        0.08561078820802685,
        0.3161116720354584,
        0.1056529699950884,
        0.0906063736299981,
        0.030739086608095587,
        0.04270255105464022,
        0.005041380440711428
    ],
    "spearman_correlation": [
        0.8226304603135912,
        0.8844166447688928,
        0.678059446564403,
        0.9276017237958718,
        0.9128701486265485,
        0.9429804799733165,
        0.8665915674283875,
        0.8661462329144448,
        0.9016933420828609,
        0.9480291003746345,
        0.8242981515107182,
        0.8490944535044744,
        0.9124557450917286,
        0.5838862416103137,
        0.7775827323229788,
        0.8463271763092586,
        0.8742539806218613,
        0.9313719625668472,
        0.8638232248498162,
        0.8935343421376443,
        0.932660219903825,
        0.8171399824129475,
        0.9383941759147598,
        0.8391425612826787,
        0.7743314125241783,
        0.9620068741343648,
        0.8430104990487568,
        0.8189759422162066,
        0.13195887469022455,
        0.40290529433091266
    ],
    "pearson_correlation": [
        0.6920882177793648,
        0.7395508270232338,
        0.4909006158874922,
        0.8663415986235792,
        0.8978692921015863,
        0.9011827656091403,
        0.7574873505463731,
        0.8508424317155043,
        0.8991529503386657,
        0.9148358013661785,
        0.7600130943540893,
        0.8401037368877515,
        0.8882990662868409,
        0.42200782776156637,
        0.858941027764648,
        0.9143497177272045,
        0.6869129564149091,
        0.8935207732556311,
        0.6346474232309812,
        0.8929321809364197,
        0.92253981255661,
        0.7574185553175489,
        0.941106069385027,
        0.7622029510172242,
        0.7826712565694061,
        0.9230609876898362,
        0.689550688092126,
        0.6958560340146014,
        -0.09070996958787558,
        0.741639840622653
    ],
    "source": "VISpm"
}