{
    "image_series_id": 561918178, 
    "distance": [
        539.3712610025176, 
        915.6727779884163, 
        983.9311407333774, 
        445.0160757904368, 
        624.1921198614256, 
        524.5539396176474, 
        3006.016714464148, 
        272.9084642777757, 
        646.1802877240722, 
        516.5294890828751, 
        202.26984097071298, 
        601.2847057771149, 
        262.34119768627795, 
        684.4819326732899, 
        763.7973967338384, 
        182.37597588950598, 
        420.6315452224773, 
        753.6571972732647, 
        440.59446449047454, 
        840.64922509013, 
        699.6906751225807, 
        306.16242113813047, 
        336.2135993967925, 
        668.2802089644949, 
        1073.0755425637606, 
        300.2130170132302, 
        418.4402735281158, 
        1512.0433164266838, 
        676.6648799326275, 
        371.83188823815044, 
        607.4704320544186, 
        492.9871509148819, 
        1158.6464089100568, 
        640.5645948675848, 
        490.44030787319065, 
        497.8580578390394, 
        537.1623863191343, 
        388.27571485197154, 
        367.45603315034055, 
        390.1320166963489, 
        567.546052379823, 
        948.0926536614829, 
        481.5856127486014, 
        811.2548516807432, 
        602.7775967171591, 
        536.8377079250929, 
        776.1951670675438, 
        362.4948208964714, 
        385.59346438369215, 
        737.4483978407023, 
        418.72035767947114, 
        412.0723371991196, 
        538.839181758362, 
        1132.3725731392824, 
        775.7670946920801, 
        1296.387559418599, 
        1012.9244168920754, 
        1021.865614663898, 
        555.2660435563828, 
        900.2111584378208, 
        440.0729763552069, 
        195.46472905899066
    ], 
    "exclusion_zone_overlap": [
        0.36999496772932855, 
        0.0009298333732104556, 
        0.021352492437432997, 
        0.11757216965743865, 
        0.34698222796743966, 
        0.13600572391889199, 
        0.13491139069192623, 
        0.9735625178310573, 
        0.19606968212797585, 
        0.3412470611619694, 
        0.8992566864059562, 
        0.020537789598500687, 
        0.6295258711165765, 
        1.1773557923159023e-06, 
        2.2819772877174985e-05, 
        0.8016612505018376, 
        0.190644589664162, 
        0.2505097503115215, 
        0.6167044676815853, 
        0.05195899630072514, 
        0.23865762424416262, 
        0.5864994481053458, 
        0.2988523604301497, 
        0.0065175347846595675, 
        8.55476502750527e-06, 
        0.45115490321707263, 
        0.6972357163814281, 
        0.7333765824422712, 
        0.12294151537190635, 
        0.39261556357936606, 
        0.43839789895391396, 
        0.045958352128006925, 
        4.134264878299603e-06, 
        0.048778204516600275, 
        0.0408805719979233, 
        0.06381632042314994, 
        0.07644792586693981, 
        0.09513730570918352, 
        0.24326367920016218, 
        0.28805484963199723, 
        0.039037365816503994, 
        0.002842684907559293, 
        0.039416558654700354, 
        0.0002221409822737909, 
        0.026232536646303446, 
        0.039922311266113196, 
        0.013251192692801166, 
        0.18617971452301116, 
        0.21096697522763777, 
        0.008525167724913851, 
        0.03291024280226635, 
        0.0915650703096948, 
        0.05181223106893404, 
        1.3640636963704129e-05, 
        0.08370063662958174, 
        0.011880832066916492, 
        0.004083615627736293, 
        0.01713932602487851, 
        0.10515225921378908, 
        0.0019482675761860464, 
        0.1813936315434364, 
        0.1834524955897014
    ], 
    "match_id": [
        307297141, 
        113887162, 
        180296424, 
        100147853, 
        307321674, 
        304586645, 
        626107114, 
        307558646, 
        307320960, 
        307743253, 
        307557934, 
        114008926, 
        309003780, 
        277712166, 
        277616630, 
        307137980, 
        304585910, 
        309004492, 
        309113907, 
        307295727, 
        307296433, 
        307593747, 
        100141219, 
        304564721, 
        272782668, 
        304762965, 
        309372716, 
        638314843, 
        127795906, 
        500836840, 
        512315551, 
        522409371, 
        479673174, 
        500837552, 
        294482052, 
        530574594, 
        530555292, 
        482578964, 
        266250195, 
        479755622, 
        479701339, 
        479984127, 
        596253012, 
        167794131, 
        479982715, 
        535692871, 
        603479758, 
        536299435, 
        479983421, 
        546103149, 
        517072832, 
        121510421, 
        503323656, 
        524874308, 
        482580380, 
        661987195, 
        584511827, 
        593277684, 
        480069939, 
        601476074, 
        479756361, 
        503069254
    ], 
    "fraction of match covered by td exclusion zone": [
        0.3207572667074366, 
        0.0012645853837041589, 
        0.017216245882086458, 
        0.6131593182550692, 
        0.2486543304165753, 
        0.31763550950519026, 
        0.041690690086275135, 
        0.5690064089519823, 
        0.21075985956061152, 
        0.33264927632226504, 
        0.8967383283151031, 
        0.04935999808503349, 
        0.9685521992741687, 
        5.93272864519553e-06, 
        0.0002123667906843648, 
        0.8783535615899711, 
        0.623455051647975, 
        0.1374346773218711, 
        0.4182589795571825, 
        0.05158306246612951, 
        0.16978620962887891, 
        0.6275011071604575, 
        0.6967816900408906, 
        0.02629159887532793, 
        2.8395458145244857e-05, 
        0.8861784137908931, 
        0.4153325749732375, 
        0.33901559055080616, 
        0.13342885236422436, 
        0.5315199374569285, 
        0.15382021539970772, 
        0.35899788863194915, 
        4.46932320244158e-07, 
        0.15167048244108527, 
        0.3210346748407301, 
        0.24215692884307535, 
        0.3361197848761496, 
        0.6643040752846843, 
        0.6211339750663505, 
        0.816009781772336, 
        0.17427639161952485, 
        0.005759573231697271, 
        0.3226900901374144, 
        0.0007451959336333956, 
        0.1550575163095425, 
        0.19018978867766553, 
        0.02338176633863428, 
        0.638627145504845, 
        0.4817786789322168, 
        0.03179877491597341, 
        0.8524193038984464, 
        0.8311755836257031, 
        0.2831897519471081, 
        1.8641222705896656e-09, 
        0.12731541090386203, 
        0.004027395744549681, 
        0.0010360613727268245, 
        0.0018917065033809057, 
        0.28766928855015106, 
        0.0014405539460153672, 
        0.5492315314884468, 
        0.8716152536908428
    ], 
    "source": "VISp",