{
    "image_series_id": 563205064,
    "match_id": [
        113887162,
        304586645,
        626107114,
        307558646,
        307743253,
        307557934,
        114008926,
        309003780,
        277712166,
        277616630,
        277714322,
        307137980,
        304585910,
        309004492,
        309113907,
        277713580,
        307593747,
        100141219,
        304564721,
        304762965,
        309372716,
        638314843,
        127795906,
        500836840,
        512315551,
        598605738,
        479673174,
        294482052,
        530574594,
        482578964,
        540145406,
        266250195,
        511550172,
        503809372,
        479755622,
        479701339,
        596253012,
        167794131,
        566992832,
        536299435,
        479983421,
        501004474,
        562061175,
        546103149,
        517072832,
        524874308,
        482580380,
        584511827,
        183173527,
        479756361,
        503069254
    ],
    "distance": [
        458.4074869549469,
        260.94880699899784,
        3275.3304848542657,
        334.4558836632279,
        668.9220625066066,
        443.7839839383338,
        621.8113971102475,
        563.6077150441783,
        323.0434803977652,
        569.5424785927405,
        408.24775593084365,
        508.03340172222363,
        879.8925945115506,
        1032.864018116072,
        287.6087731323249,
        527.5225274702964,
        644.1620077538138,
        572.1217424380569,
        182.00860107482018,
        347.4913788559656,
        166.22015382105315,
        1781.8392227107815,
        847.8186992933227,
        338.91468669492804,
        1073.8634643088574,
        581.848454760101,
        1359.9628557800056,
        294.01920039758096,
        73.51995255714093,
        676.5258873149975,
        827.0401010560364,
        551.9244754444749,
        1126.5181759456852,
        535.835060877991,
        672.6112204728244,
        772.2211308564911,
        303.6557535470013,
        567.0624784851735,
        470.11201694503364,
        257.00128130432256,
        306.3224781693763,
        741.2257002659813,
        482.0879220058603,
        978.5674855145892,
        741.2343196575785,
        638.1752348012425,
        973.1147413355656,
        1378.2338054078716,
        655.5145187615368,
        622.7147913723832,
        338.15803505602406
    ],
    "injection_overlap": [
        0.49375644137806884,
        0.7050533600077755,
        0,
        0.9951919858455093,
        0.15172065254550074,
        0.5746326666038472,
        0.23506216469086105,
        0.02813386092743831,
        0.12464443468731994,
        0.009482660538689793,
        0.08896376019172345,
        0.2875106564404722,
        0,
        3.3923551516816734e-05,
        0.993710839383382,
        0.0031157064752760214,
        0.19045073951120145,
        0.044251998800260386,
        0.699655685888386,
        0.4634784972919048,
        0.9987874352109287,
        0.09958320570962316,
        0.15401591272632015,
        0.7111213339391356,
        4.094561671158759e-07,
        0.09160923253594964,
        0,
        0.3184582632361044,
        0.8754355810281264,
        0.0059653012644342186,
        0.023410612463488065,
        0.12965878135130354,
        0,
        0.0025780344370933085,
        0.0032571868389521903,
        0.0005905140336146355,
        0.32026925261778805,
        0.03655286535305128,
        0.0020403387077063,
        0.5234361181669824,
        0.6769913067640041,
        0.0063528337780256825,
        0.007296733311879242,
        0,
        0.00010262433513255812,
        0.3386382649547954,
        0.008404969780039167,
        0,
        8.092730071424943e-05,
        0.004085553734226828,
        0.38663138005208786
    ],
    "exclusion_zone_overlap": [
        0.3465613285665331,
        0.5151899667937809,
        4.906296049679091e-06,
        0.8330815623731163,
        0.0797006969872965,
        0.339689796718459,
        0.19126129373150422,
        0.058431635118951934,
        0.1652486834613618,
        0.14393725437085825,
        0.11584250642624462,
        0.17776325760138,
        0.00043188560446587917,
        0.00046324408971817,
        0.9206781239402407,
        0.06990519207373261,
        0.1794855549291942,
        0.13199584763553282,
        0.24760705916799247,
        0.2652716555877089,
        0.9137307995351273,
        0.07936869352312076,
        0.1487278275297854,
        0.5343847562610212,
        0.002037361294333273,
        0.1875043720761709,
        1.534107132982733e-07,
        0.1826825199499817,
        0.2687972962210566,
        0.02202419372508075,
        0.024627810526257454,
        0.15326162433040347,
        0.0028866029580477035,
        0.030394773490557032,
        0.028531877311957877,
        0.016788944043263986,
        0.1941240219333893,
        0.03910262695818096,
        0.025494787021061654,
        0.3044821929237912,
        0.40601141861207446,
        0.044597884747835034,
        0.08442780254260186,
        0.0026667693273104308,
        0.00045274408172405817,
        0.11156673784687754,
        0.015794426828832937,
        0.00019470275170690204,
        0.01230000879240577,
        0.07346496327672529,
        0.10930669074638495
    ],
    "fraction of match covered by td injection": [
        0.1236351165311097,
        0.3164640432640366,
        0,
        0.13085988538425228,
        0.024220610365802975,
        0.10042263835073904,
        0.1911810803376694,
        0.011864795365551958,
        0.2559026272717721,
        0.07006028127467533,
        0.08538213563154863,
        0.05843678096474679,
        0,
        3.6345522974813756e-05,
        0.17630312651060734,
        0.0014776715479822115,
        0.0481545988663186,
        0.038944160896752615,
        0.5741115203009386,
        0.16157570749161373,
        0.16193794353827684,
        0.0028526414210705412,
        0.04990342154308365,
        0.20508766086910094,
        2.634943642818482e-07,
        0.020782223088389864,
        0,
        0.3878705729364142,
        0.7282747448767328,
        0.025211680519350427,
        0.001694913473237452,
        0.08833475660975762,
        0,
        0.039832654895588585,
        0.00568756201704784,
        0.0011518671371404745,
        0.47463012554681766,
        0.020325499774720934,
        0.049185834761920046,
        0.3368308012720538,
        0.31053904975689783,
        0.011280574919479973,
        0.025459385800274122,
        0,
        0.0013774113393751361,
        0.05373418069776122,
        0.004136618796264341,
        0,
        3.9692870878474904e-05,
        0.01629302944615538,
        0.3313034371314603
    ],