{
    "image_series_id": 563352720, 
    "distance": [
        838.145400932634, 
        746.827134066311, 
        607.8088588858643, 
        921.4270788815044, 
        374.3075094542854, 
        3253.5987420842016, 
        381.54588649100697, 
        888.831514233038, 
        807.9634887955846, 
        298.581198752015, 
        613.0266171387432, 
        514.7790906033609, 
        493.47953664025266, 
        480.49418070889726, 
        648.5489860894724, 
        454.62659356907153, 
        568.5753438331737, 
        1072.1586371499363, 
        287.62490627284836, 
        757.5352008434346, 
        962.3575934110171, 
        180.92438721311441, 
        77.58510344150486, 
        638.129032181632, 
        425.6491425750278, 
        413.90262670280305, 
        1784.5639523753928, 
        806.4734410158989, 
        180.32984982334196, 
        844.371765270406, 
        850.5331810224509, 
        724.078328952248, 
        888.2060055121074, 
        292.2637242131835, 
        510.2220323549948, 
        856.4131702603281, 
        178.71851392622966, 
        76.6202071683613, 
        628.2171184461953, 
        253.27895001915198, 
        304.51048881582005, 
        803.3500079952394, 
        281.70434856481694, 
        557.1977684609458, 
        681.9049562944874, 
        983.2693449284193, 
        244.57191949511318, 
        205.93870612572624, 
        610.8619650933093, 
        610.1307528115383, 
        500.22180871050483, 
        248.9337421064469, 
        406.6917194754468, 
        760.4682911061257, 
        1067.5568485363406, 
        1090.8237415798858, 
        882.1526564831998, 
        1249.0283360289645, 
        845.8478357232743, 
        1035.5110901670741, 
        170.63868517864168, 
        260.89751615300224
    ], 
    "exclusion_zone_overlap": [
        0.05547205378586112, 
        0.041897838218416084, 
        0.03616026813804204, 
        0.048977040731137386, 
        0.3469734133248103, 
        0.000798472088522088, 
        0.8377717928664675, 
        0.027779722440893335, 
        0.036526435247562994, 
        0.7093291759214668, 
        0.05028202405497608, 
        0.1963517664698554, 
        0.021820931913015023, 
        0.09563375676799125, 
        0.0012912453530601502, 
        0.38778891821601186, 
        0.1238019397322592, 
        0.00212246094736816, 
        0.8835742503129124, 
        7.629944334832003e-05, 
        0.03061496412122023, 
        0.7278679485154191, 
        0.549939771367203, 
        0.004839503943596332, 
        0.25529413452928246, 
        0.7852568850535798, 
        0.49751436680860633, 
        0.15118940374527737, 
        0.6814098196429613, 
        0.1404288833995394, 
        0.002932372620994611, 
        0.001227778391253761, 
        7.288048828995363e-05, 
        0.1625007677238483, 
        0.05983146690565143, 
        0.0013319519923577238, 
        0.18686132041089049, 
        0.4228645687324246, 
        5.6273758724222076e-05, 
        0.46277990313964107, 
        0.24544887081913447, 
        0.002740166138052684, 
        0.14453134985678667, 
        1.4386600416017746e-05, 
        0.009237994913298929, 
        0.0010923667191913321, 
        0.2661965527631248, 
        0.4122864703266823, 
        0.01667997447873198, 
        0.0007699702269191926, 
        0.1185503261406534, 
        0.06102007331464133, 
        0.1037040885088749, 
        0.007978749636626082, 
        4.578422570969082e-05, 
        0.007963327108173608, 
        0.02840989867811186, 
        0.01641907317113284, 
        0.006718912396556693, 
        6.905720719829524e-05, 
        0.4813294238100931, 
        0.15810809938119935
    ], 
    "match_id": [
        307297141, 
        113887162, 
        100147853, 
        307321674, 
        304586645, 
        626107114, 
        307558646, 
        307320960, 
        307743253, 
        307557934, 
        114008926, 
        309003780, 
        277712166, 
        277616630, 
        277714322, 
        307137980, 
        304585910, 
        309004492, 
        309113907, 
        277713580, 
        307296433, 
        307593747, 
        100141219, 
        304564721, 
        304762965, 
        309372716, 
        638314843, 
        127795906, 
        500836840, 
        512315551, 
        598605738, 
        522409371, 
        500837552, 
        294482052, 
        530574594, 
        530555292, 
        482578964, 
        266250195, 
        503809372, 
        479755622, 
        479701339, 
        479984127, 
        596253012, 
        566992832, 
        535692871, 
        603479758, 
        536299435, 
        479983421, 
        501004474, 
        562061175, 
        546103149, 
        517072832, 
        121510421, 
        503323656, 
        524874308, 
        482580380, 
        584511827, 
        593277684, 
        480069939, 
        601476074, 
        479756361, 
        503069254
    ], 
    "fraction of match covered by td exclusion zone": [
        0.052948323658571335, 
        0.04129274465643136, 
        0.2524474681201263, 
        0.03866946682588895, 
        0.6110493798829147, 
        0.00026355671867755255, 
        0.3796719265271816, 
        0.0341038398119192, 
        0.039120783366375804, 
        0.6114243051734437, 
        0.10756665913097638, 
        0.318460811167378, 
        0.1645779574764753, 
        0.5378301581360725, 
        0.003461070302860491, 
        0.3725064558216293, 
        0.3195120678231737, 
        0.0012945189752258883, 
        0.5077272565179947, 
        5.550474046676816e-05, 
        0.024409633938463977, 
        0.6374949876772174, 
        0.887490161501473, 
        0.02289625617828751, 
        0.45708762637300226, 
        0.3822361426910151, 
        0.16697194818340133, 
        0.11947821419416986, 
        0.6983866129679611, 
        0.04512349416037019, 
        0.0015972940911741108, 
        0.01388242878321396, 
        0.0003231765292281667, 
        0.7982192911199443, 
        0.2376708293849166, 
        0.0011618747562865265, 
        0.9101004815348697, 
        0.8812774813835867, 
        0.0006387800294273622, 
        0.9146063957758616, 
        0.6895007463386126, 
        0.003848202060193508, 
        0.6945135849137855, 
        0.0009765627663383225, 
        0.05422878046783464, 
        0.002556837150411242, 
        0.6838321554397577, 
        0.6944762076948559, 
        0.03549364419035448, 
        0.0014745579492212969, 
        0.2626172873255415, 
        0.9793431187812058, 
        0.701722717738074, 
        0.057516389027265226, 
        6.768523659313164e-06, 
        0.005672658914524523, 
        0.006998891125160478, 
        0.001700127888583425, 
        0.014667980549445242, 
        0.00014675392194482564, 
        0.8980465266502512, 
        0.7043213396905385
    ], 
    "source": "VISp",