{
    "image_series_id": 565146821, 
    "distance": [
        753.4406458567745, 
        438.14241442566794, 
        802.2666522748783, 
        1088.057971786671, 
        749.5796195382306, 
        627.3062556693384, 
        669.1649386303421, 
        900.5725928552287, 
        806.7850578054328, 
        494.52563460966155, 
        599.5272796616484, 
        823.3804944365005, 
        563.1356000935032, 
        384.04888232806775, 
        1037.8276469111645, 
        657.6084735855108, 
        898.9454402294771, 
        749.0493308413786, 
        230.16319288081863, 
        920.3595790008529, 
        323.93468583617306, 
        675.0878469896171, 
        660.2357149002547, 
        745.5413676696176, 
        1680.1981085468942, 
        852.2023117455966, 
        2053.5510024136925, 
        560.622946838576, 
        1087.1840887338772, 
        637.9429871120029, 
        684.8767058291223, 
        838.3637897248607, 
        520.8058109606606, 
        815.762339928557, 
        1103.357219437997, 
        667.6765584827879, 
        681.322611445736, 
        1026.140458420386, 
        846.8127415386388, 
        783.2086992472495, 
        242.2323656067966, 
        369.9144677186113, 
        945.6995970637678, 
        811.4865587194012, 
        316.55310989327154, 
        714.141193646615, 
        371.9773098708755, 
        543.9543611781173, 
        667.9963178282554, 
        387.9229807181611, 
        551.8628691307485, 
        677.1252138411377, 
        613.00792753824, 
        589.7062454222079, 
        913.4320469263394, 
        429.3295380213672, 
        194.94589514139255, 
        204.64725294008028, 
        503.28514132311034, 
        581.9538643808456, 
        1110.9880354214538, 
        1591.8666338117243, 
        602.1680952905579, 
        635.882395668512, 
        937.4733740310559, 
        667.400064280966, 
        800.1035410205691, 
        666.5262993204241, 
        375.03423797318425, 
        530.6195207818675
    ], 
    "exclusion_zone_overlap": [
        0.03750627035212968, 
        0.0817792326253645, 
        0.03623178235813502, 
        0.0002502449081166515, 
        0.004517711399775219, 
        0.2774294542358398, 
        0.1000780689428447, 
        0.01166738730112532, 
        0.002694222080234764, 
        0.25364276728890484, 
        0.04815708390074179, 
        3.3705069186277053e-06, 
        0.12702687077163172, 
        0.14828033189066983, 
        0.005933035471162594, 
        0.19109765071702567, 
        0.01885265183571933, 
        0.09384970176997912, 
        0.605878964992774, 
        0.009608979782978718, 
        0.260949058008207, 
        0.14968696928994812, 
        0.023399661975380452, 
        0.16088937198664807, 
        0.3377323376942795, 
        0.016552072968810626, 
        0.007754092674340664, 
        0.1588389329184641, 
        6.002779370469203e-07, 
        0.3363560800753673, 
        0.0021254986899796858, 
        0.00011769917337149397, 
        0.0164166607082564, 
        0.027209494324852722, 
        3.7149016831364284e-05, 
        0.01091695613449998, 
        0.0005796142320530643, 
        1.334969141875038e-06, 
        0.00018761581156144378, 
        0.00043238626605843157, 
        0.14067330232112663, 
        0.19729704707592835, 
        3.374496005557452e-07, 
        0.023928265175510263, 
        0.30767370693760954, 
        0.008895628088377948, 
        0.25155555697256504, 
        0.2734577795978905, 
        0.001660543147914789, 
        0.13314762500242464, 
        0.1393575799308028, 
        0.018768741416382528, 
        0.021909634925052653, 
        0.07502130229791308, 
        0.0021609176956508686, 
        0.3240774388063212, 
        0.05055250470640317, 
        0.12624156094800962, 
        0.06420060265522741, 
        0.004317725213750265, 
        0.000383199781583207, 
        0.000819721246594566, 
        0.21140156265103224, 
        0.006344894143650619, 
        0.08197176437480176, 
        0.02750165344075184, 
        0.0033344899479598494, 
        0.10573140673820298, 
        0.22972963019651818, 
        0.043762164319372604
    ], 
    "match_id": [
        307297141, 
        100147853, 
        307321674, 
        126115436, 
        304586645, 
        307558646, 
        307320960, 
        307743253, 
        113887868, 
        307557934, 
        309003780, 
        277616630, 
        307137980, 
        304585910, 
        309004492, 
        309113907, 
        126862385, 
        307296433, 
        307593747, 
        174361040, 
        100141219, 
        272782668, 
        304762965, 
        309372716, 
        638314843, 
        127795906, 
        120280939, 
        500836840, 
        294481346, 
        512315551, 
        657046319, 
        606929366, 
        522409371, 
        502966396, 
        512314723, 
        500837552, 
        294482052, 
        501006221, 
        530574594, 
        530555292, 
        482578964, 
        266250195, 
        482581199, 
        536298726, 
        479755622, 
        510417993, 
        479701339, 
        479984127, 
        596253012, 
        535692871, 
        501115762, 
        603479758, 
        536299435, 
        479983421, 
        501004474, 
        546103149, 
        517072832, 
        121510421, 
        503323656, 
        272930013, 
        482580380, 
        661987195, 
        584511827, 
        510417255, 
        593277684, 
        480069939, 
        523718075, 
        601476074, 
        479756361, 
        503069254
    ], 
    "fraction of match covered by td exclusion zone": [
        0.039418638941969945, 
        0.5767055969822342, 
        0.032564912985642756, 
        0.0008139374343389451, 
        0.011347727227765846, 
        0.17310247976371626, 
        0.13971715759452896, 
        0.013894627914506304, 
        0.007015574522630055, 
        0.30614213741836804, 
        0.10432426293004557, 
        3.569859774076121e-05, 
        0.17417922442638337, 
        0.7489110513599765, 
        0.0031517204273351267, 
        0.16386578566269488, 
        0.05215234149799936, 
        0.0837470426940708, 
        0.6929275339204402, 
        0.026450197308626636, 
        0.6718480694495682, 
        0.34010619921151114, 
        0.04996334203082658, 
        0.11445542106716701, 
        0.1379863530138599, 
        0.021627878740647095, 
        0.044598725927846826, 
        0.24305125269251676, 
        8.041683975874274e-07, 
        0.1387412971501421, 
        0.07512775843473392, 
        0.00011640815084302167, 
        0.17325553987964112, 
        0.18240372094820892, 
        2.105663343675809e-05, 
        0.041060011134677984, 
        0.004628813320799331, 
        2.192794604423878e-05, 
        0.0005574233687108558, 
        0.0008150228487564597, 
        0.92342404470078, 
        0.5844517387807865, 
        4.32445256842251e-08, 
        0.05497707278646293, 
        0.9221158267845598, 
        0.05980849991520793, 
        0.9441495989825187, 
        0.515332024518791, 
        0.014839700293377793, 
        0.7829190018848877, 
        0.4218807880539959, 
        0.0826342027092131, 
        0.07677692621457956, 
        0.16974464608671505, 
        0.005757020968681809, 
        0.9282364803936307, 
        0.9999999999999998, 
        1.0, 
        0.3480335739511839, 
        0.09890288002340664, 
        0.00032566638868305743, 
        0.0004755618385809169, 
        0.15064360819503644, 
        0.05891153830024243, 
        0.046572647187856864, 
        0.08325761589801439, 
        0.009328773675524267, 
        0.11389745724517522, 
        0.7423469775936042, 
        0.276146531758589
    ], 
    "source": "VISp",