{
    "image_series_id": 567301515, 
    "distance": [
        170.88310179493155, 
        424.7229245626814, 
        446.36181951475913, 
        484.8115906842932, 
        861.7137704929077, 
        499.5218343177251, 
        487.99274072617453, 
        539.9125407573832, 
        340.12871458484955, 
        576.3753006558774, 
        898.3686980228354, 
        739.4729729436017, 
        711.0856666774168, 
        1265.9050452021029, 
        336.49751977470765
    ], 
    "exclusion_zone_overlap": [
        0.445249087189389, 
        0.21275293901748202, 
        0.24603375149732118, 
        0.17358414202955205, 
        0, 
        0.0488769709340764, 
        0.051300190628005234, 
        0.11067144662013956, 
        0.2945989443138198, 
        0.004325610673470703, 
        0.017467486075182625, 
        0.009919687032329698, 
        0.004074718355796603, 
        0.0007843399576237869, 
        0.29689360995637
    ], 
    "match_id": [
        146593590, 
        139426984, 
        139520203, 
        180916954, 
        584194481, 
        501483880, 
        526783054, 
        125833030, 
        478491090, 
        182793477, 
        126117554, 
        478376911, 
        496151571, 
        161458737, 
        496576666
    ], 
    "fraction of match covered by td exclusion zone": [
        0.9568784354678164, 
        0.7189504638550337, 
        0.7234031091013019, 
        0.15723049138169073, 
        0, 
        0.41494039437065294, 
        0.5968760917797106, 
        0.29079041320431936, 
        0.7700910151562776, 
        0.00556732842989284, 
        0.056317968462112844, 
        0.0377418457871344, 
        0.01351465106314962, 
        0.00035424019526131826, 
        0.4888979179502233
    ], 
    "source": "ACAd", 
    "pearson_correlation": [
        0.9657487778824317, 
        0.8844632137209576, 
        0.8091769667952206, 
        0.7267677743770247, 
        0.850535698484997, 
        0.8416965140074227, 
        0.9023055919740935, 
        0.9417720109138054, 
        0.8054547812222237, 
        0.49381735967234675, 
        0.540592009842191, 
        0.9353692464303227, 
        0.9215306540903224, 
        0.7236562605447039, 
        0.9237095959536095
    ], 
    "spearman_correlation": [
        0.9449317015781358, 
        0.848125973351058, 
        0.7974197061396194, 
        0.7479332882071884, 
        0.7407130063192772, 
        0.8429335419593045, 
        0.942930266389762, 
        0.9220896077438855, 
        0.91750246783567, 
        0.41404747097657324, 
        0.7539384072052515, 
        0.9072646281082009, 
        0.7922809830620798, 
        0.7747542668511861, 
        0.9097009526228571
    ], 
    "injection_overlap": [
        0.7900865732330449, 
        0.17209426698617708, 
        0.32784202601810153, 
        0.4220364278943876, 
        1.922484387459859e-05, 
        0.007080611601480958, 
        0.04734890411307346, 
        0.1735647207498655, 
        0.5227468592102248, 
        0, 
        0.013782692892039766, 
        0.003017806439601875, 
        2.760397526859192e-05, 
        9.29415899822227e-05, 
        0.8351911811800604
    ], 
    "fraction of match covered by td injection": [
        0.28929336026383284, 
        0.10433923907101747, 
        0.15406685146646393, 
        0.02903393770950249, 
        2.5775797067803866e-05, 
        0.01926639596452998, 
        0.13273068986937867, 
        0.07669601119190023, 
        0.2193476775924723, 
        0, 
        0.00161677641927807, 
        0.004919828366221487, 
        3.0608199044567655e-05, 
        2.7257599169596544e-05, 
        0.20822565343813185
    ]
}