{
    "image_series_id": 569932566,
    "match_id": [
        141603190,
        112514202,
        112952510,
        157556400,
        112458114,
        584194481,
        125833030,
        286313491,
        583747816,
        478376911,
        286482701,
        161458737,
        263106036
    ],
    "distance": [
        1033.1785320666384,
        535.5788982350077,
        1098.371553141908,
        900.3426199822402,
        518.479966479394,
        858.1730334765565,
        1163.4397774932056,
        815.7020569580199,
        541.0325213649086,
        959.8620413081462,
        255.86940494295865,
        447.48038683480644,
        946.9743228715197
    ],
    "injection_overlap": [
        0.00018597905244140657,
        0.3246095051637393,
        0,
        9.201406607872398e-09,
        0.14142903960060396,
        0.0003708758911026784,
        0,
        0.0006412850564430741,
        0.6021311751321818,
        0.00017488045141000045,
        0.8798337793095325,
        0.6447740151506651,
        0
    ],
    "exclusion_zone_overlap": [
        0.002568100143424376,
        0.21296501057515332,
        9.944531287480711e-05,
        0.0025793360432136577,
        0.14724472322095708,
        0.022608346542862638,
        3.374868560427271e-05,
        0.05045058940401371,
        0.4724860338757412,
        0.008836739487087004,
        0.42070668188709603,
        0.36663334890917215,
        0.01070409486417326
    ],
    "fraction of match covered by td injection": [
        0.00021109533683984682,
        0.16076668559545487,
        0,
        5.359036280360605e-07,
        0.16005672719965217,
        0.001032315184922387,
        0,
        0.0020419888573683545,
        0.13580268627839362,
        0.000210466355555249,
        0.3953157426226421,
        0.17141092536026148,
        0
    ],
    "fraction of match covered by td exclusion zone": [
        0.010902961758429478,
        0.613439524854143,
        0.0006756917757763986,
        0.010865863273012661,
        0.71601816815317,
        0.11226173826362687,
        0.000277161778144126,
        0.18326049656540155,
        0.5466509133637062,
        0.03235443731805422,
        0.9532956107840767,
        0.5723846551262998,
        0.02080015733978406
    ],
    "spearman_correlation": [
        0.34103956751274167,
        0.752233538397537,
        0.11856610201071359,
        0.7917556115179091,
        0.7280916525406322,
        0.8578553816792441,
        0.6029344039640463,
        0.7498598293450328,
        0.7408011254112113,
        0.700648789876661,
        0.695685029300713,
        0.8143958539043168,
        0.5322375044260504
    ],
    "pearson_correlation": [
        0.2515279335739165,
        0.8636027236479151,
        0.07997997219203405,
        0.9269335847272716,
        0.7195460082052375,
        0.7718412198812781,
        0.6252221449634263,
        0.909912449999224,
        0.7087010876036601,
        0.6545965548052187,
        0.8747614086833522,
        0.8856268315769525,
        0.5623836897084282
    ],
    "source": "ACAv"
}