{
    "image_series_id": 570071403, 
    "distance": [
        555.9105702316429, 
        364.63267082927405, 
        323.38982202023317, 
        234.63043899782147, 
        243.30895999783766, 
        815.3143732872618, 
        829.4158551830318
    ], 
    "exclusion_zone_overlap": [
        0.004689471834557731, 
        0.4178223674464307, 
        0.19888508212228945, 
        0.6422459734719603, 
        0.6531369066773829, 
        0.004929414028760791, 
        7.284477441735045e-05
    ], 
    "match_id": [
        112424813, 
        501484658, 
        584895127, 
        592540591, 
        166054929, 
        159832064, 
        591535205
    ], 
    "fraction of match covered by td exclusion zone": [
        0.028086236139590628, 
        0.35656514865500943, 
        0.8569191112431478, 
        0.7097436757478582, 
        0.6175045893750322, 
        0.006246640023263455, 
        1.4735592274012405e-06
    ], 
    "source": "RSPv", 
    "pearson_correlation": [
        0.8239712714109609, 
        0.9056070104903979, 
        0.6107909312779034, 
        0.8210576123590213, 
        0.8662517294302924, 
        0.9696616885259189, 
        0.9226699946893951
    ], 
    "spearman_correlation": [
        0.884993353374123, 
        0.9278126508932882, 
        0.8443216612225822, 
        0.8971053295440324, 
        0.8670789040218136, 
        0.8096775046073066, 
        0.808805414005816
    ], 
    "injection_overlap": [
        0.005838959253619386, 
        0.7013203776377587, 
        0.16458881143748094, 
        0.9522530233514123, 
        0.9999547943545312, 
        0, 
        0
    ], 
    "fraction of match covered by td injection": [
        0.0024569091674278643, 
        0.07721902571722047, 
        0.13321002812922447, 
        0.15192075979741926, 
        0.14247471638354084, 
        0, 
        0
    ]
}