{
    "image_series_id": 571410278, 
    "distance": [
        1075.1791425148924, 
        380.0681318245924, 
        584.9982532688481, 
        993.6528731217539, 
        754.4348786208493, 
        1225.615013262094, 
        517.730551762346, 
        657.103990354598, 
        403.52830139171436, 
        877.5284775199174, 
        799.6771903981532, 
        769.5167583499267, 
        1016.1586938216955, 
        327.8811365936864, 
        510.6329521184486, 
        1386.6647938064555, 
        882.7738449055955, 
        1044.5747340490611, 
        1167.4245217566863, 
        1363.2813515131081, 
        753.5320068929655, 
        297.47133564879755, 
        690.2812080326275, 
        1006.5272710098526, 
        723.3688447670717, 
        900.9015109995272, 
        893.1357658859009, 
        548.8912971570238, 
        865.7255516687953, 
        567.9432539595498, 
        348.7146605951919, 
        685.0460336673356, 
        439.3304553322238, 
        1618.4212574798264, 
        803.1537110054095, 
        844.6631345914122, 
        669.9326866335605, 
        933.2961419137337, 
        626.637289191188, 
        702.0326989901332, 
        967.6880016662948, 
        1424.482000447784, 
        1361.102248486647
    ], 
    "exclusion_zone_overlap": [
        0.013555563561279321, 
        0.0808779628198423, 
        0.5954704000965382, 
        0.0507390110614596, 
        0.004626016939149979, 
        0.004058580446593126, 
        0.31990552791852794, 
        0.14442716141144352, 
        0.1785106510725659, 
        0.3720244380221669, 
        0.049483443289359226, 
        0.3360158375415767, 
        0.0501757995381557, 
        0.37636227364726826, 
        0.19232926850337007, 
        0.0026510422315600157, 
        0.050235197892894226, 
        0.21179216393453795, 
        0.08111178997048106, 
        0.0005677988541455682, 
        0.05946775628033659, 
        0.36814264461721413, 
        0.5341384576059475, 
        8.554437800943875e-05, 
        0.12085956905751973, 
        0.003997448273065028, 
        0.04515056749844334, 
        0.024017595108593526, 
        0.016724549109888204, 
        0.21739318764908314, 
        0.14308655296442302, 
        0.1172892400725063, 
        0.027503133991525718, 
        0.07304334290618504, 
        0.09492927450032003, 
        0.018413969538154103, 
        0.08055687748390211, 
        0.16381282670195424, 
        0.4514882725060506, 
        0.21833689159657738, 
        0.23337948336856013, 
        0.0006411569168715854, 
        0.0012055152488216095
    ], 
    "match_id": [
        307297141, 
        272916202, 
        180296424, 
        307321674, 
        157062358, 
        307743253, 
        100141796, 
        304565427, 
        112373830, 
        309004492, 
        127089669, 
        307295727, 
        307296433, 
        114250546, 
        127138787, 
        640081415, 
        638314843, 
        579409876, 
        512315551, 
        232311959, 
        479981981, 
        603468246, 
        479673174, 
        530555292, 
        495562600, 
        648252402, 
        479700629, 
        590988082, 
        657172447, 
        166083557, 
        554334685, 
        576340889, 
        286417464, 
        299446445, 
        479673887, 
        298178204, 
        648050335, 
        482580380, 
        661987195, 
        479980810, 
        593277684, 
        642809043, 
        554421791
    ], 
    "fraction of match covered by td exclusion zone": [
        0.012784903200343763, 
        0.66286419782828, 
        0.3811973242974064, 
        0.03915827739883145, 
        0.03291533692153123, 
        0.003222224544369485, 
        0.7345777310795742, 
        0.3311795270867636, 
        0.7445531789480411, 
        0.18915727240152974, 
        0.07877308901053084, 
        0.33344339527694067, 
        0.023352455648452303, 
        0.9950309149723745, 
        0.42373035971031486, 
        0.002094865573012306, 
        0.01407037488096928, 
        0.13873200588289772, 
        0.027677875150053332, 
        0.0004886702074673037, 
        0.20156161779721604, 
        0.20722621502048288, 
        0.3884197562178809, 
        0.0010675977507743487, 
        0.6732768524093412, 
        0.02097819895186656, 
        0.244708401790335, 
        0.42211848031471894, 
        0.040966920182688396, 
        0.44983403949997264, 
        0.9439631246008922, 
        0.28408852025344217, 
        0.40256027490469015, 
        0.07596913381527524, 
        0.37779326000907754, 
        0.037496687617003435, 
        0.40109367370069476, 
        0.3468099438318628, 
        0.44579343919384135, 
        0.6110058217939328, 
        0.11874497601644093, 
        0.0003072403949678085, 
        0.00020351338639020992
    ], 
    "source": "VISpl", 
    "pearson_correlation": [
        0.946265495797861, 
        0.6912785259957311, 
        0.9768399442293656, 
        0.9446700026156133, 
        0.9203752294585146, 
        0.9368784211421705, 
        0.9754863281571948, 
        0.9534644688014632, 
        0.9686346324939307, 
        0.9454482357080469, 
        0.9181572782990532, 
        0.9659740333486092, 
        0.955607934574949, 
        0.9929363393857417, 
        0.9837621497991476, 
        0.541556446051452, 
        0.4196150330889126, 
        0.8126177076049613, 
        0.8183634298157397, 
        0.642173571183184, 
        0.9590963448077977, 
        0.939094933426443, 
        0.9206271240824749, 
        0.9641236533177713, 
        0.9635838373104779, 
        0.7496846405975494, 
        0.943545636404057, 
        0.9149756126091122, 
        0.9004733151246405, 
        0.8914051675120364, 
        0.9554866516037807, 
        0.91782797322514, 
        0.7892942347080638, 
        0.5376521367043122, 
        0.9431422962441263, 
        0.7546502365814044, 
        0.8678274923576748, 
        0.9779584340976155, 
        0.9512050776806193, 
        0.9533599740674364, 
        0.9527204991598897, 
        0.21460924192013778, 
        0.6373202421525298
    ], 
    "spearman_correlation": [
        0.8235549851125475, 
        0.6466297372069124, 
        0.9426964238842452, 
        0.8299166503389083, 
        0.8858001104306172, 
        0.8620634495461553, 
        0.9076313557855012, 
        0.8351565468975265, 
        0.9020087259254168, 
        0.8672598575691184, 
        0.9291342322873489, 
        0.8895839191920327, 
        0.8368773364859142, 
        0.9207899279952924, 
        0.9214115861381011, 
        0.3989201914737911, 
        0.3436969201803792, 
        0.7251520949883855, 
        0.7665347315098205, 
        0.40146767623275365, 
        0.826735817725728, 
        0.8665647396853031, 
        0.9071121198530467, 
        0.7850912909658995, 
        0.9034139820207051, 
        0.8482895322957213, 
        0.9099884492782012, 
        0.8420924133682806, 
        0.901325086595424, 
        0.8586902706024111, 
        0.858497803047918, 
        0.8772860006768991, 
        0.7909757728168693, 
        0.6489378333520585, 
        0.8780365620619758, 
        0.8087069573347655, 
        0.8558412283482023, 
        0.8280821897008211, 
        0.8993414014629199, 
        0.904518651529798, 
        0.8146982706800274, 
        0.6182338612944906, 
        0.7519060544400495
    ],