{
    "image_series_id": 571401645, 
    "distance": [
        729.6539713604849, 
        293.41478201570743, 
        824.4300151950068, 
        145.36123009150137, 
        833.741890819417, 
        316.66671932600536, 
        592.5766371766454, 
        441.57451145318174, 
        790.5101333616556, 
        138.8655338261042, 
        131.7004962767274, 
        178.18303161059848, 
        816.7490908507552, 
        670.2938247595018, 
        566.4777348940617, 
        321.9904998595984, 
        1077.07456171423, 
        856.247744370772, 
        149.8346775338922
    ], 
    "exclusion_zone_overlap": [
        0.011030011415655568, 
        0.2414517351587752, 
        0.038571090435761235, 
        0.23436568109369413, 
        0.05345760199297674, 
        0.17252844649847449, 
        0.09781906925334119, 
        0.28154223250898214, 
        0.00569668481626728, 
        0.07566092865424164, 
        0.3259690266021763, 
        0.2839153567270389, 
        0.20873519673872867, 
        0.020560986718104714, 
        0.10551806223466774, 
        0.25429107815555363, 
        0.00405317343002903, 
        0.18628023051120624, 
        0.35056266538397957
    ], 
    "match_id": [
        141603190, 
        146593590, 
        112514202, 
        139426984, 
        112458114, 
        139520203, 
        180916954, 
        584194481, 
        501483880, 
        526783054, 
        125833030, 
        478491090, 
        583747816, 
        182793477, 
        126117554, 
        478376911, 
        286482701, 
        161458737, 
        496576666
    ], 
    "fraction of match covered by td exclusion zone": [
        0.06787901812178831, 
        0.9126429603264022, 
        0.18528746807071045, 
        0.9972122210093803, 
        0.41347768766992893, 
        0.8284405476479534, 
        0.13740400862928073, 
        0.9685932096545934, 
        0.08827485746282454, 
        0.9999999999999999, 
        1.0000000000000002, 
        0.9665779551869772, 
        0.3126741005282435, 
        0.012722840508032504, 
        0.5504536831967202, 
        0.972518085876896, 
        0.02234550463780974, 
        0.37213627043764297, 
        0.9189388576325318
    ], 
    "source": "ACAd", 
    "pearson_correlation": [
        0.6808162933504381, 
        0.879290211922722, 
        0.9124030370516673, 
        0.924206367983198, 
        0.9514167098455658, 
        0.8716951860986999, 
        0.5829360292785551, 
        0.9316399164525202, 
        0.760457341369703, 
        0.8842747196789458, 
        0.9689661015489508, 
        0.6070074876053193, 
        0.8580935531822506, 
        0.33550076726175226, 
        0.6757809618513777, 
        0.9302485663228641, 
        0.8431587656388008, 
        0.8551035346815139, 
        0.843627967668988
    ], 
    "spearman_correlation": [
        0.6313700191653501, 
        0.8600097404266254, 
        0.9217563171842594, 
        0.8059885194202584, 
        0.8944949650574944, 
        0.8615152645287333, 
        0.6566041214781467, 
        0.8699168197189071, 
        0.8078675970104482, 
        0.8567469581728376, 
        0.8504663072527082, 
        0.8292837283547666, 
        0.9223838083929435, 
        0.3936518827064895, 
        0.8832611283634122, 
        0.8977538857485587, 
        0.8802458282971042, 
        0.9065618143080134, 
        0.8699480267955666
    ], 
    "injection_overlap": [
        5.202258588745339e-09, 
        0.48012598289157343, 
        2.133212569753719e-06, 
        0.7395115505556186, 
        0.0006375994097436688, 
        0.38573557091604066, 
        4.943316960071984e-06, 
        0.1905808934196444, 
        0, 
        0.5781447924741643, 
        0.9513015375990672, 
        0.7617444362987519, 
        0.14879744337800774, 
        0.00042711115067457106, 
        0.04747576751079944, 
        0.6140967608767661, 
        0, 
        0.12981637783761418, 
        0.8838061883969431
    ], 
    "fraction of match covered by td injection": [
        7.852676690380036e-10, 
        0.23777037880877902, 
        1.2826190074338594e-06, 
        0.4565284157633917, 
        0.001636522519075826, 
        0.25168373934960797, 
        1.8349734589824113e-09, 
        0.20729572180499573, 
        0, 
        0.7841218768670173, 
        0.49468245065886834, 
        0.3641106528747987, 
        0.04199506014741065, 
        0.00011136954995027468, 
        0.11529821755416045, 
        0.4306506287750688, 
        0, 
        0.07754133501837505, 
        0.3099859848701206
    ]
}