{
    "image_series_id": 571652998,
    "match_id": [
        141603190,
        146593590,
        139426984,
        139520203,
        180916954,
        584194481,
        501483880,
        526783054,
        125833030,
        478491090,
        583747816,
        182793477,
        126117554,
        478376911,
        496151571,
        161458737,
        496576666
    ],
    "distance": [
        911.3526404286234,
        335.9150930893821,
        528.8982579713606,
        629.2628468067265,
        388.2517599349296,
        851.492342309821,
        701.2976067371624,
        588.0396200451437,
        561.1893457662497,
        478.61273817133673,
        1195.979409921582,
        591.5179995830366,
        1023.9314937520928,
        776.5317277443921,
        879.7646634195139,
        1301.5246839239658,
        338.06649120705293
    ],
    "injection_overlap": [
        0,
        0.7406523173795019,
        0.11793093696644089,
        0.30156685746477746,
        0.7061753600029012,
        0.0037692323864913246,
        0,
        0.052666389579083185,
        0.21274034248052065,
        0.5257571829234831,
        0.0009465571575780984,
        0.05758696306383307,
        0.0015521910432932504,
        0.048558174291582816,
        0,
        0.005004492231848571,
        0.6463339648539973
    ],
    "exclusion_zone_overlap": [
        0.0005361950161456826,
        0.279689226389194,
        0.22032677939858622,
        0.15026213293851992,
        0.27297977403121293,
        0.05573695271187966,
        0.023631581687738823,
        0.07499582473097155,
        0.2159231228601586,
        0.2671862568140766,
        0.015619221848784538,
        0.07460238012346261,
        0.023473048307272794,
        0.1067650290157894,
        0.0017367953952988594,
        0.034946129667928434,
        0.39576631542325474
    ],
    "fraction of match covered by td injection": [
        0,
        0.428663649796273,
        0.22889726589100406,
        0.23477623304028397,
        0.09868264900991802,
        0.002960341092855044,
        0,
        0.4264807252267437,
        0.2583846860645326,
        0.3839353985079786,
        6.341524745485857e-05,
        0.003213462435925998,
        0.00771072619591756,
        0.08969652822893143,
        0,
        0.0065126677029461585,
        0.3623425974269395
    ],
    "fraction of match covered by td exclusion zone": [
        0.0024599817712546474,
        0.93984435405151,
        0.95076174570417,
        0.616721647865173,
        0.3819333394811501,
        0.19240156681440376,
        0.3150669454577425,
        0.9973672052633058,
        0.8089178936765858,
        0.8519583512949074,
        0.020820167300492767,
        0.14480457006245806,
        0.10338129611709707,
        0.5307307103982914,
        0.0088634123052482,
        0.058584911265871294,
        0.9713225139567783
    ],
    "spearman_correlation": [
        0.7533122839351378,
        0.9136162258800198,
        0.7502521859293084,
        0.6919860919625382,
        0.8321323547896534,
        0.6399442620446195,
        0.753978048917991,
        0.9152759312857721,
        0.9229216744179999,
        0.9151861955804375,
        0.7623179965507846,
        0.5100498384875349,
        0.6340579712855253,
        0.8690500909219979,
        0.7824160926167335,
        0.6618725443138587,
        0.9340446831716467
    ],
    "pearson_correlation": [
        0.871355388174051,
        0.8506890672844418,
        0.719456460311597,
        0.6281587630794311,
        0.8511959421215337,
        0.7696066154481476,
        0.6111856069448615,
        0.7283441594056387,
        0.875115606204065,
        0.6462397739382642,
        0.775560298062033,
        0.6220404676744202,
        0.35927868927418793,
        0.8225394413029755,
        0.8393106696730465,
        0.5664323559195312,
        0.7859932412255881
    ],
    "source": "MOs"
}