{
    "image_series_id": 572771153, 
    "distance": [
        659.7130454787176, 
        1189.0570528873243, 
        434.30157701026997, 
        563.9046649504294, 
        116.80162506446308, 
        539.955435270559, 
        140.4568429025716, 
        450.42426168178616, 
        361.6310626795491, 
        61.4485799397405, 
        947.9182879368673, 
        276.7049912856848, 
        102.22759136498301, 
        609.0411850322499, 
        607.108653224515, 
        282.67314080376224, 
        549.972762656254
    ], 
    "exclusion_zone_overlap": [
        0.0042765559926526316, 
        0.06965031658504343, 
        0.4973702279452123, 
        0.08298115407600476, 
        0.7064295355513857, 
        0.012864638584890184, 
        0.8182535167062344, 
        0.07593090922998888, 
        0.35413637017710725, 
        0.7100923993230184, 
        0.031144091359894724, 
        0.5050053565493169, 
        0.6643613012126056, 
        0.0204337006854128, 
        0.180334046921529, 
        0.5220804277712764, 
        0.022325776168639812
    ], 
    "match_id": [
        113887162, 
        272404772, 
        126907302, 
        598605738, 
        521600943, 
        647806688, 
        540145406, 
        272735030, 
        511550172, 
        518606617, 
        583748537, 
        657334568, 
        272929308, 
        657042668, 
        656959718, 
        524874308, 
        656632388
    ], 
    "fraction of match covered by td exclusion zone": [
        0.002793597776424399, 
        0.016107702988174825, 
        0.1484788449276444, 
        0.030784085194721467, 
        0.963878727149835, 
        0.019959525567736034, 
        0.610592470148667, 
        0.10365589291013486, 
        0.2512529755911735, 
        0.7223646918516023, 
        0.002269992978469487, 
        0.6251024291646377, 
        0.929471864339089, 
        0.03184220765716227, 
        0.19309264073458776, 
        0.3158416078332587, 
        0.03825039445041743
    ], 
    "source": "VISrl", 
    "pearson_correlation": [
        0.34551851908126713, 
        0.6558103487253479, 
        0.8559576591887667, 
        0.6615691891054789, 
        0.8659736782605802, 
        0.847788653189102, 
        0.8342670683128413, 
        0.8088359056390572, 
        0.7526741477038253, 
        0.8513007702691265, 
        0.7020237398848705, 
        0.8874331941890534, 
        0.9648212930270413, 
        0.6382143543269401, 
        0.8167112677740026, 
        0.683443865298741, 
        0.6262890477392884
    ], 
    "spearman_correlation": [
        0.6796614319474275, 
        0.2695524309574709, 
        0.7760639824351927, 
        0.6865143224975863, 
        0.8334338448898643, 
        0.8265898796401866, 
        0.8325968437683806, 
        0.8421001092300563, 
        0.8067613079903936, 
        0.8168340727067892, 
        0.7320882180392346, 
        0.770946422452704, 
        0.8429222117440018, 
        0.7506267644165777, 
        0.8559448471089467, 
        0.684951988617504, 
        0.721650665596421
    ], 
    "injection_overlap": [
        0.002870384278794457, 
        0.021672660913713407, 
        0.5912402182653503, 
        0.04581494691006014, 
        0.9706061919692269, 
        0, 
        0.9999834345606323, 
        0.06045338440994576, 
        0.700293954401505, 
        0.9905687448311458, 
        0.021066013424517714, 
        0.6761593540838595, 
        0.990580466726281, 
        0, 
        0.08376306876159141, 
        0.9766998263564008, 
        8.35969979418738e-06
    ], 
    "fraction of match covered by td injection": [
        0.00010021091846827845, 
        0.0003974755586396129, 
        0.020411285731684048, 
        0.0015484402134875268, 
        0.1929238700928527, 
        0, 
        0.1278230818621232, 
        0.0049780683218122275, 
        0.04935356278227585, 
        0.1347623369245731, 
        8.702553799890292e-05, 
        0.09784201813171729, 
        0.20896566053924162, 
        0, 
        0.016363089266369684, 
        0.07060206716951227, 
        4.271234769541892e-06
    ]
}