{
    "image_series_id": 572753855, 
    "distance": [
        184.9272222391955, 
        675.7130663950077, 
        801.6991221109206, 
        697.7744750922134, 
        682.7542038385781, 
        651.3368618064678, 
        998.1192600187043, 
        717.5522553440703, 
        940.1085871049157, 
        681.1167399132336, 
        776.1327560926528, 
        748.5415581726791, 
        933.6622800007843, 
        943.9524011117637, 
        334.2828320323802, 
        776.0475383229062
    ], 
    "exclusion_zone_overlap": [
        0.3056848380402725, 
        0.157824826186506, 
        0.016115847375605303, 
        0.022265312268139978, 
        0.25092374268716233, 
        0.08682716911170248, 
        0.0015210825054169752, 
        0.03217280455316977, 
        0.0010400334991791276, 
        0.22105498479641678, 
        0.025304159460928486, 
        0.007050547639660685, 
        0.05627808194591951, 
        0.0008829694298742249, 
        0.2836729688752866, 
        0.06596898969439706
    ], 
    "match_id": [
        141603190, 
        112514202, 
        112952510, 
        112458114, 
        180916954, 
        584194481, 
        166055636, 
        125833030, 
        478491090, 
        583747816, 
        182793477, 
        478376911, 
        286482701, 
        161458737, 
        168162771, 
        496576666
    ], 
    "fraction of match covered by td exclusion zone": [
        0.9206381683662761, 
        0.32149963160757355, 
        0.04808768910287061, 
        0.11081850069322026, 
        0.2703998794444318, 
        0.1570058569128614, 
        0.004381208457273782, 
        0.1252045428432145, 
        0.001707371358162273, 
        0.22941104654333394, 
        0.06712328779328637, 
        0.038601321997093194, 
        0.11815350402833666, 
        0.0006632185614582371, 
        0.6507133376765638, 
        0.1437381946508152
    ], 
    "source": "MOs", 
    "pearson_correlation": [
        0.9343425279109407, 
        0.39214323272443974, 
        0.9529714485400784, 
        0.4608129329156523, 
        0.9395722517665601, 
        0.5214355250133728, 
        0.9299153922857274, 
        0.5374778423917685, 
        0.3510063455339318, 
        0.6281969356928088, 
        0.8840404645422348, 
        0.5457021043948476, 
        0.3785048576374077, 
        0.2443705782465359, 
        0.9455363611707598, 
        0.45852766562785074
    ], 
    "spearman_correlation": [
        0.8296913639091003, 
        0.42124905552817277, 
        0.767043920776321, 
        0.48563948474923035, 
        0.8070680533656548, 
        0.2754227063758942, 
        0.6693144715439717, 
        0.46342493176654387, 
        0.3593771934108827, 
        0.4641367207445298, 
        0.8335244239703841, 
        0.4214089557075554, 
        0.41000742510865024, 
        0.3164374258159626, 
        0.7672658085592233, 
        0.4623170255035336
    ], 
    "injection_overlap": [
        0.9518414815925319, 
        0.22389522880334325, 
        3.849348491046759e-05, 
        0.002986009290684864, 
        0.44949786911448997, 
        0.011319139583261898, 
        0, 
        3.170114313270475e-05, 
        0, 
        0.08320918338438892, 
        9.299026795530705e-10, 
        0, 
        0.0008880376855337345, 
        0.0009439988585788285, 
        0.5303545297715707, 
        0.0037598007431822265
    ], 
    "fraction of match covered by td injection": [
        0.396688801704137, 
        0.049624048584321526, 
        0.00011501913819385559, 
        0.003882670074984542, 
        0.04984032840910003, 
        0.000384922627795921, 
        0, 
        2.377202085940743e-05, 
        0, 
        0.012562438595347995, 
        2.095803116638836e-12, 
        0, 
        0.0004396978451550076, 
        4.27700086819598e-05, 
        0.14180278686441836, 
        0.0008232309055907282
    ]
}