{
    "image_series_id": 574637452, 
    "distance": [
        885.5329543194222, 
        527.7298372197085, 
        945.4448964004453, 
        1294.9132320493782, 
        663.2352778888603, 
        630.3535477247625, 
        817.5008099464332, 
        999.0499157060815, 
        948.8700067057881, 
        498.59063465089633, 
        857.6074558798232, 
        661.9722382475866, 
        667.1434053864718, 
        631.855237201042, 
        477.8219412950532, 
        1176.4735762763507, 
        579.5844642695818, 
        907.6089768870271, 
        204.57797628996366, 
        257.3016491654198, 
        948.5437933940655, 
        590.7129506250989, 
        665.9507734564205, 
        713.5866229282501, 
        1880.3486980988894, 
        988.0079997659534, 
        2265.69993760786, 
        494.3656675414547, 
        776.6415025054948, 
        654.0242964507585, 
        664.5217635497575, 
        627.8684135228167, 
        821.3534296383666, 
        597.135675352776, 
        837.5148372468376, 
        934.0980439888307, 
        171.23747529993966, 
        311.70717623874754, 
        786.6768216647205, 
        212.88071283149753, 
        725.2098795577339, 
        171.25450673768873, 
        477.14775235185425, 
        601.2477559451435, 
        530.0953315586852, 
        534.2764726653634, 
        849.7215555593124, 
        569.0092112925038, 
        533.4239463940044, 
        765.4244272367574, 
        247.84676370326824, 
        95.32941260206874, 
        233.23525148579944, 
        674.7197935419944, 
        696.9862561136046, 
        1248.0405356860015, 
        1752.3045582678676, 
        555.181049709301, 
        736.8564807323464, 
        1125.013897742289, 
        849.1311367452981, 
        843.0867627520933, 
        828.9259564236868, 
        230.7991914147278, 
        553.3069209660163
    ], 
    "exclusion_zone_overlap": [
        0.008388366168960366, 
        0.04397432927018298, 
        0.006517532034761059, 
        9.125324895597733e-09, 
        0.07703425344733984, 
        0.51798549036437, 
        0.04039097289790071, 
        0.015874517843878142, 
        0.00021525362493935346, 
        0.49305039895073305, 
        0.00026862858902026743, 
        0.10272498877813917, 
        0.001426282654186075, 
        0.24680658573152275, 
        0.14869061760004215, 
        2.3537417054035838e-07, 
        0.4301423930996944, 
        0.028471069038371384, 
        0.8210272441169176, 
        0.4605731946145261, 
        0.00016808564377727417, 
        0.08235316562374499, 
        0.12416393615749109, 
        0.385277380940211, 
        0.5463366826780449, 
        0.049590745665349094, 
        0.001017233187779227, 
        0.3550826127124076, 
        0.2845218663315058, 
        5.7917706799534815e-05, 
        0.0002365115439122798, 
        6.687285501828938e-08, 
        0.00010739979291593932, 
        0.02885390631037369, 
        0.02543434078142869, 
        8.01198711333335e-05, 
        0.21866450913225718, 
        0.35144855213678905, 
        0.0020481230104352757, 
        0.5354373659172313, 
        0.0026954182575982225, 
        0.3147410165663003, 
        0.19008084601458836, 
        0.03375750645830922, 
        0.05922084719384913, 
        0.07192094245592867, 
        0.0015420523957855841, 
        0.10516737461530844, 
        0.18899565641003607, 
        0.000523888727475507, 
        0.2535134546122451, 
        0.07355233919091322, 
        0.15739244253853868, 
        0.023872580589486932, 
        0.0013345426617452775, 
        0.00026328105002684744, 
        7.462393434330182e-05, 
        0.11276164873175648, 
        0.0010883404038643269, 
        0.07201288671237514, 
        0.0050340726474573565, 
        0.0001946625850305707, 
        0.02572852491254461, 
        0.3927501058737526, 
        0.10874990010023045
    ], 
    "match_id": [
        307297141, 
        100147853, 
        307321674, 
        126115436, 
        304586645, 
        307558646, 
        307320960, 
        307743253, 
        113887868, 
        307557934, 
        114008926, 
        309003780, 
        277616630, 
        307137980, 
        304585910, 
        309004492, 
        309113907, 
        307296433, 
        307593747, 
        100141219, 
        304564721, 
        272782668, 
        304762965, 
        309372716, 
        638314843, 
        127795906, 
        120280939, 
        500836840, 
        512315551, 
        657046319, 
        522409371, 
        502966396, 
        500837552, 
        294482052, 
        530574594, 
        530555292, 
        482578964, 
        266250195, 
        536298726, 
        479755622, 
        510417993, 
        479701339, 
        479984127, 
        596253012, 
        535692871, 
        501115762, 
        603479758, 
        536299435, 
        479983421, 
        501004474, 
        546103149, 
        517072832, 
        121510421, 
        503323656, 
        272930013, 
        482580380, 
        661987195, 
        584511827, 
        510417255, 
        593277684, 
        480069939, 
        523718075, 
        601476074, 
        479756361, 
        503069254
    ], 
    "fraction of match covered by td exclusion zone": [
        0.008653204304606527, 
        0.30907975321004855, 
        0.006088592280361604, 
        8.136085799725897e-09, 
        0.15490341014478046, 
        0.24511403289570824, 
        0.05313020592438461, 
        0.013500479151881866, 
        0.0005262459605062162, 
        0.45170448038636163, 
        0.0007914646695657673, 
        0.15332809378070927, 
        0.005844670239443273, 
        0.2519179830413712, 
        0.49510953167223853, 
        1.205665976400164e-10, 
        0.263961367929508, 
        0.02626100604149526, 
        0.7801740870289408, 
        0.8681025815671147, 
        0.0007608710247774066, 
        0.13691128948595493, 
        0.21741646048319244, 
        0.20526859326915503, 
        0.16888382151784112, 
        0.06178731589862035, 
        0.00451302914539051, 
        0.4276470830867997, 
        0.08991743130765535, 
        0.00282817657632005, 
        0.0029255694853501167, 
        4.194467622802573e-08, 
        0.0007971315166738246, 
        0.20669565125025297, 
        0.1007200935325788, 
        0.00020129642009916263, 
        0.9858067636190697, 
        0.7939562942983679, 
        0.0038445805996595453, 
        0.9948384882818969, 
        0.02143789465718773, 
        0.9144752360418177, 
        0.27964913746148623, 
        0.22109939823572156, 
        0.35467348898238266, 
        0.1830335198753852, 
        0.01095518476492416, 
        0.3366432044347711, 
        0.35859046695391944, 
        0.0011168696007987635, 
        0.5597801102425989, 
        0.9999999999999998, 
        0.9975161229748084, 
        0.1757723628825414, 
        0.012777968472523524, 
        0.00027894965605858757, 
        1.7895009110277773e-05, 
        0.05021862128650332, 
        0.006020141231740657, 
        0.0253596200401099, 
        0.008234041223742224, 
        0.0017241569547034583, 
        0.026241385658003977, 
        0.9083366740374121, 
        0.5369006666978196
    ], 
    "source": "VISp",