{
    "image_series_id": 592698832, 
    "distance": [
        519.2765882358207, 
        1096.5551221849475, 
        490.25882849419423, 
        950.0059521970456, 
        756.6799246288618, 
        707.1566299826311, 
        546.0014366232812, 
        352.68385106215635, 
        597.0596096195085, 
        375.2057945774749, 
        675.8403362782171, 
        729.1355298987044, 
        747.8196425230323, 
        983.7610156942816, 
        1151.944830828384, 
        461.6861969348226, 
        689.6324908117853, 
        500.0585871447774, 
        581.6443773555152, 
        200.63151843794594, 
        805.2054189228684, 
        550.5248504134195, 
        189.18606348538458, 
        240.21016716537227, 
        281.68661930447325, 
        674.5886950330131
    ], 
    "exclusion_zone_overlap": [
        0.16824822083550323, 
        2.0741645132501792e-05, 
        0.17479308892785872, 
        0.2182264555257535, 
        0.08866978033617709, 
        0.17237817425807653, 
        0.2801146556979994, 
        0.3001503955430647, 
        0.09615016631997189, 
        0.650539064893361, 
        0.04840353168221778, 
        0.14349621461850948, 
        5.5828961463306145e-06, 
        0.00020276508602602754, 
        0.11123289388390277, 
        0.16549835067050303, 
        0.1381048706821137, 
        0.061135045277654926, 
        0.04592688580265392, 
        0.533563442228421, 
        0.023546382190282655, 
        0.07314422560592378, 
        0.8271917768827324, 
        0.31610236527752394, 
        0.5825803855262274, 
        0.17606133528108509
    ], 
    "match_id": [
        484504171, 
        175740500, 
        292478008, 
        204832205, 
        159432479, 
        166264185, 
        159331462, 
        506947040, 
        266839077, 
        267610466, 
        182805965, 
        267609756, 
        309702727, 
        267928844, 
        170784358, 
        573035760, 
        480703321, 
        305125123, 
        167373923, 
        292321278, 
        181895006, 
        286553311, 
        167571459, 
        514333422, 
        479267539, 
        278500868
    ], 
    "fraction of match covered by td exclusion zone": [
        0.2068225231170224, 
        5.182264614657213e-06, 
        0.41302173216105653, 
        0.11178381298646219, 
        0.06706986892250377, 
        0.11757200066720856, 
        0.2815860051557384, 
        0.5062810642736393, 
        0.238132801488918, 
        0.45067213463444283, 
        0.1929525800266664, 
        0.15249404328458227, 
        0.0002605455562958725, 
        0.00021711118784593044, 
        0.0753771837990557, 
        0.6289857106502097, 
        0.07929367044856668, 
        0.19145281180673038, 
        0.0849438393810886, 
        0.8605502591890982, 
        0.013879926615024159, 
        0.2903347706184566, 
        0.8626806411202864, 
        0.9024095064828965, 
        0.7027847414232536, 
        0.19108874159309788
    ], 
    "source": "AM", 
    "pearson_correlation": [
        0.41599757995039577, 
        0.6899947487304482, 
        0.6968549710160121, 
        0.8864946853485701, 
        0.6072310522393551, 
        0.14887512289379465, 
        0.7989968436368963, 
        0.563114536748198, 
        0.5667299576382021, 
        0.5040865450347138, 
        0.7591832362394273, 
        0.7168167312487883, 
        0.6468662205558077, 
        0.6519561044888196, 
        0.6414716080476652, 
        0.6211886672366197, 
        0.13054221642858738, 
        0.1546084204520536, 
        0.06610067254950963, 
        0.6347554646985303, 
        0.5193372927881247, 
        0.6493661630175646, 
        0.9038523875983199, 
        0.7644667399375518, 
        0.8648421765885327, 
        0.7683950125325694
    ], 
    "spearman_correlation": [
        0.6811405295315682, 
        0.7973442026740776, 
        0.6242897357326942, 
        0.8196373586297746, 
        0.662117615730674, 
        0.27927270108291496, 
        0.8338825609503623, 
        0.48730373091349194, 
        0.5548266445104495, 
        0.6029897361321354, 
        0.5661749821444912, 
        0.602655071599455, 
        0.48335109570850493, 
        0.7784628930148054, 
        0.566543718293249, 
        0.6508882762796817, 
        0.2915341260494584, 
        0.20124733492073055, 
        0.2320910339473298, 
        0.6090805415476114, 
        0.6465173116089613, 
        0.5150972719881363, 
        0.932410440598862, 
        0.6654115533431191, 
        0.7356008146639511, 
        0.7844920180706613
    ], 
    "injection_overlap": [
        0.10354714147462729, 
        0, 
        0.2789024039654326, 
        0.17204738738168976, 
        0.06004307371613908, 
        0.12564844815586668, 
        0.29994282583564125, 
        0.17158507462998798, 
        0.10669254995541141, 
        0.5490924890646812, 
        0.027745809582985847, 
        0.24470119777374594, 
        0, 
        0, 
        0.04682535931842458, 
        0.06921294486096409, 
        0.09966145933767848, 
        0.0216656982154918, 
        0.019930936423383654, 
        0.5911200309969605, 
        0.02149245314164485, 
        0.17677652488386794, 
        0.7922540708340172, 
        0.15962081069583814, 
        0.7320001766277688, 
        0.051372993410170584
    ], 
    "fraction of match covered by td injection": [
        0.013254481702771588, 
        0, 
        0.09819232442497398, 
        0.017846385463071955, 
        0.008120756384784088, 
        0.00957264815609493, 
        0.06272537102652313, 
        0.06658068060077688, 
        0.044410702819794645, 
        0.06129591697919642, 
        0.01732191010267442, 
        0.035072716172902446, 
        0, 
        0, 
        0.012651766104991259, 
        0.05809062524053123, 
        0.004964428898489052, 
        0.007588631482131474, 
        0.011831031008920596, 
        0.19995800665756697, 
        0.00031937737216872686, 
        0.06645417994466041, 
        0.17427838684983182, 
        0.06461657650527658, 
        0.16521825864497383, 
        0.01248742408233764
    ]
}