{
    "image_series_id": 601804603,
    "match_id": [
        180709230,
        180673746,
        170721670,
        112423392,
        112306316,
        158435116,
        478376197,
        496554237,
        480994108,
        287769286,
        156741826,
        478582494,
        167902586
    ],
    "distance": [
        1107.437517230808,
        911.0102194183099,
        880.774147936256,
        366.2580361493322,
        284.0390911299268,
        204.41319770711792,
        1025.4800441855787,
        900.4847831383455,
        416.2601245860041,
        152.64045500169752,
        281.48781656326696,
        757.0309474941051,
        591.5241187896903
    ],
    "injection_overlap": [
        0,
        0,
        0,
        0.17264199310361084,
        0.610521228925875,
        0.529555156676601,
        0,
        0,
        0.7337449018662603,
        0.9246153529725574,
        0.899286613892928,
        0,
        0.3722510841030045
    ],
    "exclusion_zone_overlap": [
        0.0012586751754927418,
        0.0031493019800811874,
        0.02904210716922787,
        0.20551592734329616,
        0.46218947457898407,
        0.3499514696849469,
        0.00014454613817137282,
        0.0020751207446063017,
        0.5974264493665983,
        0.6870465222321979,
        0.6894355235609239,
        0.006660078648523753,
        0.4031918416293312
    ],
    "fraction of match covered by td injection": [
        0,
        0,
        0,
        0.16588208415587338,
        0.2304499958051157,
        0.4680029382076857,
        0,
        0,
        0.13714212102455411,
        0.3285065627909033,
        0.21440894653260273,
        0,
        0.07641482280223293
    ],
    "fraction of match covered by td exclusion zone": [
        0.0006691379088264079,
        0.013234273044850151,
        0.07378974410584173,
        0.6267457527114775,
        0.628998286398969,
        0.953687712030394,
        0.00012143641577164798,
        0.004685623953170653,
        0.45748778909031285,
        0.8936139962104179,
        0.6854145499982414,
        0.015726479921396256,
        0.3327948748112287
    ],
    "spearman_correlation": [
        0.23628282013929536,
        0.27257216201135903,
        0.25645104885813624,
        0.6888431471725264,
        0.32767253610776986,
        0.6061915297015015,
        0.323691127846339,
        0.3025182460123839,
        0.4620857528258108,
        0.7058216276774997,
        0.5507744441919888,
        0.32331805316770407,
        0.45366737546327685
    ],
    "pearson_correlation": [
        0.5881391530876586,
        0.5028333998887531,
        0.47472114659333187,
        0.9624381834706165,
        0.7481952730838672,
        0.7362294357528353,
        0.40462195654494676,
        0.4306574754644152,
        0.41656175382824995,
        0.8748754019565074,
        0.7883129996030763,
        0.2317355640167965,
        0.5480239953495866
    ],
    "source": "ORBl"
}