{
    "image_series_id": 601904029, 
    "distance": [
        761.9421739630657, 
        1021.941622504775, 
        900.9109346360542, 
        276.94781749830514, 
        331.2210992198328, 
        1422.5381437290962, 
        978.4113158456825, 
        803.6972915784077, 
        896.6396184077712
    ], 
    "exclusion_zone_overlap": [
        7.3367511686256e-05, 
        0.0030023637526627503, 
        0.00033815005404823546, 
        0.31069981643768524, 
        0.6539660826804045, 
        0.02199377187113058, 
        0.008490226123080272, 
        0.00029505329248202946, 
        0.011032251554193457
    ], 
    "match_id": [
        126861679, 
        180720175, 
        100147861, 
        100141495, 
        126852363, 
        646525997, 
        575782182, 
        646525156, 
        597007143
    ], 
    "fraction of match covered by td exclusion zone": [
        0.0006283979649702968, 
        0.0009326683592661993, 
        0.00025446872147714494, 
        0.7434274341638237, 
        0.5662180036935863, 
        0.005359851232446159, 
        0.004228024858505927, 
        0.0008019241443607186, 
        0.009748897814814233
    ], 
    "source": "SSp-tr", 
    "pearson_correlation": [
        0.1750301736791284, 
        0.5573862315346132, 
        0.6510835327353817, 
        0.7793906747664464, 
        0.7026954832759611, 
        -0.05440786284300396, 
        -0.06689296438849048, 
        -0.011052066448001887, 
        0.08024771188087411
    ], 
    "spearman_correlation": [
        0.5217522713583151, 
        0.7680621373570008, 
        0.5516501418551188, 
        0.7812947285948066, 
        0.7720984998486784, 
        0.06625244589558814, 
        0.32053422301524576, 
        0.417842062174852, 
        0.4422020162861796
    ], 
    "injection_overlap": [
        0, 
        0, 
        0, 
        0.5320611664732043, 
        0.8863568469102036, 
        0, 
        0.00014173271224798858, 
        0, 
        0.0009618029253709827
    ], 
    "fraction of match covered by td injection": [
        0, 
        0, 
        0, 
        0.26417813335000795, 
        0.13830032032213938, 
        0, 
        2.6355955106642693e-06, 
        0, 
        8.439461409730363e-05
    ]
}