{
    "image_series_id": 605092364, 
    "distance": [
        706.7262195030768, 
        974.7512052006311, 
        277.9908982770559, 
        1185.6838900365565, 
        478.32815714174245, 
        838.4534298189465, 
        804.3515125336762, 
        535.1728685793, 
        855.1993880858289, 
        431.63797540245974, 
        631.2334783352601, 
        504.2499358191797, 
        527.9343585412612, 
        514.9714586144175, 
        852.503070255698, 
        1381.329576797846, 
        993.1447805841667, 
        748.5322741521727, 
        559.5315793565615, 
        81.00418262102382, 
        741.1467153530052, 
        348.27181085097106, 
        438.0913966735023, 
        424.4167891908032, 
        183.42351708663648, 
        927.7874497489502
    ], 
    "exclusion_zone_overlap": [
        9.641474541150273e-05, 
        0.00027387663084586176, 
        0.4192011980953008, 
        0.0009193072781338227, 
        0.09135760729809177, 
        0.02007083661851069, 
        0.01255147069719093, 
        0.023391489719042886, 
        0.00026374886322786084, 
        0.4498395893208304, 
        0.01495499001735309, 
        0.09617842554155846, 
        0.37397683718683594, 
        0.021098422345954427, 
        0.0017458881135801458, 
        0.25085365780401253, 
        6.077556235160306e-05, 
        0.03720766502804391, 
        0.0063176554890941, 
        0.654962646248166, 
        0.022062561691716127, 
        0.23969224214649446, 
        0.29220035326797134, 
        0.027134020604113202, 
        0.5609045117475406, 
        0.005126669268466895
    ], 
    "match_id": [
        484504171, 
        175740500, 
        292478008, 
        204832205, 
        300237470, 
        166264185, 
        159331462, 
        506947040, 
        266839077, 
        267610466, 
        287446625, 
        182805965, 
        267609756, 
        309702727, 
        267928844, 
        170784358, 
        538834292, 
        480703321, 
        171064488, 
        292321278, 
        181895006, 
        286553311, 
        167571459, 
        514333422, 
        479267539, 
        278500868
    ], 
    "fraction of match covered by td exclusion zone": [
        0.0005094967406402951, 
        0.0002662601298262801, 
        0.8515667030304259, 
        0.0006524441790478062, 
        0.22437822954295356, 
        0.006322491657866964, 
        0.01353067582508275, 
        0.07008575668294506, 
        0.00033572037673919113, 
        0.2309551603418597, 
        0.040201688015552586, 
        0.370096104536796, 
        0.3638664548296953, 
        0.43124935906910206, 
        0.0018988651344211903, 
        0.1285718226363305, 
        2.2109790562115556e-05, 
        0.015249336570868473, 
        0.0080377857190099, 
        0.8749949197644091, 
        0.012298632957392698, 
        0.9490507540470937, 
        0.23491661031056274, 
        0.16138076454451528, 
        0.6862737509787635, 
        0.005404312542316895
    ], 
    "source": "AV", 
    "pearson_correlation": [
        0.20256195426612636, 
        0.700304684446287, 
        0.8152767945576528, 
        0.4599085965658816, 
        0.32943751767857204, 
        0.48377256564932797, 
        0.3121237594632545, 
        0.12172311824871919, 
        0.1758051729302374, 
        0.5712882562835209, 
        0.10355893038228983, 
        0.8455220561174391, 
        0.9052340651075438, 
        0.7975642228611669, 
        0.48352603278973205, 
        0.4122000735188294, 
        0.4576180718642292, 
        0.4157411519694753, 
        NaN, 
        0.7507374543579987, 
        0.4156233255029715, 
        0.7844708844381364, 
        0.5264207058941696, 
        0.39040635729296286, 
        0.8791808118705762, 
        0.3918135438020085
    ], 
    "spearman_correlation": [
        0.4707280470737328, 
        0.7087552040735169, 
        0.7811468677948789, 
        0.6438578463788736, 
        0.4415019389799631, 
        0.2828500575150601, 
        0.6278221164368406, 
        0.46705517308973415, 
        0.4613065271144792, 
        0.5448254332233222, 
        0.4472907036466358, 
        0.7159306435798042, 
        0.6683061731802642, 
        0.6556634690247299, 
        0.620238341384652, 
        0.5410740498158542, 
        0.21332629776450776, 
        0.39086402146795907, 
        NaN, 
        0.6349756803457778, 
        0.5657430075803047, 
        0.6232319625115879, 
        0.7140960040541174, 
        0.6172316384180792, 
        0.6786563729185777, 
        0.5832021261795676
    ], 
    "injection_overlap": [
        0, 
        0, 
        0.44953071039113995, 
        0, 
        0.010361308886212823, 
        0, 
        0, 
        0, 
        0, 
        0.5857978694964606, 
        0, 
        0.21269287649774118, 
        0.45216300102113466, 
        0.022096146721316556, 
        0, 
        0.24894533016430906, 
        0, 
        0, 
        0, 
        0.7256860040038081, 
        2.5272167536840285e-05, 
        0.40605768521679897, 
        0.3564324896913651, 
        0, 
        0.8268271443634736, 
        0
    ], 
    "fraction of match covered by td injection": [
        0, 
        0, 
        0.15252349291761952, 
        0, 
        0.0008442912167169, 
        0, 
        0, 
        0, 
        0, 
        0.04557594097349505, 
        0, 
        0.058003090549414583, 
        0.06534892525234959, 
        0.06768107882707605, 
        0, 
        0.01216585086299736, 
        0, 
        0, 
        0, 
        0.15704497029004413, 
        8.485741372878237e-07, 
        0.2099120734200042, 
        0.026358547752607427, 
        0, 
        0.14727089205475283, 
        0
    ]
}