{
    "image_series_id": 607052300, 
    "distance": [
        783.1269376609825, 
        809.8912054772194, 
        562.575850116908, 
        503.47590976444445, 
        599.0111262920428, 
        489.98471159453, 
        595.1194762839374, 
        604.6822637370104, 
        814.919935473873, 
        138.56667021166288, 
        464.9800527610991, 
        610.8200038729331, 
        759.1476470650796
    ], 
    "exclusion_zone_overlap": [
        0.01385633440035953, 
        0.003119482665024338, 
        0.05328505736479507, 
        0.19077474842816436, 
        0.03249039334199434, 
        0.009697473378566605, 
        0.025682839345607236, 
        0.152557085295376, 
        0.04340752930635927, 
        0.5593016288951823, 
        0.05629262572165062, 
        0.22441595927603933, 
        0.005063358581209083
    ], 
    "match_id": [
        146593590, 
        112514202, 
        139426984, 
        139520203, 
        584194481, 
        526783054, 
        125833030, 
        478491090, 
        583747816, 
        126117554, 
        478376911, 
        161458737, 
        496576666
    ], 
    "fraction of match covered by td exclusion zone": [
        0.020421774550042203, 
        0.0038910116994423497, 
        0.1005314578987521, 
        0.2991505247013869, 
        0.032553053383381006, 
        0.06336645576160992, 
        0.032334637197661296, 
        0.1475249238773601, 
        0.0156543809846379, 
        0.8217150666791618, 
        0.07724564002514876, 
        0.14000048655866854, 
        0.0059532449046431676
    ], 
    "source": "ACAv", 
    "pearson_correlation": [
        0.4832847717028642, 
        0.6124480539157411, 
        0.6071144827353915, 
        0.7487541058282617, 
        0.5012338041820625, 
        0.5565266773394836, 
        0.44508772632542437, 
        0.3479410159399028, 
        0.4227258145536372, 
        0.9231888458672468, 
        0.4602841539940082, 
        0.7357337757906385, 
        0.4251999468861285
    ], 
    "spearman_correlation": [
        0.5319083841654932, 
        0.5167765159159154, 
        0.5957371552871514, 
        0.6254721198818028, 
        0.5900251583333231, 
        0.5613852460427463, 
        0.5230810342422143, 
        0.5212069213426638, 
        0.5382656466442988, 
        0.6106566933609593, 
        0.5542712763274174, 
        0.6193752909201957, 
        0.5407530739797582
    ], 
    "injection_overlap": [
        0.0018073940833076216, 
        0, 
        0.005982780487048972, 
        0.24765432069459173, 
        0.007844978110313728, 
        0, 
        0.0007430285546280817, 
        0.2084810578742107, 
        0.03728584898907896, 
        0.826816803830648, 
        0.032390180403964075, 
        0.28568265851059704, 
        8.287352086504341e-07
    ], 
    "fraction of match covered by td injection": [
        0.0004926663585553781, 
        0, 
        0.0031575320937730538, 
        0.14812970627946884, 
        0.0016346987125894763, 
        0, 
        5.934872321897245e-05, 
        0.061577525677564734, 
        0.0008966857206346184, 
        0.5473975795485743, 
        0.008836726228618235, 
        0.0433620006587208, 
        2.9274959045589327e-09
    ]
}