{
    "image_series_id": 607316031, 
    "distance": [
        846.2748779235544, 
        196.54197584592347, 
        714.5374429775413, 
        247.36746297186528, 
        434.67949068336856, 
        526.4016666766192, 
        897.0153152892514, 
        461.07986140304547, 
        404.51294608635556, 
        206.5260118989272, 
        1082.4434327997333, 
        535.9818744746482, 
        490.485453050369, 
        325.10901073541714, 
        637.8555337885034, 
        725.6819589418919, 
        662.0795422132724, 
        451.63139246703867, 
        584.3870380308776, 
        816.9465402491302, 
        386.63222818537093, 
        904.5254621176597
    ], 
    "exclusion_zone_overlap": [
        0.06225897068773868, 
        0.7334142448942822, 
        0.1468058751160592, 
        0.5351402724868258, 
        0.5941836821980363, 
        0.3930411007407777, 
        0.024175741061040465, 
        0.2795710317765269, 
        0.28411636410184643, 
        0.8044382784646273, 
        0.004506084293565995, 
        0.16994769475300803, 
        0.1722164720309924, 
        0.4750634371812817, 
        0.027309373295611648, 
        0.08318732839786087, 
        0.1308874831078099, 
        0.12362133133445126, 
        0.12971764852129428, 
        0.041876332565267474, 
        0.4490176052598282, 
        0.004805739200450526
    ], 
    "match_id": [
        484504171, 
        204832205, 
        278510903, 
        265286700, 
        159432479, 
        159331462, 
        506947040, 
        266839077, 
        305449231, 
        184158290, 
        183225830, 
        176897793, 
        538833505, 
        170784358, 
        573035760, 
        305125123, 
        167373923, 
        545428296, 
        265947058, 
        167571459, 
        278500868, 
        264707643
    ], 
    "fraction of match covered by td exclusion zone": [
        0.08299794968690428, 
        0.5957392052456717, 
        0.14498696238499437, 
        0.9085389908628887, 
        0.49956318990415, 
        0.46656484100546736, 
        0.0695321558386581, 
        0.646838912738041, 
        0.5563612913812888, 
        0.7315881556411389, 
        0.007469095709817179, 
        0.4234800746222596, 
        0.4017183109263855, 
        0.5421201515627092, 
        0.13571191016001788, 
        0.47130591882156103, 
        0.4256925880220806, 
        0.6443324887427011, 
        0.16138249135271018, 
        0.07813914208036166, 
        0.5540851338850225, 
        0.020765881418210067
    ], 
    "source": "RE", 
    "pearson_correlation": [
        0.673580185962629, 
        0.9472739452318859, 
        0.544893591052227, 
        0.7756857528131668, 
        0.8987842981426308, 
        0.9481021129867796, 
        0.8237556285747576, 
        0.8608840059372012, 
        0.48452813297703246, 
        0.8691094498317656, 
        0.4207845759092939, 
        0.7870690121939914, 
        0.7366550495871181, 
        0.7572120523592063, 
        0.7480877803164543, 
        0.5661642172292098, 
        0.4689793626366613, 
        0.36766962832804734, 
        0.16032603814052127, 
        0.8607783950760428, 
        0.8821710368641608, 
        0.5002726417725825
    ], 
    "spearman_correlation": [
        0.8444354862016059, 
        0.9377437463609327, 
        0.6330389216932223, 
        0.8488413547237077, 
        0.8978656996248622, 
        0.8640907119840381, 
        0.6787453322004973, 
        0.651909151464978, 
        0.5205614503088317, 
        0.6765228369393055, 
        0.4335705827899746, 
        0.604518537278428, 
        0.8336163324845678, 
        0.689149031592486, 
        0.7419927889011738, 
        0.5162113546237996, 
        0.525271170668248, 
        0.4883143588774175, 
        0.6955881124412892, 
        0.7659685718759713, 
        0.9309351358761583, 
        0.5768802649781103
    ], 
    "injection_overlap": [
        0.00653769809256526, 
        0.9778137542642413, 
        0.09479239935567707, 
        0.6904722349553405, 
        0.7798528338578979, 
        0.5278752941779481, 
        0.00051048637052233, 
        0.47535089778319495, 
        0.46264031796412086, 
        0.9930820952383171, 
        0, 
        0.24905826526007166, 
        0.10788961780111102, 
        0.4736969336139569, 
        0.002334400145422565, 
        0.027438291941485872, 
        0.11273054374906974, 
        0.15431291082441093, 
        0.10398092579075685, 
        0.0030666462532032836, 
        0.5321164940676952, 
        0
    ], 
    "fraction of match covered by td injection": [
        0.007067467801434731, 
        0.3255911901158121, 
        0.027087746268368327, 
        0.4740941115742749, 
        0.23834970280524156, 
        0.20144272083642423, 
        0.0012915524038566906, 
        0.30312162084672617, 
        0.3185848675501329, 
        0.43545192147388356, 
        0, 
        0.18213070818395424, 
        0.1002391823094915, 
        0.23221014838541157, 
        0.008045485773309113, 
        0.09669322901483567, 
        0.11160430803223477, 
        0.30417878484489935, 
        0.037631301589879054, 
        0.0035012188990374655, 
        0.23208307918698284, 
        0
    ]
}