{
    "image_series_id": 609157409, 
    "distance": [
        883.7950817912621, 
        1038.7126261959725, 
        910.6980724160645, 
        828.133646851196, 
        290.31646109362003, 
        790.051590709902, 
        357.0110819401836, 
        507.4927892448687, 
        918.4039534894433, 
        1030.441357203451, 
        850.0346067889831, 
        1199.9816819045445, 
        895.3776594602032, 
        318.68388913288953, 
        774.575959729524
    ], 
    "exclusion_zone_overlap": [
        0.04390492386634381, 
        0.02200572218120559, 
        0.03155158403651186, 
        0.005298117900155169, 
        0.18863743988550333, 
        0.10081534261229881, 
        0.35943743224065255, 
        0.23907705387529246, 
        0.08684773948967137, 
        0.007994003314963758, 
        0.053716512571888086, 
        0.0008893141017202521, 
        0.044569277896255234, 
        0.42461454850709085, 
        0.05884661849956333
    ], 
    "match_id": [
        100141454, 
        112952510, 
        157556400, 
        112423392, 
        157711748, 
        126860974, 
        478376197, 
        496554237, 
        166055636, 
        480994108, 
        286313491, 
        583747816, 
        478582494, 
        263106036, 
        167902586
    ], 
    "fraction of match covered by td exclusion zone": [
        0.5321686446443722, 
        0.10608845886282527, 
        0.23433242356527206, 
        0.06695517716645824, 
        1.0000000000000002, 
        0.4014230154682224, 
        0.852201173584638, 
        0.6857508028672346, 
        0.24766878089784497, 
        0.022882337085381566, 
        0.30453512698535945, 
        0.0014926939195910355, 
        0.26968457827254666, 
        0.9799345793912252, 
        0.171940445210987
    ], 
    "source": "PL", 
    "pearson_correlation": [
        0.025475890288656555, 
        -0.012390008986068487, 
        0.5240572383192581, 
        0.2108459061728622, 
        0.920210078306412, 
        0.8752063812024716, 
        0.6663793564874383, 
        0.7592908800815058, 
        -0.04202017331738026, 
        0.44525924148120327, 
        0.6147130475666045, 
        0.36420263917368373, 
        0.5048639474572514, 
        0.9566476118561897, 
        0.7549861569802452
    ], 
    "spearman_correlation": [
        0.2707079246274034, 
        0.17320960989391204, 
        0.5487284946694837, 
        0.3802450776930606, 
        0.8369657159062841, 
        0.7707168154891395, 
        0.6886104472016853, 
        0.7372552999759856, 
        0.14834302834298033, 
        0.4667478156979409, 
        0.7045361652134658, 
        0.3197654872774089, 
        0.5378496428567892, 
        0.8810208483297302, 
        0.6921521183543746
    ], 
    "injection_overlap": [
        0.00804868846947301, 
        0.001816842457506743, 
        0.014926097010773336, 
        0, 
        0.4341881255501865, 
        0.0088087614839782, 
        0.5776890438832021, 
        0.16127098386736155, 
        0.018065467977764534, 
        0, 
        0.006453927466762897, 
        0, 
        1.2629430531046084e-07, 
        0.7589281313221713, 
        3.893816736881809e-05
    ], 
    "fraction of match covered by td injection": [
        0.13366175547546696, 
        0.01012304613578126, 
        0.022720160077839193, 
        0, 
        0.7343510061492422, 
        0.013747924075333, 
        0.35885537598023065, 
        0.10426135323726551, 
        0.06611416037026595, 
        0, 
        0.008841641064317928, 
        0, 
        1.9357813694242016e-07, 
        0.5046408908551031, 
        1.172649947778552e-05
    ]
}