{
    "image_series_id": 614435699, 
    "distance": [
        764.9672104474221, 
        88.99275557227449, 
        617.9036795091248, 
        500.76472394151017, 
        325.5933845726231, 
        245.32625266374743, 
        348.0956781925239, 
        637.6460642153128, 
        766.3041581773189, 
        327.24252720412437, 
        545.8693878854972, 
        96.02918768056712, 
        631.3867754736268, 
        567.8541573556442, 
        225.28344724318063
    ], 
    "exclusion_zone_overlap": [
        0.04178639718485214, 
        0.8095462169163795, 
        0.01995409663679426, 
        0.19980717702266884, 
        0.2713199866724705, 
        0.7621302283333962, 
        0.08014011421047407, 
        0.06924305025745746, 
        0.04401858060251505, 
        0.6021314184833032, 
        0.21398333240759396, 
        0.5204190525750688, 
        0.2497956050831834, 
        0.05633970368413578, 
        0.7146467607974427
    ], 
    "match_id": [
        175740500, 
        292478008, 
        506947040, 
        267610466, 
        182805965, 
        267609756, 
        309702727, 
        267928844, 
        480703321, 
        292321278, 
        181895006, 
        286553311, 
        167571459, 
        514333422, 
        479267539
    ], 
    "fraction of match covered by td exclusion zone": [
        0.013527244319493273, 
        0.9237736237958991, 
        0.01597402794822739, 
        0.08415997133293183, 
        0.5388732256716168, 
        0.5254896169917634, 
        0.6537851253332623, 
        0.034504894099982565, 
        0.014243687656800756, 
        0.5404211791596866, 
        0.06238638124149291, 
        0.9751099889955855, 
        0.12562248829544617, 
        0.11460167890667736, 
        0.5354818135504463
    ], 
    "source": "AV", 
    "pearson_correlation": [
        0.2933308120685624, 
        0.9975592266560905, 
        0.04720996880588846, 
        0.10791443162407742, 
        0.983528831609998, 
        0.5939142660079432, 
        0.9843697419602762, 
        0.15181083926605649, 
        -0.055828754284876825, 
        0.3126645399544467, 
        0.049362128221109185, 
        0.9989051322220511, 
        0.3339245629101089, 
        0.19672260323667895, 
        0.6325102889845486
    ], 
    "spearman_correlation": [
        0.5023524789986389, 
        0.8364611295797535, 
        0.5030292464824551, 
        0.44610124695274384, 
        0.9036413953485765, 
        0.510206198891328, 
        0.7366230677764567, 
        0.48315047333915023, 
        0.30489878423889316, 
        0.4803931753389533, 
        0.44506894195953767, 
        0.9994054696789536, 
        0.4976889152071964, 
        0.6306560423158011, 
        0.509183768563499
    ], 
    "injection_overlap": [
        0.005919519478681399, 
        0.9849369896949351, 
        0.00012893729185291461, 
        0.06257957137795174, 
        0.16427948038590637, 
        0.9471349685064204, 
        0.022218319407687995, 
        0.021685619171131394, 
        0.00304601268251584, 
        0.6556336361796402, 
        0.26671934400612396, 
        0.7796877164594039, 
        0.15708558989899338, 
        0.008717540264458671, 
        0.9179681672414767
    ], 
    "fraction of match covered by td injection": [
        0.0012250492526833586, 
        0.5978726270203158, 
        2.5358870547226385e-06, 
        0.01371945196896575, 
        0.14707131065132698, 
        0.2539476147378974, 
        0.09608838252895152, 
        0.0035567194338179424, 
        0.0005893719342994764, 
        0.24521877463226902, 
        0.022959417574556076, 
        0.7930395701587527, 
        0.019245705214624265, 
        0.007003031133722214, 
        0.31583572894047474
    ]
}