{
    "image_series_id": 623286726, 
    "distance": [
        1062.2382790349357, 
        560.2939111410677, 
        951.5390282637566, 
        548.4307319793281, 
        1566.0579040112332, 
        798.9479672677393, 
        1073.669551301835, 
        879.1690283822503, 
        570.4288257565937, 
        785.3708558552181, 
        859.6376417465826, 
        364.871983280846, 
        336.7627063083765, 
        1196.776673468797, 
        1299.822799993254
    ], 
    "exclusion_zone_overlap": [
        0.04898350078867694, 
        0.38755687405599065, 
        1.4160110888129545e-05, 
        0.2055939734711653, 
        0.0005213329520422467, 
        0.022429492452166463, 
        0.0002720264847301307, 
        0.005071990460116274, 
        0.5255151649509142, 
        0.014353617244737186, 
        0.007079952320712314, 
        0.479428809470861, 
        0.5832352960726587, 
        3.420124789444012e-05, 
        6.769339158155965e-05
    ], 
    "match_id": [
        141603190, 
        112514202, 
        157556400, 
        112458114, 
        180916954, 
        584194481, 
        125833030, 
        286313491, 
        583747816, 
        126117554, 
        478376911, 
        286482701, 
        161458737, 
        168162771, 
        496576666
    ], 
    "fraction of match covered by td exclusion zone": [
        0.17488797748388538, 
        0.788277678230149, 
        8.927938657480018e-06, 
        0.7985055434509639, 
        0.0003172833149961766, 
        0.07604309966993869, 
        0.0015848923719672784, 
        0.011156719198310449, 
        0.48611081224446034, 
        0.051333089907644056, 
        0.019085119526059326, 
        0.7777491315980332, 
        0.6357597160868645, 
        0.0004186608436284, 
        2.095281111326361e-05
    ], 
    "source": "ACAv", 
    "pearson_correlation": [
        0.24350177813996643, 
        0.8392838323534194, 
        0.8494068223799278, 
        0.6584261940380775, 
        0.18218248601804826, 
        0.7687600268735815, 
        0.6905510480430602, 
        0.8061721428411266, 
        0.6870194581710081, 
        0.982856831636153, 
        0.7161674778875047, 
        0.871946551926243, 
        0.9180084750133151, 
        0.034908794538109786, 
        0.6337598762546399
    ], 
    "spearman_correlation": [
        0.41454968023156147, 
        0.8004376871264628, 
        0.8275749712944673, 
        0.7858787829803123, 
        0.41866909903049904, 
        0.9251538953751989, 
        0.67582316442452, 
        0.7179496146679596, 
        0.8127892552014931, 
        0.852591423621196, 
        0.781547432940077, 
        0.7547067386300453, 
        0.8915961389004161, 
        0.06026734981811771, 
        0.7131054209112349
    ], 
    "injection_overlap": [
        0.010757956689967872, 
        0.3992010790990176, 
        0, 
        0.11097477661780106, 
        0, 
        0.005546091969538257, 
        0, 
        0, 
        0.3755676836950279, 
        0.00019275463925124754, 
        0.0008883081438294349, 
        0.736977030885, 
        0.9530927569177858, 
        0, 
        0
    ], 
    "fraction of match covered by td injection": [
        0.02967120363572558, 
        0.23719640504425252, 
        0, 
        0.19483769372378454, 
        0, 
        0.0050536731660186926, 
        0, 
        0, 
        0.09897048157170849, 
        6.50982573426626e-05, 
        0.0006939567212807985, 
        0.24733832473520131, 
        0.225284236979015, 
        0, 
        0
    ]
}