{
    "image_series_id": 623838656, 
    "distance": [
        850.3410311152745, 
        375.09467397843866, 
        902.922337167978, 
        523.603970218137, 
        748.191215238871, 
        1080.6064201363122, 
        725.0815175255603, 
        720.722366489668, 
        884.9180440236502, 
        580.9472832680752
    ], 
    "exclusion_zone_overlap": [
        0.08055260124475648, 
        0.2050329960616905, 
        0.19842517026470968, 
        0.011460926223817771, 
        0.215502847816728, 
        2.650936319212822e-06, 
        0.04551136923702924, 
        0.41053548414205177, 
        0.1477961108374385, 
        0.018320333144523256
    ], 
    "match_id": [
        126523791, 
        112595376, 
        501484658, 
        249396394, 
        572588941, 
        482581199, 
        496113850, 
        646525997, 
        571100135, 
        303784745
    ], 
    "fraction of match covered by td exclusion zone": [
        0.030058988573177625, 
        0.30833773399734565, 
        0.0929872668712126, 
        0.007035107361563744, 
        0.05281341991068309, 
        4.909447182801578e-07, 
        0.0318879443875912, 
        0.08700556680412966, 
        0.03190510061946794, 
        0.01876328124147344
    ], 
    "source": "RSPv", 
    "pearson_correlation": [
        0.6532641164874969, 
        0.816339682210564, 
        0.7523172331571455, 
        0.39709646007050775, 
        0.5044604576058846, 
        0.2475836674939191, 
        0.4073278992907597, 
        0.3708525723846459, 
        0.5285921277839285, 
        0.44859776434399984
    ], 
    "spearman_correlation": [
        0.29224377725429873, 
        0.6601826359682683, 
        0.5637761732064486, 
        0.48794450299642356, 
        0.5505091555261046, 
        0.4718890715435468, 
        0.4990615224191868, 
        0.5318082913129694, 
        0.5499075664104032, 
        0.5781742719387032
    ], 
    "injection_overlap": [
        0.002132557593694934, 
        0.6451269879279792, 
        0, 
        0.00686337093441817, 
        0.2426890094604165, 
        0, 
        0.013055452476471637, 
        0.760073596548861, 
        0.08970389199994565, 
        0.008242829332005295
    ], 
    "fraction of match covered by td injection": [
        4.253464078143686e-05, 
        0.0667911489960743, 
        0, 
        0.00043597446164213944, 
        0.0071975348309284756, 
        0, 
        0.004862815890665388, 
        0.01851420996095717, 
        0.004653345966000515, 
        0.0001411644778129807
    ]
}