{
    "image_series_id": 637855050, 
    "distance": [
        579.3338664346999, 
        138.84487436349914, 
        853.9787330545429, 
        107.16010122333451, 
        1109.5617843242164, 
        331.7545700067971, 
        771.9136771381118, 
        653.0266383197252, 
        907.283440907202, 
        95.42054239313448, 
        670.5200534399031, 
        479.4427004569829, 
        319.0324740016796, 
        297.3257505823445, 
        864.6567758515605
    ], 
    "exclusion_zone_overlap": [
        0.05420998932867113, 
        0.3497594064018646, 
        0.010888812019016939, 
        0.3107218208826717, 
        5.690656581455551e-05, 
        0.3296782768792232, 
        0.0018284113958558436, 
        0.15195092008313832, 
        0.008723214136722411, 
        0.7668469393794412, 
        0.023979504099393322, 
        0.1988478721274317, 
        0.28806048166778025, 
        0.4263935916459198, 
        0.07509309234502078
    ], 
    "match_id": [
        141603190, 
        112514202, 
        139426984, 
        112458114, 
        180916954, 
        584194481, 
        526783054, 
        125833030, 
        478491090, 
        583747816, 
        126117554, 
        478376911, 
        286482701, 
        161458737, 
        496576666
    ], 
    "fraction of match covered by td exclusion zone": [
        0.21482812299403237, 
        0.7387308811229858, 
        0.04272631189572586, 
        0.9756019577378026, 
        7.46217482572144e-05, 
        0.8530508069115071, 
        0.017151140993667022, 
        0.39723772232109605, 
        0.012527667290230575, 
        0.7828980993110026, 
        0.08415731057030519, 
        0.5913080312934436, 
        0.6469940404770267, 
        0.5614840389543213, 
        0.19198047387227485
    ], 
    "source": "ACAd", 
    "pearson_correlation": [
        0.7110919675620467, 
        0.9125462363014323, 
        0.8233518970938065, 
        0.9835916844896477, 
        0.570212011995922, 
        0.9137426044330658, 
        0.7453670671998456, 
        0.9014963518405396, 
        0.3704932865008504, 
        0.7954981276950513, 
        0.5862681101745657, 
        0.8373216166958032, 
        0.8046409366567862, 
        0.796849701452958, 
        0.6703291470872476
    ], 
    "spearman_correlation": [
        0.561758286999005, 
        0.7596110709374746, 
        0.6676154624685509, 
        0.757865793733852, 
        0.5114144162053343, 
        0.771508560650304, 
        0.6410697227720059, 
        0.6390768249023691, 
        0.5614970049594941, 
        0.7781510303441664, 
        0.7152210430242298, 
        0.717061805033414, 
        0.6982598416532074, 
        0.7708691952575601, 
        0.6420074533092806
    ], 
    "injection_overlap": [
        0.03311553404057829, 
        0.7813471475485493, 
        0, 
        0.7936670255579261, 
        0, 
        0.3960932365594063, 
        0, 
        0.03606599571161631, 
        8.603288234999854e-08, 
        0.9984831939945027, 
        0.0025252762568134376, 
        0.11837607688485853, 
        0.3402315614088256, 
        0.7903124368715678, 
        0.0026584861637214256
    ], 
    "fraction of match covered by td injection": [
        0.03215689632986521, 
        0.3289501160407252, 
        0, 
        0.5850511451399061, 
        0, 
        0.27399486972055725, 
        0, 
        0.042585660526642366, 
        1.3680854293625892e-06, 
        0.25580162624115277, 
        0.0009096015025484137, 
        0.08807878993029511, 
        0.15134035244072783, 
        0.22067946626941437, 
        0.001822712162652366
    ]
}