{
    "image_series_id": 868641659, 
    "distance": [
        1121.7743274826855, 
        131.84539990843444, 
        615.8292838374136, 
        946.4349480085326, 
        724.0750225607519, 
        810.9026605084106, 
        344.9335346248492, 
        780.060893952633, 
        555.5255973607649, 
        904.0133707509885, 
        903.0969112700606, 
        451.83433650162215, 
        548.3770029573797, 
        737.5129414630329, 
        851.4097813345899, 
        921.0169378718427, 
        880.3590107338507, 
        388.6237903787204
    ], 
    "exclusion_zone_overlap": [
        0.010761753893901358, 
        0.2506039124067308, 
        0.028419356446510547, 
        0.0010549853434217405, 
        2.8274144837013782e-05, 
        0.15403577107189018, 
        0.08519903053885255, 
        0.0011747535602793352, 
        0.20733449900351644, 
        0.06980306576695512, 
        0.0006285323378779497, 
        0.14469007229658085, 
        0.323462304777025, 
        0.07363074006806739, 
        0.14788361033230774, 
        0.16820409381721604, 
        0.0003166564401531241, 
        0.07730274711848167
    ], 
    "match_id": [
        126523791, 
        112595376, 
        272916915, 
        112424813, 
        523718823, 
        501484658, 
        249396394, 
        501006221, 
        572588941, 
        584895127, 
        482581199, 
        496113850, 
        646525997, 
        571100135, 
        592540591, 
        166054929, 
        562521707, 
        303784745
    ], 
    "fraction of match covered by td exclusion zone": [
        0.0060216518757459404, 
        0.7008047756677362, 
        0.07643757571231255, 
        0.007051276474050969, 
        0.00020887991044984296, 
        0.13544505728363385, 
        0.105652884811007, 
        0.0007715400231256797, 
        0.11903632387482099, 
        0.5129656904862699, 
        0.0008649732785283323, 
        0.19576052515588416, 
        0.18045674314297191, 
        0.032229868809475065, 
        0.22004336371773045, 
        0.1917425613149573, 
        4.077630395394538e-05, 
        0.18542599456919817
    ], 
    "source": "RSPv", 
    "pearson_correlation": [
        0.8559778862404471, 
        0.9194057222621554, 
        0.9453140012965439, 
        0.841457210152694, 
        0.4002938996789597, 
        0.7761953979786501, 
        0.7015739734711264, 
        0.5779446708919624, 
        0.6954869178539237, 
        0.6338503660693864, 
        0.5177325384757502, 
        0.5813268029734556, 
        0.5638730566957972, 
        0.6034348181987157, 
        0.7804763710562506, 
        0.8464477865865356, 
        0.49622230176268683, 
        0.8046775381813324
    ], 
    "spearman_correlation": [
        0.26131386583786337, 
        0.2626416485912587, 
        0.2705978049430452, 
        0.2830726600669301, 
        0.21506118834781407, 
        0.2604500145954222, 
        0.3016852468239609, 
        0.1915984916952968, 
        0.2466492635202091, 
        0.3402059445947841, 
        0.30860364898870646, 
        0.2457075125281618, 
        0.25404426471567837, 
        0.2046955197397758, 
        0.27288008167655986, 
        0.31338307107262514, 
        0.15774401244235664, 
        0.5096711482473204
    ], 
    "injection_overlap": [
        0.0001412969438474711, 
        0.7971230677221183, 
        0.03529315288882584, 
        0.006695694115679707, 
        0, 
        0.017833328091233846, 
        0.08321978426879816, 
        3.402164266362217e-06, 
        0.31845514848964285, 
        0.05696471378798716, 
        4.181795696504302e-05, 
        0.5593336781483528, 
        0.7774862170188517, 
        0.04908855702714778, 
        0.1443616045290392, 
        0.1472980134309191, 
        0.0001529285630393185, 
        0.3338524135556356
    ], 
    "fraction of match covered by td injection": [
        1.2061735644984074e-05, 
        0.16053297423026183, 
        0.006799949281906135, 
        0.0009080553534477964, 
        0, 
        0.0029195337469095765, 
        0.014087056402402095, 
        4.6200420986933845e-07, 
        0.01668229019749594, 
        0.020450037421749792, 
        4.6338104303790346e-05, 
        0.051498031193372554, 
        0.04435065418634114, 
        0.0028223867544076965, 
        0.010376311139496153, 
        0.014015637520649746, 
        3.774832324600371e-05, 
        0.050120560670736884
    ]
}