{
    "image_series_id": 900250452, 
    "distance": [
        680.7177815941202, 
        1584.486624803556, 
        538.4080501496609, 
        2482.692934366907
    ], 
    "exclusion_zone_overlap": [
        0.005923425004659105, 
        2.2642833753333424e-07, 
        0.003135446380368479, 
        0.014111984596429226
    ], 
    "match_id": [
        112951804, 
        112514915, 
        120875816, 
        513826657
    ], 
    "fraction of match covered by td exclusion zone": [
        0.0037009086005114957, 
        3.6221416059920963e-06, 
        0.003319277020073389, 
        0.006792111793749815
    ], 
    "source": "SSp-bfd", 
    "pearson_correlation": [
        0.8564057593183043, 
        0.43289644932295435, 
        0.5004464183680284, 
        0.0782215678813636
    ], 
    "spearman_correlation": [
        0.4528892016576745, 
        0.7300450069444295, 
        0.6785020458063995, 
        0.4226544713836552
    ], 
    "injection_overlap": [
        0.0012624828229718715, 
        0, 
        0.0006505897672176929, 
        0
    ], 
    "fraction of match covered by td injection": [
        0.00013722831663395298, 
        0, 
        0.00013382842750646933, 
        0
    ]
}