{
    "distance": [
        1756.729916634882, 
        869.2525524840293, 
        41.23105625617661, 
        1120.4463396343442, 
        886.0022573334675, 
        341.9064199455752, 
        1341.118935814419, 
        2928.839360565888, 
        2120.44806585778, 
        1020.6370559606387, 
        1757.4982219052172, 
        2557.6160775221915, 
        1252.9565036345036, 
        1387.4076545846212, 
        1762.8386199536246, 
        2073.2824216685967, 
        1291.9365309487923, 
        1570.541307957228, 
        1825.239710284652, 
        1837.8792125708371, 
        1483.9811319555245, 
        1264.5947967629788, 
        1513.1754690054952, 
        1830.0546439929055, 
        1235.556554755791, 
        843.1488599292535, 
        1155.7681428383462, 
        508.5272854036448, 
        625.2199612936234, 
        750.5997601918082, 
        2100.1190442448733, 
        1263.4476641317597, 
        379.0778284204973, 
        892.8605714219887, 
        1695.1106158596258, 
        495.8830507286975, 
        1092.5657874929088, 
        877.8952101475437, 
        333.7663853655727, 
        1305.181979648815, 
        2910.4295215655025, 
        2097.760710853361, 
        996.5942002640794, 
        1730.3467860518597, 
        2534.462467664495, 
        1228.7391912037315, 
        1577.1493271088823, 
        1256.0652849274993, 
        861.278120005379, 
        2828.5862192975487, 
        2053.6065835500235, 
        988.3825170448939, 
        1651.605279720309, 
        2477.7812655680486, 
        1159.5257651298655, 
        2091.817391647751, 
        1278.632081562167, 
        609.507998306831, 
        850.7643622061281, 
        1670.209567689037, 
        603.4069936618235
    ], 
    "source": "AIp", 
    "spearman_correlation": [
        0.7911441912034661, 
        0.8861954880320463, 
        0.8623277318561473, 
        0.19777098721794922, 
        0.6532272201645093, 
        0.9070001161797683, 
        0.8668268381668105, 
        0.30128410705707437, 
        0.5376391611480524, 
        0.48755244315128116, 
        0.2813242010263043, 
        0.4672943214455268, 
        0.49396335255921947, 
        0.70979832977079, 
        0.7535462278312783, 
        0.3477035321370782, 
        0.6517387203334213, 
        0.6596993643679673, 
        0.713090741760208, 
        0.5162488540311562, 
        0.6688351547136444, 
        0.7018346236844973, 
        0.5297594937966337, 
        0.6698953648603486, 
        0.6751727132446322, 
        0.7805364380419859, 
        0.1067684340149803, 
        0.6467777585361555, 
        0.7982997405105305, 
        0.7810157726596669, 
        0.31389606856219415, 
        0.485954378130469, 
        0.4633091182821198, 
        0.2902508674149261, 
        0.46786716359282093, 
        0.4802286285003246, 
        0.31953157305693763, 
        0.6555878888936642, 
        0.7375768726873384, 
        0.7394512996019696, 
        0.3344369833727971, 
        0.5044814532630469, 
        0.5953481514713093, 
        0.3787633309585363, 
        0.49730661525076947, 
        0.5345804060427365, 
        0.4524254982335835, 
        0.2319594764809103, 
        0.36157322043502177, 
        0.5054835429579456, 
        0.5343781561894346, 
        0.31889111962557365, 
        0.5609892301627396, 
        0.5118004999822077, 
        0.4001731429772459, 
        0.43093119771869615, 
        0.7030386724567796, 
        0.5053104792240246, 
        0.3714033078570248, 
        0.5425224203747937, 
        0.5077948238098459
    ], 
    "pearson_correlation": [
        0.8646710737560035, 
        0.916929067272949, 
        0.8591732755370048, 
        0.04686558645495793, 
        0.8787961621970671, 
        0.824012034186506, 
        0.7535327393433954, 
        0.47544401121639057, 
        0.5350903645369564, 
        0.5579169358823898, 
        0.4449624662819059, 
        0.5776758502256951, 
        0.43040226915127017, 
        0.9106846164335873, 
        0.9368126552269878, 
        0.02861691941423469, 
        0.9355158214013207, 
        0.7340165314009917, 
        0.7841722970502988, 
        0.5288553894783258, 
        0.5479665975066706, 
        0.6797738248338023, 
        0.524257099798466, 
        0.6005096785378423, 
        0.5183213528694541, 
        0.8590511440174634, 
        -0.02824435820148483, 
        0.8902874919807369, 
        0.7655877230576298, 
        0.7420215393888093, 
        0.5090411725412767, 
        0.52035411840802, 
        0.5946353275352612, 
        0.48049422766543437, 
        0.6110096158420093, 
        0.42923696886688006, 
        0.19000004492605843, 
        0.9261722132333042, 
        0.7184777758862034, 
        0.7640362080887334, 
        0.5163377188205845, 
        0.5268131034334314, 
        0.7121341899013769, 
        0.5455383187971519, 
        0.5856645833165028, 
        0.5883395298112626, 
        0.11050085146846299, 
        0.03725798678117355, 
        0.16728579796683826, 
        0.16099674937604502, 
        0.2923780386595523, 
        0.0860058403675219, 
        0.19350497135689976, 
        0.14182187441634247, 
        0.10800534343481302, 
        0.5722088556961805, 
        0.8148117907162356, 
        0.6701179849756347, 
        0.5359248227047883, 
        0.6955248885419869, 
        0.47484220248025044
    ], 
    "fraction of match covered by td injection": [
        0.00047314336516175644, 
        0.20552167305754399, 
        0.8269355425053007, 
        0, 
        0.42863860712547225, 
        0.9189296814227936, 
        0.37874819198286425, 
        0, 
        0, 
        0.00957113837624409, 
        0, 
        0, 
        0.07972795977027894, 
        0.4876886893038749, 
        0, 
        0, 
        0.09848584818623317, 
        0, 
        0, 
        0.11696451132504576, 
        0.021162608642598512, 
        0.23585545821865447, 
        0.24836139956733155, 
        0, 
        0.08801612715273907, 
        0, 
        0, 
        0.21239116556861828, 
        0.00905369219878526, 
        0.05613017143305217, 
        0.016238802371858183, 
        0, 
        0.8284826209311887, 
        0.08482022030589581, 
        0, 
        0.46768301641681914, 
        4.6962681088902056e-05, 
        0.07019345867721494, 
        0.24219623542739074, 
        0.07368622014264582, 
        0, 
        0, 
        0, 
        0, 
        0, 
        0.0013337144440282863, 
        0, 
        0, 
        0.0009966375166741653, 
        0, 
        0, 
        0, 
        0, 
        0, 
        0, 
        3.6964275569001406e-07, 
        0, 
        0.18436024580348712, 
        0.0712278947944383, 
        0, 
        0.10077132890456722
    ],