{
    "distance": [
        1909.6858380372412, 
        2130.3990236573054, 
        152.64337522473747, 
        2300.04347784993, 
        50.99019513592785, 
        1626.8066879626479, 
        648.1512169239521, 
        1948.8971240165552, 
        394.0812099047606, 
        1875.0199998933344, 
        1232.3148948219364, 
        2161.180233113379, 
        677.2001181334805, 
        2087.1511684590555, 
        886.5100112237876, 
        2334.544923534349, 
        148.66068747318505, 
        1634.9923547221865, 
        2264.685408616393, 
        1463.0447703334303, 
        1577.498019016189
    ], 
    "source": "ECT", 
    "spearman_correlation": [
        0.5313071005520642, 
        0.3997984169435548, 
        0.9109303930176894, 
        0.5431804219008898, 
        0.9254317810659672, 
        0.741523531522528, 
        0.5445630608210486, 
        0.6961783429657848, 
        0.745156130743383, 
        0.5842264885503266, 
        0.7344626137109131, 
        0.4337752775945053, 
        0.7044816645910328, 
        0.3635474976092903, 
        0.6398533797172081, 
        0.669452333698559, 
        0.9394008938486987, 
        0.8250080839588191, 
        0.6016747184781046, 
        0.7617435647670794, 
        0.7417761370519175
    ], 
    "pearson_correlation": [
        0.5669986439681949, 
        0.49282281251506427, 
        0.794844007195708, 
        0.5231531217776744, 
        0.8439382712860286, 
        0.6842280211113096, 
        0.6732895669067714, 
        0.5201178126172892, 
        0.9429919902735546, 
        0.5653880953501167, 
        0.5269075649363278, 
        0.40468363281639963, 
        0.583081277343149, 
        0.4441614195470064, 
        0.6458443270939203, 
        0.574936762576517, 
        0.9774374654826932, 
        0.6706972791579329, 
        0.5859710612889956, 
        0.5463439922784961, 
        0.6501021654884938
    ], 
    "fraction of match covered by td injection": [
        0, 
        0, 
        0.5719442527293541, 
        0, 
        0.4111345841539948, 
        5.375038258445807e-05, 
        0, 
        0, 
        0.21682542346593467, 
        0, 
        0.0322185332359268, 
        0, 
        0.01181750114775923, 
        0, 
        0.014414126897992244, 
        0, 
        0.5008931417261354, 
        3.556244219338223e-06, 
        0, 
        0.031174778321184912, 
        0.0005535382781490601
    ], 
    "match_A": [
        142656218, 
        142656218, 
        142656218, 
        142656218, 
        142656218, 
        142656218, 
        146553971, 
        146553971, 
        146553971, 
        146553971, 
        146553971, 
        180403712, 
        180403712, 
        180403712, 
        180403712, 
        142654100, 
        142654100, 
        142654100, 
        127397469, 
        127397469, 
        272414403
    ], 
    "injection_overlap": [
        0, 
        0, 
        0.6559753023564058, 
        0, 
        0.7881504638837824, 
        0.00034612093067637744, 
        0, 
        0, 
        0.3197818580441972, 
        0, 
        0.10946077000422508, 
        0, 
        0.06263357093170523, 
        0, 
        0.19853048211783078, 
        0, 
        0.8558563538033642, 
        7.895218239407135e-06, 
        0, 
        0.0857893216470647, 
        0.0016590132576588094
    ], 
    "match_B": [
        146553971, 
        180403712, 
        142654100, 
        127397469, 
        272414403, 
        180435652, 
        180403712, 
        142654100, 
        127397469, 
        272414403, 
        180435652, 
        142654100, 
        127397469, 
        272414403, 
        180435652, 
        127397469, 
        272414403, 
        180435652, 
        272414403, 
        180435652, 
        180435652
    ]
}