{
    "distance": [
        227.37634001804145, 
        1168.8028062936878, 
        799.3122043357026, 
        788.2258559575422, 
        726.4296249465601, 
        975.8073580374356, 
        674.7592163134935, 
        1104.9886877249016, 
        697.2804313904127, 
        866.4871608973788, 
        843.9194274336858, 
        875.7282683572571, 
        755.6454194925025, 
        465.61786907291264, 
        965.9192512834601, 
        1081.6653826391969, 
        980.6630410084801, 
        1107.9711187571634, 
        736.8853370776216, 
        839.7618710086806, 
        891.5716460273958, 
        792.2120928135344, 
        165.5294535724685, 
        1431.9567032560726, 
        229.3468988235943, 
        1451.5164484083534, 
        209.76176963403032, 
        1446.8241081762496
    ], 
    "source": "FRP", 
    "spearman_correlation": [
        0.8736993734845304, 
        0.48866487910081974, 
        0.7178838114591909, 
        0.7502699380790213, 
        0.6481749184440693, 
        0.6560241035633229, 
        0.5674839243254258, 
        0.4864175336969859, 
        0.844261423732318, 
        0.7731348286568653, 
        0.7868106622522375, 
        0.6195409938652116, 
        0.7358618238393956, 
        0.5271254249536422, 
        0.2771234370167459, 
        0.21286028298919227, 
        0.7680827349403322, 
        0.16545018654391527, 
        0.6983863643098404, 
        0.7476726160866338, 
        0.6025183845302297, 
        0.6914147398638587, 
        0.8457803338164629, 
        0.4238564238949647, 
        0.8259202658542577, 
        0.31419041056680386, 
        0.9428547805244692, 
        0.23948922948161297
    ], 
    "pearson_correlation": [
        0.9770803417429895, 
        0.4489414727343099, 
        0.8482439149605815, 
        0.8396985107260473, 
        0.7854631579452317, 
        0.8386778907415614, 
        0.7319704195895999, 
        0.4079531328537198, 
        0.8184789033705394, 
        0.9182248433360236, 
        0.8785082231337001, 
        0.7931604340396252, 
        0.8336717098170855, 
        0.6659683491933018, 
        0.1873922389569652, 
        0.1655138848593813, 
        0.7797857582850207, 
        0.14170567767669542, 
        0.6966797332150015, 
        0.6727587925101205, 
        0.9163242353811528, 
        0.6471700410583311, 
        0.9777873186296405, 
        0.622652484513573, 
        0.957760056152972, 
        0.5790276645151393, 
        0.9934750673764605, 
        0.542999616210501
    ], 
    "fraction of match covered by td injection": [
        0.7318714291838507, 
        0, 
        0.0737847166679253, 
        0, 
        0.00936019616770594, 
        0.0855590954029562, 
        0, 
        0, 
        0.18722268925230312, 
        3.6471182116703773e-07, 
        0.020075830532719826, 
        0.19335211775392844, 
        0, 
        0.06780494283093337, 
        0, 
        0, 
        0.13814117004445084, 
        0, 
        0.02508751743186348, 
        0.0037678463126485083, 
        0.5983217027838003, 
        1.110231294631064e-05, 
        0.3252644241205813, 
        0.018540100228623638, 
        0.3251089255004024, 
        0.0006526337894979692, 
        0.39814296956073486, 
        0.007766587982973562
    ], 
    "match_A": [
        180673746, 
        180673746, 
        180673746, 
        180673746, 
        180673746, 
        180673746, 
        180673746, 
        170721670, 
        170721670, 
        170721670, 
        170721670, 
        170721670, 
        170721670, 
        112423392, 
        112423392, 
        112423392, 
        112423392, 
        112423392, 
        112306316, 
        112306316, 
        112306316, 
        112306316, 
        100140756, 
        100140756, 
        100140756, 
        157710335, 
        157710335, 
        156741826
    ], 
    "injection_overlap": [
        0.9818153426056493, 
        0, 
        0.1704172066810301, 
        0, 
        0.010904710726689991, 
        0.3149334384878984, 
        0, 
        0, 
        0.25931003892119026, 
        1.3894058758478772e-06, 
        0.01302422545438643, 
        0.39418594516155137, 
        0, 
        0.17554731365993617, 
        0, 
        0, 
        0.5550189227378819, 
        0, 
        0.006606434237121826, 
        0.00037808461032086003, 
        0.7986111235541458, 
        1.9646308795688784e-06, 
        0.26180183651924666, 
        0.18030043061447118, 
        0.4421953745402927, 
        0.006292557966154905, 
        0.7287672177414182, 
        0.0014064550317274217
    ], 
    "match_B": [
        170721670, 
        112423392, 
        112306316, 
        100140756, 
        157710335, 
        156741826, 
        263242463, 
        112423392, 
        112306316, 
        100140756, 
        157710335, 
        156741826, 
        263242463, 
        112306316, 
        100140756, 
        157710335, 
        156741826, 
        263242463, 
        100140756, 
        157710335, 
        156741826, 
        263242463, 
        157710335, 
        156741826, 
        263242463, 
        156741826, 
        263242463, 
        263242463
    ]
}