{
    "distance": [
        630.6346010171025, 
        960.6768447297978, 
        1439.8958295654586, 
        603.4069936618235, 
        242.28082879171436, 
        1026.5963179361204, 
        799.6249120681521, 
        1025.9629622944485, 
        673.4983296193094, 
        328.7856444554719, 
        461.08567533594015, 
        579.3962374748389, 
        752.4626236564843, 
        343.8022687534217, 
        363.04269721342695, 
        220.22715545545242, 
        347.1310991541956, 
        595.5669567731238, 
        115.75836902790225, 
        401.62171256046406, 
        699.7856814768362, 
        250.99800796022265, 
        877.5534171775528, 
        1075.267408601228, 
        380.52595180880894, 
        590.592922409336, 
        286.53097563788805, 
        137.4772708486752, 
        941.541289588513, 
        444.29719783046124, 
        763.4788798650555, 
        483.6320915737499, 
        544.6099521676041, 
        224.4994432064365, 
        206.15528128088303, 
        327.566787083184, 
        730.5477397131552, 
        371.2142238654117, 
        595.3990258641678, 
        427.43420546325024, 
        325.2691193458119, 
        344.81879299133334, 
        509.6076922496363, 
        595.3990258641678, 
        404.72212689696124, 
        500.89919145472777, 
        596.2382074305538, 
        270.92434368288133, 
        173.78147196982766, 
        674.8333127521196, 
        204.69489490458722, 
        500.99900199501394, 
        557.3149917237109, 
        264.76404589747455, 
        808.3316151184488, 
        313.2091952673165, 
        627.3754856543248, 
        555.517776493246, 
        419.8809355043403, 
        548.1788029466298, 
        211.18712081942877, 
        1156.8059474259285, 
        418.21047332652967, 
        347.1310991541956, 
        745.9892760623305, 
        214.00934559032697, 
        1019.3134944657605, 
        271.8455443813637
    ], 
    "source": "IAD", 
    "spearman_correlation": [
        -0.07625965804687776, 
        -0.056515186163805166, 
        -0.020414195439419084, 
        -0.09024161430328893, 
        -0.1318681741873108, 
        -0.11934442489642495, 
        -0.11934442489642495, 
        0.2634456456697075, 
        -0.11302965069516521, 
        -0.10665213114607437, 
        -0.056515186163805166, 
        0.007663393848514873, 
        -0.04719910126151925, 
        -0.07985872003716657, 
        0.04394091962306835, 
        -0.06077982255296265, 
        -0.052011956650852266, 
        -0.017503848984808994, 
        -0.134989256908866, 
        -0.07985872003716657, 
        -0.11302965069516521, 
        -0.056515186163805166, 
        0.5063870091610584, 
        0.47509566865467845, 
        0.7254385091418816, 
        0.5190043683341111, 
        0.5302286308683334, 
        0.6165186211241379, 
        0.5346721676275309, 
        0.5299701346455188, 
        0.7299076572730085, 
        0.6014390510302553, 
        0.5681980281099224, 
        0.6671390863338427, 
        0.4781456935433666, 
        0.5681134485218166, 
        0.6419646589503878, 
        0.5761710654860095, 
        0.9322338539263074, 
        0.654764883052435, 
        0.6424400438495209, 
        0.43478996545502335, 
        0.5280426343238298, 
        0.869372080241912, 
        0.5507631499039911, 
        0.6693073561228586, 
        0.5720337718475259, 
        0.5883839713446157, 
        0.8763457518057128, 
        0.40343741057063287, 
        0.3874981899048343, 
        0.4591304127735638, 
        0.5131970659395837, 
        0.8060027921948641, 
        0.5017106838416124, 
        0.412670141896556, 
        0.5468284740704109, 
        0.5389396523126718, 
        0.9232463203228999, 
        0.7539354076576478, 
        0.6454754474177887, 
        0.6613955998303195, 
        0.5585864240926605, 
        0.5815440363606977, 
        0.8102784411131312, 
        0.4660416833717113, 
        0.7071507371257756, 
        0.6229673269924673
    ], 
    "pearson_correlation": [
        -0.06356050433482989, 
        -0.04489601256038264, 
        -0.05795130883041896, 
        -0.05377514333954382, 
        -0.07247931164435577, 
        -0.07239750030447444, 
        -0.06607520341594099, 
        0.06675606044523524, 
        -0.060648495666156, 
        -0.053165999047397015, 
        -0.043949898149524526, 
        -0.04131401435550251, 
        -0.029388689814026894, 
        -0.045829221265904455, 
        -0.04303714421956971, 
        -0.0451017532729177, 
        -0.04144480362579834, 
        -0.06313672377995076, 
        -0.06936320456468768, 
        -0.04286497947666342, 
        -0.07356435699648929, 
        -0.041958474358267626, 
        0.3343942629581778, 
        0.2840725085579176, 
        0.593147171144036, 
        0.08031946524819863, 
        0.7671826587359711, 
        0.7467898974226598, 
        0.4372870164969715, 
        0.6700207651436626, 
        0.5438470757006997, 
        0.7615647838950295, 
        0.5304383161212468, 
        0.48200313324552524, 
        0.5290914166541156, 
        0.41995169545270017, 
        0.8425486121020618, 
        0.8113087520595154, 
        0.941121619635123, 
        0.8513718442833738, 
        0.7129668977752464, 
        0.24491732556368923, 
        0.20943467426609513, 
        0.8302644944931477, 
        0.3810794362588814, 
        0.4230611124623933, 
        0.3916044468535876, 
        0.4418770813009423, 
        0.9808587574447577, 
        0.46811858227161723, 
        0.3810922588037724, 
        0.3295510311558126, 
        0.6881739828806908, 
        0.7977852055523846, 
        0.3784581409471202, 
        0.2763211891189687, 
        0.22526267849273998, 
        0.5938783328453903, 
        0.7199807822311037, 
        0.7617443641339657, 
        0.799925779559256, 
        0.7829164732441916, 
        0.6346136028560504, 
        0.8668306427197262, 
        0.9049452731788623, 
        0.4443784243018623, 
        0.8024581201992982, 
        0.45091697958187116
    ],