{
    "distance": [
        616.8468205316454, 
        1064.612605598863, 
        362.49137920783716, 
        913.454979733539, 
        1315.2946437965904, 
        960.728889958036, 
        825.7118141337206, 
        1112.384825498802, 
        1103.3131921625882, 
        360.1388621073821, 
        1321.5521177766695, 
        1074.476616776745, 
        856.5628990331066, 
        213.7755832643195, 
        926.5527507918802, 
        896.6604708583958, 
        1526.7612779999367, 
        891.1789943664517, 
        313.6877428271624, 
        1169.1877522451216, 
        658.7867636800241, 
        2107.9848196796866, 
        1560.7049689162907, 
        1468.2642813880614, 
        1869.4919095839919, 
        661.3622305514581, 
        1075.4533927604673, 
        254.1653005427767, 
        900.33327162779, 
        418.09089920733743
    ], 
    "source": "ORBm", 
    "spearman_correlation": [
        0.5101727738163812, 
        0.5673881986893304, 
        0.6710333538056921, 
        0.6271293773834298, 
        0.8062059414228493, 
        0.7255369176142409, 
        0.48135555694573096, 
        0.8011601018078214, 
        0.8912603985433541, 
        0.8155610486609919, 
        0.8639891475921954, 
        0.6216007468171386, 
        0.6871666943076034, 
        0.9362730755834205, 
        0.7589079080922387, 
        0.8933180737205617, 
        0.9376994994763425, 
        0.7605412797024934, 
        0.8120094857381948, 
        0.8739164714496934, 
        0.8515395813961395, 
        0.8358685100504517, 
        0.8670659650836307, 
        0.895618783457832, 
        0.8918484423593872, 
        0.9111215967903716, 
        0.6449338008629582, 
        0.9091691430477052, 
        0.7118568522984196, 
        0.9120318538926586
    ], 
    "pearson_correlation": [
        0.2125415999111049, 
        0.37148405600279727, 
        0.3941333787872171, 
        0.5374808732679404, 
        0.5890181003716334, 
        0.40694118201239937, 
        0.1440523999372909, 
        0.6398197789150776, 
        0.8334714524077703, 
        0.6576131053841225, 
        0.6288202451898647, 
        0.3711638757111537, 
        0.4651010847348401, 
        0.9013631106960444, 
        0.651947679308686, 
        0.8391103858419138, 
        0.86995282440912, 
        0.6117852933800823, 
        0.7525269724883983, 
        0.8679418250870723, 
        0.865306373802824, 
        0.7709494801641401, 
        0.8373231408785683, 
        0.7270483437219458, 
        0.9444768274411094, 
        0.9052559422094368, 
        0.3811721018836576, 
        0.8208189761397663, 
        0.5251508466875786, 
        0.8157058569590884
    ], 
    "fraction of match covered by td injection": [
        0, 
        0, 
        0, 
        0, 
        0.11790499507259303, 
        0.0019376429635150902, 
        0, 
        0.16544235958791312, 
        0.05017395111330352, 
        0.2582191620884503, 
        0.09685031021674571, 
        0, 
        0.0018176617472560064, 
        0.4133350538724307, 
        0.001242930117317, 
        0.384101476963838, 
        0.46104827819841016, 
        0.07091048989639494, 
        0.5808752654401901, 
        0.12267924266768694, 
        0.22527451302864743, 
        0.06539323136828161, 
        0.6231533154249917, 
        0.259097812290414, 
        0.2257615738883016, 
        0.5043194024690958, 
        0, 
        0.6925881460246489, 
        0.01772681879191877, 
        0.3629127572843597
    ], 
    "match_A": [
        112423392, 
        112423392, 
        112423392, 
        112423392, 
        112423392, 
        112423392, 
        112423392, 
        112423392, 
        157711748, 
        157711748, 
        157711748, 
        157711748, 
        157711748, 
        157711748, 
        157711748, 
        126860974, 
        126860974, 
        126860974, 
        126860974, 
        126860974, 
        126860974, 
        496554237, 
        496554237, 
        496554237, 
        496554237, 
        480994108, 
        480994108, 
        480994108, 
        478582494, 
        478582494
    ], 
    "injection_overlap": [
        0, 
        0, 
        0, 
        0, 
        0.4756675650585909, 
        0.0050467644532440235, 
        0, 
        0.6763375251577147, 
        0.09804824215212356, 
        0.655749966563627, 
        0.24259661113587894, 
        0, 
        0.005578676328049572, 
        0.8871986632627541, 
        0.005342079600038047, 
        0.5635578335130641, 
        0.443840061971224, 
        0.15026078433739265, 
        0.5303646377270397, 
        0.17895017509464814, 
        0.4494136447383454, 
        0.13657309535662565, 
        0.44086527847805457, 
        0.30682453488109573, 
        0.4165197332501918, 
        0.19415906226398993, 
        0, 
        0.6522413530556642, 
        0.023097779224919287, 
        0.8362360036757027
    ], 
    "match_B": [
        157711748, 
        126860974, 
        478376197, 
        496554237, 
        480994108, 
        478582494, 
        263106036, 
        167902586, 
        126860974, 
        478376197, 
        496554237, 
        480994108, 
        478582494, 
        263106036, 
        167902586, 
        478376197, 
        496554237, 
        480994108, 
        478582494, 
        263106036, 
        167902586, 
        480994108, 
        478582494, 
        263106036, 
        167902586, 
        478582494, 
        263106036, 
        167902586, 
        263106036, 
        167902586
    ]
}