{
    "distance": [
        465.61786907291264, 
        1048.0458005259122, 
        1064.612605598863, 
        362.49137920783716, 
        913.454979733539, 
        1315.2946437965904, 
        1047.1389592599446, 
        980.6630410084801, 
        960.728889958036, 
        1112.384825498802, 
        1069.2053123698927, 
        1275.3822956274719, 
        770.8436936240706, 
        1231.2595177297108, 
        1360.735095453924, 
        962.1330469326995, 
        891.5716460273958, 
        1180.9318354587617, 
        1203.7441588643328, 
        750.3332592921628, 
        920.97774131626, 
        1856.8791021496256, 
        307.89608636681305, 
        246.77925358506133, 
        282.3118842698621, 
        535.7238094391549, 
        197.48417658131498, 
        896.6604708583958, 
        1526.7612779999367, 
        891.1789943664517, 
        878.4645695758026, 
        849.0583018850944, 
        313.6877428271624, 
        658.7867636800241, 
        2107.9848196796866, 
        1883.2153355365392, 
        1811.6567003712375, 
        1560.7049689162907, 
        1869.4919095839919, 
        493.65980188789933, 
        557.2252686302013, 
        661.3622305514581, 
        254.1653005427767, 
        82.46211251235322, 
        719.5137246779939, 
        438.7482193696061, 
        702.9224708315988, 
        469.14816422959603, 
        418.09089920733743
    ], 
    "source": "ORBvl", 
    "spearman_correlation": [
        0.5271254249536422, 
        0.8411424319884289, 
        0.5673881986893304, 
        0.6710333538056921, 
        0.6271293773834298, 
        0.8062059414228493, 
        0.9134667026523726, 
        0.7680827349403322, 
        0.7255369176142409, 
        0.8011601018078214, 
        0.1969555447146153, 
        0.4536187702919662, 
        0.5417608926615493, 
        0.42082874494852374, 
        0.3727720151057747, 
        0.5407872437590222, 
        0.6025183845302297, 
        0.30498070997159843, 
        0.4669470380318132, 
        0.45991752989368184, 
        0.5208460456723961, 
        0.5321102162661271, 
        0.8175628661798457, 
        0.8328679107804415, 
        0.6744014263728102, 
        0.7396137603535795, 
        0.6977946845589749, 
        0.8933180737205617, 
        0.9376994994763425, 
        0.7605412797024934, 
        0.6026540866729364, 
        0.755986706832421, 
        0.8120094857381948, 
        0.8515395813961395, 
        0.8358685100504517, 
        0.6692733399608574, 
        0.7748622961910143, 
        0.8670659650836307, 
        0.8918484423593872, 
        0.8686399186538166, 
        0.8390535306533007, 
        0.9111215967903716, 
        0.9091691430477052, 
        0.8469793153032618, 
        0.7818416958176919, 
        0.826756533861366, 
        0.771837251072272, 
        0.8193644963375055, 
        0.9120318538926586
    ], 
    "pearson_correlation": [
        0.6659683491933018, 
        0.7588123375305886, 
        0.37148405600279727, 
        0.3941333787872171, 
        0.5374808732679404, 
        0.5890181003716334, 
        0.8632083289596063, 
        0.7797857582850207, 
        0.40694118201239937, 
        0.6398197789150776, 
        0.3778412899248967, 
        0.20247894428102495, 
        0.4434484249568241, 
        0.43048655361978533, 
        0.47026317306501186, 
        0.823829061245324, 
        0.9163242353811528, 
        0.35484608330345413, 
        0.5020056219445393, 
        0.3675118611353452, 
        0.3954643456515454, 
        0.4390858665236571, 
        0.6842925675644154, 
        0.6809338552171617, 
        0.6183865696266697, 
        0.5971801425932564, 
        0.5296756213997695, 
        0.8391103858419138, 
        0.86995282440912, 
        0.6117852933800823, 
        0.37420958983058017, 
        0.36428189670943195, 
        0.7525269724883983, 
        0.865306373802824, 
        0.7709494801641401, 
        0.63484461400353, 
        0.6073437745996609, 
        0.8373231408785683, 
        0.9444768274411094, 
        0.7963617373105861, 
        0.7194865713583631, 
        0.9052559422094368, 
        0.8208189761397663, 
        0.9347324163236885, 
        0.619729426716313, 
        0.7311215146156814, 
        0.5915871224839513, 
        0.6598627495384469, 
        0.8157058569590884
    ], 
    "fraction of match covered by td injection": [
        0.06780494283093337, 
        0.5735390675175387, 
        0, 
        0, 
        0, 
        0.11790499507259303, 
        0.31216530087535577, 
        0.13814117004445084, 
        0.0019376429635150902, 
        0.16544235958791312, 
        0.1930760457228151, 
        0, 
        0, 
        0, 
        0.09089448330275277, 
        0.33945557983921915, 
        0.5983217027838003, 
        0, 
        0.04859618401029441, 
        0, 
        0, 
        0, 
        0.2621216092589618, 
        0.4988545988470553, 
        0.18209363435306186, 
        3.4593011389312615e-05, 
        0.1999644321249871, 
        0.384101476963838, 
        0.46104827819841016, 
        0.07091048989639494, 
        0, 
        0, 
        0.5808752654401901, 
        0.22527451302864743, 
        0.06539323136828161, 
        0, 
        0, 
        0.6231533154249917, 
        0.2257615738883016, 
        0.7887186595804865, 
        0.3106656636213846, 
        0.5043194024690958, 
        0.6925881460246489, 
        0.4502258833483665, 
        0.0005828181159630244, 
        0.34501549044207985, 
        0, 
        0.1775490458931766, 
        0.3629127572843597
    ], 
    "match_A": [
        112423392, 
        112423392, 
        112423392, 
        112423392, 
        112423392, 
        112423392, 
        112423392, 
        112423392, 
        112423392, 
        112423392, 
        112306316, 
        112306316, 
        112306316, 
        112306316, 
        112306316, 
        112306316, 
        112306316, 
        112306316, 
        112306316, 
        158435116, 
        158435116, 
        158435116, 
        158435116, 
        158435116, 
        158435116, 
        158435116, 
        158435116, 
        126860974, 
        126860974, 
        126860974, 
        126860974, 
        126860974, 
        126860974, 
        126860974, 
        496554237, 
        496554237, 
        496554237, 
        496554237, 
        496554237, 
        480994108, 
        480994108, 
        480994108, 
        480994108, 
        287769286, 
        287769286, 
        287769286, 
        156741826, 
        156741826, 
        478582494
    ], 
    "injection_overlap": [
        0.17554731365993617, 
        0.6105104692691697, 
        0, 
        0, 
        0, 
        0.4756675650585909, 
        0.7111663736869314, 
        0.5550189227378819, 
        0.0050467644532440235, 
        0.6763375251577147, 
        0.09584370664697466, 
        0, 
        0, 
        0, 
        0.1916382006290858, 
        0.3388082395215509, 
        0.7986111235541458, 
        0, 
        0.08457498088691466, 
        0, 
        0, 
        0, 
        0.8991617895552517, 
        0.9546058754318134, 
        0.6518356201525081, 
        0.00012696186953969744, 
        0.8629945512157787, 
        0.5635578335130641, 
        0.443840061971224, 
        0.15026078433739265, 
        0, 
        0, 
        0.5303646377270397, 
        0.4494136447383454, 
        0.13657309535662565, 
        0, 
        0, 
        0.44086527847805457, 
        0.4165197332501918, 
        0.4451435002519288, 
        0.2506493998163056, 
        0.19415906226398993, 
        0.6522413530556642, 
        0.6500300566063932, 
        0.00034243593973004946, 
        0.6386259341887379, 
        0, 
        0.21391665930279208, 
        0.8362360036757027
    ],