{
    "distance": [
        1049.7142468310126, 
        1500.6998367428444, 
        944.5104552094699, 
        1341.8271125595875, 
        1308.31953283592, 
        488.4669896727925, 
        469.14816422959603, 
        214.00934559032697, 
        1126.3214461245066, 
        1170.0854669638454, 
        1367.808466123821, 
        1053.9924098398433, 
        709.5068710026704, 
        1318.8252348207475, 
        1247.4373731775074, 
        1099.9090871522064, 
        1358.8966112254457, 
        569.6490147450446, 
        873.3269719870101, 
        1475.8048651498611, 
        643.8167441127949, 
        1066.9582934679313, 
        590.3388857258177, 
        385.3569773599539, 
        725.1896303726357, 
        716.2401831787993, 
        1454.5102268461367, 
        854.6344247688598, 
        729.4518489934753, 
        1236.0420704814217, 
        952.9952780575568, 
        746.2573282722254, 
        1347.775945771403, 
        469.25472826600264, 
        830.7827634225448, 
        1228.6984984120393, 
        174.92855684535903, 
        764.7875521999557, 
        166.1324772583615, 
        889.719056781409, 
        899.8333178983761, 
        684.2514157822401, 
        1098.9995450408521, 
        1235.839795442759, 
        560.4462507680821, 
        1086.0018416190646, 
        832.2259308625272, 
        1027.861858422619, 
        1518.4860881812517, 
        1112.6994203287786, 
        1604.9922118191103, 
        283.3725463060951, 
        855.7452892070163, 
        746.5922581972037, 
        682.7884006044625, 
        300.1666203960727, 
        879.6590248499699, 
        195.19221295943134, 
        1022.4480426897007, 
        1060.9429767899876, 
        680.9552114493288, 
        760.5918747922568, 
        579.827560572969, 
        648.1512169239521, 
        213.07275752662517, 
        788.986691902975, 
        367.96738985948195, 
        949.5788540189803, 
        543.323108288245, 
        568.59475903318, 
        621.1280061307814, 
        770.1298591796061, 
        881.2491134747314, 
        575.065213693195, 
        977.6502442080194, 
        1169.144986731757, 
        471.16875957558983, 
        1310.7631364972087, 
        698.3552104767315, 
        144.9137674618944, 
        840.2975663418287
    ], 
    "source": "PCN", 
    "spearman_correlation": [
        0.4776524697326138, 
        0.17985702900928793, 
        0.474825621950566, 
        0.20039393431801383, 
        0.12734353509148577, 
        0.6073056396127446, 
        0.5361113889526874, 
        0.7594335711569268, 
        0.36182779692929506, 
        0.49400022569547186, 
        -0.061657585316891306, 
        0.44412749561499876, 
        0.5541028017249113, 
        0.17608972979607276, 
        0.15537711499856613, 
        0.2893330104352568, 
        0.1405792945225122, 
        0.5618432888053373, 
        0.4204219278246005, 
        0.26062871853726943, 
        0.44651573960689367, 
        0.3832585201102063, 
        0.47293042459533646, 
        0.6158156196896207, 
        0.7291954967044748, 
        0.862485740783967, 
        0.2493936926826096, 
        0.7735162666760748, 
        0.7745377884740955, 
        0.5708814569633556, 
        0.12397718983041583, 
        0.5811181730610345, 
        0.1482819529027111, 
        0.7729760589310164, 
        0.8159111997550225, 
        0.7479880252379882, 
        0.788436098163284, 
        0.6246890639931111, 
        0.8530302354570859, 
        0.4352615918892858, 
        0.12057517723348625, 
        0.44283647580478325, 
        -0.061657585316891306, 
        0.1626405859914401, 
        0.3573845712646975, 
        0.21220083455213856, 
        0.3638941454542823, 
        0.49143010616388144, 
        0.09862980543355683, 
        0.4021253967220729, 
        0.3637547043759653, 
        0.3247328682795799, 
        -0.061657585316891306, 
        0.2410347407831302, 
        0.06362829071302195, 
        -0.012654990021170428, 
        0.22469253391184685, 
        -0.12226672697938415, 
        0.08936514186925677, 
        0.16123555775173318, 
        0.6917659901430698, 
        0.4352679168502177, 
        0.5607847392713731, 
        0.5277761815635169, 
        0.6573870297114635, 
        0.47290216846974975, 
        0.6542485178115571, 
        0.6633375220353541, 
        0.6066837628493421, 
        0.5884458040098938, 
        0.6686986475399247, 
        0.8089686905230703, 
        0.6929145545623485, 
        0.5001254001318938, 
        0.7600560801074218, 
        0.549819546007567, 
        0.6207550617322762, 
        0.6997716975293693, 
        0.47434835576325834, 
        0.808336367761824, 
        0.6264814309401057
    ], 
    "pearson_correlation": [
        0.6788304465149582, 
        0.03548765243078972, 
        0.5505557183398677, 
        0.13334778560109328, 
        -0.010901022663404657, 
        0.878561473837877, 
        0.6353482966880636, 
        0.848327327047112, 
        0.45056084635266064, 
        0.5523287038394623, 
        -0.042265224539041746, 
        0.3005369220777255, 
        0.8235560611456294, 
        0.2727774395488962, 
        0.04476224063091977, 
        0.22009055404211447, 
        -0.012377982208445696, 
        0.7470979577059221, 
        0.6589913134128258, 
        0.29074845013335643, 
        0.629983160768869, 
        0.18513952922029348, 
        0.6524422491325298, 
        0.6117708963818383, 
        0.9399030730435373, 
        0.8428505819673483, 
        0.17191609884056375, 
        0.7826878712109646, 
        0.6660396970724882, 
        0.7307498901096899, 
        -0.002940342448116954, 
        0.8058370565370109, 
        0.0394753687162152, 
        0.8892612701843687, 
        0.9663626890712734, 
        0.8401086064647398, 
        0.8015956506523573, 
        0.6340889493702794, 
        0.96218465078866, 
        0.3377781953066496, 
        -0.029192472555892277, 
        0.4961032082602401, 
        -0.05032383082196065, 
        0.40060984976776737, 
        0.04365641203776313, 
        0.03699632161550033, 
        0.11741045392127232, 
        0.42727409549047674, 
        -0.039256955924005646, 
        0.5460470788486083, 
        0.12195239242881914, 
        -0.011116335180000306, 
        -0.03676866584950854, 
        0.19993547050559937, 
        -0.012686889328925394, 
        -0.05650595472936321, 
        0.14968340144815037, 
        -0.0804410681723136, 
        0.061910058688804274, 
        0.029074315924332753, 
        0.5879525463266168, 
        0.6973383762053043, 
        0.8562127985986905, 
        0.5632080467211485, 
        0.8250090015262851, 
        0.7661700834232953, 
        0.9170749568485583, 
        0.6945039476120498, 
        0.8237119292780296, 
        0.3858520501132788, 
        0.8694891329872855, 
        0.8051510736706164, 
        0.7447974802844622, 
        0.4655021619587011, 
        0.8942961937747061, 
        0.6533998751527056, 
        0.7487770353269769, 
        0.7677181016078759, 
        0.5288278886527333, 
        0.8733080453578195, 
        0.6631925961357669
    ],