{
    "distance": [
        1909.6858380372412, 
        152.64337522473747, 
        287.92360097775935, 
        2300.04347784993, 
        1350.2592343694598, 
        50.99019513592785, 
        1626.8066879626479, 
        1343.0562162471085, 
        1948.8971240165552, 
        1941.6487838947598, 
        394.0812099047606, 
        965.8674857349739, 
        1875.0199998933344, 
        1232.3148948219364, 
        809.135340965898, 
        140.71247279470288, 
        2334.544923534349, 
        1371.3132391981053, 
        148.66068747318505, 
        1634.9923547221865, 
        1355.7654664432193, 
        2321.14196032901, 
        1356.5028566132842, 
        272.9468812791236, 
        1614.0012391568973, 
        1330.3758867327685, 
        1281.4835153056008, 
        2264.685408616393, 
        1463.0447703334303, 
        1138.859078200635, 
        1332.1411336641474, 
        1634.0440630533803, 
        243.7211521390788, 
        1577.498019016189, 
        1316.5864954495014
    ], 
    "source": "PERI", 
    "spearman_correlation": [
        0.5313071005520642, 
        0.9109303930176894, 
        0.8814411403568432, 
        0.5431804219008898, 
        0.7314834078847738, 
        0.9254317810659672, 
        0.741523531522528, 
        0.5459274071677535, 
        0.6961783429657848, 
        0.6016251283426745, 
        0.745156130743383, 
        0.7855146525490657, 
        0.5842264885503266, 
        0.7344626137109131, 
        0.6529348448294005, 
        0.9046649195781811, 
        0.669452333698559, 
        0.8301693775809093, 
        0.9394008938486987, 
        0.8250080839588191, 
        0.6185082403033646, 
        0.7022440738708188, 
        0.8373005000953113, 
        0.9201851367865691, 
        0.780287414419098, 
        0.7049570314019603, 
        0.7427127007192105, 
        0.6016747184781046, 
        0.7617435647670794, 
        0.815774873406378, 
        0.7791769178675618, 
        0.8682681387812958, 
        0.7006026036380228, 
        0.7417761370519175, 
        0.5970557731583808
    ], 
    "pearson_correlation": [
        0.5669986439681949, 
        0.794844007195708, 
        0.8474947628224608, 
        0.5231531217776744, 
        0.6662300348705049, 
        0.8439382712860286, 
        0.6842280211113096, 
        0.5312819311880782, 
        0.5201178126172892, 
        0.7902513763691643, 
        0.9429919902735546, 
        0.9124291572990626, 
        0.5653880953501167, 
        0.5269075649363278, 
        0.8761399481255319, 
        0.8562549790514461, 
        0.574936762576517, 
        0.6794554571785922, 
        0.9774374654826932, 
        0.6706972791579329, 
        0.4789848978077932, 
        0.8181147958663146, 
        0.913431507692818, 
        0.8835898707761264, 
        0.7405682814494476, 
        0.7616141137602348, 
        0.9348441175762142, 
        0.5859710612889956, 
        0.5463439922784961, 
        0.8640315944105103, 
        0.7098859576428483, 
        0.6812765965162632, 
        0.8951329245831471, 
        0.6501021654884938, 
        0.52918740550604
    ], 
    "fraction of match covered by td injection": [
        0, 
        0.5719442527293541, 
        0.27394544946078236, 
        0, 
        0, 
        0.4111345841539948, 
        5.375038258445807e-05, 
        0, 
        0, 
        0, 
        0.21682542346593467, 
        0.036854455654734934, 
        0, 
        0.0322185332359268, 
        0.007735404606717826, 
        0.6342553284674148, 
        0, 
        0, 
        0.5008931417261354, 
        3.556244219338223e-06, 
        0, 
        0, 
        0, 
        0.4438173697846889, 
        0.0006142426561950779, 
        0, 
        0, 
        0, 
        0.031174778321184912, 
        0, 
        0, 
        0.008355909896427633, 
        0.9868497440290858, 
        0.0005535382781490601, 
        0
    ], 
    "match_A": [
        142656218, 
        142656218, 
        142656218, 
        142656218, 
        142656218, 
        142656218, 
        142656218, 
        142656218, 
        146553971, 
        146553971, 
        146553971, 
        146553971, 
        146553971, 
        146553971, 
        146553971, 
        142654100, 
        142654100, 
        142654100, 
        142654100, 
        142654100, 
        142654100, 
        180297139, 
        180297139, 
        180297139, 
        180297139, 
        180297139, 
        127397469, 
        127397469, 
        127397469, 
        127397469, 
        114472145, 
        114472145, 
        114472145, 
        272414403, 
        272414403
    ], 
    "injection_overlap": [
        0, 
        0.6559753023564058, 
        0.4680775524576821, 
        0, 
        0, 
        0.7881504638837824, 
        0.00034612093067637744, 
        0, 
        0, 
        0, 
        0.3197818580441972, 
        0.05521057944897241, 
        0, 
        0.10946077000422508, 
        0.00753899852971502, 
        0.7530878404571493, 
        0, 
        0, 
        0.8558563538033642, 
        7.895218239407135e-06, 
        0, 
        0, 
        0, 
        0.6886255040666545, 
        0.0025616807352124953, 
        0, 
        0, 
        0, 
        0.0857893216470647, 
        0, 
        0, 
        0.029823073537647286, 
        0.2809794403339911, 
        0.0016590132576588094, 
        0
    ], 
    "match_B": [
        146553971, 
        142654100, 
        180297139, 
        127397469, 
        114472145, 
        272414403, 
        180435652, 
        286483411, 
        142654100, 
        180297139, 
        127397469, 
        114472145, 
        272414403, 
        180435652, 
        286483411, 
        180297139, 
        127397469, 
        114472145, 
        272414403, 
        180435652, 
        286483411, 
        127397469, 
        114472145, 
        272414403, 
        180435652, 
        286483411, 
        114472145, 
        272414403, 
        180435652, 
        286483411, 
        272414403, 
        180435652, 
        286483411, 
        180435652, 
        286483411
    ]
}