{
    "distance": [
        422.0189569201839, 
        265.5183609470351, 
        112.24972160321825, 
        554.3464620614079, 
        510.88159097779203, 
        314.48370387032776, 
        467.54678910243837, 
        464.43514078932486
    ], 
    "source": "PIL", 
    "spearman_correlation": [
        0.9471486681430102, 
        0.6784634945868933, 
        0.7856880243323641, 
        0.6802654191271151, 
        0.7480497297904926, 
        0.5043949305259754, 
        0.3824413499694253, 
        0.4219454894468889
    ], 
    "pearson_correlation": [
        0.920971546126101, 
        0.9039928760417599, 
        0.8186198676951573, 
        0.5412651846601639, 
        0.5684267323110047, 
        0.5242036902570689, 
        0.18811904957978287, 
        0.1958887965709638
    ], 
    "fraction of match covered by td injection": [
        0.08353214673800909, 
        0.7363507169925112, 
        0.1938688206457031, 
        0.021666921172712652, 
        0.018316756723708135, 
        0.021537931210933628, 
        7.754255500861082e-05, 
        0.00013072211226667054
    ], 
    "match_A": [
        180520257, 
        180520257, 
        180520257, 
        180520257, 
        180520257, 
        178489574, 
        178489574, 
        178489574
    ], 
    "injection_overlap": [
        0.21288563642780883, 
        0.777399742758327, 
        0.4881676551202877, 
        0.10606274636922965, 
        0.055500463496391136, 
        0.11859280117119117, 
        0.0009330746177005806, 
        0.0015265285834437027
    ], 
    "match_B": [
        127396051, 
        178489574, 
        586054741, 
        287880821, 
        301063301, 
        586054741, 
        287880821, 
        301063301
    ]
}