{
    "distance": [
        1028.639878674748, 
        2261.2607103118385, 
        1673.2602905704778, 
        773.950902835574, 
        2598.7112190468565, 
        2049.3169593793928, 
        1239.8386991863094, 
        913.5097153287425, 
        366.1966684720111, 
        1623.884232326923, 
        1063.8608931622593, 
        1039.2785959500945, 
        1513.5719342006842, 
        554.7972602672079, 
        350.14282800023193, 
        1827.8676100855882, 
        1280.7419724519066
    ], 
    "source": "PRE", 
    "spearman_correlation": [
        0.7722098434369008, 
        0.5747115497385965, 
        0.7041811103733006, 
        0.7436496731062029, 
        0.6942110972469067, 
        0.7855300641866813, 
        0.6863582101474446, 
        0.5600576296350973, 
        0.6899881082082358, 
        0.6987712871391419, 
        0.6652166176982965, 
        0.543816956671146, 
        0.7277558174111379, 
        0.7479233249270832, 
        0.4861543617498298, 
        0.5777638776545302, 
        0.47187451725357155
    ], 
    "pearson_correlation": [
        0.8607376959562371, 
        0.5348399762589435, 
        0.7977031799826731, 
        0.8700377020086906, 
        0.5176399077871383, 
        0.7336319374266614, 
        0.6372300628617988, 
        0.840922359333018, 
        0.8719340013019787, 
        0.6069555173007157, 
        0.7286666789672743, 
        0.2856862736132474, 
        0.7125537464124112, 
        0.7522646926755087, 
        0.5434523168448442, 
        0.7463131014896147, 
        0.7380663947214549
    ], 
    "fraction of match covered by td injection": [
        0.4156055433591976, 
        0.0170388510814215, 
        0.12737962340323064, 
        0.6199759765222904, 
        0, 
        0.020108128261666053, 
        0.16138389011872453, 
        0.0025865468441035656, 
        0.24008518630694933, 
        0, 
        0.0031088910129635737, 
        0.0010686842402483152, 
        0.010427976835826339, 
        7.851509355530032e-05, 
        0.20930690161762047, 
        0, 
        0.15153929320373422
    ], 
    "match_A": [
        127139568, 
        127139568, 
        127139568, 
        127139568, 
        127139568, 
        127139568, 
        626107114, 
        626107114, 
        626107114, 
        626107114, 
        626107114, 
        146984915, 
        146984915, 
        146984915, 
        146984915, 
        112672974, 
        112672974
    ], 
    "injection_overlap": [
        0.1780498574146676, 
        0.005764207689943789, 
        0.10651322820560731, 
        0.5568064205892951, 
        0, 
        0.031035929354125077, 
        0.18946330753456658, 
        0.00783546577605107, 
        0.482244960385653, 
        0, 
        0.0013427158235754914, 
        0.002959762606216499, 
        0.01845582267088428, 
        2.5428216281628564e-05, 
        0.26406025236261804, 
        0, 
        0.08227004732838414
    ], 
    "match_B": [
        626107114, 
        146984915, 
        127222723, 
        112672974, 
        558581415, 
        287028480, 
        146984915, 
        127222723, 
        112672974, 
        558581415, 
        287028480, 
        127222723, 
        112672974, 
        558581415, 
        287028480, 
        558581415, 
        287028480
    ]
}