{
    "distance": [
        657.6473218982952, 
        795.361553005927, 
        257.6819745345025, 
        634.1135544995076, 
        601.6643582596529, 
        941.1163583744574, 
        831.9254774317228, 
        671.2674578735364, 
        573.846669416143, 
        1112.384825498802, 
        334.81338085566415, 
        748.4650960465692, 
        859.0110593001699, 
        1219.262071910711
    ], 
    "source": "RH", 
    "spearman_correlation": [
        0.5611216439782135, 
        0.4805002708079445, 
        0.5057279342021149, 
        0.5163190633771763, 
        0.42224061030694116, 
        0.32555626720951436, 
        0.3492106335967509, 
        0.567547993501439, 
        0.4209782837277371, 
        0.4204571362394149, 
        0.7332101826758156, 
        0.7729150637166718, 
        0.4791066528844638, 
        0.24458587801967557
    ], 
    "pearson_correlation": [
        0.6611172511118938, 
        0.39609361804997983, 
        0.34548819625153937, 
        0.3162320792434279, 
        0.45589118751591756, 
        0.347854211303157, 
        0.20697604117477617, 
        0.5273796997852219, 
        0.39233033749695495, 
        0.263507745715123, 
        0.4978611135140079, 
        0.7994280339121886, 
        0.4893443249462016, 
        -0.0031224041469568135
    ], 
    "fraction of match covered by td injection": [
        0.00827877234930606, 
        1.1358582635215046e-05, 
        0.1655404229602759, 
        0.003002104070103331, 
        0, 
        0.005565366120469023, 
        0.015331200092634221, 
        0.062076715715273484, 
        0.004578814725575919, 
        0, 
        0.5711940339314141, 
        0.12345184660450774, 
        0.03995049505428177, 
        0
    ], 
    "match_A": [
        147135107, 
        147135107, 
        147135107, 
        147135107, 
        147135107, 
        147135107, 
        147135107, 
        147135107, 
        147135107, 
        538833505, 
        538833505, 
        538833505, 
        268163228, 
        268163228
    ], 
    "injection_overlap": [
        0.03210080939802844, 
        1.5742638030057261e-06, 
        0.9727048794928637, 
        0.003881094054769676, 
        0, 
        0.05516604117134659, 
        0.036726651532904435, 
        0.5532425826130629, 
        0.030249960059548265, 
        0, 
        0.8740496686569275, 
        0.2178967303427895, 
        0.08773773896897732, 
        0
    ], 
    "match_B": [
        484504171, 
        159432479, 
        166264185, 
        278067445, 
        184158290, 
        538833505, 
        268163228, 
        265947058, 
        278500868, 
        268163228, 
        265947058, 
        278500868, 
        265947058, 
        278500868
    ]
}