{
    "pearson_correlation": [
        0.9087500757613877, 
        0.9380864452480167, 
        0.9267210817016199, 
        0.927367976468027, 
        0.8093080761308267, 
        0.7970293684974816, 
        0.8483410794754782, 
        0.8346285835642258, 
        0.9638558616467816, 
        0.8525834509398476, 
        0.8510811682569134, 
        0.7573169148408627, 
        0.7997042786247558, 
        0.802225926504816, 
        0.8577441360664259, 
        0.9433178831078458, 
        0.938679115367628, 
        0.8584818351689129, 
        0.7607278730713067, 
        0.8423458432519502, 
        0.8124068148544751, 
        0.9558701554725515, 
        0.8520128559705149, 
        0.7153909437116966, 
        0.8200299722259828, 
        0.7459156145229086, 
        0.9375543555397706, 
        0.7104443381545096, 
        0.9255564840975732, 
        0.7610497363942504, 
        0.639990957346818, 
        0.8859334725428626, 
        0.678983593385549, 
        0.8302009726438225
    ], 
    "match_A": [
        146858006, 
        146858006, 
        146858006, 
        146858006, 
        146858006, 
        146858006, 
        146858006, 
        146858006, 
        112881858, 
        112881858, 
        112881858, 
        112881858, 
        112881858, 
        112881858, 
        112881858, 
        116903230, 
        116903230, 
        116903230, 
        116903230, 
        116903230, 
        116903230, 
        120491896, 
        120491896, 
        120491896, 
        120491896, 
        120491896, 
        100149109, 
        100149109, 
        100149109, 
        100149109, 
        139519496, 
        139519496, 
        139519496, 
        182090318
    ], 
    "fraction of match covered by td injection": [
        0.00023122436108614946, 
        0.00072069212472371, 
        0, 
        0, 
        0, 
        0.352661062965061, 
        0, 
        0.4402566682464606, 
        0.5053985899888788, 
        0.016722594553923914, 
        0, 
        0, 
        0.037310391295952976, 
        0, 
        0.04549477284136518, 
        0.1859081527490493, 
        0, 
        0.00974645877276565, 
        0.024114761599176162, 
        0.01685961199334042, 
        0.07651283599085433, 
        0.44304632439296837, 
        0.02954739759977919, 
        0, 
        0.14350240516152826, 
        5.808952140737561e-06, 
        0.18340897012816673, 
        0, 
        0.5686483119022431, 
        0.00034352739861273656, 
        0, 
        0.6369069736573516, 
        0.016336648427234143, 
        0.02243763293044767
    ], 
    "absolute_overlap": [
        4.9572746470876154, 
        9.836553511951934, 
        0, 
        0, 
        0, 
        6562.227320129914, 
        0, 
        6483.534293455601, 
        3258.285172858742, 
        91.93471549153855, 
        0, 
        0, 
        1120.3590984955063, 
        0, 
        365.30613094089995, 
        933.4633274300044, 
        0, 
        23.142925072615526, 
        860.8490146407523, 
        37.77055921672945, 
        329.2977560191224, 
        2005.992515149875, 
        292.7772279117646, 
        0, 
        914.256093007021, 
        1.398443450259947, 
        961.6085266993101, 
        0, 
        2863.823432680282, 
        21.532454821874126, 
        0, 
        2721.295431611133, 
        481.3802888178559, 
        531.4308911486959
    ], 
    "number_of_filtered_datasets": 42, 
    "distance": [
        1063.8608931622593, 
        998.2484660644362, 
        760.3288762108144, 
        716.2401831787993, 
        522.1110992882645, 
        934.826187052973, 
        613.0252849597641, 
        214.7091055358389, 
        376.9615364994153, 
        803.8034585643434, 
        916.1877536837087, 
        1074.988372030135, 
        868.3893136145792, 
        961.0411021387171, 
        1241.7326604386308, 
        864.0601830891179, 
        852.936105461599, 
        975.9610647971567, 
        815.4753215150046, 
        865.8521813797087, 
        1140.7892005098927, 
        286.53097563788805, 
        483.4252786108728, 
        1301.9216566291536, 
        380.13155617496426, 
        844.393273303382, 
        285.3068523537421, 
        1326.6876045248935, 
        136.38181696985856, 
        744.1102068914255, 
        1289.3796958227626, 
        162.48076809271922, 
        489.38737212968624, 
        621.85207244167
    ], 
    "absolute_overlap_lg_over_small": [
        1.7651614764561145, 
        4.118096536931034, 
        0, 
        0, 
        0, 
        8663.58082615479, 
        0, 
        8541.139912141625, 
        2887.890836882566, 
        94.01839131348004, 
        0, 
        0, 
        916.5786206456683, 
        0, 
        882.6151836766073, 
        1045.2197114008834, 
        0, 
        68.74136754041672, 
        592.4106972892969, 
        82.79302390343628, 
        1484.3769201169525, 
        1884.9416808918563, 
        208.39656388275023, 
        0, 
        704.7017490931597, 
        0.11269578987773343, 
        1293.5758227408007, 
        0, 
        2792.4790498481125, 
        6.6645568070371155, 
        0, 
        3127.678994932232, 
        316.9369369650587, 
        435.298261170109
    ], 
    "spearman_correlation": [
        0.8248357555257424, 
        0.8012653103002975, 
        0.7502577891424487, 
        0.7616105883538281, 
        0.7053736721220547, 
        0.9270395661831303, 
        0.8121944675746272, 
        0.9495479670029173, 
        0.8686373166896475, 
        0.8822487712072109, 
        0.8033494248763335, 
        0.7442714393450734, 
        0.8860138044064644, 
        0.8379192836609178, 
        0.842425280548277, 
        0.8702530173372474, 
        0.8323807365005403, 
        0.8060844956330177, 
        0.8256603811899142, 
        0.804639828132391, 
        0.7921557102212837, 
        0.8391509986334286, 
        0.8076664462711548, 
        0.7842584640923468, 
        0.8242035404749511, 
        0.7824210522321827, 
        0.903187885150884, 
        0.7386369785678004, 
        0.948428989976197, 
        0.8272965122368644, 
        0.7041331182526052, 
        0.8488334406991123, 
        0.7567528207505335, 
        0.8869550355961582
    ], 
    "injection_overlap": [
        0.0007491586850246353, 
        0.0014865304060806307, 
        0, 
        0, 
        0, 
        0.9917040995236136, 
        0, 
        0.9798117658159035, 
        0.42681359035962824, 
        0.012042833550756133, 
        0, 
        0, 
        0.14675955723709588, 
        0, 
        0.047852662690807866, 
        0.16336180144493306, 
        0, 
        0.004050153679819922, 
        0.1506538518133204, 
        0.006610079275653301, 
        0.05762912484539107, 
        0.35679614424808614, 
        0.05207486331760118, 
        0, 
        0.1626142901215426, 
        0.0002487343433404886, 
        0.22602138176364603, 
        0, 
        0.6731276932446627, 
        0.005061098208340964, 
        0, 
        0.38583744667458253, 
        0.06825225198242851, 
        0.10821827979724596
    ], 
    "source": "AUDp", 
    "match_B": [
        112881858, 
        116903230, 
        120491896, 
        100149109, 
        139519496, 
        576332845, 
        182090318, 
        562671482, 
        116903230, 
        120491896, 
        100149109, 
        139519496, 
        576332845, 
        182090318, 
        562671482, 
        120491896, 
        100149109, 
        139519496, 
        576332845, 
        182090318, 
        562671482, 
        100149109, 
        139519496, 
        576332845, 
        182090318, 
        562671482, 
        139519496, 
        576332845, 
        182090318, 
        562671482, 
        576332845, 
        182090318, 
        562671482, 
        562671482
    ]
}