{
    "pearson_correlation": [
        0.49066503931682004, 
        0.9657356566472489, 
        0.7212495625567841, 
        0.9441258940295585, 
        0.9320434385213309, 
        0.9240673647596983, 
        0.6897843029106879, 
        0.9586092176908825, 
        0.22941586737213307, 
        0.31212898077987977, 
        0.9630325064156375, 
        0.7659513373961551, 
        0.5121928973935527, 
        0.932939606634296, 
        0.5701480432708558, 
        0.596963239105976, 
        0.4592734325187802, 
        0.9189414067649219, 
        0.4858635898301253, 
        0.9020928170026119, 
        0.9684238515665243, 
        0.5163786214080228, 
        0.5793051941869886, 
        0.738048475755088, 
        0.9896390048839885, 
        0.9819763423573054, 
        0.9239389921413845, 
        0.6992717365899476, 
        0.980567485343896, 
        0.253072248947831, 
        0.32380300122656713, 
        0.9970829841086468, 
        0.7691375083736058, 
        0.7856615757319377, 
        0.8056390153970344, 
        0.6773802753052569, 
        0.9842622310339403, 
        0.7132973074109892, 
        0.8198238685882349, 
        0.8616432285529914, 
        0.7413219016556482, 
        0.7452980975824043, 
        0.9882142972509158, 
        0.8978934874076543, 
        0.7474879444206822, 
        0.9679530566968424, 
        0.33850670012612066, 
        0.3918297609231936, 
        0.9888948710532948, 
        0.7698791050923557, 
        0.8544507398148472, 
        0.7538876033629083, 
        0.9752445005706262, 
        0.34931471178962703, 
        0.4185826840336468, 
        0.9889442270967699, 
        0.7158930809178645, 
        0.6853575411413005, 
        0.8693503910771126, 
        0.2621185031085882, 
        0.3027829988692632, 
        0.8973968533489709, 
        0.921482553561801, 
        0.6452580932910748, 
        0.8577330786937746, 
        0.876116239212996, 
        0.6910728175134869, 
        0.7992291418644136, 
        0.19192465172809867, 
        0.28038874457849033, 
        0.9909148395641868, 
        0.676469059472644, 
        0.9682769937882341, 
        0.24603964935597408, 
        0.5226853132795122, 
        0.32296405433613273, 
        0.5030571789986206, 
        0.7296223738542228
    ], 
    "match_A": [
        272404772, 
        272404772, 
        272404772, 
        272404772, 
        272404772, 
        272404772, 
        272404772, 
        272404772, 
        272404772, 
        272404772, 
        272404772, 
        272404772, 
        100141214, 
        100141214, 
        100141214, 
        100141214, 
        100141214, 
        100141214, 
        100141214, 
        100141214, 
        100141214, 
        100141214, 
        100141214, 
        112308468, 
        112308468, 
        112308468, 
        112308468, 
        112308468, 
        112308468, 
        112308468, 
        112308468, 
        112308468, 
        112308468, 
        114430043, 
        114430043, 
        114430043, 
        114430043, 
        114430043, 
        114430043, 
        114430043, 
        114430043, 
        114430043, 
        127649005, 
        127649005, 
        127649005, 
        127649005, 
        127649005, 
        127649005, 
        127649005, 
        127649005, 
        113935285, 
        113935285, 
        113935285, 
        113935285, 
        113935285, 
        113935285, 
        113935285, 
        180523704, 
        180523704, 
        180523704, 
        180523704, 
        180523704, 
        180523704, 
        113166056, 
        113166056, 
        113166056, 
        113166056, 
        113166056, 
        112745073, 
        112745073, 
        112745073, 
        112745073, 
        112672268, 
        112672268, 
        112672268, 
        100148143, 
        100148143, 
        114429338
    ], 
    "fraction of match covered by td injection": [
        0, 
        0, 
        0, 
        0, 
        0, 
        0.8365887918400619, 
        0, 
        0.2542645754417631, 
        0, 
        0, 
        0.20467712648231393, 
        0.1299157884186241, 
        0, 
        0, 
        0, 
        0, 
        0, 
        0, 
        0, 
        0, 
        0.12400575520685173, 
        0, 
        0, 
        0, 
        0, 
        0.0008615808130840668, 
        0, 
        0, 
        0, 
        0, 
        0, 
        0.2998097397446837, 
        0, 
        0, 
        0, 
        0, 
        0, 
        0, 
        1.2809921149332867e-05, 
        0, 
        0, 
        0, 
        0.002578264698384956, 
        0, 
        0.36279908560092144, 
        0, 
        0, 
        0, 
        0, 
        0, 
        0, 
        0.04515394389399212, 
        0, 
        0.08330743042793849, 
        0, 
        0, 
        0.0003802115450770023, 
        0, 
        0.2609414018860102, 
        0, 
        0, 
        0.006349542093879874, 
        0.09834464238858616, 
        0, 
        0.05431179800523696, 
        0, 
        0, 
        0, 
        0, 
        0, 
        0.00234322848950151, 
        0.06147780746751106, 
        0, 
        0, 
        0, 
        0, 
        0, 
        0.057477910654422065
    ], 
    "absolute_overlap": [
        0, 
        0, 
        0, 
        0, 
        0, 
        1783.0455019495666, 
        0, 
        931.5105858865843, 
        0, 
        0, 
        2921.97451990492, 
        2803.2286232312767, 
        0, 
        0, 
        0, 
        0, 
        0, 
        0, 
        0, 
        0, 
        880.8649685004334, 
        0, 
        0, 
        0, 
        0, 
        22.765279882002005, 
        0, 
        0, 
        0, 
        0, 
        0, 
        2789.7689031493746, 
        0, 
        0, 
        0, 
        0, 
        0, 
        0, 
        0.0005085548173155985, 
        0, 
        0, 
        0, 
        75.04987003588036, 
        0, 
        2778.9181959227435, 
        0, 
        0, 
        0, 
        0, 
        0, 
        0, 
        320.82546306130223, 
        0, 
        545.5169926676508, 
        0, 
        0, 
        12.184398465185893, 
        0, 
        550.2460833317391, 
        0, 
        0, 
        11.750729363373352, 
        763.556130356312, 
        0, 
        366.46095941025703, 
        0, 
        0, 
        0, 
        0, 
        0, 
        27.75291421696602, 
        660.9077426841336, 
        0, 
        0, 
        0, 
        0, 
        0, 
        1001.5815737619021
    ], 
    "number_of_filtered_datasets": 0,