{
    "pearson_correlation": [
        0.6458634973891175
    ], 
    "match_A": [
        180403712
    ], 
    "fraction of match covered by td injection": [
        0.014414126897992244
    ], 
    "absolute_overlap": [
        550.1352477852663
    ], 
    "number_of_filtered_datasets": 1, 
    "distance": [
        886.5100112237876
    ], 
    "absolute_overlap_lg_over_small": [
        900.0135321247794
    ], 
    "spearman_correlation": [
        0.6398533797172081
    ], 
    "injection_overlap": [
        0.19853048211783078
    ], 
    "source": "ECT", 
    "match_B": [
        180435652
    ]
}