{
    "pearson_correlation": [
        0.9787553687666554, 
        0.8450968036556008, 
        0.623846820642049, 
        0.8613442737409489, 
        0.819446316923901, 
        0.5703711261372186, 
        0.8195350363000521, 
        0.830821854714652, 
        0.8981818912257429, 
        0.9139077117676682
    ], 
    "match_A": [
        180673746, 
        180673746, 
        180673746, 
        180673746, 
        170721670, 
        170721670, 
        170721670, 
        112306316, 
        112306316, 
        287769286
    ], 
    "fraction of match covered by td injection": [
        0.7318714291838507, 
        0.0737847166679253, 
        0, 
        0.0855590954029562, 
        0.18722268925230312, 
        2.235398511028845e-06, 
        0.19335211775392844, 
        0.33945557983921915, 
        0.5983217027838003, 
        0.4502258833483665
    ], 
    "absolute_overlap": [
        7949.24656611793, 
        1379.779207178987, 
        0, 
        2549.851734656763, 
        3510.4189674457707, 
        0.13680054695578292, 
        5336.306393506814, 
        6233.422012761367, 
        14692.91350242341, 
        11190.030338603847
    ], 
    "number_of_filtered_datasets": 15, 
    "distance": [
        227.37634001804145, 
        799.3122043357026, 
        1038.7492478938311, 
        975.8073580374356, 
        697.2804313904127, 
        933.4345183246653, 
        875.7282683572571, 
        962.1330469326995, 
        891.5716460273958, 
        82.46211251235322
    ], 
    "absolute_overlap_lg_over_small": [
        9907.735764597452, 
        1357.4973198193156, 
        0, 
        2101.2484023278157, 
        3444.538521618375, 
        0.03848157004904351, 
        4748.540486592197, 
        5843.603997083022, 
        14694.200729114762, 
        11057.11103672676
    ], 
    "spearman_correlation": [
        0.915530585128037, 
        0.786041082897486, 
        0.5027261785005652, 
        0.686902924832703, 
        0.8552567346828187, 
        0.4642820566479857, 
        0.615495159701537, 
        0.5345372095475341, 
        0.5889123855297781, 
        0.91242808343183
    ], 
    "injection_overlap": [
        0.9818153426056493, 
        0.1704172066810301, 
        0, 
        0.3149334384878984, 
        0.25931003892119026, 
        1.010527674460333e-05, 
        0.39418594516155137, 
        0.3388082395215509, 
        0.7986111235541458, 
        0.6500300566063932
    ], 
    "source": "ORBl", 
    "match_B": [
        170721670, 
        112306316, 
        287769286, 
        156741826, 
        112306316, 
        287769286, 
        156741826, 
        287769286, 
        156741826, 
        156741826
    ]
}