{
    "pearson_correlation": [
        0.753696835565125, 
        0.5826234427809672, 
        0.862267687702792, 
        0.7123707504688475, 
        0.4007029543098749, 
        0.638018721267803, 
        0.6844427042318993, 
        0.6726247890743242, 
        0.5786262458027316, 
        0.5953296093770524, 
        0.5279022398063318, 
        0.7904508486746049, 
        0.7454467162149687, 
        0.9044529464534874, 
        0.8207698268410512, 
        0.9139077117676682, 
        0.6156359753839488, 
        0.7286068599576095, 
        0.6179335153573925, 
        0.6445012516203923, 
        0.8135515304888116
    ], 
    "match_A": [
        112423392, 
        112423392, 
        112423392, 
        112423392, 
        112423392, 
        112423392, 
        158435116, 
        158435116, 
        158435116, 
        158435116, 
        158435116, 
        480994108, 
        480994108, 
        480994108, 
        480994108, 
        287769286, 
        287769286, 
        287769286, 
        156741826, 
        156741826, 
        478582494
    ], 
    "fraction of match covered by td injection": [
        0.5735390675175387, 
        0.11790499507259303, 
        0.31216530087535577, 
        0.13814117004445084, 
        0.0019376429635150902, 
        0.16544235958791312, 
        0.2621216092589618, 
        0.4988545988470553, 
        0.18209363435306186, 
        3.4593011389312615e-05, 
        0.1999644321249871, 
        0.7887186595804865, 
        0.3106656636213846, 
        0.5043194024690958, 
        0.6925881460246489, 
        0.4502258833483665, 
        0.0005828181159630244, 
        0.34501549044207985, 
        0, 
        0.1775490458931766, 
        0.3629127572843597
    ], 
    "absolute_overlap": [
        4096.80941483702, 
        3191.950764083391, 
        4772.257384420996, 
        3724.435308713354, 
        33.86613853037659, 
        4538.539599477463, 
        5717.638615940577, 
        6070.1994677425155, 
        4144.927594035111, 
        0.8073320023877386, 
        5487.656424788992, 
        13774.355819722256, 
        7756.0023163668775, 
        6007.98620609808, 
        20182.715174412744, 
        11190.030338603847, 
        5.894909805575111, 
        10993.71253061672, 
        0, 
        5253.585682203986, 
        9664.591044201477
    ], 
    "number_of_filtered_datasets": 28, 
    "distance": [
        1048.0458005259122, 
        1315.2946437965904, 
        1047.1389592599446, 
        980.6630410084801, 
        960.728889958036, 
        1112.384825498802, 
        307.89608636681305, 
        246.77925358506133, 
        282.3118842698621, 
        535.7238094391549, 
        197.48417658131498, 
        493.65980188789933, 
        557.2252686302013, 
        661.3622305514581, 
        254.1653005427767, 
        82.46211251235322, 
        719.5137246779939, 
        438.7482193696061, 
        702.9224708315988, 
        469.14816422959603, 
        418.09089920733743
    ], 
    "absolute_overlap_lg_over_small": [
        3647.051240701464, 
        3648.408556192231, 
        5373.811798320885, 
        3392.613158011114, 
        22.393829911334706, 
        5055.805261549203, 
        8110.994121957864, 
        8587.599971597525, 
        4472.043053475487, 
        0.399800183914067, 
        6110.776167472339, 
        13577.504054820653, 
        7629.647394799247, 
        5828.546916296186, 
        21165.01965687539, 
        11057.11103672676, 
        6.735776406631516, 
        10543.4372202975, 
        0, 
        5425.777307853048, 
        11090.365444084506
    ], 
    "spearman_correlation": [
        0.8180193580155695, 
        0.799246051777482, 
        0.9001656731656926, 
        0.8523701292264283, 
        0.7205621087676475, 
        0.7927802450891452, 
        0.8068615834587336, 
        0.8218122973129726, 
        0.7393358730906743, 
        0.7207220785739962, 
        0.682857950159272, 
        0.8730266558598228, 
        0.8414694289081791, 
        0.905319098605405, 
        0.9098535082770934, 
        0.91242808343183, 
        0.7908889643559115, 
        0.8340329535278161, 
        0.7833247462859978, 
        0.8433653826526034, 
        0.9163939954755418
    ], 
    "injection_overlap": [
        0.6105104692691697, 
        0.4756675650585909, 
        0.7111663736869314, 
        0.5550189227378819, 
        0.0050467644532440235, 
        0.6763375251577147, 
        0.8991617895552517, 
        0.9546058754318134, 
        0.6518356201525081, 
        0.00012696186953969744, 
        0.8629945512157787, 
        0.4451435002519288, 
        0.2506493998163056, 
        0.19415906226398993, 
        0.6522413530556642, 
        0.6500300566063932, 
        0.00034243593973004946, 
        0.6386259341887379, 
        0, 
        0.21391665930279208, 
        0.8362360036757027
    ], 
    "source": "ORBvl", 
    "match_B": [
        158435116, 
        480994108, 
        287769286, 
        156741826, 
        478582494, 
        167902586, 
        480994108, 
        287769286, 
        156741826, 
        478582494, 
        167902586, 
        287769286, 
        156741826, 
        478582494, 
        167902586, 
        156741826, 
        478582494, 
        167902586, 
        478582494, 
        167902586, 
        167902586
    ]
}