{
    "pearson_correlation": [
        0.9406779978188784
    ], 
    "match_A": [
        100142655
    ], 
    "fraction of match covered by td injection": [
        0.17484431865045913
    ], 
    "absolute_overlap": [
        2695.803486165654
    ], 
    "number_of_filtered_datasets": 3, 
    "distance": [
        821.7663901620704
    ], 
    "absolute_overlap_lg_over_small": [
        2511.6682388101963
    ], 
    "spearman_correlation": [
        0.7971168508848193
    ], 
    "injection_overlap": [
        0.2639464830761771
    ], 
    "source": "SSp-un", 
    "match_B": [
        266249483
    ]
}