{
    "pearson_correlation": [
        0.9181906618798163, 
        0.8338849194744163, 
        0.36732505255774267, 
        0.6699351105541663, 
        0.7057562042329624, 
        0.9131504872761305, 
        0.9424978194100277, 
        0.523644969029745, 
        0.8600301608229349, 
        0.8576093611624149, 
        0.8843536003636239, 
        0.7297824986850687, 
        0.8537089322207204, 
        0.824700612066954, 
        0.9071238521658067, 
        0.7100006471167297, 
        0.47406899747338643, 
        0.5074427219409791, 
        0.7925494779615628, 
        0.639688579936795, 
        0.7403815915142897
    ], 
    "match_A": [
        126909424, 
        126909424, 
        126909424, 
        126909424, 
        126909424, 
        126909424, 
        180718587, 
        180718587, 
        180718587, 
        180718587, 
        180718587, 
        112229814, 
        112229814, 
        112229814, 
        112229814, 
        148964212, 
        148964212, 
        148964212, 
        112791318, 
        112791318, 
        266249483
    ], 
    "fraction of match covered by td injection": [
        0.0033217292134098447, 
        0, 
        0, 
        0, 
        0, 
        0.5572042079922797, 
        0.9938230180061178, 
        0.9974822711466028, 
        0.406222422641901, 
        0.19231009989702808, 
        0, 
        0.9617845895744889, 
        0.07742626938846102, 
        0.019201527579545703, 
        0, 
        0.04383237921054843, 
        0.0012284599566869119, 
        0, 
        0.35912231894925073, 
        0, 
        0
    ], 
    "absolute_overlap": [
        191.94838601687798, 
        0, 
        0, 
        0, 
        0, 
        3436.389256246341, 
        16508.55384686194, 
        8751.90672614912, 
        9507.700087046418, 
        2589.6631587790316, 
        0, 
        6565.279008323754, 
        1930.2594466223877, 
        206.72265042027678, 
        0, 
        742.9145494447606, 
        3.8656376396947962, 
        0, 
        5683.911280148706, 
        0, 
        0
    ], 
    "number_of_filtered_datasets": 28, 
    "distance": [
        961.9251530134765, 
        1137.4093370462544, 
        1215.4834429147934, 
        1335.889216963742, 
        1198.2069938036582, 
        240.8318915758459, 
        589.576118919347, 
        676.8308503607086, 
        484.25200051213005, 
        410.6093033529562, 
        1000.8496390567366, 
        94.33981132056604, 
        682.1290200541243, 
        694.4062211702887, 
        1067.9419459877022, 
        725.8098924649622, 
        752.2632517942106, 
        1134.9889867307083, 
        163.40134638368193, 
        1316.4345787011218, 
        1183.7651794169315
    ], 
    "absolute_overlap_lg_over_small": [
        192.98352040848505, 
        0, 
        0, 
        0, 
        0, 
        3124.977343517374, 
        10915.899790078884, 
        2270.1685694085945, 
        10099.894756345431, 
        2762.5671433992175, 
        0, 
        2188.9242635698406, 
        1925.046793611547, 
        275.8331945266002, 
        0, 
        1089.8030051310584, 
        17.64703525785717, 
        0, 
        5158.852911634653, 
        0, 
        0
    ], 
    "spearman_correlation": [
        0.6690400191842957, 
        0.6041145747926266, 
        0.3420967797506283, 
        0.3666602415273443, 
        0.48496179034251125, 
        0.8115147386064946, 
        0.8860976069746019, 
        0.38765059854997064, 
        0.7437908082279799, 
        0.8178714442324964, 
        0.7083104679816306, 
        0.35442825649041343, 
        0.8659554344579283, 
        0.8711384200467543, 
        0.6395353388154227, 
        0.3631449120006623, 
        0.3453081183026187, 
        0.4137172702110015, 
        0.8807256961978543, 
        0.46740082730472143, 
        0.5343109671413642
    ], 
    "injection_overlap": [
        0.010784527894526622, 
        0, 
        0, 
        0, 
        0, 
        0.1930718802042003, 
        0.2841535146016526, 
        0.15064221123001878, 
        0.1636513058971683, 
        0.04457458206379217, 
        0, 
        0.5977267585430422, 
        0.17573780500628958, 
        0.01882077815679714, 
        0, 
        0.32642690152346954, 
        0.0016985104384900664, 
        0, 
        0.22860953168378417, 
        0, 
        0
    ], 
    "source": "SSp-ul", 
    "match_B": [
        180718587, 
        112229814, 
        148964212, 
        112791318, 
        266249483, 
        286312782, 
        112229814, 
        148964212, 
        112791318, 
        266249483, 
        286312782, 
        148964212, 
        112791318, 
        266249483, 
        286312782, 
        112791318, 
        266249483, 
        286312782, 
        266249483, 
        286312782, 
        286312782
    ]
}