{
    "pearson_correlation": [
        0.6458634973891175, 
        0.1560489150319581, 
        0.36961156646088816, 
        0.33069132981883403, 
        0.14890610668673301, 
        0.6568462016375273, 
        0.6785613379697684, 
        0.7432933350097918
    ], 
    "match_A": [
        180403712, 
        180403712, 
        180403712, 
        180403712, 
        180403712, 
        298178204, 
        298178204, 
        642809043
    ], 
    "fraction of match covered by td injection": [
        0.014414126897992244, 
        0, 
        0, 
        0, 
        0, 
        0.0015885024220110382, 
        0.010651932187430095, 
        0.3052519192568335
    ], 
    "absolute_overlap": [
        550.1352477852663, 
        0, 
        0, 
        0, 
        0, 
        70.75077926837183, 
        455.08072872625723, 
        3366.685739087854
    ], 
    "number_of_filtered_datasets": 7, 
    "distance": [
        886.5100112237876, 
        2614.517163837331, 
        2794.8881909657853, 
        2417.5607541486934, 
        2654.919961128772, 
        764.8529270389178, 
        653.7583651472461, 
        246.9817807045694
    ], 
    "absolute_overlap_lg_over_small": [
        900.0135321247794, 
        0, 
        0, 
        0, 
        0, 
        6.742434848858466, 
        245.60739392429429, 
        7038.359525751721
    ], 
    "spearman_correlation": [
        0.6398533797172081, 
        0.11232201353158955, 
        0.17659182240507124, 
        0.19882293708460638, 
        0.15642498315785766, 
        0.7021152400528919, 
        0.7872942274105729, 
        0.735703250983563
    ], 
    "injection_overlap": [
        0.19853048211783078, 
        0, 
        0, 
        0, 
        0, 
        0.006718162737664188, 
        0.04321233526998809, 
        0.7931835561742988
    ], 
    "source": "TEa", 
    "match_B": [
        180435652, 
        579203888, 
        298178204, 
        642809043, 
        554421791, 
        642809043, 
        554421791, 
        554421791
    ]
}