{
    "pearson_correlation": [
        0.5584051958092394, 
        0.8591438966934812, 
        0.878843336064395, 
        0.8372373202640755, 
        0.9261717424598684, 
        0.7247554881760461
    ], 
    "match_A": [
        180917660, 
        180917660, 
        180917660, 
        180917660, 
        180074890, 
        180074890
    ], 
    "fraction of match covered by td injection": [
        0, 
        0.8269355425053007, 
        0.42863860712547225, 
        0.9189296814227936, 
        0.07019345867721494, 
        0.24219623542739074
    ], 
    "absolute_overlap": [
        0, 
        23333.44516403036, 
        29824.40113860031, 
        31945.766887528458, 
        5576.933225093548, 
        6576.623057676616
    ], 
    "number_of_filtered_datasets": 7, 
    "distance": [
        1455.0944986494862, 
        41.23105625617661, 
        886.0022573334675, 
        341.9064199455752, 
        877.8952101475437, 
        333.7663853655727
    ], 
    "absolute_overlap_lg_over_small": [
        0, 
        21509.08473224447, 
        28253.603709323448, 
        23992.104879820923, 
        4626.783802216559, 
        6323.440845740021
    ], 
    "spearman_correlation": [
        0.4265595335682125, 
        0.8615969456427099, 
        0.6532272201645093, 
        0.9529440312480855, 
        0.6547179185670295, 
        0.7988139778958017
    ], 
    "injection_overlap": [
        0, 
        0.308748319953708, 
        0.39463669768591403, 
        0.42270662505345813, 
        0.21441006716083227, 
        0.25284401562191344
    ], 
    "source": "VISC", 
    "match_B": [
        180404418, 
        180074890, 
        180436360, 
        174361746, 
        180436360, 
        174361746
    ]
}