{
    "pearson_correlation": [
        0.6561090108902343, 
        0.5380692464173729, 
        0.9413001988809547, 
        0.6317984495922798, 
        0.9532612235769605, 
        0.7471027407577714, 
        0.9638584967267274, 
        0.7478095714326547
    ], 
    "match_A": [
        272916202, 
        272916202, 
        272916202, 
        272916202, 
        114250546, 
        114250546, 
        114250546, 
        286417464
    ], 
    "fraction of match covered by td injection": [
        0.06805092313875381, 
        0.06181972767758642, 
        0.2672791421500439, 
        0.057703970790458595, 
        0.027929005642579097, 
        0.0012962090817408931, 
        0.04783404928303743, 
        0.09074351427565264
    ], 
    "absolute_overlap": [
        299.8477841377625, 
        1647.7399372827633, 
        427.5705256636452, 
        1146.093349717121, 
        1646.800937964744, 
        18.427688582487775, 
        2894.732462935274, 
        992.959656243155
    ], 
    "number_of_filtered_datasets": 9, 
    "distance": [
        549.4542747126461, 
        1358.7494250228774, 
        385.22720568516445, 
        749.5331880577404, 
        980.8669634563089, 
        758.0897044545586, 
        1022.7903010881556, 
        488.05737367649715
    ], 
    "absolute_overlap_lg_over_small": [
        516.8023385918445, 
        3276.8077757576675, 
        306.8690853938634, 
        1067.3410787352327, 
        1480.4009382908368, 
        1.4882062707674777, 
        884.7787260157404, 
        1678.4682074464106
    ], 
    "spearman_correlation": [
        0.4828845042357455, 
        0.5107965691179026, 
        0.6420239044478826, 
        0.5476443003778205, 
        0.816581126927354, 
        0.6515898470425341, 
        0.7341084346423727, 
        0.8711950465575932
    ], 
    "injection_overlap": [
        0.16498346055715277, 
        0.9066261327655404, 
        0.2352595839888519, 
        0.6306081183878137, 
        0.2168456210156069, 
        0.0024265006670996436, 
        0.38116935940965274, 
        0.8648554635917073
    ], 
    "source": "VISpl", 
    "match_B": [
        114250546, 
        603468246, 
        286417464, 
        593277684, 
        603468246, 
        286417464, 
        593277684, 
        593277684
    ]
}