{
    "pearson_correlation": [
        0.7188713584721219, 
        0.6159038953567519, 
        0.6239451809144623, 
        0.6956046915767646, 
        0.6844435351719772, 
        0.6269290497739718, 
        0.7265042667178111, 
        0.5620849225049973, 
        0.5844353846936601, 
        0.7461416556565023, 
        0.7187677191679039, 
        0.5662244488845052, 
        0.9365563652017483, 
        0.907987001623267, 
        0.8517682535532476, 
        0.9703967451690122, 
        0.8812140948263041, 
        0.9794190668600798, 
        0.8495301778617808, 
        0.8836278999541863, 
        0.9196772403667686, 
        0.9654698813382302, 
        0.8858427381538229, 
        0.861284375396254, 
        0.9145113422295295, 
        0.9791132850411088, 
        0.8762384001083424, 
        0.9046524311579096, 
        0.9503755220382185, 
        0.8878905255218443, 
        0.9387156328200659, 
        0.9388315055603565, 
        0.8616095311346765, 
        0.9127142920797633, 
        0.8918346468367871, 
        0.8241179140137221, 
        0.9157677498279032, 
        0.9679024381891095, 
        0.9352249402244457, 
        0.8470891483871692, 
        0.8935751512421345, 
        0.9681446033932922, 
        0.8719572856232819, 
        0.9005548073465619, 
        0.9141781901342231, 
        0.9624066546153228, 
        0.8958355036855152, 
        0.8729148307314338, 
        0.922820287360076, 
        0.9702902018804693, 
        0.8983880965682878, 
        0.932571464280367, 
        0.9476826910612725, 
        0.8734518955813689, 
        0.8981463335406193, 
        0.9372925374657545, 
        0.9663445165839302, 
        0.8741604567240492, 
        0.9502830017709374, 
        0.8067839764730529, 
        0.8665360007915999, 
        0.9372787511371772, 
        0.8953406519229722, 
        0.9304683762024553, 
        0.9422967445903992, 
        0.97165735510933, 
        0.8329894417040159, 
        0.8990685600801495
    ], 
    "match_A": [
        142656218, 
        142656218, 
        142656218, 
        142656218, 
        142656218, 
        142656218, 
        142656218, 
        142656218, 
        142656218, 
        142656218, 
        142656218, 
        142656218, 
        157062358, 
        157062358, 
        157062358, 
        157062358, 
        157062358, 
        157062358, 
        157062358, 
        157062358, 
        157062358, 
        157062358, 
        157062358, 
        127089669, 
        127089669, 
        127089669, 
        127089669, 
        127089669, 
        127089669, 
        127089669, 
        127089669, 
        127089669, 
        648252402, 
        648252402, 
        648252402, 
        648252402, 
        648252402, 
        648252402, 
        648252402, 
        648252402, 
        590988082, 
        590988082, 
        590988082, 
        590988082, 
        590988082, 
        590988082, 
        590988082, 
        657172447, 
        657172447, 
        657172447, 
        657172447, 
        657172447, 
        657172447, 
        166083557, 
        166083557, 
        166083557, 
        166083557, 
        166083557, 
        554334685, 
        554334685, 
        554334685, 
        554334685, 
        576340889, 
        576340889, 
        576340889, 
        298178204, 
        298178204, 
        648050335
    ], 
    "fraction of match covered by td injection": [
        0.13658229961887716, 
        0, 
        0.06844412216172456, 
        0.19188660713075786, 
        4.11219376010797e-10, 
        0.09228805139339932, 
        0.049309737052118864, 
        0, 
        0.05965230894277197, 
        0.09710220396244804, 
        0.0036612030874962624, 
        0.004464410766757327, 
        0.0002767143080294675, 
        0.3555636527979228, 
        0.48768172619596833, 
        0.20552425037900193, 
        0.3802224096600578, 
        0.4313710496225258, 
        0.008878115278512481, 
        0.44652317995591373, 
        0.5500043986043236, 
        0.42338236878312, 
        0.14764843757896157, 
        0.9878710305514717, 
        0.6417443103725627, 
        0.9244947167206857, 
        0.786081937324876, 
        0.4296608208211775, 
        0.8474161623756898, 
        0.9762056089505254, 
        0.8115993265579843, 
        0.2748510088516952, 
        0.29043671149062816, 
        0.49429640934003993, 
        0.30337591061146213, 
        0.00017107968109061924, 
        0.35879072204455, 
        0.6247122086804003, 
        0.12141489511928642, 
        0.06572521894454408, 
        0.10656602269153809, 
        0.23715932042466922, 
        0.23903945813651517, 
        0.16258622131616843, 
        0.07721828155360899, 
        0.07246923112750911, 
        0.04874574630592975, 
        0.6163492622984253, 
        0.13385534238208682, 
        0.6318170696518232, 
        0.9115895572537951, 
        0.48178857099634603, 
        0.17037618491482664, 
        0.9084848120060491, 
        0.782967318263974, 
        0.5329036941783257, 
        0.8827259639059588, 
        0.3845742487953631, 
        0.16774351247186137, 
        0.0075942389407761745, 
        0.1953914947919544, 
        0.13691556840408525, 
        0.6922365974469586, 
        0.9906516930897401, 
        0.37872572782712005, 
        0.47166891444281456, 
        0.18502209575403206, 
        0.29430319050749637
    ], 
    "absolute_overlap": [
        197.8570209059941, 
        0, 
        778.8174320046414, 
        527.7489137213736, 
        3.0910618079360574e-05, 
        798.7590929411365, 
        199.86848245376427, 
        0, 
        428.3999480485528, 
        352.23148845278814, 
        11.427745889775679, 
        38.94306302640666, 
        0.5073268328735594, 
        4239.592297979731, 
        2705.2408416121707, 
        425.81530407763086, 
        4128.293041427247, 
        3751.341856773335, 
        45.185480374875226, 
        3878.699279872714, 
        3949.0324468800427, 
        2015.028877276776, 
        2814.5146213589614, 
        8571.246926243724, 
        1943.1631683, 
        17076.988638636292, 
        9310.853498092765, 
        1415.6161893909698, 
        11426.776868547233, 
        12586.272513906897, 
        5218.135703242432, 
        6933.842555000041, 
        582.1810465637841, 
        6149.5124072541985, 
        3122.4505585054094, 
        1.275030623034354, 
        4221.659459010702, 
        5660.581746722884, 
        646.1241051108842, 
        1361.43266154129, 
        1315.108827498695, 
        1482.9594851648683, 
        395.4317550516239, 
        1320.609962805277, 
        610.4704785413091, 
        231.3268656082946, 
        757.5263129761067, 
        7434.880294066598, 
        523.9865835978983, 
        9039.757393387283, 
        11800.23799567914, 
        3081.455602649949, 
        4450.057308467375, 
        3861.887430581323, 
        9853.303905239993, 
        5173.963152650453, 
        5563.824987115473, 
        8690.305712611265, 
        1900.92596153662, 
        52.37015986680217, 
        944.3915859991903, 
        2622.4116066713227, 
        7474.562663970279, 
        7101.849825326686, 
        9194.315561005287, 
        2987.991573392458, 
        3853.3677260969657, 
        5013.706031964537
    ], 
    "number_of_filtered_datasets": 46,