{
    "pearson_correlation": [
        0.9209526750406526, 
        0.9530157536379094, 
        0.9400297459948741, 
        0.9542729226848746, 
        0.9589552573844119, 
        0.8943462212897219, 
        0.8131868033446221, 
        0.9475395109544863, 
        0.9564917875341334, 
        0.8974239988697844, 
        0.9636394948709892, 
        0.9150769635633197, 
        0.8572865887211227, 
        0.8405904918383286, 
        0.8972321632610541, 
        0.9829060331486912, 
        0.9339996018523502, 
        0.9380505960023143, 
        0.9606905754881002, 
        0.9552811188954031, 
        0.8920186370979201, 
        0.7976346047857485, 
        0.9246915614366759, 
        0.9776598462753886, 
        0.9115718733568376, 
        0.8662720895204175, 
        0.8196068884314818, 
        0.8094026448069439, 
        0.9744099836438677, 
        0.9578092349008221, 
        0.964002690254457, 
        0.9452531329207311, 
        0.8705836545063487, 
        0.9386836604971418, 
        0.9805216189458517, 
        0.87689809075206, 
        0.8454608353041226, 
        0.9597133493737717
    ], 
    "match_A": [
        146077302, 
        146077302, 
        146077302, 
        146077302, 
        146077302, 
        146077302, 
        146077302, 
        146077302, 
        146077302, 
        100141599, 
        100141599, 
        100141599, 
        100141599, 
        100141599, 
        100141599, 
        100141599, 
        100141599, 
        523718823, 
        523718823, 
        523718823, 
        523718823, 
        523718823, 
        523718823, 
        523718823, 
        294481346, 
        294481346, 
        294481346, 
        294481346, 
        294481346, 
        294481346, 
        512314723, 
        512314723, 
        512314723, 
        512314723, 
        512314723, 
        502074651, 
        502074651, 
        159753308
    ], 
    "fraction of match covered by td injection": [
        0.1914029716403216, 
        0.020411051729643897, 
        0.12602544362552992, 
        0.11369485332098175, 
        0.017310282262810627, 
        0.23451661368173746, 
        0.02631675237281367, 
        0.0721434217318385, 
        0.08224737875028701, 
        0, 
        0.04551721349096691, 
        0.02751219705819462, 
        0, 
        0.25014441777531315, 
        0.3655163351144405, 
        0.8513268321675437, 
        0.0019559650883248215, 
        0.2677909540938238, 
        0.26495004387624266, 
        0.4887376645247915, 
        0.04075354453074232, 
        0, 
        0, 
        0.5083848429688913, 
        0.6422000020125936, 
        0.34067970356796884, 
        0.12527502026421458, 
        0.06565092852987858, 
        0.009385307169221282, 
        0.9122725458979463, 
        0.6438906922055216, 
        0.2292526914785392, 
        0.07387948562645709, 
        0.005167199496877202, 
        0.9979420040189402, 
        0.45279003768616827, 
        0.023730010779273912, 
        0.0018987556197062744
    ], 
    "absolute_overlap": [
        1251.106220205832, 
        64.44099120552971, 
        899.658035456978, 
        1479.8006932418018, 
        141.45176945529613, 
        3492.0597175395405, 
        85.5651272774885, 
        474.5667101327492, 
        434.0624591289122, 
        0, 
        400.2602897744704, 
        364.0199979541643, 
        0, 
        5306.107629172785, 
        3120.0036516475207, 
        6317.404159490021, 
        15.541900604121793, 
        1495.7879291216504, 
        2761.1671153753205, 
        3837.21270697846, 
        1203.7347339616126, 
        0, 
        0, 
        2281.3030718359714, 
        7494.982356915196, 
        4523.818789078098, 
        3017.1016288176284, 
        548.8126889288844, 
        120.50638897457611, 
        5732.70132451748, 
        8536.96313322159, 
        6469.928195043068, 
        818.3581475592312, 
        105.58313523166626, 
        8133.985737275118, 
        3316.295425127757, 
        158.0202634823895, 
        1.9591601491247275
    ], 
    "number_of_filtered_datasets": 46, 
    "distance": [
        514.0038910358559, 
        660.4543890383347, 
        610.4096984812742, 
        310.322412983658, 
        490.81564767232106, 
        247.1841418861655, 
        674.9074010558782, 
        703.2780389006897, 
        539.0732788777422, 
        911.1531155629114, 
        782.1764506810467, 
        587.2818744010409, 
        812.0960534321048, 
        297.4894956128703, 
        242.69322199023193, 
        230.65125189341592, 
        808.8263101556477, 
        400.74929819027756, 
        576.6281297335398, 
        520.8646657242167, 
        696.6347680097513, 
        918.7491496594704, 
        951.945376584182, 
        128.84098726725125, 
        355.6683848755748, 
        283.0194339616981, 
        564.71231613982, 
        739.2563831310488, 
        830.0602387778853, 
        400.4996878900157, 
        232.80893453645632, 
        308.54497241083027, 
        643.1174076325411, 
        727.5300681071539, 
        494.064773081425, 
        147.30919862656236, 
        841.9619943916708, 
        869.1375035056305
    ], 
    "absolute_overlap_lg_over_small": [
        1395.6644926620156, 
        89.19610485823648, 
        949.876582308777, 
        1823.5457961028974, 
        237.25179095592, 
        5932.3898372925905, 
        228.50136585358996, 
        520.7986033432035, 
        423.9532523719039, 
        0, 
        343.07147781592903, 
        441.2666872913477, 
        0, 
        6327.71460652086, 
        3173.681183462778, 
        6145.672253105532, 
        10.082239377365113, 
        2018.388897750475, 
        4249.519873373531, 
        6698.5554860208995, 
        1030.9116681001003, 
        0, 
        0, 
        2620.5261603244585, 
        10300.21218833149, 
        4669.298200150139, 
        3168.987669635295, 
        570.0295623912426, 
        67.75191345713893, 
        4702.410201512734, 
        8825.056552301598, 
        5799.232368862949, 
        641.4759365082406, 
        37.301672371075256, 
        5144.002942232233, 
        3268.661418794385, 
        122.31897723133706, 
        9.787346814759076
    ], 
    "spearman_correlation": [
        0.9005526822863971, 
        0.8624750142126709, 
        0.9020125704783597, 
        0.9562163243729105, 
        0.8686547338695607, 
        0.9264314661582542, 
        0.8905397575595155, 
        0.9194996072855715, 
        0.8943605388358041, 
        0.7384469040303199, 
        0.8625273073029349, 
        0.8743038898459037, 
        0.7564081740047159, 
        0.841524093791938, 
        0.9387981318023956, 
        0.8805575186519713, 
        0.8408026955882415, 
        0.8252992254654617, 
        0.8762154227961961, 
        0.9578073425846318, 
        0.8736553184600581, 
        0.7202091119626495, 
        0.7998959849638071, 
        0.856124235640368, 
        0.9133564341152344, 
        0.8460000768702595, 
        0.8725863820143533, 
        0.8729898966009602, 
        0.9734987812536365, 
        0.9495879910571702, 
        0.8920428703170376, 
        0.9688634017569667, 
        0.8753356143482542, 
        0.9095715406146635, 
        0.9219690654764108, 
        0.8856963647421714, 
        0.8646889929473807, 
        0.9410601114387758
    ],