{
    "sum_NPV_A": [
        8.059829656779376, 
        8.059829656779376, 
        8.059829656779376, 
        5.098603146337217
    ], 
    "sum_NPV_B": [
        7.736583560864127, 
        5.098603146337217, 
        44.72500737713053, 
        44.72500737713053
    ], 
    "dice_coefficient": [
        0.6283399230759757, 
        0.21516243412342534, 
        0.0, 
        0.0521468770532386
    ], 
    "pearson_correlation": [
        0.824012034186506, 
        0.7535327393433954, 
        0.4449624662819059, 
        0.5359248227047883
    ], 
    "match_A": [
        180917660, 
        180917660, 
        180917660, 
        183330908
    ], 
    "fraction of match covered by td injection": [
        0.9189296814227936, 
        0.37874819198286425, 
        0, 
        0.0712278947944383
    ], 
    "absolute_overlap": [
        31945.766887528458, 
        9660.216803705269, 
        0, 
        251.63568182207985
    ], 
    "distance": [
        341.9064199455752, 
        1341.118935814419, 
        1757.4982219052172, 
        850.7643622061281
    ], 
    "absolute_overlap_lg_over_small": [
        23992.104879820923, 
        5385.919985438507, 
        0, 
        584.8670155685867
    ], 
    "spearman_correlation": [
        0.9070001161797683, 
        0.8668268381668105, 
        0.2813242010263043, 
        0.3714033078570248
    ], 
    "injection_overlap": [
        0.42270662505345813, 
        0.1278240605948052, 
        0, 
        0.017695502307156618
    ], 
    "source": "AIp", 
    "match_B": [
        174361746, 
        183330908, 
        485903475, 
        485903475
    ]
}