{
    "sum_NPV_A": [
        16.505033275006006, 
        16.505033275006006, 
        16.505033275006006, 
        10.964810788380147, 
        10.964810788380147, 
        26.578082564360557
    ], 
    "sum_NPV_B": [
        10.964810788380147, 
        26.578082564360557, 
        22.54749429818805, 
        26.578082564360557, 
        22.54749429818805, 
        22.54749429818805
    ], 
    "dice_coefficient": [
        0.770477198282372, 
        0.031101800825543223, 
        0.3294819940770043, 
        0.0, 
        0.5228619430056224, 
        0.0
    ], 
    "pearson_correlation": [
        0.9320409657299099, 
        0.836208889646009, 
        0.9441550080663971, 
        0.8317818351958242, 
        0.8868449826596788, 
        0.918490885051952
    ], 
    "match_A": [
        158314278, 
        158314278, 
        158314278, 
        139519496, 
        139519496, 
        115958825
    ], 
    "fraction of match covered by td injection": [
        0.906992855519138, 
        0.029014065449112426, 
        0.6958648485139968, 
        0, 
        0.6369069736573516, 
        0
    ], 
    "absolute_overlap": [
        9500.20215065527, 
        463.4489171338895, 
        3709.693717555554, 
        0, 
        2721.295431611133, 
        0
    ], 
    "distance": [
        258.0697580112788, 
        486.7237409455183, 
        385.4867053479277, 
        511.76166327695944, 
        162.48076809271922, 
        609.507998306831
    ], 
    "absolute_overlap_lg_over_small": [
        6396.982811027819, 
        353.8107122322745, 
        3417.205274910096, 
        0, 
        3127.678994932232, 
        0
    ], 
    "spearman_correlation": [
        0.9154287832162187, 
        0.849793105817949, 
        0.928170467139466, 
        0.7651027643400168, 
        0.8655570984625122, 
        0.8675626507965634
    ], 
    "injection_overlap": [
        0.5395509699417586, 
        0.026320946522259046, 
        0.21068697399832595, 
        0, 
        0.38583744667458253, 
        0
    ], 
    "source": "AUDd", 
    "match_B": [
        139519496, 
        115958825, 
        182090318, 
        115958825, 
        182090318, 
        182090318
    ]
}