{
    "sum_NPV_A": [
        6.5681949994321, 
        6.5681949994321, 
        6.5681949994321, 
        6.5681949994321, 
        6.5681949994321, 
        6.5681949994321, 
        6.5681949994321, 
        6.5681949994321, 
        15.053005508765201, 
        15.053005508765201, 
        15.053005508765201, 
        15.053005508765201, 
        15.053005508765201, 
        15.053005508765201, 
        15.053005508765201, 
        5.037161433639751, 
        5.037161433639751, 
        5.037161433639751, 
        5.037161433639751, 
        5.037161433639751, 
        5.037161433639751, 
        1.8541729647996346, 
        1.8541729647996346, 
        1.8541729647996346, 
        17.512728201447327, 
        17.512728201447327, 
        11.627418158949268
    ], 
    "sum_NPV_B": [
        15.053005508765201, 
        5.037161433639751, 
        1.6205343600291275, 
        10.870936908572302, 
        1.8541729647996346, 
        17.512728201447327, 
        11.627418158949268, 
        15.119089545265641, 
        5.037161433639751, 
        1.6205343600291275, 
        10.870936908572302, 
        1.8541729647996346, 
        17.512728201447327, 
        11.627418158949268, 
        15.119089545265641, 
        1.6205343600291275, 
        10.870936908572302, 
        1.8541729647996346, 
        17.512728201447327, 
        11.627418158949268, 
        15.119089545265641, 
        17.512728201447327, 
        11.627418158949268, 
        15.119089545265641, 
        11.627418158949268, 
        15.119089545265641, 
        15.119089545265641
    ], 
    "dice_coefficient": [
        0.5679236758224396, 
        0.7904511505463396, 
        0.17060068450276444, 
        0.5224702420897394, 
        0.036354723691313255, 
        0.584367232652907, 
        0.6677267820700407, 
        0.729134717669994, 
        0.7933703422072726, 
        0.25821516848333076, 
        0.5366822331797364, 
        0.1588320730383386, 
        0.6776063018939195, 
        0.5414234599433965, 
        0.46689017576507447, 
        0.40385865048907704, 
        0.6437423485924224, 
        0.10032750017157216, 
        0.6189830533985816, 
        0.8775046572892201, 
        0.5962912070583646, 
        0.0055174267339015105, 
        0.051418974884474423, 
        0.00014990426276443182, 
        0.3088908011763091, 
        0.803311320219071, 
        0.3747455791466768
    ], 
    "pearson_correlation": [
        0.5174158678136017, 
        0.9984631461976674, 
        0.987457739716647, 
        0.6180845072425275, 
        0.9872013759470558, 
        0.3505751283283193, 
        0.9984802273348744, 
        0.6527682736176219, 
        0.5480591372412443, 
        0.6040859768032326, 
        0.9744498978480679, 
        0.5407769686112538, 
        0.9454105340020769, 
        0.5045357681126059, 
        0.8881700831783925, 
        0.9927278197350105, 
        0.6438211573547974, 
        0.9848406376303328, 
        0.3875219709588513, 
        0.99681571385543, 
        0.6807310271540806, 
        0.3506852389776237, 
        0.9882316575533483, 
        0.6400587108172451, 
        0.3267480051742939, 
        0.9043333097517817, 
        0.6258077994324194
    ], 
    "match_A": [
        114427219, 
        114427219, 
        114427219, 
        114427219, 
        114427219, 
        114427219, 
        114427219, 
        114427219, 
        100142569, 
        100142569, 
        100142569, 
        100142569, 
        100142569, 
        100142569, 
        100142569, 
        292478008, 
        292478008, 
        292478008, 
        292478008, 
        292478008, 
        292478008, 
        309702727, 
        309702727, 
        309702727, 
        292321278, 
        292321278, 
        286553311
    ], 
    "fraction of match covered by td injection": [
        0.5837327606739925, 
        0.9296357324259993, 
        0.3152324163739938, 
        0.47163892280344355, 
        0.29440905663667405, 
        0.5474224399012104, 
        0.9989340473378068, 
        0.608867659095756, 
        0.8510373813836128, 
        0.4248982081187996, 
        0.4569294990825444, 
        0.8034054359076872, 
        0.5536433428321069, 
        0.870513587907678, 
        0.39116452260404366, 
        0.524280841964584, 
        0.4759080042693471, 
        0.4311329033500423, 
        0.4594138832061894, 
        0.9848725901197884, 
        0.4321767212368416, 
        0.002481746009776809, 
        0.029026085280591477, 
        7.802506734081595e-05, 
        0.563976035799776, 
        0.7451577590680372, 
        0.24692208808089192
    ], 
    "absolute_overlap": [
        4994.674410305188, 
        6268.717762547316, 
        1032.8975845261787, 
        5739.273907538676, 
        186.7309039949132, 
        4877.815057878409, 
        4158.572571756511, 
        6502.513603064141, 
        6083.727114976303, 
        1495.614295374124, 
        5843.849982466816, 
        774.1487666477648, 
        5478.327149352446, 
        3229.9181644317478, 
        4041.2952587007176, 
        1629.838529128827, 
        5308.19608274389, 
        312.7759486652192, 
        3917.1506176551925, 
        3693.5452740228125, 
        4114.000528629671, 
        19.49950658282488, 
        40.77515263393525, 
        0.20186021737390547, 
        1428.8557604850157, 
        5768.586164133723, 
        1858.3542195623654
    ], 
    "distance": [
        746.7931440499437, 
        607.5360071633614, 
        415.33119314590374, 
        300.9983388658482, 
        644.5153217728807, 
        434.6262762420146, 
        456.17978911828175, 
        187.88294228055935, 
        258.0697580112788, 
        700.713921654194, 
        702.2107945624305, 
        528.4884104689525, 
        617.73780845922, 
        577.9273310719956, 
        567.097875150313, 
        502.19518117958876, 
        501.2983143797713, 
        287.92360097775935, 
        567.9788728465171, 
        383.40579025361626, 
        420.7136793592526, 
        631.5853069855251, 
        444.6346815083142, 
        489.18299234540035, 
        695.4135460285484, 
        374.16573867739413, 
        345.83232931581165
    ], 
    "absolute_overlap_lg_over_small": [
        5501.485244174222, 
        5495.771766036679, 
        680.7708746816631, 
        5826.168369887958, 
        95.19759849967221, 
        3692.354619175691, 
        2503.8727166830636, 
        4802.066957714475, 
        5031.118156618571, 
        917.6033610976373, 
        5644.462460815441, 
        259.78232121568124, 
        3734.3144987825344, 
        2181.9811108378717, 
        3085.0681604877645, 
        1132.228504506409, 
        5878.904448702827, 
        139.407454043663, 
        3098.7384698295123, 
        2468.6270473830405, 
        3408.526503159909, 
        16.73933268879864, 
        72.75517658035304, 
        0.615374444928193, 
        1413.6310727074413, 
        5876.970799236407, 
        1947.4452002658181
    ], 
    "spearman_correlation": [
        0.4388293154725007, 
        0.9237868890393612, 
        0.7386490916935623, 
        0.44620528934541387, 
        0.4094742799577847, 
        0.475008765874724, 
        0.9139887113632621, 
        0.4203826419519005, 
        0.5005139468023427, 
        0.5122354077601509, 
        0.9984766286860144, 
        0.24358536456865468, 
        0.9089835348970687, 
        0.3798992184746371, 
        0.8807651993302287, 
        0.8549759844070616, 
        0.5055704171052594, 
        0.5004205432804264, 
        0.5276786246876428, 
        0.8511497105655473, 
        0.4747674776380664, 
        0.1922693383713377, 
        0.4556642077297431, 
        0.21324887888544883, 
        0.43073551623426964, 
        0.9149539090436652, 
        0.3671792584101865
    ],