{
    "sum_NPV_A": [
        6.463631746534782, 
        6.463631746534782, 
        6.463631746534782, 
        6.463631746534782, 
        6.463631746534782, 
        6.463631746534782, 
        11.056906265328907, 
        11.056906265328907, 
        11.056906265328907, 
        11.056906265328907, 
        11.056906265328907, 
        9.019341530135433, 
        9.019341530135433, 
        9.019341530135433, 
        9.019341530135433, 
        8.535610484956788, 
        8.535610484956788, 
        8.535610484956788, 
        15.373933872247164, 
        15.373933872247164, 
        7.981971997237772
    ], 
    "sum_NPV_B": [
        11.056906265328907, 
        9.019341530135433, 
        8.535610484956788, 
        15.373933872247164, 
        7.981971997237772, 
        3.1846991776094016, 
        9.019341530135433, 
        8.535610484956788, 
        15.373933872247164, 
        7.981971997237772, 
        3.1846991776094016, 
        8.535610484956788, 
        15.373933872247164, 
        7.981971997237772, 
        3.1846991776094016, 
        15.373933872247164, 
        7.981971997237772, 
        3.1846991776094016, 
        7.981971997237772, 
        3.1846991776094016, 
        3.1846991776094016
    ], 
    "dice_coefficient": [
        0.0, 
        0.0, 
        0.17472227350345904, 
        0.0, 
        0.0, 
        0.0, 
        0.0003846547799715533, 
        0.0, 
        0.0810595685127185, 
        0.0, 
        0.0, 
        0.0, 
        0.3132222909519845, 
        0.0, 
        0.0, 
        0.0, 
        0.0, 
        0.0, 
        0.0, 
        0.0, 
        0.0
    ], 
    "pearson_correlation": [
        0.6764506144831113, 
        0.8078681156657284, 
        0.6294044314149158, 
        0.8102916603977186, 
        0.7729331149314163, 
        0.7998373262616277, 
        0.8519372215316184, 
        0.673921257222155, 
        0.8648995013227968, 
        0.8650371264756456, 
        0.7689683792524966, 
        0.7563835006380548, 
        0.9855797194965404, 
        0.955782841812648, 
        0.9152812796882113, 
        0.762031717296932, 
        0.681002680962781, 
        0.62260598263768, 
        0.9723787611214579, 
        0.9074421733476778, 
        0.9120634001639123
    ], 
    "match_A": [
        122641784, 
        122641784, 
        122641784, 
        122641784, 
        122641784, 
        122641784, 
        100147861, 
        100147861, 
        100147861, 
        100147861, 
        100147861, 
        116900714, 
        116900714, 
        116900714, 
        116900714, 
        127649005, 
        127649005, 
        127649005, 
        120436274, 
        120436274, 
        120494729
    ], 
    "fraction of match covered by td injection": [
        0, 
        0, 
        0.0969306171192225, 
        0, 
        0, 
        0, 
        0.00033784732259853323, 
        0, 
        0.09598995186039962, 
        0, 
        0, 
        0, 
        0.4642690185645534, 
        0, 
        0, 
        0, 
        0, 
        0, 
        0, 
        0, 
        0
    ], 
    "absolute_overlap": [
        0, 
        0, 
        2472.7140964461937, 
        0, 
        0, 
        0, 
        0.621666586507672, 
        0, 
        546.4752194003842, 
        0, 
        0, 
        0, 
        2349.7547667063673, 
        0, 
        0, 
        0, 
        0, 
        0, 
        0, 
        0, 
        0
    ], 
    "distance": [
        4393.358624105253, 
        5367.336397134057, 
        1041.633332799983, 
        4643.156254101298, 
        3797.3280079550673, 
        2678.3950418114205, 
        1477.3963584630903, 
        3990.5638699311653, 
        1013.1633629380802, 
        1152.0850663036997, 
        3388.6575513025805, 
        4731.014690317501, 
        847.7027781009097, 
        1776.6823013696062, 
        3788.6805090954817, 
        4035.2571169629327, 
        3282.209621581169, 
        2005.2929960482084, 
        1379.130160644745, 
        3382.735579379506, 
        2295.844071360248
    ], 
    "absolute_overlap_lg_over_small": [
        0, 
        0, 
        3571.4874736528764, 
        0, 
        0, 
        0, 
        3.5991206272738054, 
        0, 
        520.5426607852542, 
        0, 
        0, 
        0, 
        2517.678419041402, 
        0, 
        0, 
        0, 
        0, 
        0, 
        0, 
        0, 
        0
    ], 
    "spearman_correlation": [
        0.21389951506857308, 
        0.32313646179381517, 
        0.5167044313205474, 
        0.37315858986081474, 
        0.2918062437054573, 
        0.565759868066277, 
        0.5987810622056582, 
        0.48310555624541646, 
        0.5282084213738653, 
        0.453557130346974, 
        0.3291896546736163, 
        0.5599609337961958, 
        0.6915600520162795, 
        0.4916042772544567, 
        0.49324165462192027, 
        0.805534928330081, 
        0.6211178889029677, 
        0.6168116129125607, 
        0.5195042755885269, 
        0.5593662984874266, 
        0.4698774138016466
    ], 
    "injection_overlap": [
        0, 
        0, 
        0.6126545621400692, 
        0, 
        0, 
        0, 
        7.712590220788202e-05, 
        0, 
        0.06779742589556846, 
        0, 
        0, 
        0, 
        0.2205700888931317, 
        0, 
        0, 
        0, 
        0, 
        0, 
        0, 
        0, 
        0
    ], 
    "source": "CA1", 
    "match_B": [
        100147861, 
        116900714, 
        127649005, 
        120436274, 
        120494729, 
        100148443, 
        116900714, 
        127649005, 
        120436274, 
        120494729, 
        100148443, 
        127649005, 
        120436274, 
        120494729, 
        100148443, 
        120436274, 
        120494729, 
        100148443, 
        120494729, 
        100148443, 
        100148443
    ]
}