{
    "sum_NPV_A": [
        8.717117211508512, 
        8.717117211508512, 
        8.717117211508512, 
        6.852404102190596, 
        6.852404102190596, 
        9.684062335136534
    ], 
    "sum_NPV_B": [
        6.852404102190596, 
        9.684062335136534, 
        9.540516301899906, 
        9.684062335136534, 
        9.540516301899906, 
        9.540516301899906
    ], 
    "dice_coefficient": [
        0.011264365864352024, 
        0.7758497310999691, 
        0.12628002298319313, 
        0.002186210879045468, 
        0.6116520801345029, 
        0.18507045783127224
    ], 
    "pearson_correlation": [
        0.5596187131351635, 
        0.897762553797608, 
        0.4599773953205047, 
        0.6423681770861986, 
        0.9013631106960444, 
        0.6541451796667831
    ], 
    "match_A": [
        157556400, 
        157556400, 
        157556400, 
        157711748, 
        157711748, 
        286313491
    ], 
    "fraction of match covered by td injection": [
        0.010870778428925539, 
        0.6300609586281206, 
        0.08378493063896293, 
        0.001826665799143517, 
        0.4133350538724307, 
        0.1280253213743112
    ], 
    "absolute_overlap": [
        58.26799424644753, 
        6476.898047275026, 
        1779.0052370307394, 
        8.697451804977657, 
        7089.033206066093, 
        3205.099281814975
    ], 
    "distance": [
        718.6097689288673, 
        678.0855403265874, 
        544.1507144165116, 
        886.9047299456689, 
        213.7755832643195, 
        688.4039511798287
    ], 
    "absolute_overlap_lg_over_small": [
        86.861390181803, 
        7501.962729501664, 
        1904.4151585837358, 
        21.749607806628546, 
        9395.025288743564, 
        2909.990625383544
    ], 
    "spearman_correlation": [
        0.5453322921824066, 
        0.7928135937597423, 
        0.517027105967995, 
        0.7696974638801838, 
        0.9362730755834205, 
        0.8195266228982315
    ], 
    "injection_overlap": [
        0.007840176210387167, 
        0.8714908183139444, 
        0.23937179780944576, 
        0.0010884936479865128, 
        0.8871986632627541, 
        0.26918394543034313
    ], 
    "source": "ILA", 
    "match_B": [
        157711748, 
        286313491, 
        263106036, 
        286313491, 
        263106036, 
        263106036
    ]
}