{
    "sum_NPV_A": [
        13.14857701964186, 
        13.14857701964186, 
        13.14857701964186, 
        13.14857701964186, 
        7.999511824465341, 
        7.999511824465341, 
        16.329485716644374
    ], 
    "sum_NPV_B": [
        10.489263942920822, 
        7.999511824465341, 
        16.329485716644374, 
        21.185061835388588, 
        16.329485716644374, 
        21.185061835388588, 
        21.185061835388588
    ], 
    "dice_coefficient": [
        0.48260045349967945, 
        0.46422133166559876, 
        0.6226600060079833, 
        0.3142433332382813, 
        0.5205244901005387, 
        0.2938556202262243, 
        0.5266509522583857
    ], 
    "pearson_correlation": [
        0.8391103858419138, 
        0.86995282440912, 
        0.7525269724883983, 
        0.865306373802824, 
        0.8373231408785683, 
        0.9444768274411094, 
        0.8157058569590884
    ], 
    "match_A": [
        126860974, 
        126860974, 
        126860974, 
        126860974, 
        496554237, 
        496554237, 
        478582494
    ], 
    "fraction of match covered by td injection": [
        0.384101476963838, 
        0.46104827819841016, 
        0.5808752654401901, 
        0.22527451302864743, 
        0.6231533154249917, 
        0.2257615738883016, 
        0.3629127572843597
    ], 
    "absolute_overlap": [
        9257.661426938752, 
        7291.037010038926, 
        8712.391092659953, 
        7382.595212453362, 
        7342.5455116953235, 
        6937.074084097931, 
        9664.591044201477
    ], 
    "distance": [
        896.6604708583958, 
        1526.7612779999367, 
        313.6877428271624, 
        658.7867636800241, 
        1560.7049689162907, 
        1869.4919095839919, 
        418.09089920733743
    ], 
    "absolute_overlap_lg_over_small": [
        10661.89743048887, 
        7678.690364201829, 
        6713.322391639728, 
        6884.234914807024, 
        7201.94051075132, 
        6899.1191612785315, 
        11090.365444084506
    ], 
    "spearman_correlation": [
        0.8933180737205617, 
        0.9376994994763425, 
        0.8120094857381948, 
        0.8515395813961395, 
        0.8670659650836307, 
        0.8918484423593872, 
        0.9120318538926586
    ], 
    "injection_overlap": [
        0.5635578335130641, 
        0.443840061971224, 
        0.5303646377270397, 
        0.4494136447383454, 
        0.44086527847805457, 
        0.4165197332501918, 
        0.8362360036757027
    ], 
    "source": "ORBm", 
    "match_B": [
        478376197, 
        496554237, 
        478582494, 
        167902586, 
        478582494, 
        167902586, 
        167902586
    ]
}