{
    "sum_NPV_A": [
        20.46844864382554, 
        20.46844864382554, 
        20.46844864382554, 
        20.46844864382554, 
        20.46844864382554, 
        20.46844864382554, 
        14.616034946611896, 
        14.616034946611896, 
        14.616034946611896, 
        14.616034946611896, 
        14.616034946611896, 
        8.729245664578212, 
        8.729245664578212, 
        8.729245664578212, 
        8.729245664578212, 
        15.498173669516067, 
        15.498173669516067, 
        15.498173669516067, 
        11.003850868565168, 
        11.003850868565168, 
        16.329485716644374
    ], 
    "sum_NPV_B": [
        14.616034946611896, 
        8.729245664578212, 
        15.498173669516067, 
        11.003850868565168, 
        16.329485716644374, 
        21.185061835388588, 
        8.729245664578212, 
        15.498173669516067, 
        11.003850868565168, 
        16.329485716644374, 
        21.185061835388588, 
        15.498173669516067, 
        11.003850868565168, 
        16.329485716644374, 
        21.185061835388588, 
        11.003850868565168, 
        16.329485716644374, 
        21.185061835388588, 
        16.329485716644374, 
        21.185061835388588, 
        21.185061835388588
    ], 
    "dice_coefficient": [
        0.6269353814120984, 
        0.19378548340407706, 
        0.4492195757003139, 
        0.23821524704902217, 
        0.0037077578845956583, 
        0.2713085579563111, 
        0.4348768880481881, 
        0.7285811483890873, 
        0.2892851931312419, 
        9.012359656699012e-05, 
        0.33104437402043324, 
        0.5720453471442226, 
        0.27948218270906555, 
        0.28272288803675694, 
        0.6882603572841696, 
        0.5357456775830012, 
        0.0004682192804730967, 
        0.46023878521991474, 
        0.0, 
        0.19687736439210154, 
        0.5266509522583857
    ], 
    "pearson_correlation": [
        0.7588123375305886, 
        0.5890181003716334, 
        0.8632083289596063, 
        0.7797857582850207, 
        0.40694118201239937, 
        0.6398197789150776, 
        0.6842925675644154, 
        0.6809338552171617, 
        0.6183865696266697, 
        0.5971801425932564, 
        0.5296756213997695, 
        0.7963617373105861, 
        0.7194865713583631, 
        0.9052559422094368, 
        0.8208189761397663, 
        0.9347324163236885, 
        0.619729426716313, 
        0.7311215146156814, 
        0.5915871224839513, 
        0.6598627495384469, 
        0.8157058569590884
    ], 
    "match_A": [
        112423392, 
        112423392, 
        112423392, 
        112423392, 
        112423392, 
        112423392, 
        158435116, 
        158435116, 
        158435116, 
        158435116, 
        158435116, 
        480994108, 
        480994108, 
        480994108, 
        480994108, 
        287769286, 
        287769286, 
        287769286, 
        156741826, 
        156741826, 
        478582494
    ], 
    "fraction of match covered by td injection": [
        0.5735390675175387, 
        0.11790499507259303, 
        0.31216530087535577, 
        0.13814117004445084, 
        0.0019376429635150902, 
        0.16544235958791312, 
        0.2621216092589618, 
        0.4988545988470553, 
        0.18209363435306186, 
        3.4593011389312615e-05, 
        0.1999644321249871, 
        0.7887186595804865, 
        0.3106656636213846, 
        0.5043194024690958, 
        0.6925881460246489, 
        0.4502258833483665, 
        0.0005828181159630244, 
        0.34501549044207985, 
        0, 
        0.1775490458931766, 
        0.3629127572843597
    ], 
    "absolute_overlap": [
        4096.80941483702, 
        3191.950764083391, 
        4772.257384420996, 
        3724.435308713354, 
        33.86613853037659, 
        4538.539599477463, 
        5717.638615940577, 
        6070.1994677425155, 
        4144.927594035111, 
        0.8073320023877386, 
        5487.656424788992, 
        13774.355819722256, 
        7756.0023163668775, 
        6007.98620609808, 
        20182.715174412744, 
        11190.030338603847, 
        5.894909805575111, 
        10993.71253061672, 
        0, 
        5253.585682203986, 
        9664.591044201477
    ], 
    "distance": [
        1048.0458005259122, 
        1315.2946437965904, 
        1047.1389592599446, 
        980.6630410084801, 
        960.728889958036, 
        1112.384825498802, 
        307.89608636681305, 
        246.77925358506133, 
        282.3118842698621, 
        535.7238094391549, 
        197.48417658131498, 
        493.65980188789933, 
        557.2252686302013, 
        661.3622305514581, 
        254.1653005427767, 
        82.46211251235322, 
        719.5137246779939, 
        438.7482193696061, 
        702.9224708315988, 
        469.14816422959603, 
        418.09089920733743
    ], 
    "absolute_overlap_lg_over_small": [
        3647.051240701464, 
        3648.408556192231, 
        5373.811798320885, 
        3392.613158011114, 
        22.393829911334706, 
        5055.805261549203, 
        8110.994121957864, 
        8587.599971597525, 
        4472.043053475487, 
        0.399800183914067, 
        6110.776167472339, 
        13577.504054820653, 
        7629.647394799247, 
        5828.546916296186, 
        21165.01965687539, 
        11057.11103672676, 
        6.735776406631516, 
        10543.4372202975, 
        0, 
        5425.777307853048, 
        11090.365444084506
    ], 
    "spearman_correlation": [
        0.8411424319884289, 
        0.8062059414228493, 
        0.9134667026523726, 
        0.7680827349403322, 
        0.7255369176142409, 
        0.8011601018078214, 
        0.8175628661798457, 
        0.8328679107804415, 
        0.6744014263728102, 
        0.7396137603535795, 
        0.6977946845589749, 
        0.8686399186538166, 
        0.8390535306533007, 
        0.9111215967903716, 
        0.9091691430477052, 
        0.8469793153032618, 
        0.7818416958176919, 
        0.826756533861366, 
        0.771837251072272, 
        0.8193644963375055, 
        0.9120318538926586
    ], 
    "injection_overlap": [
        0.6105104692691697, 
        0.4756675650585909, 
        0.7111663736869314, 
        0.5550189227378819, 
        0.0050467644532440235, 
        0.6763375251577147, 
        0.8991617895552517, 
        0.9546058754318134, 
        0.6518356201525081, 
        0.00012696186953969744, 
        0.8629945512157787, 
        0.4451435002519288, 
        0.2506493998163056, 
        0.19415906226398993, 
        0.6522413530556642, 
        0.6500300566063932, 
        0.00034243593973004946, 
        0.6386259341887379, 
        0, 
        0.21391665930279208, 
        0.8362360036757027
    ], 
    "source": "ORBvl", 
    "match_B": [
        158435116, 
        480994108, 
        287769286, 
        156741826, 
        478582494, 
        167902586, 
        480994108, 
        287769286, 
        156741826, 
        478582494, 
        167902586, 
        287769286, 
        156741826, 
        478582494, 
        167902586, 
        156741826, 
        478582494, 
        167902586, 
        478582494, 
        167902586, 
        167902586
    ]
}