{
    "sum_NPV_A": [
        27.433445482362053, 
        27.433445482362053, 
        27.433445482362053, 
        3.1846991776094016
    ], 
    "sum_NPV_B": [
        18.4471054878489, 
        3.1846991776094016, 
        12.959202176270285, 
        12.959202176270285
    ], 
    "dice_coefficient": [
        0.0, 
        0.0, 
        0.0, 
        0.0
    ], 
    "pearson_correlation": [
        0.9133889033734516, 
        0.786334357402345, 
        0.8921570820584546, 
        0.8283473068307585
    ], 
    "match_A": [
        152994878, 
        152994878, 
        152994878, 
        100148443
    ], 
    "fraction of match covered by td injection": [
        0, 
        0, 
        0, 
        0
    ], 
    "absolute_overlap": [
        0, 
        0, 
        0, 
        0
    ], 
    "distance": [
        2365.6288804459587, 
        1050.142847426006, 
        2421.445849074474, 
        1688.8457596832222
    ], 
    "absolute_overlap_lg_over_small": [
        0, 
        0, 
        0, 
        0
    ], 
    "spearman_correlation": [
        0.853931058023656, 
        0.47366004700786724, 
        0.8745596432552957, 
        0.4735385256052611
    ], 
    "injection_overlap": [
        0, 
        0, 
        0, 
        0
    ], 
    "source": "ProS", 
    "match_B": [
        157063781, 
        100148443, 
        127795906, 
        127795906
    ]
}