{
    "sum_NPV_A": [
        7.1649683861022995, 
        7.1649683861022995, 
        7.1649683861022995, 
        7.1649683861022995, 
        7.1649683861022995, 
        7.1649683861022995, 
        7.1649683861022995, 
        17.81949016554315, 
        17.81949016554315, 
        17.81949016554315
    ], 
    "sum_NPV_B": [
        4.974461033170635, 
        5.417582479448347, 
        1.2338900821384542, 
        17.81949016554315, 
        1.0574093137996026, 
        7.9033810509721, 
        5.703400839276353, 
        1.0574093137996026, 
        7.9033810509721, 
        5.703400839276353
    ], 
    "dice_coefficient": [
        0.27749053498745985, 
        0.5914617930055445, 
        0.529580506827567, 
        0.43966738385226445, 
        1.0382986660095275, 
        0.33522444224697606, 
        0.08233983364098434, 
        0.5951483584991536, 
        0.727515456534774, 
        0.14290544582268305
    ], 
    "pearson_correlation": [
        0.638131862694625, 
        0.7410825995788201, 
        0.6911300742400915, 
        0.5910188348383368, 
        0.547313428377593, 
        0.31857801805644353, 
        0.6115210315309331, 
        0.7992966457867179, 
        0.4978611135140079, 
        0.7994280339121886
    ], 
    "match_A": [
        175374982, 
        175374982, 
        175374982, 
        175374982, 
        175374982, 
        175374982, 
        175374982, 
        538833505, 
        538833505, 
        538833505
    ], 
    "fraction of match covered by td injection": [
        0.2164770915657699, 
        0.6733547572993208, 
        0.41384638135913276, 
        0.6077732902672259, 
        0.518405385464869, 
        0.22707380165120453, 
        0.08816503309202078, 
        0.30364353837941865, 
        0.5711940339314141, 
        0.12345184660450774
    ], 
    "absolute_overlap": [
        4200.390265188608, 
        6145.592013909501, 
        6912.74450710864, 
        4069.9126205657203, 
        9478.429410098295, 
        3547.7841061224017, 
        1120.2821522416566, 
        3843.4033547729714, 
        5756.388005345717, 
        1435.0421605635402
    ], 
    "distance": [
        725.9476565152614, 
        153.94804318340653, 
        836.9587803470372, 
        263.81811916545837, 
        386.52296180175375, 
        594.3904440685432, 
        833.9064695755753, 
        522.8766584960549, 
        334.81338085566415, 
        748.4650960465692
    ], 
    "absolute_overlap_lg_over_small": [
        4608.807366363029, 
        5961.419646156151, 
        5867.834915617268, 
        4002.723190135988, 
        3281.454455193236, 
        2097.9129227073227, 
        1138.2791410828968, 
        1922.0333540946685, 
        5277.2065136721685, 
        1593.8593452509501
    ], 
    "spearman_correlation": [
        0.5785158274044448, 
        0.7095307838618391, 
        0.5947872879690782, 
        0.3295803435983107, 
        0.4974351126119823, 
        0.565896284929631, 
        0.5312159168360886, 
        0.6374105384247071, 
        0.7332101826758156, 
        0.7729150637166718
    ], 
    "injection_overlap": [
        0.35215377706605183, 
        0.5152362764815657, 
        0.5795530734955653, 
        0.3412147470055751, 
        0.7946558549768912, 
        0.2974403553736954, 
        0.09392260394496237, 
        0.5835821743834109, 
        0.8740496686569275, 
        0.2178967303427895
    ], 
    "source": "RE", 
    "match_B": [
        204832205, 
        265286700, 
        184158290, 
        538833505, 
        170784358, 
        265947058, 
        278500868, 
        170784358, 
        265947058, 
        278500868
    ]
}