{
    "sum_NPV_A": [
        27.735278519623478, 
        27.735278519623478, 
        27.735278519623478, 
        27.735278519623478, 
        27.735278519623478, 
        27.735278519623478, 
        6.362374818032924, 
        6.362374818032924, 
        6.362374818032924
    ], 
    "sum_NPV_B": [
        30.299163210261835, 
        9.748664773050635, 
        6.362374818032924, 
        19.373646642279216, 
        15.21381530943846, 
        36.50531698966848, 
        19.373646642279216, 
        15.21381530943846, 
        36.50531698966848
    ], 
    "dice_coefficient": [
        0.0, 
        0.33153372609928133, 
        0.044117833553227175, 
        0.05790485588220143, 
        0.6668399677100344, 
        0.2474435860849983, 
        0.8156200142980612, 
        0.14733605433628005, 
        0.5132939191428798
    ], 
    "pearson_correlation": [
        0.2996831425095649, 
        0.946837459764568, 
        0.8292252644393499, 
        0.8930819118847025, 
        0.9611770193495244, 
        0.8720785340989465, 
        0.915355544246568, 
        0.8032012089730218, 
        0.9260931673687739
    ], 
    "match_A": [
        146858755, 
        146858755, 
        146858755, 
        146858755, 
        146858755, 
        146858755, 
        510834706, 
        510834706, 
        510834706
    ], 
    "fraction of match covered by td injection": [
        0, 
        0.22304824486496685, 
        0.025607821234704377, 
        0.03794240999355746, 
        0.4849247712109926, 
        0.31746850602602417, 
        0.5951770270115395, 
        0.1231988114718641, 
        0.853693648685966
    ], 
    "absolute_overlap": [
        0, 
        2036.7398322889032, 
        209.7704389619429, 
        456.43933065040164, 
        3348.1565423587804, 
        776.2654710450555, 
        4882.254908268208, 
        800.5301093238738, 
        2056.2039435005454
    ], 
    "distance": [
        599.1660871578097, 
        822.2530024268686, 
        770.0, 
        961.3012014972206, 
        703.846574190711, 
        458.9117562233506, 
        597.1599450733446, 
        611.4736298484179, 
        353.41194094144583
    ], 
    "absolute_overlap_lg_over_small": [
        0, 
        2475.433756460079, 
        145.31228448070544, 
        468.61840660952384, 
        4092.681093919585, 
        774.3872228522795, 
        7350.901276331673, 
        1039.7766343119565, 
        2082.378066561231
    ], 
    "spearman_correlation": [
        0.6335210089809411, 
        0.8980590828211318, 
        0.900188158999416, 
        0.8628165898648186, 
        0.9680503540617572, 
        0.8702968158507074, 
        0.8537983622852326, 
        0.8763128756730885, 
        0.8628550140152136
    ], 
    "injection_overlap": [
        0, 
        0.531088981437612, 
        0.054698576125365626, 
        0.11901858811823067, 
        0.8730467286912545, 
        0.20241467850078768, 
        0.8603808780515797, 
        0.14107432145756457, 
        0.362356859197597
    ], 
    "source": "VISal", 
    "match_B": [
        120437703, 
        500836105, 
        510834706, 
        518605900, 
        167794131, 
        524666904, 
        518605900, 
        167794131, 
        524666904
    ]
}