{
    "sum_NPV_A": [
        23.603602992796077, 
        23.603602992796077, 
        23.603602992796077, 
        23.603602992796077, 
        23.603602992796077, 
        23.603602992796077, 
        23.603602992796077, 
        23.603602992796077, 
        23.603602992796077, 
        35.44980671046243, 
        35.44980671046243, 
        35.44980671046243, 
        35.44980671046243, 
        35.44980671046243, 
        35.44980671046243, 
        35.44980671046243, 
        35.44980671046243, 
        11.376894208252823, 
        11.376894208252823, 
        11.376894208252823, 
        11.376894208252823, 
        11.376894208252823, 
        11.376894208252823, 
        11.376894208252823, 
        16.74045011383106, 
        16.74045011383106, 
        16.74045011383106, 
        16.74045011383106, 
        16.74045011383106, 
        16.74045011383106, 
        18.03932648387836, 
        18.03932648387836, 
        18.03932648387836, 
        18.03932648387836, 
        18.03932648387836, 
        16.675374244431662, 
        16.675374244431662, 
        14.758110346934078
    ], 
    "sum_NPV_B": [
        35.44980671046243, 
        11.376894208252823, 
        16.74045011383106, 
        18.03932648387836, 
        8.270868757499423, 
        8.024530774774844, 
        16.675374244431662, 
        14.758110346934078, 
        16.051806017407017, 
        11.376894208252823, 
        16.74045011383106, 
        18.03932648387836, 
        8.270868757499423, 
        8.024530774774844, 
        16.675374244431662, 
        14.758110346934078, 
        16.051806017407017, 
        16.74045011383106, 
        18.03932648387836, 
        8.270868757499423, 
        8.024530774774844, 
        16.675374244431662, 
        14.758110346934078, 
        16.051806017407017, 
        18.03932648387836, 
        8.270868757499423, 
        8.024530774774844, 
        16.675374244431662, 
        14.758110346934078, 
        16.051806017407017, 
        8.270868757499423, 
        8.024530774774844, 
        16.675374244431662, 
        14.758110346934078, 
        16.051806017407017, 
        14.758110346934078, 
        16.051806017407017, 
        16.051806017407017
    ], 
    "dice_coefficient": [
        0.25755134666289864, 
        0.02253513166650484, 
        0.17140569236453754, 
        0.18621729190364453, 
        0.02750423016872266, 
        0.4113653645853107, 
        0.03737063564260301, 
        0.09675662295507674, 
        0.09977526712014778, 
        0.0, 
        0.053983665418492255, 
        0.03782711596889981, 
        0.0, 
        0.38834623639677723, 
        0.39734356344783134, 
        0.8707239267812932, 
        0.0024974188420240325, 
        0.33902071052252053, 
        0.41643713382669567, 
        0.7411619660268195, 
        0.0811518338849905, 
        0.0, 
        0.0, 
        0.5502647209495168, 
        0.8737831683361642, 
        0.4396079379832679, 
        0.19303423392078334, 
        0.07028761303713914, 
        0.016333077967640167, 
        0.9033714487591228, 
        0.5933852713054212, 
        0.31304695614156713, 
        0.06620570184588594, 
        0.009079342374027095, 
        0.7675903649538187, 
        0.4171003159988101, 
        0.022839679133774264, 
        0.0015819794069263059
    ], 
    "pearson_correlation": [
        0.9177207374331824, 
        0.946507950080343, 
        0.9295099200279907, 
        0.9491572197819296, 
        0.9589917381058759, 
        0.8858724217889902, 
        0.8013824796166764, 
        0.9374127628591172, 
        0.9497788235871846, 
        0.8928511604919452, 
        0.9663002159847339, 
        0.8985160519166181, 
        0.8511781168864249, 
        0.8227725899451042, 
        0.8762575118425524, 
        0.9832490720013248, 
        0.9277040455548216, 
        0.9395339134312218, 
        0.9579497082512725, 
        0.9552811189114141, 
        0.8920125582936758, 
        0.7976346048508832, 
        0.9248691924551233, 
        0.9777127176786892, 
        0.9072397179822023, 
        0.8658866789832974, 
        0.8231717798399469, 
        0.8131997376845052, 
        0.9744332490011068, 
        0.9597953273439388, 
        0.9670506269202274, 
        0.9493311370295754, 
        0.8692910699617517, 
        0.9336136380532113, 
        0.9774108263752284, 
        0.8772199733080704, 
        0.8460670997960972, 
        0.9597829372395805
    ], 
    "match_A": [
        146077302, 
        146077302, 
        146077302, 
        146077302, 
        146077302, 
        146077302, 
        146077302, 
        146077302, 
        146077302, 
        100141599, 
        100141599, 
        100141599, 
        100141599, 
        100141599, 
        100141599, 
        100141599, 
        100141599, 
        523718823, 
        523718823, 
        523718823, 
        523718823, 
        523718823, 
        523718823, 
        523718823, 
        294481346, 
        294481346, 
        294481346, 
        294481346, 
        294481346, 
        294481346, 
        512314723, 
        512314723, 
        512314723, 
        512314723, 
        512314723, 
        502074651, 
        502074651, 
        159753308
    ], 
    "fraction of match covered by td injection": [
        0.1914029716403216, 
        0.020411051729643897, 
        0.12602544362552992, 
        0.11369485332098175, 
        0.017310282262810627, 
        0.23451661368173746, 
        0.02631675237281367, 
        0.0721434217318385, 
        0.08224737875028701, 
        0, 
        0.04551721349096691, 
        0.02751219705819462, 
        0, 
        0.25014441777531315, 
        0.3655163351144405, 
        0.8513268321675437, 
        0.0019559650883248215, 
        0.2677909540938238, 
        0.26495004387624266, 
        0.4887376645247915, 
        0.04075354453074232, 
        0, 
        0, 
        0.5083848429688913, 
        0.6422000020125936, 
        0.34067970356796884, 
        0.12527502026421458, 
        0.06565092852987858, 
        0.009385307169221282, 
        0.9122725458979463, 
        0.6438906922055216, 
        0.2292526914785392, 
        0.07387948562645709, 
        0.005167199496877202, 
        0.9979420040189402, 
        0.45279003768616827, 
        0.023730010779273912, 
        0.0018987556197062744
    ], 
    "absolute_overlap": [
        1251.106220205832, 
        64.44099120552971, 
        899.658035456978, 
        1479.8006932418018, 
        141.45176945529613, 
        3492.0597175395405, 
        85.5651272774885, 
        474.5667101327492, 
        434.0624591289122, 
        0, 
        400.2602897744704, 
        364.0199979541643, 
        0, 
        5306.107629172785, 
        3120.0036516475207, 
        6317.404159490021, 
        15.541900604121793, 
        1495.7879291216504, 
        2761.1671153753205, 
        3837.21270697846, 
        1203.7347339616126, 
        0, 
        0, 
        2281.3030718359714, 
        7494.982356915196, 
        4523.818789078098, 
        3017.1016288176284, 
        548.8126889288844, 
        120.50638897457611, 
        5732.70132451748, 
        8536.96313322159, 
        6469.928195043068, 
        818.3581475592312, 
        105.58313523166626, 
        8133.985737275118, 
        3316.295425127757, 
        158.0202634823895, 
        1.9591601491247275
    ],