{
    "image_series_id": 475616836, 
    "distance": [
        437.30659521169866, 
        1214.4063174032483, 
        803.2458951393166, 
        560.196767759033, 
        1122.3886617912308, 
        570.2080983213323, 
        954.6799281396102, 
        820.4915784441074, 
        1135.342588916414, 
        722.891439159735
    ], 
    "exclusion_zone_overlap": [
        0.36754363676842045, 
        0.00010237881306809514, 
        1.5337785560741994e-06, 
        0.394312673586784, 
        0.00069156584726924, 
        0.867617516574511, 
        0.5657251225997099, 
        1.417663881423238e-05, 
        3.8515076283221594e-05, 
        0.04283100570273792
    ], 
    "match_id": [
        112596790, 
        180709230, 
        272737914, 
        166153483, 
        272928602, 
        296048512, 
        296047806, 
        485846989, 
        513775257, 
        513773998
    ], 
    "fraction of match covered by td exclusion zone": [
        0.15305504145805873, 
        1.1309911287856055e-05, 
        2.821276732068725e-07, 
        0.12782121412184816, 
        0.0003783212960958103, 
        0.3432219870891883, 
        0.1239649723686621, 
        1.7533823991940424e-05, 
        8.999876564455437e-06, 
        0.016256366307509592
    ], 
    "source": "AIv", 
    "pearson_correlation": [
        0.6350934523073894, 
        0.7816490615987877, 
        0.6360118593599382, 
        0.7791581931976738, 
        0.30904962587806795, 
        0.8759893568859451, 
        0.5434872153591541, 
        0.6951806231482343, 
        0.7501048693473266, 
        0.8866762724175932
    ], 
    "spearman_correlation": [
        0.6218894334462427, 
        0.8327182796528741, 
        0.6714922427361177, 
        0.8080481586164316, 
        0.44194417308405826, 
        0.8512131005232808, 
        0.6085356906456942, 
        0.4807764102872924, 
        0.5216156783031335, 
        0.6829152277318044
    ], 
    "injection_overlap": [
        0.2969432022811495, 
        3.617515274076959e-05, 
        4.739522570687888e-09, 
        0.4353393333527308, 
        1.1213537674351186e-05, 
        0.9666495935667136, 
        0.5823464532334967, 
        0, 
        5.2799644828885573e-05, 
        0.009495835860860958
    ], 
    "fraction of match covered by td injection": [
        0.05167560662882934, 
        2.401043410198525e-06, 
        1.770153086441087e-07, 
        0.06990150535761774, 
        1.113344511589593e-06, 
        0.19956008856824092, 
        0.06328124798680619, 
        0, 
        4.2773820486893315e-06, 
        0.005994467405829409
    ]
}