{
    "image_series_id": 475617622, 
    "distance": [
        792.0777834171602, 
        849.5976226044249, 
        666.8701873136094, 
        626.9370035730835, 
        875.722943932908, 
        669.6369211191452, 
        494.3595334887754, 
        725.1103984658604, 
        1032.6600853806026, 
        331.3388953790057, 
        828.835875573262, 
        587.5792015050525
    ], 
    "exclusion_zone_overlap": [
        0.010221999164567903, 
        0.009929438876567737, 
        0.003190901422842841, 
        0.26413895893365663, 
        0.33275705552201235, 
        0.3364077684750809, 
        0.3264884109391386, 
        0.01355004521498706, 
        1.2498762132490568e-06, 
        0.462767162102185, 
        0.08327251599070119, 
        0.3803157934970185
    ], 
    "match_id": [
        112423392, 
        157711748, 
        158435116, 
        126860974, 
        478376197, 
        496554237, 
        480994108, 
        287769286, 
        286313491, 
        478582494, 
        263106036, 
        167902586
    ], 
    "fraction of match covered by td exclusion zone": [
        0.04850043689959771, 
        0.06747099038948919, 
        0.016524144279780925, 
        0.2990193211629144, 
        0.2478465680989853, 
        0.46333923382015474, 
        0.200428182156572, 
        0.0242081506152353, 
        2.309471438707798e-05, 
        0.6514186228995593, 
        0.11558551865684474, 
        0.2490625949291975
    ], 
    "source": "ORBm", 
    "pearson_correlation": [
        0.5618700419407155, 
        0.6001497377229319, 
        0.5906049428969785, 
        0.8169723925536708, 
        0.61283583502546, 
        0.6890670262007295, 
        0.5581934393138354, 
        0.4438424270654126, 
        0.5459074624680232, 
        0.6117249914629304, 
        0.5810208492995044, 
        0.7527132190855386
    ], 
    "spearman_correlation": [
        0.6921990560114724, 
        0.7443106615826665, 
        0.7105433991622526, 
        0.8447769984268334, 
        0.8583131333537767, 
        0.8746735343281191, 
        0.8246108665857934, 
        0.7305832641513571, 
        0.8653566429868795, 
        0.8759491777128378, 
        0.752881277579066, 
        0.862859767277799
    ], 
    "injection_overlap": [
        0.003862053629628945, 
        0.003967190791608815, 
        0.0002490929706547127, 
        0.3129103814155273, 
        0.3285465506696188, 
        0.34205118882587915, 
        0.40214946889163167, 
        0.0040359501258331884, 
        0, 
        0.5380983685224326, 
        0.056701896624220975, 
        0.39909840442723604
    ], 
    "fraction of match covered by td injection": [
        0.01206505520924974, 
        0.02220492847698578, 
        0.00022498811700263178, 
        0.16878336334316252, 
        0.11760959374189434, 
        0.2128010902373719, 
        0.11389012051357114, 
        0.005012973497771484, 
        0, 
        0.38379922860125143, 
        0.04224975054552203, 
        0.13352628560000446
    ]
}