{
    "image_series_id": 483094671, 
    "distance": [
        768.7619598335351, 
        543.3282186249785, 
        927.6491244330227, 
        1697.0832829233336, 
        585.6083154391771, 
        1094.6052035342766, 
        770.9893615102883, 
        849.6110855568586, 
        481.16916237583075, 
        749.1567725506433, 
        919.8722698879407, 
        977.4432114396736, 
        425.46295430494615, 
        508.54668036341076, 
        237.90454882233252, 
        531.9510988816511, 
        465.19300214553783, 
        469.66830253461006, 
        564.5027990100043, 
        1122.8492996925736, 
        580.0555407122623, 
        902.567911144308
    ], 
    "exclusion_zone_overlap": [
        0.01072225166385711, 
        0.00014958686032320696, 
        0.0722774783855357, 
        0.08167484395642088, 
        0.014082158195699794, 
        0.03208568667799132, 
        0.2316513245479586, 
        0.04577099863695109, 
        0.5560038983137666, 
        0.2822346041049045, 
        0.04770839307476435, 
        0.006036088047628291, 
        0.9568971858791339, 
        0.01963917674333887, 
        0.21868808994705044, 
        0.01687219825927851, 
        0.06705498521638678, 
        0.011595801539901302, 
        0.22105390216331777, 
        0.003993278819387884, 
        0.001462537255619357, 
        0.005123102933456199
    ], 
    "match_id": [
        142656218, 
        157062358, 
        142654100, 
        113226232, 
        127089669, 
        642967852, 
        640081415, 
        272414403, 
        579409876, 
        232311959, 
        287028480, 
        182794184, 
        603468246, 
        648252402, 
        590988082, 
        657172447, 
        166083557, 
        554334685, 
        576340889, 
        299446445, 
        298178204, 
        661987195
    ], 
    "fraction of match covered by td exclusion zone": [
        0.003447283501743749, 
        2.4851217059578875e-05, 
        0.013792901080053169, 
        0.001787232836566005, 
        0.0009669633588575027, 
        0.002508830079471795, 
        0.06402308196295252, 
        0.007227162472741863, 
        0.07202775512668318, 
        0.10342919665356835, 
        0.0006039980676214474, 
        0.0021463081732582836, 
        0.08318224298989033, 
        0.003205441422415035, 
        0.170406508830718, 
        0.00238973899468336, 
        0.008228894254854882, 
        0.0008382006618264313, 
        0.014321755218113108, 
        0.00040144694493846154, 
        0.00012127849595987526, 
        0.00025612112260320097
    ], 
    "source": "ENTl", 
    "pearson_correlation": [
        0.7072381280326228, 
        0.5327225177153815, 
        0.7007269277056452, 
        0.5002031555269145, 
        0.5195115487443221, 
        0.67925670862405, 
        0.7429789860089779, 
        0.6261038782228241, 
        0.7104913375099774, 
        0.7827566009862518, 
        0.7055854588518835, 
        0.7232258231601171, 
        0.6649418114774063, 
        0.516766978966917, 
        0.515322713993152, 
        0.6466407920843906, 
        0.6249511455814756, 
        0.5488317820564561, 
        0.5144042909041306, 
        0.47110633146486, 
        0.5380450987086847, 
        0.5846794966322468
    ], 
    "spearman_correlation": [
        0.7632648415509039, 
        0.6272853095552211, 
        0.6428955667818944, 
        0.3190267545759747, 
        0.7772003803664191, 
        0.6910302243230919, 
        0.7278081879081612, 
        0.6633179033267966, 
        0.7683040654820236, 
        0.7707675792089904, 
        0.5508142705898124, 
        0.7600708375660494, 
        0.6855281996926522, 
        0.6759298891074774, 
        0.6186258783452299, 
        0.7443270056571639, 
        0.600761576820532, 
        0.7274359775140538, 
        0.6289864170556478, 
        0.43626791921302605, 
        0.6479155348128263, 
        0.6391415510837096
    ], 
    "injection_overlap": [
        0, 
        1.084089276938199e-05, 
        0, 
        0.030360677862475996, 
        0.03160686949321536, 
        0, 
        0.14312461862301065, 
        0, 
        0.6722860488563301, 
        0.21870684572589758, 
        0.004343001615467068, 
        0, 
        1.0, 
        0.037410616762677755, 
        0.3813425228518696, 
        0.021398375281708442, 
        0.09060731579216184, 
        1.603059567100902e-05, 
        0.3833758819539324, 
        0.0020025165500371428, 
        6.48023117326817e-05, 
        0.017065687459909964
    ], 
    "fraction of match covered by td injection": [
        0, 
        2.4687413367477175e-08, 
        0, 
        0.00031904044589004286, 
        0.0001757192878064445, 
        0, 
        0.004678676280680997, 
        0, 
        0.02287751108473937, 
        0.018010612239439998, 
        4.518763878251761e-05, 
        0, 
        0.028159914015617273, 
        0.0017767702532955282, 
        0.07792094123899572, 
        0.0013514379856963841, 
        0.0028939969290911528, 
        4.347048618453798e-06, 
        0.008932600686685206, 
        0.00010476434053839317, 
        1.4228929189740735e-07, 
        0.00010410132986300242
    ]
}