{
    "image_series_id": 495346667, 
    "distance": [
        624.3989575699416, 
        999.4941553196207, 
        257.02723471782843, 
        642.2311210801226, 
        1030.7135483786262, 
        954.9557850179169, 
        3105.24815540232, 
        753.9210771126395, 
        426.8680290913662, 
        913.6063226685652, 
        547.5807136538382, 
        620.8719500247495, 
        621.9813417703853, 
        635.1201792740547, 
        225.67833413239413, 
        940.3787702924856, 
        865.0575315270279, 
        522.4816220350284, 
        1419.2120922908814, 
        483.3529140261115, 
        910.1881896918616, 
        597.667927210816, 
        720.0543057460258, 
        769.3254313787919, 
        916.7768739338014, 
        1691.463353418409, 
        2030.3709280441258, 
        795.1111510536174, 
        397.9763499857493, 
        640.4386467885707, 
        325.9493744149185, 
        1776.8723231042136, 
        435.3572493482385, 
        710.2546208069521, 
        703.7890614765652, 
        544.8100404045852, 
        670.1222852923372, 
        804.147536360197, 
        481.5824032839221, 
        697.4044656149357, 
        618.3025089322908, 
        607.5467801650392, 
        122.48497212267945, 
        596.2789305938143, 
        425.21652135777543, 
        837.4794391468541, 
        643.7028070708994, 
        477.72012008745315, 
        269.02526899771664, 
        766.2039398922725, 
        312.2678857591042, 
        279.07008673768263, 
        1078.021089280143, 
        1522.239202361078, 
        638.8054973701474, 
        493.35118377195727, 
        715.5239859260209, 
        559.2874351817569, 
        785.9138405021506, 
        440.0369430736519, 
        670.8726161937376, 
        616.9216946774101, 
        740.9549776711114
    ], 
    "exclusion_zone_overlap": [
        0.15241843824878107, 
        0.000987178584669356, 
        0.15482754399207027, 
        0.15383035727487263, 
        0.023251001707121625, 
        1.072943602255503e-06, 
        3.810005863415631e-06, 
        0.23191325220152958, 
        0.33261761782333993, 
        0.010094826896182173, 
        0.19395245181354445, 
        0.2106313585520644, 
        0.07730414684107942, 
        0.1286855649482604, 
        0.23915757653006584, 
        0.020735472170786383, 
        0.07218750655230671, 
        0.3467192330705834, 
        0.01394435211074689, 
        0.3677069237917027, 
        2.937000337397117e-05, 
        0.11609155376716439, 
        0.04137723351729471, 
        0.012749545939552336, 
        0.07885659733836302, 
        0.32269687324566776, 
        0.03507990101648754, 
        0.03294133859844202, 
        0.770000943573561, 
        0.033174527938052756, 
        0.0757398412184906, 
        0.0002410845360983546, 
        0.10842093077361536, 
        0.035848628039197625, 
        0.0056613204548230265, 
        0.045404332027205806, 
        0.054143129309721955, 
        0.0010510603605260681, 
        0.18709000009463014, 
        0.004377619676805667, 
        0.0783144071989714, 
        0.1255362055090423, 
        0.2617901894697066, 
        0.052726047171738975, 
        0.1157916200136391, 
        0.005412362687320101, 
        0.0546159723400989, 
        0.023202860175518248, 
        0.10633231148084446, 
        6.487430685193019e-07, 
        0.12693792269414242, 
        0.04583036584816484, 
        0.0020483080580714977, 
        0.030622797164125436, 
        0.31108834768025967, 
        0.05183923616823227, 
        0.17509868977253804, 
        0.06786226590114745, 
        0.0005365652959012768, 
        0.4229056409205426, 
        0.004453392427322353, 
        0.0852778765462741, 
        0.005252133253646153
    ], 
    "match_id": [
        307297141, 
        180296424, 
        100147853, 
        307321674, 
        126115436, 
        304586645, 
        626107114, 
        307558646, 
        307320960, 
        307743253, 
        113887868, 
        307557934, 
        309003780, 
        307137980, 
        304585910, 
        309004492, 
        309113907, 
        307296433, 
        127711098, 
        307593747, 
        174361040, 
        100141219, 
        272782668, 
        304762965, 
        309372716, 
        638314843, 
        120280939, 
        500836840, 
        512315551, 
        606929366, 
        522409371, 
        603468246, 
        500837552, 
        574941472, 
        530555292, 
        482578964, 
        266250195, 
        536298726, 
        479755622, 
        510417993, 
        479701339, 
        479984127, 
        535692871, 
        501115762, 
        603479758, 
        479983421, 
        546103149, 
        517072832, 
        121510421, 
        593016678, 
        503323656, 
        272930013, 
        482580380, 
        661987195, 
        584511827, 
        510417255, 
        593277684, 
        480069939, 
        523718075, 
        601476074, 
        580150240, 
        479756361, 
        503069254
    ], 
    "fraction of match covered by td exclusion zone": [
        0.14686044858342134, 
        0.00045699254955839925, 
        0.9337590358940416, 
        0.13414954762111392, 
        0.04757019437422448, 
        7.149873491851984e-06, 
        4.698089923691945e-05, 
        0.14247528513124158, 
        0.41345770460365466, 
        0.015879770631625587, 
        0.39238703029258615, 
        0.2475928914215372, 
        0.16204135733004724, 
        0.18026503856561393, 
        0.9652740974219963, 
        0.013331139429293985, 
        0.062059116328129556, 
        0.2789433504774312, 
        0.0515936292773974, 
        0.46247134500313347, 
        0.00016435367231048143, 
        0.2674492134683383, 
        0.09288992588517199, 
        0.021568264976206696, 
        0.055227164145571515, 
        0.13774704129648746, 
        0.08130387610447454, 
        0.0476166268797594, 
        0.3173989895234509, 
        0.1648782819673502, 
        0.7160889549488423, 
        0.0002612855856801499, 
        0.3539349803366683, 
        0.0882755024186617, 
        0.0246777444861359, 
        0.3926392617259747, 
        0.15967487086031446, 
        0.0018425960460437933, 
        0.6041629751565649, 
        0.02390963055216999, 
        0.3570492591178445, 
        0.2580264604565958, 
        0.9974418325768407, 
        0.17777597901921982, 
        0.4845533501017643, 
        0.007831803366253907, 
        0.2549067795680296, 
        0.6543537387333151, 
        0.9730250695915752, 
        3.8755750572545364e-05, 
        0.6469260275696306, 
        0.9893633627171944, 
        0.0007952499317424086, 
        0.010095777552880394, 
        0.1740378470691023, 
        0.49479394443560903, 
        0.18305968159847277, 
        0.18358299190355204, 
        0.001929749759900725, 
        0.435955537199223, 
        0.06870863583878452, 
        0.2878320750805317, 
        0.02645213644566454
    ], 
    "source": "VISp",