{
    "image_series_id": 504176074, 
    "distance": [
        544.0631939390057, 
        466.08009951444484, 
        222.61988856736775, 
        922.1183057496955, 
        496.886567918296, 
        2453.819935849832, 
        1067.5889215793256, 
        728.2931968885132, 
        619.674528538712, 
        432.59265192553505, 
        750.2999447587075, 
        859.5740410624044, 
        181.89976095079288, 
        2108.3087994985103, 
        466.30200405047236, 
        889.6451514388694, 
        268.4079069821144, 
        160.82033396480978, 
        643.3669824335332, 
        314.74612166517204, 
        352.14315728975265, 
        1020.1468636848772, 
        900.3735068181396, 
        1515.554221235512, 
        751.274046424969, 
        1573.712417544643, 
        181.64483836863758, 
        916.5745543012144, 
        258.9314820815182, 
        714.194608173248, 
        770.9772421186324, 
        471.9904562134387, 
        241.40868266428959, 
        339.644935108578, 
        901.3606567811645, 
        566.6271451768188, 
        636.8157639641938, 
        729.6215489292052, 
        857.7596110126553, 
        2003.8246970698792, 
        270.67916390804766, 
        347.5724434322039, 
        431.90647963108944, 
        1747.8767887684187, 
        189.17786272222278, 
        872.9449342724469, 
        607.6753462086862, 
        995.3816420912203
    ], 
    "exclusion_zone_overlap": [
        0.33257584159026216, 
        0.07547273420998753, 
        0.8275416136307231, 
        3.7596254245690616e-06, 
        0.4912475854280607, 
        0.05159615147202306, 
        0.004670174512222686, 
        0.12444120892852523, 
        0.2287120744737839, 
        0.11379518252196674, 
        0.025838629809855854, 
        1.7186227496318897e-06, 
        0.4848486100051008, 
        0.007132091626965132, 
        0.03731012959797134, 
        0.0010344919037491244, 
        0.9677272377275062, 
        0.7273596855060322, 
        0.34818779401538125, 
        0.20307224362828863, 
        0.3741887529122464, 
        0.22580903954725015, 
        0.0002722946792266224, 
        0.08529438222913702, 
        0.5888470384201091, 
        0.02353884961470389, 
        0.43165120134938656, 
        0.17738711335435675, 
        0.691289017626364, 
        0.00031626388333564075, 
        0.05787271959249722, 
        0.08068417097867754, 
        0.18850961763956015, 
        0.21032121486984656, 
        0.0009909894077579577, 
        0.02592576822810986, 
        0.03834466476361731, 
        0.00516496003945737, 
        0.0021874490416630495, 
        0.015416948238431368, 
        0.2617056935958435, 
        0.2992419431628742, 
        0.21829495308072394, 
        0.017597203387945563, 
        0.37400276234119484, 
        0.1272474516031363, 
        0.03323836838208125, 
        0.004132405896379093
    ], 
    "match_id": [
        307297141, 
        272916202, 
        180296424, 
        146858755, 
        307321674, 
        626107114, 
        307558646, 
        307320960, 
        307743253, 
        100141796, 
        116903968, 
        309003780, 
        304565427, 
        127222723, 
        112373830, 
        307137980, 
        309004492, 
        307295727, 
        307296433, 
        114250546, 
        127138787, 
        638314843, 
        500836105, 
        579409876, 
        512315551, 
        287028480, 
        479981981, 
        603468246, 
        479673174, 
        500837552, 
        574941472, 
        530555292, 
        495562600, 
        479700629, 
        518605900, 
        479982715, 
        286417464, 
        562520963, 
        593016678, 
        299446445, 
        479673887, 
        482580380, 
        661987195, 
        584511827, 
        479980810, 
        593277684, 
        480069939, 
        580150240
    ], 
    "fraction of match covered by td exclusion zone": [
        0.28947882360173305, 
        0.8601379606875469, 
        0.6461787312105461, 
        3.2853068989073254e-09, 
        0.3616594675738762, 
        0.0085601690959384, 
        0.0029535618210697998, 
        0.1282688303977335, 
        0.22875033171799947, 
        0.3487371729561751, 
        0.0817096689816529, 
        1.2493836718093159e-06, 
        0.9757567884195191, 
        0.0017952601762492749, 
        0.2528487054387468, 
        0.0012552701514128835, 
        0.5656410088719185, 
        0.7991772603105697, 
        0.23698786876518585, 
        0.7307207950604115, 
        0.9183126088067427, 
        0.07671352471979019, 
        0.0003375606167318454, 
        0.04148022993630679, 
        0.21155898037532375, 
        0.007001752602577541, 
        0.9764532047086959, 
        0.09860774821288572, 
        0.52372814912509, 
        0.0010688244814757513, 
        0.14509015850445317, 
        0.3872022949666274, 
        0.997112314626581, 
        0.9415970713399715, 
        0.0014858859729621893, 
        0.18211668993143137, 
        0.299529194635984, 
        0.03501535225645605, 
        0.0028520435224306676, 
        0.01646214306597181, 
        0.9422942853414376, 
        0.6381588015038662, 
        0.20209693302857112, 
        0.010132984503715123, 
        0.9874983903236692, 
        0.10649623188315835, 
        0.10651156828345001, 
        0.011196732697281966
    ], 
    "source": "VISl", 
    "pearson_correlation": [
        0.9285615165606467, 
        0.648142655661353, 
        0.9324056104037876, 
        0.9326096045458053, 
        0.9450494740691397, 
        0.4739910125852096, 
        0.9120688984087834, 
        0.917281193520876, 
        0.93241861358868, 
        0.9183922071669323, 
        0.9080542980765832, 
        0.8870373336122237, 
        0.9525286036912564, 
        -0.01788547522599664, 
        0.8953647280901142, 
        0.9088113013987279, 
        0.9306031737854318, 
        0.955624139651966, 
        0.9388045111939886, 
        0.9315731518730622, 
        0.9733094922862994, 
        0.39754078761054396, 
        0.8760650478823548, 
        0.6863720875570233, 
        0.874437007244182, 
        0.8037453257093833, 
        0.9689066502526621, 
        0.8669745791547924, 
        0.8732302556385516, 
        0.890123629680643, 
        0.9452239021671749, 
        0.9433518397621073, 
        0.9509142189088355, 
        0.9303221645600863, 
        0.8172241130254133, 
        0.933846220035223, 
        0.6957174102533038, 
        0.914638699856303, 
        0.9286047585446511, 
        0.4730728857655657, 
        0.9293505941441963, 
        0.9741687143632574, 
        0.8304073856578543, 
        0.8760494534110448, 
        0.9365381247481654, 
        0.8590188651383227, 
        0.9157434394712691, 
        0.9113647807658286
    ],