{
    "image_series_id": 521954271, 
    "distance": [
        465.89033525478624, 
        355.5985546850656, 
        837.7273329789482, 
        606.3908841118218, 
        569.7928217972552, 
        386.2463892382666, 
        1363.7365651722312, 
        1075.3046647501058, 
        781.8340216703307, 
        271.36166307537343, 
        801.3353060712019
    ], 
    "exclusion_zone_overlap": [
        0.1196978921076275, 
        0.16760081112003022, 
        0.01732561919559115, 
        0.13361719078920317, 
        0.10655515208892692, 
        0.2374440078698569, 
        0.0005612826065252785, 
        0.00011342064472015764, 
        0.010591670688671414, 
        0.47432953082727974, 
        0.01103568682021937
    ], 
    "match_id": [
        157556400, 
        157711748, 
        126860974, 
        478376197, 
        496554237, 
        286313491, 
        583747816, 
        286482701, 
        478582494, 
        263106036, 
        167902586
    ], 
    "fraction of match covered by td exclusion zone": [
        0.5612787369035013, 
        0.70815323567053, 
        0.032862732968341565, 
        0.2235007709173343, 
        0.20547735573209341, 
        0.7269443598466684, 
        0.0005569574193202842, 
        0.00025862623734190955, 
        0.02767955143481539, 
        0.7038014900789412, 
        0.01451757454346941
    ], 
    "source": "ILA", 
    "pearson_correlation": [
        0.3809345993139192, 
        0.751291951087784, 
        0.7594902230198215, 
        0.7149688548359758, 
        0.6892005245366041, 
        0.6146774160277465, 
        0.20972405530059493, 
        0.23335437996238861, 
        0.4719318480517816, 
        0.9208390330960191, 
        0.6434797642563247
    ], 
    "spearman_correlation": [
        0.5266430979950699, 
        0.8717587280109067, 
        0.7900402061222681, 
        0.7468331024805683, 
        0.7879682501813714, 
        0.7914767931118938, 
        0.3676503499503535, 
        0.3805043057176622, 
        0.6243718140693447, 
        0.9010739091679154, 
        0.6803936688870335
    ], 
    "injection_overlap": [
        0.07125789401190043, 
        0.169904006802889, 
        0, 
        0.019470315614219285, 
        0.14132309997879097, 
        0.21239827989030294, 
        0, 
        0, 
        0.0028557299056504257, 
        0.8198119441648142, 
        0
    ], 
    "fraction of match covered by td injection": [
        0.09575902933356532, 
        0.06174715709651459, 
        0, 
        0.004721497306200529, 
        0.025189844005533427, 
        0.12634720550353928, 
        0, 
        0, 
        6.668611529249303e-05, 
        0.16689913301217732, 
        0
    ]
}