{
    "image_series_id": 529129011, 
    "distance": [
        667.4225569391308, 
        922.7468709849769, 
        844.4840188066422, 
        427.8941351217553, 
        781.596852283238, 
        1023.4087661600208, 
        836.1000423185761, 
        1241.326908530904, 
        906.5224617506801, 
        703.7880810726643, 
        827.841294266594, 
        655.2781270189172, 
        867.4023546634016, 
        663.411627576755, 
        803.7126661772385, 
        683.8174908152286, 
        479.50878294353726
    ], 
    "exclusion_zone_overlap": [
        0.08934674848088445, 
        0.0003063979150401576, 
        0.002080657574879863, 
        0.06323386485990948, 
        0.31963851023918033, 
        4.586915516579893e-06, 
        0.052522925603045084, 
        1.4347273548348137e-05, 
        0.03174812910210568, 
        0.023125606129830095, 
        0.008640648054963933, 
        0.027559519096592988, 
        0.2152563493209167, 
        0.36088395727427136, 
        0.05250729154836121, 
        0.007153040546924467, 
        0.14051362142550736
    ], 
    "match_id": [
        100140949, 
        100148142, 
        272916915, 
        112424813, 
        501484658, 
        572588941, 
        584895127, 
        496113850, 
        646525997, 
        576341623, 
        571100135, 
        575782182, 
        592540591, 
        166054929, 
        159832064, 
        646525156, 
        591535205
    ], 
    "fraction of match covered by td exclusion zone": [
        0.2991926979224941, 
        0.003323972422784049, 
        0.013978486800796512, 
        0.9164745523249154, 
        0.5473961930582962, 
        2.5620721941294044e-05, 
        0.4552148613271324, 
        1.7493285985937294e-05, 
        0.04090385208944284, 
        0.09041272287945501, 
        0.021444139230018037, 
        0.08847877192018465, 
        0.5816473471501302, 
        0.7882651235045111, 
        0.26963154859702243, 
        0.036442397774989956, 
        0.7970867010264658
    ], 
    "source": "RSPd", 
    "pearson_correlation": [
        0.856388831393589, 
        0.7750783780838374, 
        0.8315431803241786, 
        0.9109691142689618, 
        0.8632519192298136, 
        0.9147182310588301, 
        0.9178280329199286, 
        0.8386880058353865, 
        0.8736017152838804, 
        0.8620607528520626, 
        0.8704920405439057, 
        0.853641893662832, 
        0.8781346524765117, 
        0.9576625188484745, 
        0.8238054512428323, 
        0.8809649966395862, 
        0.919037598536917
    ], 
    "spearman_correlation": [
        0.6371789386729033, 
        0.5734311117355823, 
        0.6875554683105027, 
        0.8661990934581417, 
        0.8299573854114525, 
        0.6736794456466193, 
        0.7462721625655493, 
        0.6910542005180418, 
        0.7064085414909888, 
        0.7294951704075638, 
        0.6488069697607861, 
        0.6352317860652986, 
        0.8293419183106653, 
        0.8169570753740575, 
        0.6944603215021877, 
        0.6237830273792242, 
        0.7411930981836578
    ], 
    "injection_overlap": [
        0.02187254337955675, 
        0, 
        0, 
        0.01019961859377498, 
        0.21140998049517476, 
        0, 
        0.004865531606092083, 
        0, 
        0.005771618925557909, 
        0, 
        0, 
        5.800720436709605e-07, 
        0.018004006582556686, 
        0.08619903369668061, 
        0.008505297934157711, 
        0, 
        0.09510674917192054
    ], 
    "fraction of match covered by td injection": [
        0.013037301875633844, 
        0, 
        0, 
        0.03283831717170173, 
        0.05661696322278985, 
        0, 
        0.00035409908700396135, 
        0, 
        0.00016275226836443834, 
        0, 
        0, 
        3.7130352074839067e-07, 
        0.009886204796919046, 
        0.03647442223179052, 
        0.005768742488046508, 
        0, 
        0.10732862797625055
    ]
}