{
    "image_series_id": 529428776, 
    "distance": [
        899.3334140715353, 
        681.9671463529105, 
        1247.7096390994664, 
        300.7624829411069
    ], 
    "exclusion_zone_overlap": [
        8.189807897022808e-07, 
        0.021547862662729914, 
        2.771197051445615e-07, 
        0.9109087290363039
    ], 
    "match_id": [
        146553971, 
        112881858, 
        127397469, 
        180435652
    ], 
    "fraction of match covered by td exclusion zone": [
        5.182444062690689e-06, 
        0.03366352185973925, 
        1.7064171371378033e-11, 
        0.2012064331722047
    ], 
    "source": "TEa", 
    "pearson_correlation": [
        0.34900128780425094, 
        0.6945872123494274, 
        0.3192297546038459, 
        0.7899764852866655
    ], 
    "spearman_correlation": [
        0.4278766827717256, 
        0.5309071428940865, 
        0.5572319033826275, 
        0.640225398118154
    ], 
    "injection_overlap": [
        0, 
        0.006092382123451293, 
        0, 
        0.9316933250138524
    ], 
    "fraction of match covered by td injection": [
        0, 
        0.00028868642700364237, 
        0, 
        0.01735024164158973
    ]
}