{
    "image_series_id": 530000865, 
    "distance": [
        681.6642899362239, 
        410.8379517040528, 
        616.0131966868531, 
        1059.762644795307, 
        238.40219673188085, 
        595.3320286464832, 
        468.0352860081967, 
        1217.8227510683012, 
        1086.839482487894, 
        215.02320409107818, 
        776.3316687510536, 
        2072.5465607744154, 
        1041.5151783553035
    ], 
    "exclusion_zone_overlap": [
        0.15968535692847188, 
        0.442556230166483, 
        0.3531870423243353, 
        0.014414792120890836, 
        0.7277679495781468, 
        0.2542765293392164, 
        0.4160283580869973, 
        0.005409712439623838, 
        0.0005505115386554669, 
        0.6037285350087542, 
        0.004952701113828502, 
        0.1439718022241694, 
        0.010975910475604266
    ], 
    "match_id": [
        558580065, 
        585051446, 
        585026021, 
        640282128, 
        127139568, 
        626107114, 
        113226232, 
        146984915, 
        127222723, 
        112672974, 
        100148554, 
        638314843, 
        299446445
    ], 
    "fraction of match covered by td exclusion zone": [
        0.3247936374274277, 
        0.7906281339128746, 
        0.5365984746809659, 
        0.0033379237543110876, 
        0.66285248964762, 
        0.5787682483542973, 
        0.3670110933400521, 
        0.011306948785661698, 
        0.0007297785381446, 
        0.656360065273161, 
        0.03447468839631578, 
        0.22542106654741764, 
        0.017781671670412457
    ], 
    "source": "ENTm", 
    "pearson_correlation": [
        0.4972481228836599, 
        0.545219069606853, 
        0.6367831113474511, 
        0.5285104210967316, 
        0.6849588530420657, 
        0.8991158778035552, 
        0.7717871098999494, 
        0.3395732358630584, 
        0.9030759100064765, 
        0.6769909301023019, 
        0.2250309440276626, 
        0.4085552251724294, 
        0.5745015362825941
    ], 
    "spearman_correlation": [
        0.5430905438674833, 
        0.5613936921194597, 
        0.6435678635820058, 
        0.7641042729346628, 
        0.6561346449422731, 
        0.6844105754972535, 
        0.6111861916107, 
        0.6643119053449872, 
        0.6573888414227507, 
        0.8419587807155838, 
        0.3825595361319524, 
        0.6645600404248422, 
        0.6221308399174397
    ], 
    "injection_overlap": [
        0.06682201634212874, 
        0.5087371387009935, 
        0.3121915890646336, 
        0, 
        0.8904900948199873, 
        0.33388261287753296, 
        0.5959222683640363, 
        0, 
        0.0002933401271597975, 
        0.6733562642154105, 
        0, 
        0.1521310243782534, 
        0.012432115137180434
    ], 
    "fraction of match covered by td injection": [
        0.016457562848042406, 
        0.1508469101545214, 
        0.06802350291876952, 
        0, 
        0.1459291742104264, 
        0.10928948729806312, 
        0.06041119485509368, 
        0, 
        1.8384380142356492e-05, 
        0.14980665475222565, 
        0, 
        0.06484636571531026, 
        0.002898454859666684
    ]
}