{
    "image_series_id": 552543088, 
    "distance": [
        697.3136426313667, 
        435.19405932878885, 
        298.9015700284014, 
        644.321637085931, 
        2345.4720978570704, 
        1217.3315580384774, 
        860.8343637347865, 
        827.2182709496788, 
        758.620139001388, 
        294.8552055500623, 
        844.7961715249314, 
        301.52664120048416, 
        1994.2758712390146, 
        313.3423760750462, 
        421.7894863491882, 
        861.2525150149606, 
        313.5503506465948, 
        769.4664991785476, 
        177.95063894892945, 
        372.70620019652335, 
        1721.0258098343784, 
        955.0783146558025, 
        1374.620798920752, 
        888.9891564102142, 
        1476.5008879613317, 
        334.6138143603668, 
        786.140437189314, 
        232.88099799042985, 
        849.171546478988, 
        621.0140407497, 
        256.4471908073916, 
        401.3767567875303, 
        939.5035211865395, 
        677.8108634125145, 
        674.1147075980608, 
        537.1715805542028, 
        723.2645832792144, 
        612.0534018209094, 
        1881.407236933241, 
        324.3729548615623, 
        922.2268943896022, 
        628.3033017654537, 
        459.3907795580352, 
        329.8037583636092, 
        226.57482888659254, 
        941.552146071991, 
        1174.1174983177405
    ], 
    "exclusion_zone_overlap": [
        0.12298085099376542, 
        0.05284874584708318, 
        0.8197823874307096, 
        0.23506076549568722, 
        0.026137593795733275, 
        1.137240942494293e-08, 
        0.001861529677191435, 
        0.0004233217494729405, 
        0.13874555636405397, 
        0.34015585526972936, 
        0.005915696163872926, 
        0.3289850909953031, 
        0.00016779919250107058, 
        0.19845605844280237, 
        0.7746491132812766, 
        0.003875274418429986, 
        0.6861647348031678, 
        0.10697116236368569, 
        0.39025936996351696, 
        0.22486394043810762, 
        5.937211128936186e-05, 
        0.16601822933109792, 
        0.16141447387807847, 
        0.3649582599109306, 
        0.014265914399422305, 
        0.2583600198675229, 
        0.1069697459761804, 
        0.8106119952650893, 
        1.4339995228692697e-05, 
        0.01254089908919871, 
        0.21298659934367248, 
        0.19472316599380846, 
        0.00045100493917633086, 
        0.05632538786334044, 
        0.0053540500197393984, 
        0.024931204586017535, 
        0.02675292196051955, 
        0.015089773950238302, 
        0.03657214881752576, 
        0.2710353932655531, 
        0.010013703681670844, 
        0.02534992063217015, 
        0.3003348439485756, 
        0.33399263735716167, 
        0.43859655935094427, 
        0.16144939878550701, 
        0.0015407389628357363
    ], 
    "match_id": [
        307297141, 
        272916202, 
        180296424, 
        307321674, 
        626107114, 
        307558646, 
        307320960, 
        157062358, 
        307743253, 
        100141796, 
        116903968, 
        304565427, 
        127222723, 
        112373830, 
        309004492, 
        127089669, 
        307295727, 
        307296433, 
        114250546, 
        127138787, 
        640081415, 
        638314843, 
        579409876, 
        512315551, 
        287028480, 
        479981981, 
        603468246, 
        479673174, 
        574941472, 
        530555292, 
        495562600, 
        479700629, 
        518605900, 
        166083557, 
        479982715, 
        554334685, 
        576340889, 
        286417464, 
        299446445, 
        479673887, 
        298178204, 
        648050335, 
        482580380, 
        661987195, 
        479980810, 
        593277684, 
        642809043
    ], 
    "fraction of match covered by td exclusion zone": [
        0.09155479555087137, 
        0.5634763445995403, 
        0.47310205339732586, 
        0.1375668861066547, 
        0.0027200106829413165, 
        3.425253274847731e-09, 
        0.0020684190198420557, 
        0.0013354208243357075, 
        0.11444229409232075, 
        0.760961964116009, 
        0.018708264717908176, 
        0.5921161072813618, 
        4.320662211601766e-05, 
        0.867020640978096, 
        0.35108048644678674, 
        0.006661887676583201, 
        0.5776530111303836, 
        0.0477218984490258, 
        0.990956317579794, 
        0.47475593935931204, 
        0.0001623564985231135, 
        0.0402713205259025, 
        0.06488413868731542, 
        0.10440827254392633, 
        0.0051185059281213825, 
        0.5868382290339341, 
        0.04693240764673396, 
        0.5198658357417905, 
        2.4589811385034503e-05, 
        0.06533695593671741, 
        0.9162273884292176, 
        0.7017468268155062, 
        0.0003623654381642304, 
        0.07329034088762916, 
        0.04160680473755294, 
        0.15686860533226554, 
        0.052168518728249104, 
        0.07597510538898597, 
        0.030321388271711793, 
        0.8057111417899255, 
        0.011677371528596228, 
        0.09252697294590884, 
        0.5347692986084007, 
        0.2923632021171531, 
        0.9538853276368061, 
        0.07691199464765819, 
        0.0003531479900696875
    ], 
    "source": "VISl", 
    "pearson_correlation": [
        0.8786104904937173, 
        0.7193974382653089, 
        0.876794815997691, 
        0.8858981934514291, 
        0.5588195976442134, 
        0.8806644660597772, 
        0.9107010037551951, 
        0.8462768316479004, 
        0.8854255424552592, 
        0.9285941102582, 
        0.8941479261211894, 
        0.8885982076074836, 
        -0.005342502133674005, 
        0.9341946375873995, 
        0.8565006212604106, 
        0.8407847812764089, 
        0.9147096681966655, 
        0.9388917099481429, 
        0.9507313190907125, 
        0.9399208587325273, 
        0.5304497582689541, 
        0.404671066750297, 
        0.7869486903133912, 
        0.8694276882063008, 
        0.8899146583554564, 
        0.8927441527269613, 
        0.8803763151438907, 
        0.8937625979441073, 
        0.9047499163687813, 
        0.8990051941973705, 
        0.9463255264077106, 
        0.9344826928155882, 
        0.8594694388856875, 
        0.8073611359001788, 
        0.8705776985176884, 
        0.831260258132693, 
        0.8183446323836848, 
        0.7761283613881321, 
        0.5284666205214044, 
        0.9164212610011581, 
        0.6550924001230092, 
        0.7713840404472272, 
        0.8967432685884267, 
        0.844155625603336, 
        0.9133858583483963, 
        0.8978934348899458, 
        0.13517765314896685
    ],