{
    "image_series_id": 561986735, 
    "distance": [
        173.27639876836025, 
        147.47206670605678, 
        501.56848616902187, 
        778.9274436977519, 
        349.49785658090104, 
        947.390868314681, 
        509.2780701305447, 
        117.58875750287105, 
        160.55903172426386, 
        1130.3682454670807, 
        709.1221569131599, 
        993.3784167799234, 
        682.0258487484831, 
        404.98419839828966, 
        504.89321967411274, 
        406.55442107878014, 
        112.32139382065891, 
        374.7226382140522, 
        673.5877796586725, 
        241.84110412398942, 
        710.5413787038672, 
        417.42479594873816, 
        231.22962580839285, 
        390.26168975313027, 
        767.0170531772524, 
        2431.80235674035, 
        2424.6496963273357
    ], 
    "exclusion_zone_overlap": [
        0.5098298897508673, 
        0.3720265411124906, 
        0.005967823483757801, 
        0.08278517612093923, 
        0.21812199484460512, 
        0.0021666550170045757, 
        0.1044096228596102, 
        0.690577497048225, 
        0.40723382890539717, 
        0.00025788005083581954, 
        0.15239381900558233, 
        0.025329238532825406, 
        0.11116765775714793, 
        0.20836968659146643, 
        0.3669797672724867, 
        0.2034454944003273, 
        0.45700663389174084, 
        0.2715429871814633, 
        0.003395615206559092, 
        0.3340818736904497, 
        0.08012636412276734, 
        0.1565927292023156, 
        0.7549085064264641, 
        0.11771792195508538, 
        0.003983027683118668, 
        0.04933130132039126, 
        0.049439507548867355
    ], 
    "match_id": [
        126861679, 
        100148503, 
        112229103, 
        116900714, 
        100141599, 
        598605738, 
        593018150, 
        518742338, 
        559878074, 
        540145406, 
        572588941, 
        511550172, 
        646525997, 
        576341623, 
        571100135, 
        575782182, 
        524667618, 
        502074651, 
        657042668, 
        159753308, 
        656959718, 
        646525156, 
        597007143, 
        562674923, 
        656632388, 
        267493760, 
        298003295
    ], 
    "fraction of match covered by td exclusion zone": [
        0.914107621363999, 
        0.9736052451291353, 
        0.05297714172346187, 
        0.05595039418453234, 
        0.5442865776408645, 
        0.003292764806100902, 
        0.270167562797015, 
        0.9653734116167791, 
        0.9940007864487915, 
        7.681886498678167e-05, 
        0.12727432751208667, 
        0.01999510548031926, 
        0.06429709060395392, 
        0.3458804647159055, 
        0.25942205645100663, 
        0.2655262688151819, 
        0.8901133957101599, 
        0.6377225431236071, 
        0.018067341312360416, 
        0.7885047975144445, 
        0.16471306784899398, 
        0.33820269218826154, 
        0.6863913497674315, 
        0.2818413561868074, 
        0.01830900158580637, 
        0.03037276763550989, 
        0.017335198183277008
    ], 
    "source": "VISam", 
    "pearson_correlation": [
        0.9419096501184433, 
        0.9715474570322518, 
        0.7725985960489172, 
        0.7232942146424493, 
        0.8787028195650447, 
        0.7502647892638451, 
        0.7084159122427857, 
        0.8947925986835518, 
        0.9203978281820105, 
        0.6464174739189996, 
        0.7636979318176771, 
        0.6245937335380505, 
        0.744911652289017, 
        0.7148571077989037, 
        0.740552014426834, 
        0.663820195534607, 
        0.9010786228742607, 
        0.8737021924891782, 
        0.8259899012770514, 
        0.8687489955309028, 
        0.7277481036484181, 
        0.8267969852618187, 
        0.878147725028864, 
        0.7316383570433739, 
        0.8261155020261218, 
        -0.027608923075888588, 
        0.43541840579401403
    ], 
    "spearman_correlation": [
        0.8579736563652077, 
        0.888859585423293, 
        0.8858163894754585, 
        0.6734624385019374, 
        0.8779910386018477, 
        0.8827631748667892, 
        0.6681539975832259, 
        0.861753426995197, 
        0.7355535352812832, 
        0.8183760710894861, 
        0.7950730969679691, 
        0.7456298506660018, 
        0.741734704124369, 
        0.756364766933443, 
        0.7758660359601143, 
        0.7888967393305639, 
        0.9056560319593487, 
        0.8574011135796153, 
        0.8677325765292153, 
        0.899775235825609, 
        0.8037586653840835, 
        0.8272699832920906, 
        0.9152502938607834, 
        0.747825881058604, 
        0.8379216859847909, 
        0.34403965296449407, 
        0.5368651527356021
    ], 
    "injection_overlap": [
        0.7458430974180548, 
        0.6495117789288852, 
        1.404475618068213e-05, 
        0.041836929880062566, 
        0.33039232351190245, 
        0, 
        0.06538785954367833, 
        0.8465229813018568, 
        0.41726481752444555, 
        0, 
        0.1342682400759328, 
        3.053291766368278e-06, 
        0.04221196678546039, 
        0.1959209131438178, 
        0.5646705573457611, 
        0.19660922988777738, 
        0.6668334085515988, 
        0.2975367631810863, 
        0, 
        0.5800453727748859, 
        0.002617145417841571, 
        0.1635191148360889, 
        0.9312151604217886, 
        0.08078473084678926, 
        0, 
        0.009084219744362779, 
        0.001562755358611261
    ], 
    "fraction of match covered by td injection": [
        0.4754249527582913, 
        0.6771493055782227, 
        6.991520967752129e-05, 
        0.009011932378067349, 
        0.1963410259756685, 
        0, 
        0.04859821462318958, 
        0.5131243265420374, 
        0.492730504573956, 
        0, 
        0.029917015350830106, 
        1.016803606319484e-06, 
        0.0077237358553421806, 
        0.12762338403991788, 
        0.11394653212141544, 
        0.10557685598325255, 
        0.5316286415324606, 
        0.20436811391776422, 
        0, 
        0.3892191446432566, 
        0.01663071660290405, 
        0.13381445497517638, 
        0.32670993485128175, 
        0.07713721231385066, 
        0, 
        0.004883755467183833, 
        0.0005475079465375659
    ]
}