{
    "image_series_id": 571647261, 
    "distance": [
        901.7725793171875, 
        471.1911053200029, 
        383.65525930514207, 
        327.3298835779801, 
        279.20789169722013, 
        191.76493082545133, 
        782.6843602443467, 
        754.4464794024643
    ], 
    "exclusion_zone_overlap": [
        0.0018836125701811655, 
        0.03519998224830791, 
        0.5869303636898862, 
        0.11976645015523385, 
        0.4587607433786374, 
        0.7127729825418749, 
        0.026926686181271302, 
        0.01019531935026019
    ], 
    "match_id": [
        100140949, 
        112424813, 
        501484658, 
        584895127, 
        592540591, 
        166054929, 
        159832064, 
        591535205
    ], 
    "fraction of match covered by td exclusion zone": [
        0.0008001296576646839, 
        0.28231597152150834, 
        0.4840551634731451, 
        0.4394479492349891, 
        0.44834108563907943, 
        0.5962130296008891, 
        0.051429522346741106, 
        0.010952147793661604
    ], 
    "source": "RSPv", 
    "pearson_correlation": [
        0.9669412300390641, 
        0.8367436672775205, 
        0.9255135105629487, 
        0.6969402161062741, 
        0.8821587252756337, 
        0.8994758560610912, 
        0.9793853001379511, 
        0.9500497356740114
    ], 
    "spearman_correlation": [
        0.7557664640398896, 
        0.9254652503976663, 
        0.796026199839159, 
        0.7948574859554836, 
        0.9497715009418702, 
        0.872188446731198, 
        0.7410666381022585, 
        0.7974361135583344
    ], 
    "injection_overlap": [
        0, 
        0.00628222587047632, 
        0.8697037537610718, 
        0.19447724384681206, 
        0.9068589675049014, 
        0.99821773811725, 
        0, 
        5.5867756422308876e-05
    ], 
    "fraction of match covered by td injection": [
        0, 
        0.010995084490586775, 
        0.1884514981055175, 
        0.043733563152473544, 
        0.17886205519052922, 
        0.2369527363253253, 
        0, 
        8.61550879157556e-05
    ]
}