{
    "image_series_id": 571653937, 
    "distance": [
        563.2599126805193, 
        760.5040553870343, 
        335.5150897843606, 
        627.853584355938, 
        2786.5150974754533, 
        625.6740417405649, 
        866.7569441111485, 
        182.94479833979108, 
        190.56327654907267, 
        711.8531671533578, 
        539.6544411959826, 
        659.4940849005961, 
        2365.83543151122, 
        540.4901808547255, 
        422.15759496086054, 
        883.3767361360239, 
        490.1633459571054, 
        847.3424811316701, 
        596.7059710407001, 
        706.946953764102, 
        1280.3342311151391, 
        881.2798317016546, 
        427.88848040827673, 
        1947.5783547386854, 
        848.6005274466664, 
        553.8318322368622, 
        639.4726978020371, 
        856.9465375721186, 
        490.49013869460714, 
        618.8225985987222, 
        525.6989905950401, 
        408.03458917388787, 
        523.5088123825435, 
        415.06492774680834, 
        337.3386169595541, 
        160.0451716647386, 
        439.6059404579516, 
        285.6248159277264, 
        771.27422809477, 
        526.6609396146697, 
        713.9423626525053, 
        446.7569581091271, 
        702.4723645104345
    ], 
    "exclusion_zone_overlap": [
        0.37982909413213556, 
        0.1590717647717244, 
        0.1776825631125638, 
        0.32417479391775905, 
        0.07120358920171313, 
        0.48296551308348934, 
        0.004535951147343016, 
        0.9743104440841421, 
        0.5088767948737749, 
        0.07811529242776354, 
        0.12416517039938385, 
        0.019663473205001728, 
        0.16320295992190273, 
        0.25665019818858553, 
        0.9489657372677942, 
        0.011909476075896161, 
        0.2891744514021812, 
        0.08332341878962488, 
        0.09661016071102521, 
        0.18276652443552402, 
        0.4898265328841773, 
        0.0001269088536621176, 
        0.13478621520365072, 
        2.2394252919716864e-05, 
        0.6534119092212044, 
        0.12319602845691965, 
        0.22461609239316163, 
        4.60704798011867e-07, 
        0.10770475429995165, 
        0.008874031570508884, 
        0.027120714774936563, 
        0.0643381106507687, 
        0.04684297548249308, 
        0.17596894419528464, 
        0.2947952304401913, 
        0.394557909094527, 
        0.1018209322026221, 
        0.32234067303221065, 
        0.24713350604660006, 
        0.07428763446919008, 
        0.008432137778796315, 
        0.03675015719916374, 
        8.4431797359476e-05
    ], 
    "match_id": [
        307297141, 
        180296424, 
        146858755, 
        307321674, 
        626107114, 
        307558646, 
        307320960, 
        307743253, 
        116903968, 
        307557934, 
        309003780, 
        304565427, 
        127222723, 
        307137980, 
        309004492, 
        309113907, 
        307295727, 
        307296433, 
        304762965, 
        309372716, 
        638314843, 
        127795906, 
        500836105, 
        579409876, 
        512315551, 
        479981981, 
        479673174, 
        500837552, 
        530555292, 
        510834706, 
        495562600, 
        479700629, 
        518605900, 
        167794131, 
        479982715, 
        562520963, 
        479673887, 
        482580380, 
        661987195, 
        479980810, 
        480069939, 
        524666904, 
        503069254
    ], 
    "fraction of match covered by td exclusion zone": [
        0.15466855454885542, 
        0.05898495105364742, 
        0.5645635583163887, 
        0.11228729948019324, 
        0.010671964939962881, 
        0.11516440411428248, 
        0.0031576414155649545, 
        0.5444735872606145, 
        0.7048493166061482, 
        0.040216681424186954, 
        0.11211751278739214, 
        0.02984404342488074, 
        0.020679649284233083, 
        0.14544471384472812, 
        0.2549727548320651, 
        0.002902797320417526, 
        0.1525891090182974, 
        0.030080225156442108, 
        0.031124525565658086, 
        0.05336465693080321, 
        0.11032668544376259, 
        0.00011646493293737333, 
        0.18434895969697493, 
        8.138241002090767e-07, 
        0.11159450644841933, 
        0.14458392466681486, 
        0.05269380203000567, 
        7.638786406415732e-08, 
        0.23479895537232848, 
        0.011690397707201903, 
        0.07085602339178103, 
        0.1513816012622705, 
        0.058641854001142156, 
        0.2792603097398978, 
        0.7823397426631135, 
        0.9595893397752667, 
        0.19348227781418592, 
        0.37517382562805723, 
        0.07242524925574789, 
        0.10945506251075082, 
        0.015048344534015545, 
        0.18198655065533412, 
        0.00025066895431714815
    ], 
    "source": "VISl", 
    "pearson_correlation": [
        0.9551633792125458, 
        0.9105397606650552, 
        0.952446996094555, 
        0.9367752704961089, 
        0.5025921844548633, 
        0.9744708151796602, 
        0.9772163661714426, 
        0.96703423186058, 
        0.9720782553870636, 
        0.9775239844267158, 
        0.9735796177914999, 
        0.9421379212083533, 
        0.09994577004983364, 
        0.9803867174800239, 
        0.8971211309665065, 
        0.9774726535605016, 
        0.9633268573082261, 
        0.9471300021278587, 
        0.9009738839925311, 
        0.9693232451226517, 
        0.5692162656175138, 
        0.44354616857270646, 
        0.9531035270444216, 
        0.8146455222669591, 
        0.8089660009062158, 
        0.9165050740737587, 
        0.9516523301224069, 
        0.9672267995610362, 
        0.9443874629797242, 
        0.7596589435417366, 
        0.9394997995703932, 
        0.9532419157638611, 
        0.9110297806305155, 
        0.9429743649837329, 
        0.9653843054757326, 
        0.9444563907015837, 
        0.9759273415039895, 
        0.9005748745798694, 
        0.8171990648258931, 
        0.975534240202861, 
        0.9843676607972802, 
        0.8621708963404411, 
        0.9870071573761349
    ], 
    "spearman_correlation": [
        0.7991877775745344, 
        0.8747385887458021, 
        0.914755691185799, 
        0.84752765485153, 
        0.34430595384776036, 
        0.8646691956866525, 
        0.8043578652280374, 
        0.9218605714631092, 
        0.8653225433879072, 
        0.7202497405296082, 
        0.8041430323814267, 
        0.8007783531915615, 
        0.15988029169942194, 
        0.9190522709258969, 
        0.9466846420257702, 
        0.8527864496440208, 
        0.9596457099472694, 
        0.775482690619857, 
        0.21406768771763368, 
        0.8633213842142242, 
        0.3603665747688137, 
        0.3153333263539644, 
        0.84078047251561, 
        0.5678061586360152, 
        0.744195973191289, 
        0.8351202366342806, 
        0.8166553694069225, 
        0.7450182710114382, 
        0.8722713369106467, 
        0.7958801920362023, 
        0.8507523068798776, 
        0.8981368586811842, 
        0.7731399804174328, 
        0.873605922539177, 
        0.9343660745343058, 
        0.8892070548582955, 
        0.9057415447570705, 
        0.784705403931194, 
        0.7298854159021071, 
        0.8816581323937874, 
        0.7625370839262295, 
        0.7673623374837685, 
        0.8130288268158256
    ],