{
    "image_series_id": 601900484, 
    "distance": [
        313.94883772798346, 
        1300.3832906500113, 
        701.5771113758996, 
        466.28245262457165, 
        326.86179178551293, 
        627.0821025604746, 
        152.12250642917883, 
        294.07464252179085, 
        261.8842366459391, 
        717.116450396872, 
        1074.0555131787164, 
        908.8046927629073, 
        428.43060077214744, 
        541.0556668019882, 
        552.3059178680104, 
        572.2198869983847, 
        295.1762720886151, 
        845.8935415324843, 
        1209.8476384920996, 
        893.2181835827444, 
        817.7922785176954, 
        196.74116316506996, 
        717.301750747237, 
        140.74946614060192, 
        186.0063100294447, 
        346.6601734326539, 
        896.3469239497094, 
        746.3508576503416, 
        616.8698109842629, 
        958.8366316796356, 
        894.524274128473, 
        256.7740234916221, 
        336.7253681505822, 
        636.2149326804131, 
        294.8469578012862, 
        873.5247144389607, 
        375.52163316803274
    ], 
    "exclusion_zone_overlap": [
        0.41973088037692935, 
        3.085741777339654e-05, 
        0.3653160334456782, 
        0.3732794662929809, 
        0.7360686831024251, 
        0.016245130521032835, 
        0.8263367653022599, 
        0.3241761181490672, 
        0.40411025880993917, 
        0.0006080531750562492, 
        0.01029957185659415, 
        0.0025089609157758984, 
        0.2832784429486443, 
        0.12639769133073514, 
        0.3698926934120928, 
        0.2190105164980509, 
        0.35989304404038974, 
        0.005586499590935699, 
        3.703093492977526e-06, 
        0.006556755987494175, 
        0.028884473956366934, 
        0.23993236021532813, 
        0.03998095523491406, 
        0.45531009242508286, 
        0.5413290517891975, 
        0.18561335915058558, 
        0.002088273330686547, 
        0.03995263648348955, 
        0.04023260637924436, 
        0.011332472037594183, 
        3.7087306073422453e-06, 
        0.45124471036075003, 
        0.0984559106591985, 
        0.05502888314158474, 
        0.5131138617727203, 
        0.007042896260170076, 
        0.25957648632697117
    ], 
    "match_id": [
        484504171, 
        175740500, 
        204832205, 
        278510903, 
        159432479, 
        166264185, 
        159331462, 
        506947040, 
        266839077, 
        294356922, 
        263106751, 
        301209502, 
        305449231, 
        267610466, 
        184158290, 
        183225830, 
        176897793, 
        175739791, 
        267928844, 
        170784358, 
        268399145, 
        573035760, 
        480703321, 
        305125123, 
        167373923, 
        545428296, 
        184157585, 
        168301446, 
        292321278, 
        181895006, 
        265947058, 
        167571459, 
        514333422, 
        479267539, 
        278500868, 
        558697990, 
        264707643
    ], 
    "fraction of match covered by td exclusion zone": [
        0.48030694993106576, 
        7.186237198162057e-06, 
        0.22872851965795232, 
        0.2993612236067143, 
        0.5157052571842096, 
        0.006807415808327771, 
        0.7999425931277472, 
        0.5548018878752413, 
        0.8509713000589961, 
        0.0014525733463456873, 
        0.002418862751984328, 
        0.002984713491704905, 
        0.5526170287375325, 
        0.09529689058328886, 
        0.26566359935561173, 
        0.2866091746399861, 
        0.8276169929999224, 
        0.0042086146910408516, 
        3.85907808382588e-09, 
        0.007024443432285481, 
        0.04486195190306244, 
        0.678489684749631, 
        0.016967952603841385, 
        0.9821702928878066, 
        0.9331318989223657, 
        0.8207805081517419, 
        0.0013840653100641624, 
        0.10068419518104611, 
        0.11675121154626486, 
        0.012319169202259533, 
        1.3459501149776906e-07, 
        0.5164900261322362, 
        0.32849455246468245, 
        0.12310409865038105, 
        0.5411059300031758, 
        0.011589164974770388, 
        0.493822020315996
    ], 
    "source": "AM", 
    "pearson_correlation": [
        0.7591693662444509, 
        0.499850738608863, 
        0.8158916355847138, 
        0.5081670455326246, 
        0.9355591239059928, 
        0.16210875248634446, 
        0.919434415751236, 
        0.9149636173685112, 
        0.8429179379049256, 
        0.20291722007738164, 
        0.10411519543376152, 
        0.4319136144253108, 
        0.5641236584445148, 
        0.47182541478909634, 
        0.8625399123608073, 
        0.4875702457058938, 
        0.8666267366919954, 
        0.25637654305031615, 
        0.5731280803772641, 
        0.7142270166021923, 
        0.46233391853599093, 
        0.7778461393996624, 
        0.1992683353154901, 
        0.7411529404727221, 
        0.6312327114349804, 
        0.44604705431366776, 
        0.3470910199570043, 
        0.5767535866079431, 
        0.28976409585012475, 
        0.6181306511021346, 
        0.27918719646123785, 
        0.7523438198011553, 
        0.7066221154394576, 
        0.39198650189303696, 
        0.8357159120783584, 
        0.7917020629424704, 
        0.6556568048632535
    ], 
    "spearman_correlation": [
        0.576327281812279, 
        0.690573421994748, 
        0.6809555516126472, 
        0.35127485321714186, 
        0.5909307044578237, 
        0.4513000328260648, 
        0.6256029574512509, 
        0.7163987713966973, 
        0.7197732307480416, 
        0.5997477432814207, 
        0.09538451024635478, 
        0.2825653098114402, 
        0.5591583598863678, 
        0.5681891233537435, 
        0.8141891488986173, 
        0.332487477563907, 
        0.5633410343361719, 
        0.29362307927730025, 
        0.5894434472889754, 
        0.8216723240487316, 
        0.6174322804779435, 
        0.805643073406514, 
        0.6164431212411735, 
        0.565346753511768, 
        0.6605208955435489, 
        0.47734700183081785, 
        0.21201860721366997, 
        0.42226509295403863, 
        0.5335715879428217, 
        0.5990878854441528, 
        0.6083769159146692, 
        0.5574047310709653, 
        0.8768092086628714, 
        0.5995850682798316, 
        0.6878869671595979, 
        0.5823179386540461, 
        0.7268140632847794
    ], 
    "injection_overlap": [
        0.693437350082258, 
        0, 
        0.6596595735572207, 
        0.18237850237962372, 
        0.9786004517830141, 
        0.002030201844220123, 
        0.966048753378229, 
        0.6235492119159347, 
        0.6914021887220534, 
        0, 
        0.0007244923960757769, 
        0, 
        0.2230209925488967, 
        0.03791157154402222, 
        0.20928567617296753, 
        0.16568386526543288, 
        0.4154114868141068, 
        0, 
        0, 
        0, 
        0.020932678721284646, 
        0.6009686370043551, 
        0.038893544862052334, 
        0.889715499354645, 
        0.7840360530132663, 
        0.1036183019043399, 
        0, 
        0.01883904722463332, 
        0, 
        0, 
        0, 
        0.8365863002412758, 
        0.07480481098268324, 
        0.002182530483125401, 
        0.6992446386457741, 
        0.00014940263630860125, 
        0.2610234724271583
    ],