{
    "image_series_id": 614435699, 
    "distance": [
        764.9672104474216, 
        88.99275557227493, 
        617.9036795091254, 
        500.76472394151074, 
        325.5933845726229, 
        245.32625266374671, 
        348.0956781925236, 
        637.6460642153133, 
        766.3041581773193, 
        327.24252720412676, 
        545.869387885497, 
        96.0291876805653, 
        631.3867754736276, 
        567.8541573556449, 
        225.28344724318148
    ], 
    "exclusion_zone_overlap": [
        0.04178639718485214, 
        0.8095462169163795, 
        0.01995409663679426, 
        0.19980717702266884, 
        0.2713199866724705, 
        0.7621302283333962, 
        0.08014011421047407, 
        0.06924305025745746, 
        0.04401858060251505, 
        0.6021314184833032, 
        0.21398333240759396, 
        0.5204190525750688, 
        0.2497956050831834, 
        0.05633970368413578, 
        0.7146467607974427
    ], 
    "match_id": [
        175740500, 
        292478008, 
        506947040, 
        267610466, 
        182805965, 
        267609756, 
        309702727, 
        267928844, 
        480703321, 
        292321278, 
        181895006, 
        286553311, 
        167571459, 
        514333422, 
        479267539
    ], 
    "fraction of match covered by td exclusion zone": [
        0.013527244319493273, 
        0.9237736237958991, 
        0.01597402794822739, 
        0.08415997133293183, 
        0.5388732256716168, 
        0.5254896169917634, 
        0.6537851253332623, 
        0.034504894099982565, 
        0.014243687656800756, 
        0.5404211791596866, 
        0.06238638124149291, 
        0.9751099889955855, 
        0.12562248829544617, 
        0.11460167890667736, 
        0.5354818135504463
    ], 
    "source": "AV", 
    "pearson_correlation": [
        0.31448770046161795, 
        0.9973123933947458, 
        0.07589408913656402, 
        0.14367001971840976, 
        0.9831754231132632, 
        0.5947786210418002, 
        0.9818417537311038, 
        0.1838958014127697, 
        -0.015416672066893485, 
        0.3323262115042532, 
        0.08886947217335837, 
        0.998864288826338, 
        0.3520861633309394, 
        0.21679470216975769, 
        0.6332355284409897
    ], 
    "spearman_correlation": [
        0.4876205973319701, 
        0.7695156884674714, 
        0.4424941400093, 
        0.4109261408310406, 
        0.8993514073299151, 
        0.45966974675903044, 
        0.512625701198054, 
        0.4345395582344906, 
        0.39660468879371774, 
        0.4154722371804758, 
        0.4235050272807131, 
        0.8996063978054837, 
        0.42358538625728326, 
        0.5745100772524552, 
        0.4378511357104496
    ], 
    "injection_overlap": [
        0.005919519478681399, 
        0.9849369896949351, 
        0.00012893729185291461, 
        0.06257957137795174, 
        0.16427948038590637, 
        0.9471349685064204, 
        0.022218319407687995, 
        0.021685619171131394, 
        0.00304601268251584, 
        0.6556336361796402, 
        0.26671934400612396, 
        0.7796877164594039, 
        0.15708558989899338, 
        0.008717540264458671, 
        0.9179681672414767
    ], 
    "fraction of match covered by td injection": [
        0.0012250492526833586, 
        0.5978726270203158, 
        2.5358870547226385e-06, 
        0.01371945196896575, 
        0.14707131065132698, 
        0.2539476147378974, 
        0.09608838252895152, 
        0.0035567194338179424, 
        0.0005893719342994764, 
        0.24521877463226902, 
        0.022959417574556076, 
        0.7930395701587527, 
        0.019245705214624265, 
        0.007003031133722214, 
        0.31583572894047474
    ]
}