{
    "image_series_id": 900249720, 
    "distance": [
        378.3132780216146, 
        343.9980433783249, 
        915.0655932777496, 
        665.095493770149, 
        572.8213131110643, 
        1225.1422800349171, 
        275.2949660087698, 
        428.1578523404447
    ], 
    "exclusion_zone_overlap": [
        0.1583848534304065, 
        0.36413656515966336, 
        0.009971605994779273, 
        0.0014543040145332021, 
        9.84424336316442e-06, 
        0.002368381005313518, 
        0.4134130534041685, 
        0.29706819168816695
    ], 
    "match_id": [
        127866392, 
        112951804, 
        126907302, 
        647806688, 
        648253235, 
        511550172, 
        657041814, 
        583748537
    ], 
    "fraction of match covered by td exclusion zone": [
        0.18271837991166312, 
        0.2468846000018675, 
        0.0033297684070218124, 
        0.0024608866275895674, 
        5.856097675555562e-06, 
        0.0002839769905872154, 
        0.46579271362331154, 
        0.09415228870987508
    ], 
    "source": "SSp-bfd", 
    "pearson_correlation": [
        0.8234658784132667, 
        0.8682107756062865, 
        0.8348664918846601, 
        0.8507516404127291, 
        0.8759171879748575, 
        0.4339269350075557, 
        0.9448217522565278, 
        0.5134471638793798
    ], 
    "spearman_correlation": [
        0.4531616259872042, 
        0.577653174515495, 
        0.268197770622253, 
        0.3811423172034652, 
        0.3756965548637567, 
        0.26460284093081415, 
        0.4939478109125682, 
        0.3849397109635301
    ], 
    "injection_overlap": [
        0.36884508300366786, 
        0.974914523762761, 
        0, 
        0, 
        0, 
        0, 
        0.9362660084535998, 
        0.729466382987656
    ], 
    "fraction of match covered by td injection": [
        0.019529801221991494, 
        0.06786702949950899, 
        0, 
        0, 
        0, 
        0, 
        0.08239452254217695, 
        0.012910415696961861
    ]
}