{
    "sum_NPV_A": [
        16.021199481020105, 
        16.021199481020105, 
        16.021199481020105, 
        16.021199481020105, 
        20.443576526761387, 
        20.443576526761387
    ], 
    "sum_NPV_B": [
        7.460469030146485, 
        20.443576526761387, 
        6.032280955322711, 
        10.346743935319193, 
        6.032280955322711, 
        10.346743935319193
    ], 
    "dice_coefficient": [
        0.014278854298709972, 
        0.0966509355533485, 
        0.331735516241656, 
        0.4047148334760462, 
        0.36889265166737134, 
        0.3007562523018152
    ], 
    "pearson_correlation": [
        0.7634630413502103, 
        0.756269092023879, 
        0.8423123178596996, 
        0.6295998436730682, 
        0.8344459704105377, 
        0.3144128679754324
    ], 
    "match_A": [
        112596790, 
        112596790, 
        112596790, 
        112596790, 
        166153483, 
        166153483
    ], 
    "fraction of match covered by td injection": [
        0.018842735324200714, 
        0.09459325631773105, 
        0.3190403229003509, 
        0.30800967591755796, 
        0.38435058665020944, 
        0.23095043087928982
    ], 
    "absolute_overlap": [
        213.6184493055531, 
        2246.955942250727, 
        7526.9801832521325, 
        11671.961768819618, 
        8356.770559670895, 
        10285.546516697228
    ], 
    "distance": [
        886.8483523128405, 
        449.1102314577124, 
        322.64531609803356, 
        934.986630920464, 
        492.54441424099, 
        744.7818472546172
    ], 
    "absolute_overlap_lg_over_small": [
        265.6321582551696, 
        2283.1764614637395, 
        7105.143213890374, 
        13632.85062499091, 
        8559.626374705867, 
        10222.122784212073
    ], 
    "spearman_correlation": [
        0.6652398682471714, 
        0.8479930406113338, 
        0.8775722645410561, 
        0.6264450498335019, 
        0.9172228835282055, 
        0.6035120879912689
    ], 
    "injection_overlap": [
        0.009243932813476734, 
        0.09723275228582087, 
        0.3257157765564998, 
        0.5050819849277542, 
        0.3462255996773169, 
        0.42613584821128314
    ], 
    "source": "AId", 
    "match_B": [
        272737914, 
        166153483, 
        296048512, 
        296047806, 
        296048512, 
        296047806
    ]
}