{
    "sum_NPV_A": [
        20.443576526761387, 
        20.443576526761387
    ], 
    "sum_NPV_B": [
        6.032280955322711, 
        12.939598144575742
    ], 
    "dice_coefficient": [
        0.36889265166737134, 
        0.0
    ], 
    "pearson_correlation": [
        0.8344459704105377, 
        0.6216428224872689
    ], 
    "match_A": [
        166153483, 
        166153483
    ], 
    "fraction of match covered by td injection": [
        0.38435058665020944, 
        0
    ], 
    "absolute_overlap": [
        8356.770559670895, 
        0
    ], 
    "distance": [
        492.54441424099, 
        1484.3853947004463
    ], 
    "absolute_overlap_lg_over_small": [
        8559.626374705867, 
        0
    ], 
    "spearman_correlation": [
        0.9172228835282055, 
        0.5509101098253978
    ], 
    "injection_overlap": [
        0.3462255996773169, 
        0
    ], 
    "source": "AIv", 
    "match_B": [
        296048512, 
        513773998
    ]
}