{
    "sum_NPV_A": [
        16.7620808104241, 
        16.7620808104241, 
        16.7620808104241, 
        11.129256727476776, 
        11.129256727476776, 
        26.846913958440553
    ], 
    "sum_NPV_B": [
        11.129256727476776, 
        26.846913958440553, 
        22.814828706583977, 
        26.846913958440553, 
        22.814828706583977, 
        22.814828706583977
    ], 
    "dice_coefficient": [
        0.770477198282372, 
        0.031101800825543223, 
        0.3294819940770043, 
        0.0, 
        0.5228619430056224, 
        0.0
    ], 
    "pearson_correlation": [
        0.9322832146811634, 
        0.8363572238759384, 
        0.9441199858141389, 
        0.8322952679291383, 
        0.88692526713627, 
        0.9186820840152428
    ], 
    "match_A": [
        158314278, 
        158314278, 
        158314278, 
        139519496, 
        139519496, 
        115958825
    ], 
    "fraction of match covered by td injection": [
        0.906992855519138, 
        0.029014065449112426, 
        0.6958648485139968, 
        0, 
        0.6369069736573516, 
        0
    ], 
    "absolute_overlap": [
        9500.20215065527, 
        463.4489171338895, 
        3709.693717555554, 
        0, 
        2721.295431611133, 
        0
    ], 
    "distance": [
        258.0697580112788, 
        486.7237409455183, 
        385.4867053479277, 
        511.76166327695944, 
        162.48076809271922, 
        609.507998306831
    ], 
    "absolute_overlap_lg_over_small": [
        6396.982811027819, 
        353.8107122322745, 
        3417.205274910096, 
        0, 
        3127.678994932232, 
        0
    ], 
    "spearman_correlation": [
        0.9482878513119583, 
        0.8912487838845166, 
        0.9475432209623231, 
        0.8423219308755354, 
        0.9029750255276898, 
        0.8826388257611161
    ], 
    "injection_overlap": [
        0.5395509699417586, 
        0.026320946522259046, 
        0.21068697399832595, 
        0, 
        0.38583744667458253, 
        0
    ], 
    "source": "AUDd", 
    "match_B": [
        139519496, 
        115958825, 
        182090318, 
        115958825, 
        182090318, 
        182090318
    ]
}