{
    "sum_NPV_A": [
        26.611212026736272, 
        26.611212026736272, 
        26.611212026736272, 
        26.611212026736272, 
        26.611212026736272, 
        26.611212026736272, 
        26.611212026736272, 
        26.611212026736272, 
        16.410055088248182, 
        16.410055088248182, 
        16.410055088248182, 
        16.410055088248182, 
        16.410055088248182, 
        16.410055088248182, 
        16.410055088248182, 
        10.020730256653456, 
        10.020730256653456, 
        10.020730256653456, 
        10.020730256653456, 
        10.020730256653456, 
        10.020730256653456, 
        12.800795227356783, 
        12.800795227356783, 
        12.800795227356783, 
        12.800795227356783, 
        12.800795227356783, 
        15.317425195042421, 
        15.317425195042421, 
        15.317425195042421, 
        15.317425195042421, 
        11.129256727476776, 
        11.129256727476776, 
        11.129256727476776, 
        22.814828706583977
    ], 
    "sum_NPV_B": [
        16.410055088248182, 
        10.020730256653456, 
        12.800795227356783, 
        15.317425195042421, 
        11.129256727476776, 
        9.068731407918861, 
        22.814828706583977, 
        13.276570884417675, 
        10.020730256653456, 
        12.800795227356783, 
        15.317425195042421, 
        11.129256727476776, 
        9.068731407918861, 
        22.814828706583977, 
        13.276570884417675, 
        12.800795227356783, 
        15.317425195042421, 
        11.129256727476776, 
        9.068731407918861, 
        22.814828706583977, 
        13.276570884417675, 
        15.317425195042421, 
        11.129256727476776, 
        9.068731407918861, 
        22.814828706583977, 
        13.276570884417675, 
        11.129256727476776, 
        9.068731407918861, 
        22.814828706583977, 
        13.276570884417675, 
        9.068731407918861, 
        22.814828706583977, 
        13.276570884417675, 
        13.276570884417675
    ], 
    "dice_coefficient": [
        0.0006957041708350853, 
        0.0015953917143114796, 
        0.0, 
        0.0, 
        0.0, 
        0.5556528143332109, 
        0.0, 
        0.6565691697636695, 
        0.4882034542297747, 
        0.014184802691008521, 
        0.0, 
        0.0, 
        0.06958690225958512, 
        0.0, 
        0.06529585157647735, 
        0.184401897225792, 
        0.0, 
        0.01076856437685447, 
        0.05685850595005451, 
        0.01558483772270534, 
        0.1182089912778653, 
        0.4062054088941376, 
        0.046196877975604116, 
        0.0, 
        0.17359894408801207, 
        0.00011177442408258465, 
        0.22880040821556213, 
        0.0, 
        0.6249318921247916, 
        0.00182055174489758, 
        0.0, 
        0.5228619430056224, 
        0.036394693318427145, 
        0.04371920479096966
    ], 
    "pearson_correlation": [
        0.9157852364522837, 
        0.9373292490092325, 
        0.9222499841137304, 
        0.9280127584636688, 
        0.8092812805624623, 
        0.7989506276645921, 
        0.851667066486302, 
        0.8377740975821736, 
        0.96844384751849, 
        0.8457187451798249, 
        0.8530855684392157, 
        0.7605724178992201, 
        0.8012337268180143, 
        0.8101025764887334, 
        0.858550148510357, 
        0.9359813663201594, 
        0.9330340896977638, 
        0.8529403683144035, 
        0.7657595157991147, 
        0.8430724954778769, 
        0.8169063648709795, 
        0.9551486765146266, 
        0.8471057562395254, 
        0.7009787355337335, 
        0.8129207411853098, 
        0.7307135651258019, 
        0.9375014377527714, 
        0.7107007166821689, 
        0.924748865932022, 
        0.7603154236339734, 
        0.640575119829433, 
        0.88692526713627, 
        0.679286102799682, 
        0.8346584977273757
    ], 
    "match_A": [
        146858006, 
        146858006, 
        146858006, 
        146858006, 
        146858006, 
        146858006, 
        146858006, 
        146858006, 
        112881858, 
        112881858, 
        112881858, 
        112881858, 
        112881858, 
        112881858, 
        112881858, 
        116903230, 
        116903230, 
        116903230, 
        116903230, 
        116903230, 
        116903230, 
        120491896, 
        120491896, 
        120491896, 
        120491896, 
        120491896, 
        100149109, 
        100149109, 
        100149109, 
        100149109, 
        139519496, 
        139519496, 
        139519496, 
        182090318
    ], 
    "fraction of match covered by td injection": [
        0.00023122436108614946, 
        0.00072069212472371, 
        0, 
        0, 
        0, 
        0.352661062965061, 
        0, 
        0.4402566682464606, 
        0.5053985899888788, 
        0.016722594553923914, 
        0, 
        0, 
        0.037310391295952976, 
        0, 
        0.04549477284136518, 
        0.1859081527490493, 
        0, 
        0.00974645877276565, 
        0.024114761599176162, 
        0.01685961199334042, 
        0.07651283599085433, 
        0.44304632439296837, 
        0.02954739759977919, 
        0, 
        0.14350240516152826, 
        5.808952140737561e-06, 
        0.18340897012816673, 
        0, 
        0.5686483119022431, 
        0.00034352739861273656, 
        0, 
        0.6369069736573516, 
        0.016336648427234143, 
        0.02243763293044767
    ], 
    "absolute_overlap": [
        4.9572746470876154, 
        9.836553511951934, 
        0, 
        0, 
        0, 
        6562.227320129914, 
        0, 
        6483.534293455601, 
        3258.285172858742, 
        91.93471549153855, 
        0, 
        0, 
        1120.3590984955063, 
        0, 
        365.30613094089995, 
        933.4633274300044, 
        0, 
        23.142925072615526, 
        860.8490146407523, 
        37.77055921672945, 
        329.2977560191224, 
        2005.992515149875, 
        292.7772279117646, 
        0, 
        914.256093007021, 
        1.398443450259947, 
        961.6085266993101, 
        0, 
        2863.823432680282, 
        21.532454821874126, 
        0, 
        2721.295431611133, 
        481.3802888178559, 
        531.4308911486959
    ], 
    "distance": [
        1063.8608931622593, 
        998.2484660644362, 
        760.3288762108144, 
        716.2401831787993, 
        522.1110992882645, 
        934.826187052973, 
        613.0252849597641, 
        214.7091055358389, 
        376.9615364994153, 
        803.8034585643434, 
        916.1877536837087, 
        1074.988372030135, 
        868.3893136145792, 
        961.0411021387171, 
        1241.7326604386308, 
        864.0601830891179, 
        852.936105461599, 
        975.9610647971567, 
        815.4753215150046, 
        865.8521813797087, 
        1140.7892005098927, 
        286.53097563788805, 
        483.4252786108728, 
        1301.9216566291536, 
        380.13155617496426, 
        844.393273303382, 
        285.3068523537421, 
        1326.6876045248935, 
        136.38181696985856, 
        744.1102068914255, 
        1289.3796958227626, 
        162.48076809271922, 
        489.38737212968624, 
        621.85207244167
    ],