{
    "sum_NPV_A": [
        6.682107514339084, 
        6.682107514339084, 
        6.682107514339084, 
        6.682107514339084, 
        6.682107514339084, 
        6.682107514339084, 
        11.32735922578381, 
        11.32735922578381, 
        11.32735922578381, 
        11.32735922578381, 
        11.32735922578381, 
        9.394946658705875, 
        9.394946658705875, 
        9.394946658705875, 
        9.394946658705875, 
        8.629500535951253, 
        8.629500535951253, 
        8.629500535951253, 
        15.552920387661425, 
        15.552920387661425, 
        8.564287724870473
    ], 
    "sum_NPV_B": [
        11.32735922578381, 
        9.394946658705875, 
        8.629500535951253, 
        15.552920387661425, 
        8.564287724870473, 
        3.2483052084393114, 
        9.394946658705875, 
        8.629500535951253, 
        15.552920387661425, 
        8.564287724870473, 
        3.2483052084393114, 
        8.629500535951253, 
        15.552920387661425, 
        8.564287724870473, 
        3.2483052084393114, 
        15.552920387661425, 
        8.564287724870473, 
        3.2483052084393114, 
        8.564287724870473, 
        3.2483052084393114, 
        3.2483052084393114
    ], 
    "dice_coefficient": [
        0.0, 
        0.0, 
        0.17472227350345904, 
        0.0, 
        0.0, 
        0.0, 
        0.0003846547799715533, 
        0.0, 
        0.0810595685127185, 
        0.0, 
        0.0, 
        0.0, 
        0.3132222909519845, 
        0.0, 
        0.0, 
        0.0, 
        0.0, 
        0.0, 
        0.0, 
        0.0, 
        0.0
    ], 
    "pearson_correlation": [
        0.6773122122479927, 
        0.8088276674472209, 
        0.6303829512675846, 
        0.8106620625163917, 
        0.772429612358687, 
        0.8022936857154409, 
        0.8542515638487386, 
        0.6733554477164898, 
        0.8659371521932895, 
        0.8648128484921671, 
        0.7699172266790761, 
        0.7559049897714633, 
        0.986356125596104, 
        0.956405077731541, 
        0.9166321643392816, 
        0.7617574101658947, 
        0.6795762302050737, 
        0.623224575133074, 
        0.9722829082906282, 
        0.9082501477627878, 
        0.9121837292284884
    ], 
    "match_A": [
        122641784, 
        122641784, 
        122641784, 
        122641784, 
        122641784, 
        122641784, 
        100147861, 
        100147861, 
        100147861, 
        100147861, 
        100147861, 
        116900714, 
        116900714, 
        116900714, 
        116900714, 
        127649005, 
        127649005, 
        127649005, 
        120436274, 
        120436274, 
        120494729
    ], 
    "fraction of match covered by td injection": [
        0, 
        0, 
        0.0969306171192225, 
        0, 
        0, 
        0, 
        0.00033784732259853323, 
        0, 
        0.09598995186039962, 
        0, 
        0, 
        0, 
        0.4642690185645534, 
        0, 
        0, 
        0, 
        0, 
        0, 
        0, 
        0, 
        0
    ], 
    "absolute_overlap": [
        0, 
        0, 
        2472.7140964461937, 
        0, 
        0, 
        0, 
        0.621666586507672, 
        0, 
        546.4752194003842, 
        0, 
        0, 
        0, 
        2349.7547667063673, 
        0, 
        0, 
        0, 
        0, 
        0, 
        0, 
        0, 
        0
    ], 
    "distance": [
        4393.358624105253, 
        5367.336397134057, 
        1041.633332799983, 
        4643.156254101298, 
        3797.3280079550673, 
        2678.3950418114205, 
        1477.3963584630903, 
        3990.5638699311653, 
        1013.1633629380802, 
        1152.0850663036997, 
        3388.6575513025805, 
        4731.014690317501, 
        847.7027781009097, 
        1776.6823013696062, 
        3788.6805090954817, 
        4035.2571169629327, 
        3282.209621581169, 
        2005.2929960482084, 
        1379.130160644745, 
        3382.735579379506, 
        2295.844071360248
    ], 
    "absolute_overlap_lg_over_small": [
        0, 
        0, 
        3571.4874736528764, 
        0, 
        0, 
        0, 
        3.5991206272738054, 
        0, 
        520.5426607852542, 
        0, 
        0, 
        0, 
        2517.678419041402, 
        0, 
        0, 
        0, 
        0, 
        0, 
        0, 
        0, 
        0
    ], 
    "spearman_correlation": [
        0.3313051337605672, 
        0.43994581689093737, 
        0.5397488879729199, 
        0.29575744450291835, 
        0.29228752472715636, 
        0.5578576784215364, 
        0.6581053116096196, 
        0.39211173863917026, 
        0.4632940155038531, 
        0.4038286430835988, 
        0.3760254253975438, 
        0.515271021672685, 
        0.6957459733223325, 
        0.3423345844221409, 
        0.4996999046694637, 
        0.6051486873165509, 
        0.3132666279402171, 
        0.5577042949439956, 
        0.3151242600492629, 
        0.507578521476189, 
        0.33142965281291337
    ], 
    "injection_overlap": [
        0, 
        0, 
        0.6126545621400692, 
        0, 
        0, 
        0, 
        7.712590220788202e-05, 
        0, 
        0.06779742589556846, 
        0, 
        0, 
        0, 
        0.2205700888931317, 
        0, 
        0, 
        0, 
        0, 
        0, 
        0, 
        0, 
        0
    ], 
    "source": "CA1", 
    "match_B": [
        100147861, 
        116900714, 
        127649005, 
        120436274, 
        120494729, 
        100148443, 
        116900714, 
        127649005, 
        120436274, 
        120494729, 
        100148443, 
        127649005, 
        120436274, 
        120494729, 
        100148443, 
        120436274, 
        120494729, 
        100148443, 
        120494729, 
        100148443, 
        100148443
    ]
}