{
    "sum_NPV_A": [
        7.184893206532775, 
        7.184893206532775
    ], 
    "sum_NPV_B": [
        10.918898730908618, 
        9.794400777802382
    ], 
    "dice_coefficient": [
        0.4010057854714389, 
        0.6116520801345029
    ], 
    "pearson_correlation": [
        0.6580409245761255, 
        0.9003552928205661
    ], 
    "match_A": [
        157711748, 
        157711748
    ], 
    "fraction of match covered by td injection": [
        0.2582191620884503, 
        0.4133350538724307
    ], 
    "absolute_overlap": [
        5239.6757122587505, 
        7089.033206066093
    ], 
    "distance": [
        360.1388621073821, 
        213.7755832643195
    ], 
    "absolute_overlap_lg_over_small": [
        7167.653304892222, 
        9395.025288743564
    ], 
    "spearman_correlation": [
        0.925559497895566, 
        0.9295825227040851
    ], 
    "injection_overlap": [
        0.655749966563627, 
        0.8871986632627541
    ], 
    "source": "PL", 
    "match_B": [
        478376197, 
        263106036
    ]
}