{
    "sum_NPV_A": [
        7.018265825960068, 
        7.018265825960068, 
        7.018265825960068, 
        7.018265825960068, 
        7.018265825960068, 
        7.018265825960068, 
        7.018265825960068, 
        7.018265825960068, 
        7.018265825960068, 
        7.018265825960068, 
        7.018265825960068, 
        7.018265825960068, 
        7.018265825960068, 
        7.018265825960068, 
        7.018265825960068, 
        7.018265825960068, 
        19.91547608555827, 
        19.91547608555827, 
        19.91547608555827, 
        19.91547608555827, 
        19.91547608555827, 
        19.91547608555827, 
        19.91547608555827, 
        19.91547608555827, 
        19.91547608555827, 
        19.91547608555827, 
        19.91547608555827, 
        19.91547608555827, 
        19.91547608555827, 
        19.91547608555827, 
        19.91547608555827, 
        3.433999377795177, 
        3.433999377795177, 
        3.433999377795177, 
        3.433999377795177, 
        3.433999377795177, 
        3.433999377795177, 
        3.433999377795177, 
        3.433999377795177, 
        3.433999377795177, 
        3.433999377795177, 
        3.433999377795177, 
        3.433999377795177, 
        3.433999377795177, 
        3.433999377795177, 
        5.323059382535569, 
        5.323059382535569, 
        5.323059382535569, 
        5.323059382535569, 
        5.323059382535569, 
        5.323059382535569, 
        5.323059382535569, 
        5.323059382535569, 
        5.323059382535569, 
        5.323059382535569, 
        18.765671527633934, 
        18.765671527633934, 
        18.765671527633934, 
        18.765671527633934, 
        20.378454606380902, 
        20.378454606380902, 
        2.5146845104008886
    ], 
    "sum_NPV_B": [
        19.91547608555827, 
        3.433999377795177, 
        12.180270906423923, 
        4.226150865044314, 
        11.232156118924165, 
        5.323059382535569, 
        5.940727220218972, 
        7.0997893089382815, 
        9.490110830938901, 
        12.959931530101612, 
        6.289758575503454, 
        18.765671527633934, 
        4.363189914014037, 
        20.378454606380902, 
        2.5146845104008886, 
        9.959882236368783, 
        3.433999377795177, 
        12.180270906423923, 
        4.226150865044314, 
        11.232156118924165, 
        5.323059382535569, 
        5.940727220218972, 
        7.0997893089382815, 
        9.490110830938901, 
        12.959931530101612, 
        6.289758575503454, 
        18.765671527633934, 
        4.363189914014037, 
        20.378454606380902, 
        2.5146845104008886, 
        9.959882236368783, 
        12.180270906423923, 
        4.226150865044314, 
        11.232156118924165, 
        5.323059382535569, 
        5.940727220218972, 
        7.0997893089382815, 
        9.490110830938901, 
        12.959931530101612, 
        6.289758575503454, 
        18.765671527633934, 
        4.363189914014037, 
        20.378454606380902, 
        2.5146845104008886, 
        9.959882236368783, 
        5.940727220218972, 
        7.0997893089382815, 
        9.490110830938901, 
        12.959931530101612, 
        6.289758575503454, 
        18.765671527633934, 
        4.363189914014037, 
        20.378454606380902, 
        2.5146845104008886, 
        9.959882236368783, 
        4.363189914014037, 
        20.378454606380902, 
        2.5146845104008886, 
        9.959882236368783, 
        2.5146845104008886, 
        9.959882236368783, 
        9.959882236368783
    ], 
    "dice_coefficient": [
        0.0, 
        0.0, 
        0.0, 
        0.5612997906797873, 
        0.0, 
        0.0, 
        0.0, 
        0.0, 
        0.0, 
        0.0, 
        0.0, 
        0.0, 
        0.16589209854962003, 
        0.0, 
        0.0023161995301734157, 
        0.0, 
        0.0, 
        0.0, 
        0.0, 
        0.009823045442377856, 
        0.0, 
        0.18847725825161718, 
        0.3479536272199491, 
        0.06684958884168656, 
        0.3381223475964358, 
        0.0, 
        0.5433629182667237, 
        0.0, 
        0.4372358802748365, 
        0.0, 
        0.0, 
        0.0, 
        0.0, 
        0.0, 
        0.0, 
        0.0, 
        0.0, 
        0.0, 
        0.0, 
        0.4625838075974762, 
        0.0, 
        0.003338384653855372, 
        0.0, 
        0.22766272240186164, 
        0.0, 
        0.4723401768286535, 
        0.0, 
        0.06366206245658383, 
        0.0, 
        0.0, 
        0.0, 
        0.0, 
        0.0, 
        0.0, 
        0.0, 
        0.0, 
        0.7511083120200117, 
        0.0, 
        0.0, 
        0.0, 
        0.0, 
        0.0
    ], 
    "pearson_correlation": [
        0.3995048564796832, 
        0.9599653172143224, 
        0.2789125722098433, 
        0.9620178827231065, 
        0.7362484586428482, 
        0.7741398624948888, 
        0.837927722733991, 
        0.44890980962738325, 
        0.7402998184691639, 
        0.38846803107418265, 
        0.8803652768961926, 
        0.5438349033240966, 
        0.85755435315282, 
        0.4725198693670453, 
        0.5367174260562857, 
        0.03191091907253885, 
        0.5480056145725254, 
        0.5496361456785287, 
        0.45636864373536384, 
        0.7246042297945027, 
        0.713797257190421, 
        0.6509968609469113, 
        0.7762687321646874, 
        0.6433813879795715, 
        0.652972990535508, 
        0.6584896254666239, 
        0.8257177605876336, 
        0.5423281911189777, 
        0.7922444358747183, 
        0.7039418572999645, 
        0.2545335838765771, 
        0.32801808810174177, 
        0.9212754812186286, 
        0.767913032845183, 
        0.8134564433395235, 
        0.8535976315567858, 
        0.5096990617747108, 
        0.7431209199954341, 
        0.42004374617132023, 
        0.9374944567500412, 
        0.6164766946886284, 
        0.8514529564845333, 
        0.5348577069649777, 
        0.6454931449801404, 
        0.08106316051049313, 
        0.9735502054956221, 
        0.8541237765062567, 
        0.9351501683192451, 
        0.7759041499846872, 
        0.8944377159261279, 
        0.8656368379474282, 
        0.7659129308535961, 
        0.8248582391273892, 
        0.7605465942042103, 
        0.059414543272488365, 
        0.5899926822987981, 
        0.9732103869467802, 
        0.6878858864485385, 
        0.26333890392316933, 
        0.6017476807452191, 
        0.21215243102900055, 
        0.1269702476091027
    ], 
    "match_A": [
        113887868, 
        113887868, 
        113887868, 
        113887868, 
        113887868, 
        113887868, 
        113887868, 
        113887868, 
        113887868, 
        113887868, 
        113887868, 
        113887868, 
        113887868, 
        113887868, 
        113887868, 
        113887868, 
        112229103, 
        112229103, 
        112229103, 
        112229103, 
        112229103, 
        112229103, 
        112229103, 
        112229103, 
        112229103, 
        112229103, 
        112229103, 
        112229103, 
        112229103, 
        112229103, 
        112229103, 
        174361040, 
        174361040, 
        174361040, 
        174361040, 
        174361040, 
        174361040, 
        174361040, 
        174361040, 
        174361040, 
        174361040, 
        174361040, 
        174361040, 
        174361040, 
        174361040, 
        496113850, 
        496113850, 
        496113850, 
        496113850, 
        496113850, 
        496113850, 
        496113850, 
        496113850, 
        496113850, 
        496113850, 
        646525156, 
        646525156, 
        646525156, 
        646525156, 
        562674923, 
        562674923, 
        523718075
    ],