{
    "sum_NPV_A": [
        15.765392126164905, 
        15.765392126164905, 
        15.765392126164905, 
        15.765392126164905, 
        15.765392126164905, 
        15.765392126164905, 
        7.13799777873675, 
        7.13799777873675, 
        7.13799777873675, 
        7.13799777873675, 
        7.13799777873675, 
        16.112847232470703, 
        16.112847232470703, 
        16.112847232470703, 
        16.112847232470703, 
        1.2529834897602992, 
        1.2529834897602992, 
        1.2529834897602992, 
        9.086742368817234, 
        9.086742368817234, 
        15.150925478165245
    ], 
    "sum_NPV_B": [
        7.13799777873675, 
        16.112847232470703, 
        1.2529834897602992, 
        9.086742368817234, 
        15.150925478165245, 
        10.172955178920935, 
        16.112847232470703, 
        1.2529834897602992, 
        9.086742368817234, 
        15.150925478165245, 
        10.172955178920935, 
        1.2529834897602992, 
        9.086742368817234, 
        15.150925478165245, 
        10.172955178920935, 
        9.086742368817234, 
        15.150925478165245, 
        10.172955178920935, 
        15.150925478165245, 
        10.172955178920935, 
        10.172955178920935
    ], 
    "dice_coefficient": [
        0.0050854859343060265, 
        0.0, 
        0.0, 
        0.0, 
        0.0, 
        0.2936229940144335, 
        0.4779473731207868, 
        0.2899268539428322, 
        0.2434874983687201, 
        0.0762482129046346, 
        0.0, 
        0.9902646833743435, 
        0.10769519801170852, 
        0.021762918779863874, 
        0.0, 
        0.0803130839660815, 
        0.0021209017706415516, 
        0.0, 
        0.28978747358173107, 
        0.0, 
        0.0
    ], 
    "pearson_correlation": [
        0.9245854108932424, 
        0.8072022816384122, 
        0.3964433182993159, 
        0.6408036462300138, 
        0.709943650252866, 
        0.9185634282090832, 
        0.9063593209608941, 
        0.5403843217597489, 
        0.8286962392225667, 
        0.8577480267165545, 
        0.8780232834383709, 
        0.7948062009161252, 
        0.8416928731619762, 
        0.8010584435045126, 
        0.8914660208732585, 
        0.7735799441434039, 
        0.48837194309698295, 
        0.5240374927127626, 
        0.7636729344076447, 
        0.6172770463595533, 
        0.7398812040105435
    ], 
    "match_A": [
        126909424, 
        126909424, 
        126909424, 
        126909424, 
        126909424, 
        126909424, 
        180718587, 
        180718587, 
        180718587, 
        180718587, 
        180718587, 
        112229814, 
        112229814, 
        112229814, 
        112229814, 
        148964212, 
        148964212, 
        148964212, 
        112791318, 
        112791318, 
        266249483
    ], 
    "fraction of match covered by td injection": [
        0.0033217292134098447, 
        0, 
        0, 
        0, 
        0, 
        0.5572042079922797, 
        0.9938230180061178, 
        0.9974822711466028, 
        0.406222422641901, 
        0.19231009989702808, 
        0, 
        0.9617845895744889, 
        0.07742626938846102, 
        0.019201527579545703, 
        0, 
        0.04383237921054843, 
        0.0012284599566869119, 
        0, 
        0.35912231894925073, 
        0, 
        0
    ], 
    "absolute_overlap": [
        191.94838601687798, 
        0, 
        0, 
        0, 
        0, 
        3436.389256246341, 
        16508.55384686194, 
        8751.90672614912, 
        9507.700087046418, 
        2589.6631587790316, 
        0, 
        6565.279008323754, 
        1930.2594466223877, 
        206.72265042027678, 
        0, 
        742.9145494447606, 
        3.8656376396947962, 
        0, 
        5683.911280148706, 
        0, 
        0
    ], 
    "distance": [
        961.9251530134765, 
        1137.4093370462544, 
        1215.4834429147934, 
        1335.889216963742, 
        1198.2069938036582, 
        240.8318915758459, 
        589.576118919347, 
        676.8308503607086, 
        484.25200051213005, 
        410.6093033529562, 
        1000.8496390567366, 
        94.33981132056604, 
        682.1290200541243, 
        694.4062211702887, 
        1067.9419459877022, 
        725.8098924649622, 
        752.2632517942106, 
        1134.9889867307083, 
        163.40134638368193, 
        1316.4345787011218, 
        1183.7651794169315
    ], 
    "absolute_overlap_lg_over_small": [
        192.98352040848505, 
        0, 
        0, 
        0, 
        0, 
        3124.977343517374, 
        10915.899790078884, 
        2270.1685694085945, 
        10099.894756345431, 
        2762.5671433992175, 
        0, 
        2188.9242635698406, 
        1925.046793611547, 
        275.8331945266002, 
        0, 
        1089.8030051310584, 
        17.64703525785717, 
        0, 
        5158.852911634653, 
        0, 
        0
    ], 
    "spearman_correlation": [
        0.7782112493999993, 
        0.7151939994718827, 
        0.6394129565990873, 
        0.4547300991780267, 
        0.5265459309987236, 
        0.9404753487026558, 
        0.9490587267168273, 
        0.5281825825229874, 
        0.7948849445353786, 
        0.8362837056619731, 
        0.8060610555631137, 
        0.5367539021554817, 
        0.847985409249954, 
        0.8651316680185019, 
        0.7745805861991542, 
        0.3554935348394572, 
        0.35873351993677427, 
        0.5851505024374548, 
        0.9131302060639869, 
        0.5265549592891806, 
        0.5968101778198287
    ], 
    "injection_overlap": [
        0.010784527894526622, 
        0, 
        0, 
        0, 
        0, 
        0.1930718802042003, 
        0.2841535146016526, 
        0.15064221123001878, 
        0.1636513058971683, 
        0.04457458206379217, 
        0, 
        0.5977267585430422, 
        0.17573780500628958, 
        0.01882077815679714, 
        0, 
        0.32642690152346954, 
        0.0016985104384900664, 
        0, 
        0.22860953168378417, 
        0, 
        0
    ], 
    "source": "SSp-ul", 
    "match_B": [
        180718587, 
        112229814, 
        148964212, 
        112791318, 
        266249483, 
        286312782, 
        112229814, 
        148964212, 
        112791318, 
        266249483, 
        286312782, 
        148964212, 
        112791318, 
        266249483, 
        286312782, 
        112791318, 
        266249483, 
        286312782, 
        266249483, 
        286312782, 
        286312782
    ]
}