{
    "sum_NPV_A": [
        36.19716484416367, 
        36.19716484416367, 
        36.19716484416367, 
        36.19716484416367, 
        36.19716484416367, 
        36.19716484416367, 
        36.19716484416367, 
        11.966304484630344, 
        11.966304484630344, 
        11.966304484630344, 
        11.966304484630344, 
        11.966304484630344, 
        27.37960320249479, 
        27.37960320249479, 
        27.37960320249479, 
        27.37960320249479, 
        10.264444749480598, 
        10.264444749480598, 
        10.264444749480598, 
        4.672904504251413, 
        4.672904504251413, 
        22.15329231468032
    ], 
    "sum_NPV_B": [
        10.990554770109616, 
        11.966304484630344, 
        27.37960320249479, 
        10.264444749480598, 
        4.672904504251413, 
        22.15329231468032, 
        27.085506701450164, 
        27.37960320249479, 
        10.264444749480598, 
        4.672904504251413, 
        22.15329231468032, 
        27.085506701450164, 
        10.264444749480598, 
        4.672904504251413, 
        22.15329231468032, 
        27.085506701450164, 
        4.672904504251413, 
        22.15329231468032, 
        27.085506701450164, 
        22.15329231468032, 
        27.085506701450164, 
        27.085506701450164
    ], 
    "dice_coefficient": [
        0.1824379368604677, 
        0.02872030909059334, 
        0.07293576815940125, 
        0.5634756969031324, 
        0.08275703361908077, 
        0.0, 
        0.0, 
        0.6029047423524013, 
        0.10375310917955874, 
        0.058413323814941916, 
        0.0005025230910041928, 
        6.712910623206182e-05, 
        0.23106139783679336, 
        0.09140974184877855, 
        0.0, 
        0.0, 
        0.265385138000778, 
        0.0, 
        0.0, 
        0.0, 
        0.0, 
        0.25267576935279634
    ], 
    "pearson_correlation": [
        0.9539846197099001, 
        0.9632045686904364, 
        0.96547964932079, 
        0.9757646736384732, 
        0.8551106011518258, 
        0.8905263171157952, 
        0.7735533367407957, 
        0.9958445884461972, 
        0.9386871285374957, 
        0.7720736858130581, 
        0.937599428186017, 
        0.8839373701643576, 
        0.9419500198591408, 
        0.7714373138708801, 
        0.9529872613067207, 
        0.8657848220948627, 
        0.8557363090190733, 
        0.9014507424846095, 
        0.739812365976537, 
        0.7237128715838754, 
        0.6085854485168212, 
        0.8570638988563762
    ], 
    "match_A": [
        157654817, 
        157654817, 
        157654817, 
        157654817, 
        157654817, 
        157654817, 
        157654817, 
        114290938, 
        114290938, 
        114290938, 
        114290938, 
        114290938, 
        112936582, 
        112936582, 
        112936582, 
        112936582, 
        100149969, 
        100149969, 
        100149969, 
        272928602, 
        272928602, 
        303785454
    ], 
    "fraction of match covered by td injection": [
        0.10402044923888173, 
        0.019776461434300452, 
        0.06501364534147466, 
        0.48061461734171457, 
        0.017055637132829, 
        0, 
        0, 
        0.8081136809194488, 
        0.0610958996597871, 
        0.04666204036181501, 
        0.006742308786594283, 
        6.748186503513913e-05, 
        0.09643770247704599, 
        0.050334115969541376, 
        0, 
        0, 
        0.128688515459192, 
        0, 
        0, 
        0, 
        0, 
        0.13889871453488298
    ], 
    "absolute_overlap": [
        5148.04433031322, 
        198.782361943237, 
        420.4986618151894, 
        4913.420636963367, 
        728.4959450552342, 
        0, 
        0, 
        9598.33573504758, 
        1710.2555340857598, 
        905.0611599854055, 
        4.588234221731, 
        1.0019851815886796, 
        2522.5452677364856, 
        907.4609475849306, 
        0, 
        0, 
        2784.1932631663035, 
        0, 
        0, 
        0, 
        0, 
        717.1408058970663
    ], 
    "distance": [
        286.0069929215018, 
        1055.7461816175326, 
        785.175139698144, 
        381.96858509568557, 
        461.8441295502196, 
        1328.834075421006, 
        1465.6397920362288, 
        286.53097563788805, 
        723.6711960552251, 
        1502.6975743641833, 
        532.3532661682466, 
        652.4568951279464, 
        470.1063709417263, 
        1241.1285187280164, 
        678.8961628997471, 
        813.2650244538984, 
        811.7881497040961, 
        1099.136024339117, 
        1239.9193522161029, 
        1751.5992692394, 
        1886.4251906714987, 
        142.47806848775008
    ], 
    "absolute_overlap_lg_over_small": [
        6007.038457714696, 
        424.93370225409353, 
        673.116434590354, 
        5517.913062104577, 
        162.05129346729612, 
        0, 
        0, 
        8366.775878927328, 
        701.4390545139785, 
        443.35159909684705, 
        5.607799607906372, 
        0.56452891641311, 
        1107.1965749204455, 
        478.24121344003527, 
        0, 
        0, 
        1222.7124804624136, 
        0, 
        0, 
        0, 
        0, 
        1161.9764920059715
    ], 
    "spearman_correlation": [
        0.9082387281420228, 
        0.9680172558042589, 
        0.9318168927140293, 
        0.8764379889708973, 
        0.6732487343641651, 
        0.7932678179417819, 
        0.8350993961491777, 
        0.9592939236100193, 
        0.847272746111278, 
        0.6983106427204722, 
        0.8020605564526295, 
        0.8751927027229004, 
        0.8227737492197993, 
        0.706929592668604, 
        0.8093443118108936, 
        0.9235096290462466, 
        0.6817351152319591, 
        0.7128499813143371, 
        0.7077701698568749, 
        0.5529652448431993, 
        0.6351581004773442, 
        0.7912309126430597
    ], 
    "injection_overlap": [
        0.6352220102301681, 
        0.024527941767782183, 
        0.051885723610520774, 
        0.6062715730205002, 
        0.0898897967792668, 
        0, 
        0, 
        0.4467076051880931, 
        0.0795954814438824, 
        0.042121646344332, 
        0.000213536927422486, 
        4.663250101442892e-05, 
        0.24364263739042766, 
        0.08764805192051192, 
        0, 
        0, 
        0.24250544811441468, 
        0, 
        0, 
        0, 
        0, 
        0.862224953617819
    ], 
    "source": "SSp-m", 
    "match_B": [
        180717881, 
        114290938, 
        112936582, 
        100149969, 
        272928602, 
        303785454, 
        249327301, 
        112936582, 
        100149969, 
        272928602, 
        303785454, 
        249327301, 
        100149969, 
        272928602, 
        303785454, 
        249327301, 
        272928602, 
        303785454, 
        249327301, 
        303785454, 
        249327301, 
        249327301
    ]
}