{
    "sum_NPV_A": [
        28.067808908357964, 
        28.067808908357964, 
        28.067808908357964, 
        28.067808908357964, 
        28.067808908357964, 
        28.067808908357964, 
        6.6554687200233635, 
        6.6554687200233635, 
        6.6554687200233635
    ], 
    "sum_NPV_B": [
        30.596288778845228, 
        10.053644931133569, 
        6.6554687200233635, 
        19.662619728641378, 
        15.390971419587679, 
        36.78534428752606, 
        19.662619728641378, 
        15.390971419587679, 
        36.78534428752606
    ], 
    "dice_coefficient": [
        0.0, 
        0.33153372609928133, 
        0.044117833553227175, 
        0.05790485588220143, 
        0.6668399677100344, 
        0.2474435860849983, 
        0.8156200142980612, 
        0.14733605433628005, 
        0.5132939191428798
    ], 
    "pearson_correlation": [
        0.29784797407446784, 
        0.9469547457090025, 
        0.829453966244914, 
        0.8931442744743859, 
        0.9611099223508996, 
        0.8718330607611446, 
        0.9169298493427674, 
        0.802871133347276, 
        0.9266586269544853
    ], 
    "match_A": [
        146858755, 
        146858755, 
        146858755, 
        146858755, 
        146858755, 
        146858755, 
        510834706, 
        510834706, 
        510834706
    ], 
    "fraction of match covered by td injection": [
        0, 
        0.22304824486496685, 
        0.025607821234704377, 
        0.03794240999355746, 
        0.4849247712109926, 
        0.31746850602602417, 
        0.5951770270115395, 
        0.1231988114718641, 
        0.853693648685966
    ], 
    "absolute_overlap": [
        0, 
        2036.7398322889032, 
        209.7704389619429, 
        456.43933065040164, 
        3348.1565423587804, 
        776.2654710450555, 
        4882.254908268208, 
        800.5301093238738, 
        2056.2039435005454
    ], 
    "distance": [
        599.1660871578097, 
        822.2530024268686, 
        770.0, 
        961.3012014972206, 
        703.846574190711, 
        458.9117562233506, 
        597.1599450733446, 
        611.4736298484179, 
        353.41194094144583
    ], 
    "absolute_overlap_lg_over_small": [
        0, 
        2475.433756460079, 
        145.31228448070544, 
        468.61840660952384, 
        4092.681093919585, 
        774.3872228522795, 
        7350.901276331673, 
        1039.7766343119565, 
        2082.378066561231
    ], 
    "spearman_correlation": [
        0.6589374571553811, 
        0.9096825520695551, 
        0.8841185915746634, 
        0.8702206288715805, 
        0.945541467638475, 
        0.891598273239931, 
        0.9531438406518951, 
        0.8895638142403941, 
        0.9521280058610029
    ], 
    "injection_overlap": [
        0, 
        0.531088981437612, 
        0.054698576125365626, 
        0.11901858811823067, 
        0.8730467286912545, 
        0.20241467850078768, 
        0.8603808780515797, 
        0.14107432145756457, 
        0.362356859197597
    ], 
    "source": "VISal", 
    "match_B": [
        120437703, 
        500836105, 
        510834706, 
        518605900, 
        167794131, 
        524666904, 
        518605900, 
        167794131, 
        524666904
    ]
}