{
    "sum_NPV_A": [
        35.22288752749012, 
        35.22288752749012, 
        35.22288752749012, 
        35.22288752749012, 
        35.22288752749012, 
        13.098583033493611, 
        13.098583033493611, 
        13.098583033493611, 
        13.098583033493611, 
        19.81217128226121, 
        19.81217128226121, 
        19.81217128226121, 
        15.549760653569605
    ], 
    "sum_NPV_B": [
        13.098583033493611, 
        19.81217128226121, 
        17.55391201274758, 
        15.549760653569605, 
        7.826752492570558, 
        19.81217128226121, 
        17.55391201274758, 
        15.549760653569605, 
        7.826752492570558, 
        17.55391201274758, 
        15.549760653569605, 
        7.826752492570558, 
        7.826752492570558
    ], 
    "dice_coefficient": [
        0.5689040577166922, 
        0.863244221777693, 
        0.5044200494363916, 
        0.7531864640496873, 
        0.2679075286090566, 
        0.6771282909239847, 
        0.5446194674796799, 
        0.5883204578334468, 
        0.7776092837475901, 
        0.5132437509445348, 
        0.8472593246622017, 
        0.4059213424855449, 
        0.34967261753947276
    ], 
    "pearson_correlation": [
        0.9477712168995487, 
        0.9863242686335836, 
        0.9829117313044384, 
        0.9311058204108363, 
        0.8205208530833747, 
        0.9627621241358121, 
        0.969186012269364, 
        0.8875699016195208, 
        0.9359322603229854, 
        0.974888246401018, 
        0.9179902527000173, 
        0.8630109162264209, 
        0.7307280465940327
    ], 
    "match_A": [
        521600943, 
        521600943, 
        521600943, 
        521600943, 
        521600943, 
        540145406, 
        540145406, 
        540145406, 
        540145406, 
        518606617, 
        518606617, 
        518606617, 
        272929308
    ], 
    "fraction of match covered by td injection": [
        0.41415655530877993, 
        0.6936901097714427, 
        0.4198286541210787, 
        0.7597561892713346, 
        0.18575792463657376, 
        0.7172688546307494, 
        0.6057150647803814, 
        0.8455318309042014, 
        0.6674458331878474, 
        0.5317577830229094, 
        0.9107640790373376, 
        0.3198991919733514, 
        0.24168379283603056
    ], 
    "absolute_overlap": [
        5100.95057458678, 
        5700.68724115367, 
        3422.2517712422273, 
        4609.185118199637, 
        3017.7004193022967, 
        6520.59946627434, 
        4805.776031477558, 
        5181.674222975238, 
        9034.29263245018, 
        5102.8292699520625, 
        7029.020164181132, 
        5400.76943376862, 
        3749.782115964468
    ], 
    "distance": [
        187.88294228055935, 
        122.47448713915891, 
        790.0632886041473, 
        550.0, 
        651.9969325081215, 
        286.18176042508367, 
        829.5179322956195, 
        614.3289021363067, 
        726.7736924242649, 
        874.8714191239762, 
        617.4949392505173, 
        720.0694410957876, 
        458.9117562233506
    ], 
    "absolute_overlap_lg_over_small": [
        4813.857334477683, 
        7208.3262739744405, 
        3985.578595609471, 
        4711.318692047444, 
        3012.7434345391644, 
        7453.339549618056, 
        5750.262573861044, 
        5243.221412227805, 
        10825.072770280596, 
        5048.1605227775335, 
        5647.73264134813, 
        5188.334183952987, 
        3919.7857185680105
    ], 
    "spearman_correlation": [
        0.948982596590359, 
        0.9507842823566837, 
        0.9661203237892243, 
        0.9620363105132026, 
        0.932881425056476, 
        0.9359567493489747, 
        0.952870666952895, 
        0.9503948157740474, 
        0.9564766276021051, 
        0.9449948791559265, 
        0.9266729506930941, 
        0.9508399982233205, 
        0.9316536858596958
    ], 
    "injection_overlap": [
        0.8084848270978449, 
        0.9035412265049002, 
        0.5424162792995113, 
        0.7305415292426094, 
        0.478296146190429, 
        0.5609948168090998, 
        0.41346128655019687, 
        0.445801401622255, 
        0.777258496945679, 
        0.49106853128975453, 
        0.6764346651290029, 
        0.5197406719626092, 
        0.6046969770548217
    ], 
    "source": "VISrl", 
    "match_B": [
        540145406, 
        518606617, 
        657334568, 
        272929308, 
        524874308, 
        518606617, 
        657334568, 
        272929308, 
        524874308, 
        657334568, 
        272929308, 
        524874308, 
        524874308
    ]
}