{
    "image_series_id": 475616128, 
    "distance": [
        195.8266345518879, 
        660.089864785787, 
        965.8590767027874, 
        882.8791493996985, 
        318.8765749930105, 
        947.2049705812349, 
        1397.9246187888843, 
        667.8054507993965
    ], 
    "exclusion_zone_overlap": [
        0.541833854163961, 
        0.0894643171724561, 
        0.00013208196521655538, 
        0.02047755461496729, 
        0.5625198212260385, 
        3.52212922957687e-07, 
        0.00175397348417181, 
        0.3239588093818988
    ], 
    "match_id": [
        157556400, 
        157711748, 
        478376197, 
        496554237, 
        286313491, 
        478582494, 
        161458737, 
        263106036
    ], 
    "fraction of match covered by td exclusion zone": [
        0.914801518090629, 
        0.1867254522107029, 
        0.0002594057525411642, 
        0.024154009294933606, 
        0.8207837804833487, 
        1.1720487050218522e-07, 
        0.0003022021729666569, 
        0.29010638306069714
    ], 
    "source": "ILA", 
    "pearson_correlation": [
        0.8584343769170866, 
        0.7830942332976408, 
        0.6093189407885022, 
        0.5755835892071357, 
        0.7839325954158937, 
        0.5568603256050916, 
        0.577221332483614, 
        0.6318445280229926
    ], 
    "spearman_correlation": [
        0.6907754483730661, 
        0.6718103320325417, 
        0.6242035421792904, 
        0.5988068238530473, 
        0.6161182593903083, 
        0.5204340173211317, 
        0.5594002768163701, 
        0.6112264708850979
    ], 
    "injection_overlap": [
        0.6052376090180955, 
        0.10428452358967694, 
        0.00017096289766922, 
        0.017213808304840195, 
        0.5013430235620978, 
        6.719695345300786e-07, 
        6.156683474371588e-06, 
        0.34203237396836267
    ], 
    "fraction of match covered by td injection": [
        0.661876423779338, 
        0.1530118254876324, 
        0.0002353881550813121, 
        0.014422968010130403, 
        0.4532983751782225, 
        1.1720487050218522e-07, 
        3.856250350808405e-07, 
        0.22109128796339586
    ]
}