{
    "image_series_id": 485929089, 
    "distance": [
        901.363509935508, 
        1416.5239741276578, 
        1217.796827199229, 
        1404.1354090548891, 
        366.7652974251797, 
        862.9598559786623, 
        509.63006902589007, 
        889.0859359350949, 
        959.1587915664945, 
        608.0658400956202, 
        863.4580466759645, 
        682.6266215708599, 
        234.16647577043247, 
        714.4106963074407, 
        977.4438172260279, 
        1235.0446915323055, 
        1520.8114709285346, 
        679.6895409819834, 
        839.9882738552348, 
        243.44248719933918, 
        1247.9314400585708, 
        575.1912258682496, 
        874.832934677562, 
        1077.0987626887618, 
        1235.0920629656307, 
        970.5718138201273, 
        1142.5911196721247, 
        811.8329919878556, 
        873.6533736641127, 
        767.4268590882358, 
        1593.1609386350024, 
        1402.266912073049, 
        177.17334700940222, 
        1058.4155790701382
    ], 
    "exclusion_zone_overlap": [
        0.020167303574721584, 
        0.017787936480614566, 
        0.1024150524908993, 
        0.03392558677818971, 
        0.2460108995909666, 
        0.26023174460965076, 
        0.12566776643997, 
        0.011020173892932866, 
        4.0735848492220495e-06, 
        0.05051646922533126, 
        0.05008416969583068, 
        0.1332232878733649, 
        0.3897765269473664, 
        0.2524611965947904, 
        2.0873007343070228e-05, 
        0.000361187521879323, 
        0.00037627254767713496, 
        0.01122303337022397, 
        0.007112715772853742, 
        0.19002444103733268, 
        1.610160922554001e-06, 
        0.04647081309350596, 
        0.02030245468694797, 
        6.446078290463213e-07, 
        0.03655366932668942, 
        0.01060202365767662, 
        0.00013430465393193195, 
        0.14108707214769628, 
        0.0009635967278669143, 
        0.11683762375132327, 
        0.0003587935359542025, 
        0.007052626053453809, 
        0.20820446952952248, 
        1.9130734410183493e-05
    ], 
    "match_id": [
        142656218, 
        558580065, 
        585051446, 
        585026021, 
        640282128, 
        127139568, 
        626107114, 
        142654100, 
        180297139, 
        640285199, 
        113226232, 
        146984915, 
        127222723, 
        112672974, 
        113166056, 
        558581415, 
        127089669, 
        100148554, 
        642967852, 
        152994878, 
        114472145, 
        112672268, 
        640081415, 
        272414403, 
        638314843, 
        100148443, 
        120280939, 
        579409876, 
        232311959, 
        287028480, 
        603468246, 
        657172447, 
        299446445, 
        286483411
    ], 
    "fraction of match covered by td exclusion zone": [
        0.09337111969972778, 
        0.0188774504490776, 
        0.12829253875464883, 
        0.043272489737966185, 
        0.6930724100446659, 
        0.3989070368544032, 
        0.5823568069141881, 
        0.028839894670460362, 
        8.276214088503752e-06, 
        0.9641210881900224, 
        0.09547519093216061, 
        0.5765670679633175, 
        0.7578241647846069, 
        0.44676098627292254, 
        8.512591782308062e-05, 
        0.004091519159657789, 
        0.0006996134066766912, 
        0.17964970850084824, 
        0.04007499533862816, 
        0.9994733310970151, 
        2.8985413602793746e-05, 
        0.4389174867010997, 
        0.07182850518196988, 
        1.924564159041393e-07, 
        0.16850335700893068, 
        0.1763844579317316, 
        0.003122020615011356, 
        0.30082754128954825, 
        0.003594534967298187, 
        0.3684349969451477, 
        0.0002062401677084854, 
        0.020078526921301028, 
        0.8836321161936687, 
        0.00019232680467687677
    ], 
    "source": "SUB", 
    "pearson_correlation": [
        0.5838298541254432, 
        0.8407942643837701, 
        0.8729334922284188, 
        0.8972800586216302, 
        0.709580218858294, 
        0.9551976107484365, 
        0.9061957700095131, 
        0.6415875262804529, 
        0.6265731847707275, 
        0.5297296931166918, 
        0.8887489956818851, 
        0.5216328281863306, 
        0.867042343141003, 
        0.8788817374739064, 
        0.6914181715287062, 
        0.5198321203245971, 
        0.00921385500218924, 
        0.3787230333869858, 
        0.5999311186517787, 
        0.8214239897505854, 
        0.547303507595385, 
        0.5065397736254684, 
        0.6002244477516157, 
        0.6745524271611079, 
        0.5620743805195108, 
        0.6270554933902013, 
        0.5385784055591102, 
        0.8291933571105354, 
        0.43106300612773024, 
        0.678298711637546, 
        0.6774935045018747, 
        0.1726056062944769, 
        0.7532667721350494, 
        0.3517683970320484
    ], 
    "spearman_correlation": [
        0.3907249045944882, 
        0.4904336236653531, 
        0.48031010862506934, 
        0.5188334835329135, 
        0.9264604106323532, 
        0.6556333565523864, 
        0.6161473868194351, 
        0.3609339775605297, 
        0.3884594090427334, 
        0.79443265506284, 
        0.5843606263976142, 
        0.6667590929402476, 
        0.7364840148381878, 
        0.7670666876752955, 
        0.6497851476089754, 
        0.6433168606994342, 
        0.17753304714013204, 
        0.3825595361319524, 
        0.38786474977846797, 
        0.7001250779068153, 
        0.3193791792917034, 
        0.7551841693794374, 
        0.3560759892750638, 
        0.39704910891621853, 
        0.8241065530233842, 
        0.6191653989006496, 
        0.5319494039467827, 
        0.502587611740343, 
        0.2389358026193612, 
        0.5976064566249812, 
        0.47055452631382483, 
        0.21994765739187727, 
        0.692644049604844, 
        0.2567259686697951
    ], 
    "injection_overlap": [
        0.00657767273524471, 
        0.008772928019852298, 
        0.1355729233735805, 
        0.024556347402422064, 
        0.34439319568967514, 
        0.34503552701565793, 
        0.09622329378549216, 
        0.0039024791111707023, 
        0, 
        0.038171039489294574, 
        0.036910409086106814, 
        0.07975809781931034, 
        0.5799751081301983, 
        0.2791627655240462, 
        2.3721826302821592e-05, 
        0, 
        0, 
        4.957032884348851e-05, 
        0.00023349291764901292, 
        0.3183922595340257, 
        0, 
        0.040735966827423746, 
        0.010451727816951473, 
        0, 
        0.009924166935343507, 
        0.0002610239763888585, 
        0, 
        0.13787817665199809, 
        2.2566702012289608e-08, 
        0.07231122019315887, 
        0, 
        6.908921991951909e-08, 
        0.37396338261021456, 
        0
    ], 
    "fraction of match covered by td injection": [
        0.014229163390088359, 
        0.007871877996417137, 
        0.039222762754533534, 
        0.0026220249470527857, 
        0.510536876813902, 
        0.22528606376481783, 
        0.20702004233435028, 
        0.006719549552148449, 
        0, 
        0.4412294586666377, 
        0.03235883041380861, 
        0.21173824855584542, 
        0.5875603669561492, 
        0.26870241936432687, 
        5.097111569084364e-05, 
        0, 
        0, 
        0.0003103726289851103, 
        0.004099860997414414, 
        0.9605235839022302, 
        0, 
        0.2556761252188243, 
        0.023722045471893993, 
        0, 
        0.023092371885505458, 
        0.002281136380442463, 
        0, 
        0.1505367409094354, 
        2.2836620307025037e-06, 
        0.08906687362271402, 
        0, 
        3.6504715961663015e-08, 
        0.860663897267697, 
        0
    ]
}