{
    "image_series_id": 501787135, 
    "distance": [
        876.5187547866623, 
        902.5721506859593, 
        566.6339576586743, 
        947.5864302436246, 
        532.4759035824659, 
        527.8067145156234, 
        859.6755055207072, 
        928.310042771008, 
        410.6037811671557, 
        740.2125922071202, 
        604.0624792657391, 
        555.6539976466875, 
        559.9558348086836, 
        519.4160952062389, 
        448.7790800256753, 
        943.5346886125731, 
        128.2613216226786, 
        118.31216733607404, 
        816.199919905285, 
        722.9334367960098, 
        567.7547392041467, 
        588.2474079644118, 
        1847.4900929017333, 
        902.601619429104, 
        355.87805471064337, 
        876.9637679143623, 
        816.7240388140077, 
        697.8677557472424, 
        613.0005706322733, 
        894.9515524687255, 
        861.3690596168275, 
        457.0392670733524, 
        700.2033693239368, 
        55.08739917091531, 
        166.64851402523303, 
        182.95630816627008, 
        153.49865275061856, 
        612.7013513693466, 
        454.6797805544539, 
        601.6759183559462, 
        669.5514709694377, 
        430.39822153379623, 
        390.17670317387723, 
        660.1266522948595, 
        748.7982297488894, 
        324.24204735126426, 
        80.00105308598872, 
        298.57341660543756, 
        718.7724494170592, 
        692.154275278645, 
        1190.6118233707823, 
        856.076953754968, 
        927.2314684628252, 
        120.46391278601659, 
        430.78734477090364
    ], 
    "exclusion_zone_overlap": [
        0.0036130003130801914, 
        0.00024185524350925323, 
        0.01585339665647799, 
        0.00047508908892804515, 
        0.1600235881152396, 
        0.5349976279973852, 
        0.010611430673605064, 
        0.0004636897282216678, 
        0.47714057504317076, 
        0.0060254231131777625, 
        0.02985905587371567, 
        0.03076953235670799, 
        0.16839160288840155, 
        0.09168779507373886, 
        0.5692959168457264, 
        0.008134039400753487, 
        0.7295227983733507, 
        0.5143972830302261, 
        1.9706021026234387e-05, 
        0.02514627385462858, 
        0.07689363056435283, 
        0.4291954880353615, 
        0.38602957762358264, 
        0.049312479051053466, 
        0.4321635957888897, 
        9.113906341070025e-09, 
        0.12988569056122348, 
        2.0938024115507808e-08, 
        0.02002389799302335, 
        2.42376210269776e-07, 
        4.948515508359297e-11, 
        0.06131020118978884, 
        0.016681640892892605, 
        0.24523092930933654, 
        0.4032076546528037, 
        0.5051736558209272, 
        0.4179465132497237, 
        0.09352962038587873, 
        0.059727097446677285, 
        0.02101608247472752, 
        0.017789918081604572, 
        0.1485252185048947, 
        0.2680929606872827, 
        0.03121387289271515, 
        0.0002914037096074237, 
        0.28999008930392567, 
        0.07364663116397577, 
        0.11294943376387914, 
        0.0041983631565764, 
        0.08662289102974347, 
        0.025051474105990915, 
        1.4779754836785491e-05, 
        0.0024280934804052972, 
        0.5108315535453559, 
        0.0875664282235762
    ], 
    "match_id": [
        307297141, 
        113887162, 
        100147853, 
        307321674, 
        304586645, 
        307558646, 
        307320960, 
        307743253, 
        307557934, 
        114008926, 
        309003780, 
        277616630, 
        307137980, 
        304585910, 
        309113907, 
        307296433, 
        307593747, 
        100141219, 
        304564721, 
        272782668, 
        304762965, 
        309372716, 
        638314843, 
        127795906, 
        500836840, 
        294481346, 
        512315551, 
        522409371, 
        502966396, 
        512314723, 
        500837552, 
        294482052, 
        530574594, 
        482578964, 
        266250195, 
        479755622, 
        479701339, 
        479984127, 
        596253012, 
        535692871, 
        501115762, 
        536299435, 
        479983421, 
        501004474, 
        562061175, 
        546103149, 
        517072832, 
        121510421, 
        503323656, 
        584511827, 
        593277684, 
        480069939, 
        601476074, 
        479756361, 
        503069254
    ], 
    "fraction of match covered by td exclusion zone": [
        0.00483898136160608, 
        9.586937108755661e-05, 
        0.15120299754233074, 
        0.0008187209633165924, 
        0.3254716983319938, 
        0.25096102940395393, 
        0.015286714864805703, 
        0.0005135185538106933, 
        0.4249234270441421, 
        0.01237091877826854, 
        0.05259144562955408, 
        0.15268162836035162, 
        0.17314195464318702, 
        0.320511499963818, 
        0.34241732919944823, 
        0.009383897682068505, 
        0.6963338701115048, 
        0.9371321763305248, 
        0.0003124240258713782, 
        0.03227988079905191, 
        0.0790197259007083, 
        0.2283222395363246, 
        0.12669850801889104, 
        0.0634267248384132, 
        0.5144569912499161, 
        1.017835334808405e-06, 
        0.042888792885144765, 
        1.401089586591197e-05, 
        0.11481370270491541, 
        3.599293311079521e-06, 
        5.487613253344988e-08, 
        0.3602504199985117, 
        0.0682657431387743, 
        0.9983416423042045, 
        0.8821380836467542, 
        0.990315580047746, 
        0.9868163704723315, 
        0.11835729401325197, 
        0.3135515036728186, 
        0.11412707866181479, 
        0.03338627585101212, 
        0.46028172254774874, 
        0.4772676729508631, 
        0.07413024997526205, 
        0.0003386651248880854, 
        0.5944717983343958, 
        1.0000000000000002, 
        0.8631987374144545, 
        0.023678022107667486, 
        0.030089162520265954, 
        0.0038268049067956265, 
        7.364590502007835e-06, 
        0.0017872733974518037, 
        0.9886549138124688, 
        0.4048206846059018
    ], 
    "source": "VISp", 
    "pearson_correlation": [
        0.9028447881440523, 
        0.9012589449587212, 
        0.9749667415923037, 
        0.8788713883284395, 
        0.9647174445232366, 
        0.9321671315347438, 
        0.9656537895422396, 
        0.9178755384458361, 
        0.9779954461439364, 
        0.8631383399776944, 
        0.9721004264292082, 
        0.9710444819859267, 
        0.95697530581545, 
        0.9490799361354103, 
        0.9625271859043615, 
        0.9212664584161435, 
        0.9836560860488864, 
        0.9849400131533284, 
        0.9288361782174607, 
        0.9925227600973409, 
        0.9435971499746848, 
        0.9265524007552967, 
        0.4916810613502513, 
        0.35703722383747916, 
        0.9509148462903695, 
        0.9242487767636751, 
        0.7280486424235102, 
        0.9081562635901729, 
        0.880769510149013, 
        0.788240409379539, 
        0.9735425524642972, 
        0.9778784207056428, 
        0.9347171992507977, 
        0.9880972081846032, 
        0.9800893039672126, 
        0.985001153297819, 
        0.9758389685966006, 
        0.9518583847202132, 
        0.9718780379543243, 
        0.9805131369233475, 
        0.9695528464885268, 
        0.9761016860080584, 
        0.9692531539935415, 
        0.9254819309822684, 
        0.9139340209422555, 
        0.9534038829574429, 
        0.9859089158930644, 
        0.9818142267588267, 
        0.9481394105578197, 
        0.8353293898494444, 
        0.8723231029421011, 
        0.9668507752080407, 
        0.8823338396485646, 
        0.9756069526591961, 
        0.9554721759493275
    ],