{
    "image_series_id": 501837158, 
    "distance": [
        536.1237687890258, 
        958.6534400578944, 
        604.6124553130829, 
        593.4238872788292, 
        843.0522823477443, 
        988.8540226318288, 
        465.5565389475179, 
        643.5523809841477, 
        603.6109189273437, 
        616.9767937831102, 
        489.9567730252941, 
        524.2299658311122, 
        787.182274859915, 
        934.891151833531, 
        198.36701600903206, 
        895.7477745439319, 
        232.34812463622404, 
        626.8885902904265, 
        628.4589766794794, 
        666.9027397395608, 
        1923.351960349721, 
        1018.8487871341905, 
        448.1809378032833, 
        798.2126476985255, 
        600.8356340319096, 
        545.4998532304584, 
        801.3240197504731, 
        174.99917125014926, 
        294.59623510454537, 
        837.8084296821894, 
        162.17446337365624, 
        785.3728422068847, 
        124.4154239095232, 
        522.9108850554119, 
        560.4657330333202, 
        567.4512926766105, 
        592.5170214316745, 
        527.4284450805645, 
        492.29825473545947, 
        722.8190863506155, 
        255.33190405284867, 
        117.19803375832807, 
        250.75547896318548, 
        711.6942449728894, 
        604.2792608469266, 
        802.983811380257, 
        1177.1271196586267, 
        880.9821142188655, 
        910.2253377900976, 
        889.1100767175881, 
        171.51255013056598, 
        532.466109132995
    ], 
    "exclusion_zone_overlap": [
        0.0018089950276666716, 
        1.503559613566647e-11, 
        0.020862015038580362, 
        0.3463173955137972, 
        0.000959455758087887, 
        6.161273982667542e-06, 
        0.3089174704467006, 
        0.012391395672144723, 
        0.010124754642415638, 
        0.07013814751805197, 
        0.0518895523816, 
        0.3744325300337379, 
        0.000717306506852682, 
        4.078266868145317e-05, 
        0.8278001636730569, 
        1.8240310175343344e-08, 
        0.43725002659736206, 
        0.12421812787331682, 
        0.0325919776128033, 
        0.2344303929216645, 
        0.4459070186323709, 
        0.0035061081656262228, 
        0.2624329223811418, 
        0.15967624587931328, 
        0.008086200931961125, 
        0.006044798608726377, 
        0.00018129336581607504, 
        0.29268934889226444, 
        0.3489973437902087, 
        0.0018021226369322252, 
        0.5133287213731811, 
        0.0005573493342151727, 
        0.5539272476646134, 
        0.2644534940521412, 
        0.006689361175805177, 
        0.006628393452901922, 
        0.10054492564599679, 
        0.0235012802141344, 
        0.15149894466443126, 
        0.0012387510189411915, 
        0.4857392376248098, 
        0.12575429458903908, 
        0.15071301369967174, 
        0.001211122377167307, 
        0.210182566033105, 
        1.1776986141970303e-06, 
        0.07308572947881571, 
        4.190797840394661e-06, 
        0.0003413186105774727, 
        0.0007649197942911609, 
        0.48291548646614785, 
        0.05296702947037887
    ], 
    "match_id": [
        100147853, 
        307321674, 
        304586645, 
        307558646, 
        307320960, 
        307743253, 
        307557934, 
        309003780, 
        277616630, 
        307137980, 
        304585910, 
        309113907, 
        126862385, 
        307296433, 
        307593747, 
        174361040, 
        100141219, 
        272782668, 
        304762965, 
        309372716, 
        638314843, 
        127795906, 
        500836840, 
        512315551, 
        502966396, 
        294482052, 
        530574594, 
        482578964, 
        266250195, 
        536298726, 
        479755622, 
        510417993, 
        479701339, 
        479984127, 
        596253012, 
        535692871, 
        501115762, 
        536299435, 
        479983421, 
        501004474, 
        546103149, 
        517072832, 
        121510421, 
        503323656, 
        584511827, 
        510417255, 
        593277684, 
        480069939, 
        523718075, 
        601476074, 
        479756361, 
        503069254
    ], 
    "fraction of match covered by td exclusion zone": [
        0.01421743067454866, 
        2.900240328254317e-08, 
        0.03132788711388656, 
        0.11282433989702903, 
        0.0011730861114997882, 
        6.62266190804472e-06, 
        0.2060941428111376, 
        0.02144830978480501, 
        0.046195713059328916, 
        0.05841063491927459, 
        0.09635789414763347, 
        0.157605150711166, 
        0.0010759000254201047, 
        1.5283944742805443e-05, 
        0.5115814721445142, 
        2.1985199567627402e-06, 
        0.6216370882723768, 
        0.12967927724526554, 
        0.01694329316984281, 
        0.0891676612110459, 
        0.10464212954854935, 
        0.0018481914848798792, 
        0.20037899792611208, 
        0.03382025608800303, 
        0.030224542403700077, 
        0.027057510315016343, 
        0.00032665720429249124, 
        0.8957348187256283, 
        0.522009300262253, 
        0.0009343830011948278, 
        0.8001854565446086, 
        0.0024226280025645168, 
        0.8756332380998456, 
        0.2423941086706868, 
        0.026733691048723963, 
        0.0277621353527063, 
        0.1439958149754864, 
        0.0481574876983056, 
        0.1514794675185863, 
        0.0022371333433711085, 
        0.6848493344117008, 
        1.0000000000000002, 
        0.765261405112098, 
        0.00617020884134028, 
        0.05431457202222531, 
        0.00011384450600202975, 
        0.012954266867247186, 
        1.0632683859393016e-05, 
        0.001465222658853257, 
        0.0005901777179521257, 
        0.7044035344841209, 
        0.17126506435919636
    ], 
    "source": "VISp", 
    "pearson_correlation": [
        0.9887223588280534, 
        0.865228841789083, 
        0.9854719193396744, 
        0.929399717458863, 
        0.9568329123426718, 
        0.926862231560459, 
        0.9839432864290717, 
        0.9822959458848726, 
        0.989125813252372, 
        0.962194448235741, 
        0.9819176119138583, 
        0.9644674297982624, 
        0.950332854977564, 
        0.8957466109709868, 
        0.9915366070951938, 
        0.9463417685491073, 
        0.9942942995940399, 
        0.9744009829734854, 
        0.976466407580876, 
        0.9227051142147811, 
        0.4932931065189975, 
        0.3542194481424125, 
        0.9522353143048075, 
        0.6734362013244781, 
        0.8359530537258143, 
        0.9906019680575704, 
        0.9242073321115959, 
        0.9823906054308353, 
        0.9930535983445035, 
        0.9090973696185725, 
        0.9731528944299979, 
        0.8528233992640553, 
        0.9529371200750223, 
        0.9117825475801666, 
        0.9753201676362176, 
        0.9618111003405794, 
        0.9297268781824819, 
        0.9775136560311986, 
        0.970651016873285, 
        0.910288594903357, 
        0.9172986098177544, 
        0.9892706483110079, 
        0.9929388387918362, 
        0.9188873753385441, 
        0.8003828439974409, 
        0.7095348927576509, 
        0.8246310180634163, 
        0.9539368588773028, 
        0.41362948532939453, 
        0.8364417518396041, 
        0.9479486407271497, 
        0.9375700762115758
    ],