{
    "image_series_id": 515920693, 
    "distance": [
        761.1095635970818, 
        871.4462136414994, 
        484.96766396291116, 
        838.2821024169091, 
        466.44003230981855, 
        400.2676693256817, 
        777.6952250455482, 
        796.2999490270718, 
        277.95087919995757, 
        704.3067505342249, 
        470.6767736310695, 
        621.2498951727649, 
        573.2526484479895, 
        772.4205566488578, 
        426.3572830399473, 
        442.90587556464095, 
        1022.6123095493004, 
        375.06971512188125, 
        857.8853808690144, 
        55.04089735961628, 
        80.10107088889355, 
        828.0428464882584, 
        439.02835998600517, 
        483.9090984180115, 
        1770.3891073941982, 
        853.8611777616519, 
        284.89043345801196, 
        732.1790279121319, 
        984.3705460392362, 
        613.0454702676274, 
        728.7137782538412, 
        779.0623514818674, 
        406.5238889984246, 
        606.5032737262063, 
        796.0209316356356, 
        126.26837473853433, 
        166.3731068918956, 
        759.5828905628899, 
        1019.4498834867499, 
        139.86628554335843, 
        268.33245223423484, 
        713.9479662729631, 
        412.95544895574847, 
        554.3330928338149, 
        763.2365971859844, 
        867.0384999371572, 
        347.383246489693, 
        324.9160583174436, 
        716.7099919896825, 
        743.3647045525488, 
        450.2090529242178, 
        154.82842595149668, 
        269.14245115446704, 
        649.7828571374582, 
        801.1952170230942, 
        1068.4320759866023, 
        790.182493195898, 
        1141.9518039250554, 
        764.8664843698651, 
        915.6819029544521, 
        150.9166011118627, 
        319.85681810826594
    ], 
    "exclusion_zone_overlap": [
        0.031513294484912684, 
        0.008134071437500784, 
        0.05980299031222711, 
        0.01900084896493753, 
        0.13382002093466575, 
        0.6240605626984379, 
        0.04558209264052943, 
        0.010289772615564225, 
        0.5665925214328046, 
        0.009948087448534499, 
        0.11258752405479826, 
        0.004002310372271963, 
        0.040755405357201964, 
        3.6466497188131695e-05, 
        0.25810212998168436, 
        0.16833806917513217, 
        0.0007409677069303825, 
        0.5753360632233322, 
        0.042424279618730444, 
        0.828002920735672, 
        0.5521661783639434, 
        0.033872233121500006, 
        0.11742934260171918, 
        0.5060820252132636, 
        0.5062852157344905, 
        0.060306964810626425, 
        0.45968801293084016, 
        0.2303299130423977, 
        0.0010448222041748458, 
        0.0010306749713291938, 
        0.009976300592059563, 
        1.0621001949856963e-05, 
        0.0791709885843949, 
        0.021994080388548765, 
        0.00033220277566266114, 
        0.25328562070419497, 
        0.4416508913798854, 
        1.8499471577434109e-06, 
        1.6983745922992195e-06, 
        0.5411331906926028, 
        0.3661353267746457, 
        0.10042644146854394, 
        0.07876464769660924, 
        0.03629887356612236, 
        0.02273630902510365, 
        0.0003226016842720811, 
        0.13484024388435042, 
        0.2849528491712071, 
        0.03688442055480711, 
        0.00039079183392516734, 
        0.26671919939417954, 
        0.07793968906281551, 
        0.14596388071549612, 
        0.012388497369475818, 
        2.3389559932620338e-06, 
        0.0019323144571989233, 
        0.09502767978992492, 
        0.04321080530755602, 
        0.00915197524435603, 
        0.0016504131175186815, 
        0.4950704315416665, 
        0.10401041727889113
    ], 
    "match_id": [
        307297141, 
        113887162, 
        100147853, 
        307321674, 
        304586645, 
        307558646, 
        307320960, 
        307743253, 
        307557934, 
        114008926, 
        309003780, 
        277712166, 
        277616630, 
        277714322, 
        307137980, 
        304585910, 
        309004492, 
        309113907, 
        307296433, 
        307593747, 
        100141219, 
        272782668, 
        304762965, 
        309372716, 
        638314843, 
        127795906, 
        500836840, 
        512315551, 
        598605738, 
        522409371, 
        502966396, 
        500837552, 
        294482052, 
        530574594, 
        530555292, 
        482578964, 
        266250195, 
        503809372, 
        536298726, 
        479755622, 
        479701339, 
        479984127, 
        596253012, 
        535692871, 
        501115762, 
        603479758, 
        536299435, 
        479983421, 
        501004474, 
        562061175, 
        546103149, 
        517072832, 
        121510421, 
        503323656, 
        272930013, 
        482580380, 
        584511827, 
        593277684, 
        480069939, 
        601476074, 
        479756361, 
        503069254
    ], 
    "fraction of match covered by td exclusion zone": [
        0.03031598069681953, 
        0.009705112857299062, 
        0.40154465131917944, 
        0.017552177790764754, 
        0.2942622861191762, 
        0.28542811904134757, 
        0.05095581180256891, 
        0.010818093489733192, 
        0.4776598672813271, 
        0.022795330280782167, 
        0.17202395489344713, 
        0.03569139114367246, 
        0.23124177447210492, 
        3.1330239775259024e-06, 
        0.24094887402226883, 
        0.5122523773161685, 
        0.00047327123318103453, 
        0.344430959790124, 
        0.03113263170595859, 
        0.7676435982821602, 
        0.9456401112514138, 
        0.04911287957081521, 
        0.12752043646918768, 
        0.25064369886452664, 
        0.16025097092012192, 
        0.07021769324521464, 
        0.5145897968344136, 
        0.07052150078917732, 
        0.0006123282813032225, 
        0.010086625501239966, 
        0.05994645290216854, 
        4.472095893673158e-05, 
        0.5273882376815655, 
        0.0771744338227443, 
        0.0005199721415715026, 
        0.9997519886268836, 
        0.9075313508637715, 
        7.036274745286173e-06, 
        1.4987166855192947e-05, 
        0.9888890149653866, 
        0.940352804052843, 
        0.13341289565855924, 
        0.47108919553054773, 
        0.1693664963364148, 
        0.04801077732014672, 
        0.0009458118887838421, 
        0.3958630172259969, 
        0.4843923932098022, 
        0.09523725675676087, 
        0.0004682281386364312, 
        0.5759650339978194, 
        0.9999999999999998, 
        0.9597085706600348, 
        0.06700092695080759, 
        0.0001020050741032665, 
        0.000731323454061748, 
        0.03572234537772459, 
        0.008693556386361278, 
        0.017274706579204907, 
        0.0012754121318412504, 
        0.9735416762903587, 
        0.45288863270947005
    ], 
    "source": "VISp",