{
    "image_series_id": 518605181, 
    "distance": [
        919.0849742387776, 
        630.5934179779398, 
        312.9077761224461, 
        462.52366907422146, 
        289.95229340481256, 
        841.5739093886101, 
        887.8955186779785, 
        312.28673709511827, 
        120.02941448331406, 
        852.91645488899, 
        744.2251938940367
    ], 
    "exclusion_zone_overlap": [
        0.0038708586790240068, 
        0.0005420881460814209, 
        0.06457532373637506, 
        0.47622579011220584, 
        0.16788782001551839, 
        0.000226166255366887, 
        6.686688179788861e-06, 
        0.40795297441656697, 
        0.6285846018050533, 
        0.0010375555046734763, 
        0.026374281910195155
    ], 
    "match_id": [
        100140949, 
        272916915, 
        112424813, 
        501484658, 
        584895127, 
        646525997, 
        571100135, 
        592540591, 
        166054929, 
        159832064, 
        591535205
    ], 
    "fraction of match covered by td exclusion zone": [
        0.0030306690617863457, 
        0.004373408667477144, 
        0.6511627958835688, 
        0.5422920947908444, 
        0.9617091275378445, 
        0.00014083413463948438, 
        1.2638775681612865e-08, 
        0.6758191001652888, 
        0.8698122984140232, 
        0.0025909311729912367, 
        0.07872475396256684
    ], 
    "source": "RSPd", 
    "pearson_correlation": [
        0.6145359810752664, 
        0.6664476652378464, 
        0.7763324662355058, 
        0.6485527295210145, 
        0.9678877155052366, 
        0.9246710983903721, 
        0.8510448803459241, 
        0.8159139947984129, 
        0.8578148506489119, 
        0.5297374035212551, 
        0.714091999331925
    ], 
    "spearman_correlation": [
        0.7136572932330872, 
        0.6452232297358159, 
        0.8499930942622247, 
        0.6444296632021214, 
        0.9179972719248979, 
        0.6890803446995435, 
        0.6811094132855415, 
        0.8174100143131576, 
        0.8822649896747445, 
        0.6424746120265491, 
        0.8489981383310027
    ], 
    "injection_overlap": [
        0.00029560896330479237, 
        0, 
        0.07871109866009526, 
        0.9692113830193031, 
        0.35302719098173446, 
        0, 
        0, 
        0.7583931130615713, 
        0.9701236412839276, 
        0, 
        0.016260521071785296
    ], 
    "fraction of match covered by td injection": [
        1.4100479328840439e-05, 
        0, 
        0.24507335054134918, 
        0.27559970102498255, 
        0.1923108933305034, 
        0, 
        0, 
        0.15128611809787956, 
        0.25128338265899935, 
        0, 
        0.007184948591499755
    ]
}