{
    "image_series_id": 521255975, 
    "distance": [
        961.5999018069149, 
        297.7061029288049, 
        762.0113561999366, 
        884.8333477681946, 
        817.8591759617775, 
        393.41134608436676, 
        941.6959280440602, 
        704.7356260812916, 
        992.5469316782173, 
        1007.8811327633622, 
        616.3198267735016, 
        678.4479624999456, 
        858.1564024971258, 
        918.7538444746746, 
        996.7766754404564, 
        1005.6149054370375, 
        488.17459490628227
    ], 
    "exclusion_zone_overlap": [
        0.01835155421083613, 
        0.3126850742957865, 
        0.04948943218582687, 
        0.00825095856210108, 
        0.0900469366784822, 
        0.12177743280019672, 
        0.01597960080662562, 
        0.3154283829824996, 
        0.0035127325917777585, 
        0.023522574738707988, 
        0.17675299139306608, 
        0.472259682739317, 
        0.2029339006832131, 
        0.018876144877660067, 
        0.0013657474081768923, 
        0.0024257050142536445, 
        0.12026614096700172
    ], 
    "match_id": [
        126523791, 
        112595376, 
        272916915, 
        523718823, 
        501484658, 
        249396394, 
        501006221, 
        572588941, 
        584895127, 
        482581199, 
        496113850, 
        646525997, 
        571100135, 
        592540591, 
        166054929, 
        562521707, 
        303784745
    ], 
    "fraction of match covered by td exclusion zone": [
        0.014444222287002977, 
        0.7513906388778359, 
        0.16162733077448674, 
        0.02271928332372605, 
        0.0836588917630784, 
        0.1663675041821982, 
        0.02099092763842192, 
        0.17813462792162296, 
        0.0047758404852198105, 
        0.032235954288990655, 
        0.2268363669963197, 
        0.2160244337752535, 
        0.10381421355526477, 
        0.023212516520641532, 
        0.0013899635657574016, 
        0.0005312543883202771, 
        0.32104111643232885
    ], 
    "source": "RSPv", 
    "pearson_correlation": [
        0.7938605415045811, 
        0.9503011342248826, 
        0.8569584846317085, 
        0.3434510835631681, 
        0.8001235260201632, 
        0.5808387284463153, 
        0.5318266679644279, 
        0.639649524920588, 
        0.5213669098114869, 
        0.41551408810230184, 
        0.5498198728242196, 
        0.5111430189825613, 
        0.6129402107656534, 
        0.7006273368972324, 
        0.7672757541535097, 
        0.4972597597493144, 
        0.683023362794254
    ], 
    "spearman_correlation": [
        0.28887608731388054, 
        0.8157896624023467, 
        0.6795096262092134, 
        0.6199344895386254, 
        0.7148289909346002, 
        0.6797994127873955, 
        0.6336094428649767, 
        0.6373310190549486, 
        0.6360560815026397, 
        0.6602916042326593, 
        0.6695551668081269, 
        0.6398807421069712, 
        0.6122429980029086, 
        0.7148712023368226, 
        0.6563386258151858, 
        0.670847948606706, 
        0.7001194196504945
    ], 
    "injection_overlap": [
        0.006456236198129375, 
        0.5461181413790863, 
        0.014841488812383072, 
        0, 
        0.03805847864082783, 
        0.20338554048976085, 
        0, 
        0.1669754051849516, 
        0, 
        0, 
        0.3810564209507242, 
        0.5858455060403509, 
        0.08603439972099736, 
        0, 
        0, 
        0, 
        0.22692167739858507
    ], 
    "fraction of match covered by td injection": [
        0.0006195125619426616, 
        0.23991517191211267, 
        0.007978645895838488, 
        0, 
        0.003128415220023437, 
        0.013596232771237874, 
        0, 
        0.03790295895914174, 
        0, 
        0, 
        0.04614495879587277, 
        0.054030704477306055, 
        0.020751370903687654, 
        0, 
        0, 
        0, 
        0.030533414708510603
    ]
}