{
    "image_series_id": 526783792, 
    "distance": [
        565.2000878695773, 
        830.4848803147772, 
        675.0020962308364, 
        473.59933583986026, 
        491.25525912083566, 
        690.9838334204327, 
        488.42586966536214, 
        1769.575141706161, 
        262.19176520980227, 
        496.45754445242267, 
        772.8260176658144, 
        162.34072644209007, 
        696.0253433798124, 
        316.52862418558294
    ], 
    "exclusion_zone_overlap": [
        0.03870467746427749, 
        0.0025984330250749107, 
        0.08182343719336196, 
        0.04461686874605625, 
        0.3158254013973316, 
        0.3936519611671071, 
        0.3140163761420311, 
        0.002428067749304328, 
        0.33767742741438506, 
        0.11299778446470839, 
        0.030048190001007044, 
        0.27752075370706397, 
        0.15935650487564387, 
        0.4561698966566935
    ], 
    "match_id": [
        112423392, 
        112306316, 
        157711748, 
        158435116, 
        126860974, 
        478376197, 
        496554237, 
        166055636, 
        480994108, 
        287769286, 
        156741826, 
        478582494, 
        263106036, 
        167902586
    ], 
    "fraction of match covered by td exclusion zone": [
        0.3239066225317046, 
        0.014957961588366415, 
        0.6375892485814564, 
        0.4438972357996176, 
        0.9743122803674135, 
        0.8417374752396671, 
        0.894097265435245, 
        0.00900375416494515, 
        0.6633931109352862, 
        0.4274229583147042, 
        0.09125545911446063, 
        0.9827131888254821, 
        0.4364935138030239, 
        0.8430598702617408
    ], 
    "source": "ORBvl", 
    "pearson_correlation": [
        0.6406394420718651, 
        0.29770198460573455, 
        0.5575245338103392, 
        0.5937517745711715, 
        0.8472036660254816, 
        0.6992019364421705, 
        0.8565461365096807, 
        0.09449717335538887, 
        0.7723220678993286, 
        0.6260928320859739, 
        0.5348887197765334, 
        0.7724251071705167, 
        0.5983381660029199, 
        0.8867806559827393
    ], 
    "spearman_correlation": [
        0.5307372266563116, 
        0.3526101300830619, 
        0.7830386922814538, 
        0.49470110880587115, 
        0.887679299454843, 
        0.7717394042211354, 
        0.8430853028617838, 
        0.16949474418688884, 
        0.700921047843963, 
        0.5861944398945205, 
        0.6529083861395069, 
        0.7417250813319584, 
        0.7745428457034695, 
        0.7576495745246155
    ], 
    "injection_overlap": [
        0.011854169865554346, 
        0, 
        0.019248078721555872, 
        0.015053740020047512, 
        0.28679729177799695, 
        0.5432715061046172, 
        0.5849978553845602, 
        7.573060276999575e-06, 
        0.853982681422246, 
        0.10692670533410178, 
        0, 
        0.8082497221979359, 
        0.017235893469088756, 
        0.9534863396919385
    ], 
    "fraction of match covered by td injection": [
        0.010629160991408624, 
        0, 
        0.06617158203853073, 
        0.019617573952719538, 
        0.12169465356555847, 
        0.14398084055779425, 
        0.21686998668356358, 
        1.1463559100081176e-05, 
        0.14401892624280244, 
        0.05569616049121036, 
        0, 
        0.4159378756016465, 
        0.02903240234984251, 
        0.2277890380734481
    ]
}