{
    "image_series_id": 526784559, 
    "distance": [
        798.1815345109687, 
        513.4144985838864, 
        634.616429117453, 
        548.2679379338232, 
        757.5424096530746, 
        562.7305628129691, 
        411.7968692434725, 
        696.6590046481076, 
        717.9619219348208, 
        728.4197706512307, 
        454.8501713118786, 
        776.4665576483612, 
        845.372932967172, 
        330.37911138311733, 
        1029.3459577827857, 
        251.5359881857168, 
        758.91399397437, 
        676.8580829109094, 
        632.405056638091, 
        1997.3262387680438, 
        978.244083409938, 
        376.7695124326709, 
        885.2345668859415, 
        431.33304424520327, 
        690.350481849972, 
        422.10585979997114, 
        721.9764518671765, 
        241.80546516103308, 
        1296.7689489519087, 
        227.13026317089876, 
        1490.4441422258171, 
        611.0908867813795, 
        350.4739245655419, 
        168.41633946129082, 
        671.1155934073788, 
        412.09300339819526, 
        561.2195541267663, 
        746.5446370402433, 
        456.60499317363616, 
        396.578967790311, 
        461.0065854596737, 
        619.3903810913962, 
        313.31322845718825, 
        282.56122754410444, 
        503.39347595099065, 
        1180.1964191678119, 
        754.8550421744578, 
        1396.4175490281204, 
        200.6707244330244, 
        526.373995883097
    ], 
    "exclusion_zone_overlap": [
        0.12144299408735428, 
        0.13778113783356566, 
        0.3976991549425685, 
        0.20960999760456694, 
        0.08576106942098659, 
        0.02808372369022233, 
        0.2071577970146291, 
        0.0034332975977037303, 
        0.012145363639933095, 
        2.6686796926202187e-06, 
        0.695399276621592, 
        0.001204840663414406, 
        0.0012109952033700487, 
        0.6560942839346636, 
        0.00039980071364825926, 
        0.5010509160901238, 
        0.021989177857137124, 
        0.01651743828510166, 
        0.5014950011128647, 
        0.05485249621510424, 
        0.06801956090574234, 
        0.5208355753465143, 
        0.094866435233195, 
        0.003766972484565129, 
        3.976036874844601e-09, 
        0.12693444601754938, 
        0.02633520684070231, 
        0.2882002762138362, 
        0.0005559805625486824, 
        0.5662820454320272, 
        0.0005442546768088083, 
        0.02212583942415196, 
        0.26076788866046874, 
        0.5869994078032313, 
        0.09515119623719231, 
        0.17212597399451915, 
        0.010603782572143818, 
        0.021961391454316966, 
        0.1074122714418291, 
        0.39072592048453647, 
        0.18080538401280494, 
        0.054534881208071755, 
        0.42967714077365676, 
        0.06135071809431445, 
        0.005060204055165796, 
        0.0002329106912472651, 
        0.1125882010506178, 
        0.00012854038530351586, 
        0.5428675199447389, 
        0.047678958041836375
    ], 
    "match_id": [
        113887162, 
        304586645, 
        307558646, 
        307557934, 
        114008926, 
        277712166, 
        277616630, 
        277714322, 
        307137980, 
        304585910, 
        309113907, 
        277713580, 
        126862385, 
        307593747, 
        174361040, 
        100141219, 
        272782668, 
        304762965, 
        309372716, 
        638314843, 
        127795906, 
        500836840, 
        598605738, 
        502966396, 
        512314723, 
        294482052, 
        530574594, 
        482578964, 
        540145406, 
        266250195, 
        511550172, 
        503809372, 
        479755622, 
        479701339, 
        479984127, 
        596253012, 
        566992832, 
        501115762, 
        536299435, 
        479983421, 
        501004474, 
        562061175, 
        546103149, 
        517072832, 
        121510421, 
        524874308, 
        584511827, 
        593277684, 
        479756361, 
        503069254
    ], 
    "fraction of match covered by td exclusion zone": [
        0.06444832091202776, 
        0.1679876804763168, 
        0.09169877753781552, 
        0.09394412970912284, 
        0.09887484463034507, 
        0.14605792371180643, 
        0.5187116936918585, 
        0.008783536941632947, 
        0.008106045207232524, 
        4.80117427262369e-06, 
        0.22025624056542625, 
        0.00037382078872051075, 
        0.0005951191290099015, 
        0.2923470986935068, 
        0.0004735647294968014, 
        0.4928952056472998, 
        0.014638813167052886, 
        0.0066560095265491975, 
        0.12993648115182932, 
        0.004956811292459084, 
        0.04344148318303358, 
        0.2947799702352827, 
        0.03310669692802285, 
        0.0059372926071052995, 
        5.718223670616831e-07, 
        0.430345273751901, 
        0.05126725767672012, 
        0.6220596672529284, 
        5.6036444772387035e-05, 
        0.5991110421504711, 
        2.7258733884823065e-05, 
        0.16173699469125424, 
        0.28787611139985847, 
        0.8256347121017543, 
        0.05732732514447747, 
        0.498176885701772, 
        0.22869436702298415, 
        0.020315739501041458, 
        0.17394710096698207, 
        0.31376210734944804, 
        0.20466406649505817, 
        0.12919837646722615, 
        0.44643724545826113, 
        0.6117354398867714, 
        0.026982655377885224, 
        5.6055385995360875e-05, 
        0.017537638955881635, 
        1.4664875940844207e-05, 
        0.6205254992932341, 
        0.14280781482373026
    ], 
    "source": "VISp", 
    "pearson_correlation": [
        0.9094535203569721, 
        0.9617898803967837, 
        0.9161931095015334, 
        0.9663202192038388, 
        0.8741865302489275, 
        0.9808763870743873, 
        0.9721662083398808, 
        0.9620089121034445, 
        0.9381521293226951, 
        0.94945050634478, 
        0.9571674282678017, 
        0.8520631625875934, 
        0.9743658143224916, 
        0.9829093637674976, 
        0.9535424288535955, 
        0.9819656886749433, 
        0.9887668944553617, 
        0.9488708667735096, 
        0.9126606269194706, 
        0.4923043977847221, 
        0.37499450629913145, 
        0.9335596817914112, 
        0.6635446116076902, 
        0.8816696023613271, 
        0.7915200724158985, 
        0.9793075890927985, 
        0.92488218879451, 
        0.9868984548722051, 
        0.35597521651255076, 
        0.9818075043749391, 
        0.3647919655275839, 
        0.9403238076271422, 
        0.9683312876724877, 
        0.9657420142974475, 
        0.9564835250380523, 
        0.9693497897530577, 
        0.9452970324894672, 
        0.9635052945653405, 
        0.9709663813111148, 
        0.9570033193058151, 
        0.9295340545031903, 
        0.9209500758464603, 
        0.9547632022134734, 
        0.9826387672341895, 
        0.9776585612798853, 
        0.21008635213774882, 
        0.8069750673521809, 
        0.8590658460131577, 
        0.9614829093122889, 
        0.9393298587723201
    ],