{
    "image_series_id": 528511967, 
    "distance": [
        665.7984980081683, 
        719.4294351893041, 
        915.754669893866, 
        997.1078790801247, 
        1001.8330346826298, 
        200.73236160567643, 
        978.8938066899409
    ], 
    "exclusion_zone_overlap": [
        0.14743248483786545, 
        0.00046446448381413425, 
        9.973212982096042e-10, 
        0.01405670203189886, 
        0.06747537925108443, 
        0.8109397313835207, 
        0.019164428747672827
    ], 
    "match_id": [
        146553971, 
        180403712, 
        112881858, 
        127397469, 
        114472145, 
        180435652, 
        286483411
    ], 
    "fraction of match covered by td exclusion zone": [
        0.3841503784678981, 
        0.0023818322793386975, 
        6.83426630307403e-08, 
        0.020565097530562383, 
        0.1478243712556318, 
        0.5288436966783219, 
        0.08686079780403214
    ], 
    "source": "ECT", 
    "pearson_correlation": [
        0.5947051932106279, 
        0.7596735441083359, 
        0.47434868143888426, 
        0.5041821242160078, 
        0.6423814301059896, 
        0.7969247329619424, 
        0.71284954232814
    ], 
    "spearman_correlation": [
        0.5907142731957564, 
        0.49101536955410124, 
        0.4520078079807085, 
        0.578727041664343, 
        0.8038713179408361, 
        0.781707241890008, 
        0.6368222800399799
    ], 
    "injection_overlap": [
        0.09065876290303855, 
        0, 
        0, 
        0.012648659855947313, 
        0.021416940309758534, 
        0.9617142375324873, 
        0.0029441098502644833
    ], 
    "fraction of match covered by td injection": [
        0.02862767513342878, 
        0, 
        0, 
        0.0007787966923965419, 
        0.006871176972157112, 
        0.05514418382610197, 
        0.000856803144429475
    ]
}