{
    "image_series_id": 528732005, 
    "distance": [
        957.7881696135294, 
        253.46536980905626, 
        130.77997898729615, 
        589.2717150216126, 
        703.7029746888379, 
        653.7776888304816, 
        600.9998585224723, 
        308.66738126629406, 
        725.0064447349461, 
        315.06573608180986, 
        184.73678203104097, 
        453.0531344606689, 
        517.6514386074441
    ], 
    "exclusion_zone_overlap": [
        0.002522354620015357, 
        0.809169784632331, 
        0.838603394545378, 
        0.4055979704187609, 
        0.09281194580397477, 
        0.0894550343555622, 
        0.10865498737425545, 
        0.917242773471342, 
        0.013346828159030289, 
        0.28047273010929413, 
        0.7963335410122329, 
        0.21903710462671627, 
        0.2790713012550089
    ], 
    "match_id": [
        484504171, 
        204832205, 
        265286700, 
        159432479, 
        159331462, 
        266839077, 
        305449231, 
        184158290, 
        176897793, 
        538833505, 
        170784358, 
        265947058, 
        278500868
    ], 
    "fraction of match covered by td exclusion zone": [
        0.0008743511971113292, 
        0.36431003444549565, 
        0.8305613849825365, 
        0.13743386947880526, 
        0.03775496711875123, 
        0.0346749398278975, 
        0.061786137687795194, 
        0.48999518240559775, 
        0.007720516932044233, 
        0.3338163736880244, 
        0.45463058349687113, 
        0.127049735031715, 
        0.1496171811264868
    ], 
    "source": "RE", 
    "pearson_correlation": [
        0.8283477745448146, 
        0.7194797697474624, 
        0.8699605219815646, 
        0.9207022024668526, 
        0.8157332169239223, 
        0.8433096799334378, 
        0.7930663241236987, 
        0.9177478903984815, 
        0.9184593502368872, 
        0.6864396101340459, 
        0.7010879069410967, 
        0.5292146640772005, 
        0.8233043186454134
    ], 
    "spearman_correlation": [
        0.8172420967031471, 
        0.8340491303081596, 
        0.9174581461503786, 
        0.8622257516018146, 
        0.6770763706455674, 
        0.5626217032502889, 
        0.5262462818986188, 
        0.7507111192581785, 
        0.6349166886468601, 
        0.7095568125400341, 
        0.6580029394793877, 
        0.8006794395646454, 
        0.8187809920567066
    ], 
    "injection_overlap": [
        0, 
        0.9847870108051359, 
        0.9407780203109392, 
        0.5098465318452277, 
        7.107625390515517e-05, 
        0.046923770257857204, 
        0.003123405932923383, 
        0.9958453734113952, 
        0, 
        0.4192315484556552, 
        0.9556870206085586, 
        0.33484249339492256, 
        0.3583675955630598
    ], 
    "fraction of match covered by td injection": [
        0, 
        0.0824442797479488, 
        0.195657477509065, 
        0.015030842051712586, 
        6.987678090490182e-07, 
        0.0019372314221969829, 
        0.00010474989563934789, 
        0.11796775327409229, 
        0, 
        0.07178582617366183, 
        0.1320319432159022, 
        0.033370174206605256, 
        0.02011541998392669
    ]
}