{
    "image_series_id": 531233132, 
    "distance": [
        325.9372291670815, 
        142.05831477827684, 
        355.11911318576796, 
        1297.1184780173162, 
        396.18345972627174, 
        911.2428977260753, 
        580.4930166002473, 
        466.88034401050515, 
        760.2419632133611, 
        2342.8829909851747
    ], 
    "exclusion_zone_overlap": [
        0.5555352841793868, 
        0.7005980637314401, 
        0.619235359395701, 
        0.004443652752666638, 
        0.655633853986623, 
        0.04085548850217789, 
        0.47016571462985784, 
        0.6575779300970188, 
        0.03758796792386282, 
        0.04184959786090573
    ], 
    "match_id": [
        558580065, 
        585051446, 
        585026021, 
        640282128, 
        127139568, 
        626107114, 
        113226232, 
        112672974, 
        126116848, 
        638314843
    ], 
    "fraction of match covered by td exclusion zone": [
        0.7465301634238921, 
        0.8370369415815466, 
        0.6438644710138752, 
        0.0024999091543459204, 
        0.37204539578685114, 
        0.08086292314448623, 
        0.2586964556117, 
        0.43884330778322106, 
        0.027725944156782468, 
        0.03324562780839288
    ], 
    "source": "ENTm", 
    "pearson_correlation": [
        0.9187492680095541, 
        0.8733751656811588, 
        0.8383168391693108, 
        0.488349735055878, 
        0.8097730417653356, 
        0.54272065566065, 
        0.8011603993951244, 
        0.783789970200989, 
        0.9471492526160201, 
        0.32856153256883613
    ], 
    "spearman_correlation": [
        0.8445728491515446, 
        0.7209481885551718, 
        0.5905525368324347, 
        0.4573700871697166, 
        0.6416215446177782, 
        0.41935339106334113, 
        0.5469609112809216, 
        0.4330220401742136, 
        0.7625400098800901, 
        0.4939028541094681
    ], 
    "injection_overlap": [
        0.6451056527677377, 
        0.9706156321483472, 
        0.916918705554349, 
        0.011378316519091283, 
        0.911917171625868, 
        0.019501387187922888, 
        0.6411035280184665, 
        0.956399034145275, 
        0.0015211252219342905, 
        0.003546121833343383
    ], 
    "fraction of match covered by td injection": [
        0.08722569066361137, 
        0.15626119837202904, 
        0.08908760926627508, 
        0.0007892504922252456, 
        0.049128658926728255, 
        0.0031008055198739333, 
        0.027059354956822997, 
        0.07103260774268522, 
        7.639970196519845e-05, 
        0.0004091610980763666
    ]
}