{
    "image_series_id": 539514325, 
    "distance": [
        443.3617058966546, 
        728.868356057606, 
        324.8160484718035, 
        429.3494583722401, 
        820.8446444017419, 
        2826.3565582675683, 
        787.8261887446928, 
        222.28483629769616, 
        777.8803055545377, 
        509.23990293555926, 
        684.1382457512717, 
        597.0163122223628, 
        696.8037791729445, 
        608.1208021349166, 
        321.07739156885617, 
        720.7051092407235, 
        971.1239803596202, 
        765.0094712938667, 
        279.14903574434754, 
        799.2739221632676, 
        1157.9852416559013, 
        630.8881353612252, 
        738.9507143417019, 
        968.0905756492624, 
        1409.7627226786224, 
        1766.274804980629, 
        900.2512622531492, 
        230.71479915320668, 
        473.39326203430835, 
        185.1422671854499, 
        703.6867887127911, 
        1484.4154265516188, 
        1107.613136800174, 
        212.2212843537126, 
        487.66238390378953, 
        486.10049360612027, 
        704.43228465687, 
        797.2964883764683, 
        673.5491960455092, 
        781.8846745383072, 
        186.68325324031926, 
        201.87540131846, 
        891.7627160301752, 
        482.12619210742946, 
        539.7768205146144, 
        995.5532666839944, 
        60.08513135723529, 
        370.09868123542986, 
        862.2143592554338, 
        1257.3084645580002, 
        888.6920656757873, 
        609.1566547448798, 
        476.6699956448116, 
        287.55169444604525, 
        369.5064033684359, 
        507.27436702654643, 
        770.8962390720623
    ], 
    "exclusion_zone_overlap": [
        0.4278182570717099, 
        0.3071597300270565, 
        0.09344938570962122, 
        0.5618230816309294, 
        3.993778518631934e-05, 
        0.007277349210199182, 
        0.09289134941011719, 
        0.6997996372373603, 
        0.03949660873634215, 
        0.21532184586535913, 
        0.03929395494753543, 
        0.056566852687052735, 
        0.04577110397731356, 
        0.09985019661602905, 
        0.13230245386533335, 
        0.25158642913135215, 
        0.0007516615815402263, 
        0.08416602234196378, 
        0.854403633082273, 
        0.012740598768369844, 
        0.010355037838665716, 
        0.08090868186478842, 
        0.013500055659504701, 
        0.00539245310823353, 
        0.07477957132456885, 
        0.02340922615674455, 
        0.0004486013932540467, 
        0.8279273002052239, 
        0.1739564301685455, 
        0.1534987161645418, 
        0.023587798579983686, 
        0.13557208821135883, 
        0.04417978443874278, 
        0.4185153789762695, 
        0.371758789667126, 
        0.09018000501319036, 
        0.0005502851566466034, 
        0.0005573480385594241, 
        0.002232210681309302, 
        0.0008315375325844371, 
        0.229646155350516, 
        0.3720668618986224, 
        0.001092520617550971, 
        0.016493586903292154, 
        0.21145557670961845, 
        6.736014763073979e-06, 
        0.2710993425736158, 
        0.04542694791714611, 
        0.0028233947718211854, 
        0.14637185500286823, 
        0.37795337801668905, 
        0.0021130421084240244, 
        0.23971150297286165, 
        0.37163466563775227, 
        0.6071511395426243, 
        0.11228818131033666, 
        0.0002574900082012686
    ], 
    "match_id": [
        307297141, 
        180296424, 
        100147853, 
        307321674, 
        126115436, 
        626107114, 
        307558646, 
        307320960, 
        307743253, 
        113887868, 
        307557934, 
        309003780, 
        304565427, 
        307137980, 
        304585910, 
        309004492, 
        309113907, 
        307295727, 
        307296433, 
        127138787, 
        127711098, 
        307593747, 
        100141219, 
        309372716, 
        638314843, 
        120280939, 
        500836840, 
        512315551, 
        606929366, 
        522409371, 
        479981981, 
        603468246, 
        479673174, 
        500837552, 
        574941472, 
        530555292, 
        482578964, 
        266250195, 
        479755622, 
        479982715, 
        535692871, 
        603479758, 
        286417464, 
        121510421, 
        593016678, 
        479673887, 
        503323656, 
        272930013, 
        482580380, 
        661987195, 
        584511827, 
        510417255, 
        593277684, 
        480069939, 
        601476074, 
        580150240, 
        503069254
    ], 
    "fraction of match covered by td exclusion zone": [
        0.35163749759668694, 
        0.19701927226042737, 
        0.6018185386259716, 
        0.3789769824914911, 
        0.00024310966557499638, 
        0.0030872262766386484, 
        0.04737816286536514, 
        0.751342067689322, 
        0.04135686915433817, 
        0.35464252732117857, 
        0.03884483410417529, 
        0.09100204708314898, 
        0.12079520218498425, 
        0.11423253705307776, 
        0.5598743859679841, 
        0.13231483143598627, 
        0.0011672967445072872, 
        0.09399563085718428, 
        0.5987066637478897, 
        0.04039034822173753, 
        0.02947772370408816, 
        0.09031922857133559, 
        0.03545648837508851, 
        0.003364349468799284, 
        0.026935254833556792, 
        0.05036821679431702, 
        0.0008029298498494303, 
        0.3121214869928219, 
        0.5598318688308896, 
        0.9806404624942588, 
        0.06318300057363792, 
        0.06106560119926465, 
        0.012125443799590426, 
        0.9487250199008356, 
        0.6869431287292245, 
        0.3816534699353466, 
        0.006400277116497318, 
        0.0018249035247962827, 
        0.01344265210243451, 
        0.004033573142020104, 
        0.8368060244364005, 
        0.9956738588961817, 
        0.0015611536144923565, 
        0.1490240928233861, 
        0.7011797604965204, 
        6.046699595049719e-05, 
        0.9803257524692395, 
        0.9563645889274915, 
        0.0065411422315994755, 
        0.03487045963822297, 
        0.1637028209863613, 
        0.02076958030498511, 
        0.2820177736410328, 
        0.8297632867307333, 
        0.5154594451173571, 
        0.6493973943826487, 
        0.0008426393124439183
    ], 
    "source": "VISp",