{
    "image_series_id": 553080579, 
    "distance": [
        803.898799208213, 
        516.4768204348678, 
        434.97155469301293, 
        754.7718566365976, 
        2102.5607658316308, 
        942.4369510017001, 
        772.2513264934723, 
        837.888185477299, 
        361.6828546969468, 
        915.1262582497998, 
        423.332799894733, 
        1763.8349908757089, 
        405.57081862515054, 
        562.7393434743315, 
        827.0215379243346, 
        456.664608378226, 
        849.2494306580402, 
        307.6514502147259, 
        514.6635685792537, 
        677.5164886196562, 
        1109.790467529535, 
        1204.3553260961808, 
        976.7346057269185, 
        1228.0337872371945, 
        482.0020336836581, 
        726.1863688552611, 
        454.28952389118876, 
        914.8956240120672, 
        686.6248039728333, 
        349.20648613792434, 
        554.6844272330553, 
        752.8812302902919, 
        975.8290723368623, 
        923.4656311116288, 
        610.4471605898619, 
        640.9481629729017, 
        497.014736864982, 
        655.4001778090474, 
        617.7710229866686, 
        944.259990187054, 
        1660.241417533774, 
        419.68839915807956, 
        876.8704673288228, 
        558.9590256167688, 
        531.7008621209435, 
        338.1731049528503, 
        1889.3283645740612, 
        331.3343608854181, 
        932.5161796724717, 
        753.8337793634987, 
        1108.594495791116, 
        1122.3571614864427, 
        1109.0407932154428
    ], 
    "exclusion_zone_overlap": [
        0.15508283086726077, 
        0.0645314773434698, 
        0.8077063374749929, 
        0.24099371809704503, 
        0.04804098774304224, 
        0.04295712197402903, 
        0, 
        0.09290044723622355, 
        0.3494022051818733, 
        2.00317091284875e-06, 
        0.43155613009508736, 
        0.00014779010685534713, 
        0.1782380015811877, 
        0.686437109485839, 
        0.014122684206917435, 
        0.7099938494751954, 
        0.23202598376463454, 
        0.4103967130283706, 
        0.3060096209256996, 
        0.19860343229096772, 
        0.00022959037836799118, 
        0.23019616824332895, 
        0.15949422919122583, 
        0.0347048153638982, 
        0.28742876591358735, 
        0.09601678460831303, 
        0.5998109186728867, 
        0.009472109580785044, 
        0.02353723970089818, 
        0.20640281658982876, 
        0.09609445440594067, 
        0, 
        0.0014235965654767334, 
        0, 
        0.09095546532572737, 
        0.0061762439733520635, 
        0.05135722041109231, 
        0.05885264564910415, 
        0.02472337793557004, 
        0.0003793537144414042, 
        0.08579677665970714, 
        0.2176057477690633, 
        0.0005446279626630921, 
        0.05862032204369674, 
        0.3561701872359189, 
        0.36436253159759535, 
        8.278564555219643e-05, 
        0.44874684246838853, 
        0.1784439212580418, 
        0.016268424499378195, 
        0.00024475452152244943, 
        0.002668672167979709, 
        0.0015587185554719878
    ], 
    "match_id": [
        307297141, 
        272916202, 
        180296424, 
        307321674, 
        626107114, 
        307320960, 
        157062358, 
        307743253, 
        100141796, 
        116903968, 
        304565427, 
        127222723, 
        112373830, 
        309004492, 
        127089669, 
        307295727, 
        307296433, 
        114250546, 
        127138787, 
        638314843, 
        127795906, 
        579409876, 
        512315551, 
        287028480, 
        479981981, 
        603468246, 
        479673174, 
        574941472, 
        530555292, 
        495562600, 
        479700629, 
        590988082, 
        518605900, 
        657172447, 
        166083557, 
        479982715, 
        554334685, 
        576340889, 
        286417464, 
        593016678, 
        299446445, 
        479673887, 
        298178204, 
        648050335, 
        482580380, 
        661987195, 
        584511827, 
        479980810, 
        593277684, 
        480069939, 
        580150240, 
        642809043, 
        554421791
    ], 
    "fraction of match covered by td exclusion zone": [
        0.08262765962167454, 
        0.2047560159635561, 
        0.369402700571059, 
        0.11636983024193599, 
        0.0035049361466069503, 
        0.025647701903840896, 
        0, 
        0.04784655763207915, 
        0.5092171741757816, 
        2.3339024965058446e-06, 
        0.61898907825022, 
        2.0979643197569882e-05, 
        0.5324503398755601, 
        0.2356232163779082, 
        0.009748442090504813, 
        0.44364210139170196, 
        0.08532369221912815, 
        0.7897665743133581, 
        0.3959841843360829, 
        0.027228641789987896, 
        0.00015359714254483816, 
        0.0846342194816891, 
        0.036829042114285414, 
        0.00686184847535419, 
        0.4999409909645847, 
        0.023585709122709724, 
        0.2697537135313844, 
        0.018823868194795982, 
        0.09603721662694147, 
        0.6759694957240872, 
        0.273069355189795, 
        0, 
        0.0006918792828813938, 
        0, 
        0.13827733522332172, 
        0.034224248626256094, 
        0.285755414885108, 
        0.07639570769904258, 
        0.042638545877882836, 
        0.0004634628704867523, 
        0.06258502820721386, 
        0.47914651735911, 
        6.405203078917904e-05, 
        0.1629423103491147, 
        0.43650603048864606, 
        0.2321755872574828, 
        2.8886684416211437e-05, 
        0.6836074377039955, 
        0.04914032904523893, 
        0.029229295328017053, 
        0.00030429986852874026, 
        0.0005608106738941956, 
        0.00022569786137240742
    ], 
    "source": "VISl", 
    "pearson_correlation": [
        0.8396091777963839, 
        0.6277993189443501, 
        0.8264314184884757, 
        0.8370072780259924, 
        0.5518659920256743, 
        0.8774900054749013, 
        0.7172787468854752, 
        0.8357440333699612, 
        0.8756659600441424, 
        0.8429453449190145, 
        0.8310643508203412, 
        0.05172945642193044, 
        0.7990714475379745, 
        0.7733570064038066, 
        0.7782729779279317, 
        0.8568089416176142, 
        0.8942795334008743, 
        0.8729011726918541, 
        0.8684847210247215, 
        0.44536422004691995, 
        0.32948798571405336, 
        0.8229573741339035, 
        0.7935945262069339, 
        0.8978269316226407, 
        0.8267265813571905, 
        0.8377657115391259, 
        0.8345259890643816, 
        0.8577156712347357, 
        0.8559354594998827, 
        0.8493938455010506, 
        0.8436772949154928, 
        0.6864647117916318, 
        0.7967637173595848, 
        0.7415308358007334, 
        0.657954769081042, 
        0.8332742172980718, 
        0.7317350534533057, 
        0.7268087792466368, 
        0.6733743687569408, 
        0.8925963204901971, 
        0.37852473630425093, 
        0.8567322746926832, 
        0.5368836976354509, 
        0.6673190461001953, 
        0.7955826264782413, 
        0.7497132251394116, 
        0.8910602657392783, 
        0.8563368956381219, 
        0.875090221412341, 
        0.8964518895404912, 
        0.8802701792010572, 
        0.10441694757944317, 
        0.5500529970164035
    ],