{
    "image_series_id": 561506791, 
    "distance": [
        491.35198307750323, 
        456.42589456336634, 
        820.4743474887066, 
        502.1129821709881, 
        197.87490322467463, 
        572.3778004447964, 
        783.9597497571194, 
        405.4523807214722, 
        228.7491245685191, 
        600.857320322222, 
        278.4151206508468, 
        890.9537524857012, 
        509.57499360956837, 
        1022.2722666808312, 
        938.5164826322703, 
        547.7079201091825, 
        500.8305153302655, 
        426.5577362703782, 
        537.2130113361122, 
        384.7284456034783, 
        103.84581352592447, 
        592.7329261684251, 
        165.72940690333533, 
        629.9414845552382, 
        429.2699897940172, 
        628.5845083833538, 
        547.3395563250855, 
        669.25344295177, 
        2316.969306087696, 
        2332.0700040678025
    ], 
    "exclusion_zone_overlap": [
        0.12795388646576775, 
        0.09754893468362023, 
        0.0027980660207690884, 
        0.08513250323078642, 
        0.43337713250424537, 
        0.10681344796549384, 
        0.0233754748109323, 
        0.16150143243763926, 
        0.46999626860617616, 
        0.12841289780127904, 
        0.28653869314560154, 
        0.00027800341089071466, 
        0.3991893192934595, 
        0.0176265966933044, 
        0.0023728340482863505, 
        0.14577034932928506, 
        0.1665357558495082, 
        0.4919068241208759, 
        0.1013212138334012, 
        0.25051804379362613, 
        0.5302380606269435, 
        0.012348264615232557, 
        0.4796892604455762, 
        0.03407846889091049, 
        0.39730162561244287, 
        0.03477119331177026, 
        0.036531236182565346, 
        0.009396120480624713, 
        0.06689707563617396, 
        0.013738780640302147
    ], 
    "match_id": [
        126861679, 
        100148503, 
        116900714, 
        146077302, 
        100141599, 
        294481346, 
        598605738, 
        593018150, 
        518742338, 
        512314723, 
        559878074, 
        501006221, 
        572588941, 
        511550172, 
        496113850, 
        646525997, 
        576341623, 
        571100135, 
        575782182, 
        524667618, 
        502074651, 
        657042668, 
        159753308, 
        646525156, 
        597007143, 
        485237081, 
        562674923, 
        656632388, 
        267493760, 
        298003295
    ], 
    "fraction of match covered by td exclusion zone": [
        0.22372753547726895, 
        0.3344886985721968, 
        0.001442057591568879, 
        0.4038658924574259, 
        0.9526728829982278, 
        0.2381975709638182, 
        0.01576292272945529, 
        0.45150813260538675, 
        0.7356065894871106, 
        0.17953864862410127, 
        0.7631367784038057, 
        7.639735321327691e-05, 
        0.3109554399509117, 
        0.010247299405933191, 
        0.003001221154910252, 
        0.13063767114877578, 
        0.2767099161453766, 
        0.3604629937591407, 
        0.1498049893712679, 
        0.3886546663288862, 
        0.9930658336975537, 
        0.03807567908858547, 
        0.9859136656345366, 
        0.08561078820802685, 
        0.3161116720354584, 
        0.1056529699950884, 
        0.0906063736299981, 
        0.030739086608095587, 
        0.04270255105464022, 
        0.005041380440711428
    ], 
    "source": "VISpm", 
    "pearson_correlation": [
        0.7307723607738211, 
        0.7707716649557872, 
        0.5336773776598295, 
        0.8784867755001932, 
        0.9057265863255896, 
        0.9037940576974651, 
        0.7515612538884782, 
        0.8619904805347507, 
        0.9037627288962224, 
        0.9201922306672218, 
        0.7841180786019365, 
        0.8535384293669176, 
        0.8981233786667223, 
        0.47109858623549916, 
        0.8564492024748446, 
        0.9162164961360283, 
        0.7198666371166295, 
        0.8961471980980361, 
        0.6721904992237666, 
        0.8946121799631988, 
        0.929455740414025, 
        0.781165376345129, 
        0.9440513006117286, 
        0.7857190446046945, 
        0.7993513918828062, 
        0.9253132688078277, 
        0.7226996003874172, 
        0.7196539044179847, 
        0.025262818940998695, 
        0.7534420735787235
    ], 
    "spearman_correlation": [
        0.8112739798115224, 
        0.8466265488720266, 
        0.592348450388871, 
        0.8937495078300883, 
        0.8942031644933971, 
        0.899125895580758, 
        0.8134303479374585, 
        0.8584976761713353, 
        0.8678559917008353, 
        0.9290095967891316, 
        0.7407467402779941, 
        0.8288344917081736, 
        0.9075084053611417, 
        0.5384591961268401, 
        0.7329381384828568, 
        0.79879897082659, 
        0.8716402300062377, 
        0.9287497540386714, 
        0.8878222256548565, 
        0.8584303721066816, 
        0.918418368013708, 
        0.8183555265129936, 
        0.8983324147540657, 
        0.8769382704162606, 
        0.7516544590129245, 
        0.9110516462600733, 
        0.8718580361617313, 
        0.7616431092491219, 
        0.2827052805364442, 
        0.46351738806941895
    ], 
    "injection_overlap": [
        0.12319281254337555, 
        0.07545479806771437, 
        0, 
        0.08959380093063755, 
        0.7213568748020182, 
        0.06504048828831809, 
        0.0008566620371537545, 
        0.12341336528923078, 
        0.7763462340034073, 
        0.04488202274738873, 
        0.5575647890325124, 
        0, 
        0.5083548024929493, 
        0.0017907656828879406, 
        0, 
        0.05919928532597812, 
        0.13484339250423955, 
        0.6481433511207151, 
        0.03183923007430547, 
        0.48046862432376997, 
        0.942289064777192, 
        0.00011378762783600977, 
        0.7511616399781852, 
        0.003865507830891143, 
        0.6956705862008279, 
        0.003987175983537882, 
        0.01800387252863421, 
        0, 
        0.027262425362679, 
        0.00011839369085940106
    ], 
    "fraction of match covered by td injection": [
        0.05029975858549993, 
        0.05484025061073806, 
        0, 
        0.07366199633568814, 
        0.45547107452555574, 
        0.04730429705210817, 
        0.0004914677078520262, 
        0.10269570546003594, 
        0.3035633462057629, 
        0.026442849042896302, 
        0.3835394566921581, 
        0, 
        0.10524419173095903, 
        0.00025844424540164934, 
        0, 
        0.016580421356461844, 
        0.0676483193453713, 
        0.12505735824722744, 
        0.017643063365603045, 
        0.15118515289906945, 
        0.5799506424781524, 
        9.158619103649954e-05, 
        0.48071520230794806, 
        0.004625089846892378, 
        0.1408240604700866, 
        0.006474151095094088, 
        0.002398107221340194, 
        0, 
        0.008510226972270956, 
        2.2435439549343904e-05
    ]
}