{
    "image_series_id": 567723369, 
    "distance": [
        416.3793101010306, 
        719.9383861218756, 
        425.4829214509704, 
        678.6922039950506, 
        425.3457940696276, 
        2555.031087655001, 
        804.0710629295991, 
        679.0640936434476, 
        342.48012404713194, 
        636.1279550597387, 
        508.62822192184876, 
        835.4471884827499, 
        625.3458589163148, 
        322.7578488844377, 
        2187.1888703821437, 
        638.059873130266, 
        159.7004706875814, 
        1081.5676592891039, 
        170.018145319238, 
        623.2267691463121, 
        598.5621916061166, 
        591.4223976195152, 
        1029.3995613488141, 
        781.9498646489105, 
        939.1723951386417, 
        1054.421797565552, 
        905.5627215935258, 
        689.120443609018, 
        1693.2650779137664, 
        684.2038153103823, 
        1681.641150090413, 
        237.56853297675482, 
        1177.6083958861727, 
        428.5942039262792, 
        663.5683414018324, 
        859.3247596261427, 
        300.8670754947962, 
        868.7485139085863, 
        291.54542042129043, 
        300.09346714906417, 
        732.2552249649985, 
        760.6169824459175, 
        287.9978664852021, 
        853.9306267009955, 
        486.7860685107997, 
        948.1783953694867, 
        2114.019064997694, 
        234.25309317235923, 
        730.8819609683036, 
        97.026783035941, 
        563.075283434365, 
        1606.528182899326, 
        257.91298275954205, 
        929.3233620745581, 
        502.2090162589318, 
        735.0947478550895, 
        1055.4823536838776
    ], 
    "exclusion_zone_overlap": [
        0.6200595552856308, 
        0.002479968259839775, 
        0.762156758998733, 
        0.001982137187129868, 
        0.6953409111299304, 
        0.2017732922560403, 
        0.18070674507378645, 
        0.17087971307962807, 
        0.6181870686143587, 
        0.0013299539792818549, 
        0.11569332814291222, 
        0.022095890838426516, 
        0.06108938930166811, 
        0.45021150304129753, 
        0.02960049186642583, 
        0.14595331836148848, 
        0.9997865965507607, 
        4.479070632192045e-05, 
        0.9117982180805292, 
        0.4023126250214904, 
        0.06261338895949978, 
        0.1502303228591834, 
        1.320549075603296e-10, 
        0.010010377305200687, 
        0.0016299507612770074, 
        0.5538673183504516, 
        9.471305984170641e-07, 
        0.009917121925883503, 
        0.06930794860817899, 
        0.6620332069929711, 
        0.035441424723204655, 
        0.5533844397754646, 
        0.0441921392746207, 
        0.4733320728276618, 
        0.016247047810052363, 
        0.008989006182861388, 
        0.2519765010326075, 
        1.633196543007552e-11, 
        0.17454406227945488, 
        0.24256849006600464, 
        0.006327443915480792, 
        0.0010642387931896766, 
        0.167258979765964, 
        0.010546914410816607, 
        0.056173966398891204, 
        1.7971437553220643e-05, 
        0.0037858326587533924, 
        0.3223004902473896, 
        0.0027239402019110176, 
        0.4253639870791263, 
        0.1691991688093496, 
        0.002620860963538817, 
        0.3854250607129854, 
        0.04979597421939836, 
        0.1255083485557157, 
        0.0024713491623849495, 
        2.1854537473399818e-06
    ], 
    "match_id": [
        307297141, 
        272916202, 
        180296424, 
        146858755, 
        307321674, 
        626107114, 
        307558646, 
        307320960, 
        307743253, 
        100141796, 
        116903968, 
        307557934, 
        309003780, 
        304565427, 
        127222723, 
        307137980, 
        309004492, 
        309113907, 
        307295727, 
        307296433, 
        114250546, 
        127138787, 
        307593747, 
        304762965, 
        309372716, 
        638314843, 
        127795906, 
        500836105, 
        579409876, 
        512315551, 
        287028480, 
        479981981, 
        603468246, 
        479673174, 
        500837552, 
        574941472, 
        530555292, 
        510834706, 
        495562600, 
        479700629, 
        518605900, 
        167794131, 
        479982715, 
        286417464, 
        562520963, 
        593016678, 
        299446445, 
        479673887, 
        503323656, 
        482580380, 
        661987195, 
        584511827, 
        479980810, 
        593277684, 
        480069939, 
        524666904, 
        580150240
    ], 
    "fraction of match covered by td exclusion zone": [
        0.409410566524695, 
        0.02081804035290847, 
        0.40306687551070713, 
        0.007405493137603525, 
        0.3769897142480526, 
        0.03409132678914987, 
        0.07018658466462183, 
        0.13174020862020697, 
        0.45223982139334695, 
        0.003946517427080873, 
        0.25751455477199464, 
        0.014056077251054837, 
        0.08407774449434197, 
        0.7488031448544561, 
        0.006576993238275765, 
        0.12466710688762077, 
        0.5011585874119742, 
        2.334541367186652e-05, 
        0.7738268913009441, 
        0.2068617115587556, 
        0.1981035129028632, 
        0.2809081566340121, 
        2.6346885531985988e-08, 
        0.00331089524361738, 
        0.0005756129265671205, 
        0.17928654902331742, 
        8.57980549548829e-07, 
        0.022906267098600885, 
        0.020543141116101074, 
        0.19070930243629935, 
        0.007001752602577541, 
        0.8712223378700473, 
        0.014161005768282442, 
        0.2601439352130833, 
        0.03600049427797331, 
        0.01922632299115886, 
        0.722115405887748, 
        3.2329831603544076e-06, 
        0.748809624332925, 
        0.8139597248311323, 
        0.008476894364346036, 
        0.0031313574677362677, 
        0.7178266855492311, 
        0.019068699987452958, 
        0.25147171087270237, 
        3.602862888534385e-05, 
        0.0017595111609458383, 
        0.814393578536333, 
        0.011699371392964729, 
        0.6807795997594861, 
        0.08820419185713521, 
        0.0008565188324005657, 
        0.7657732667962668, 
        0.017085786361831123, 
        0.2585315417323724, 
        0.004237565828267386, 
        3.484006178406492e-05
    ], 
    "source": "VISl",