{
    "image_series_id": 569993539, 
    "distance": [
        515.123339748519, 
        932.7731330739158, 
        638.3948569972185, 
        946.3077188789619, 
        2090.338390752555, 
        806.8459915834999, 
        292.5048642083951
    ], 
    "exclusion_zone_overlap": [
        0.07880243888931697, 
        6.0220531816914836e-05, 
        0.1051863210376496, 
        0.0179106184075418, 
        0.0010276221262656168, 
        0.10463193900697236, 
        0.8356481606451288
    ], 
    "match_id": [
        141603190, 
        112514202, 
        112952510, 
        180916954, 
        496554237, 
        166055636, 
        168162771
    ], 
    "fraction of match covered by td exclusion zone": [
        0.09738656523930239, 
        1.6439921718827693e-05, 
        0.0765714161837402, 
        0.005898869903622009, 
        3.358870819630699e-05, 
        0.0385738138635194, 
        0.5337724538258674
    ], 
    "source": "MOs", 
    "pearson_correlation": [
        0.7958899799031908, 
        0.2288115113836595, 
        0.9214936896884696, 
        0.8254285788019441, 
        0.184571718016848, 
        0.9282655628267221, 
        0.94030745494594
    ], 
    "spearman_correlation": [
        0.5639180243076113, 
        0.2680259244895798, 
        0.7121269313085526, 
        0.5325970592184202, 
        0.20090662172435172, 
        0.7089797583350046, 
        0.6903741517864994
    ], 
    "injection_overlap": [
        0.010386847845679587, 
        0, 
        0.010115687592458214, 
        0.0014908584407128975, 
        0, 
        0.010121073416621378, 
        0.9855636121529536
    ], 
    "fraction of match covered by td injection": [
        0.00564446700317378, 
        0, 
        0.00914494929741864, 
        7.212385543638544e-05, 
        0, 
        0.0027036596777666117, 
        0.23393819333049398
    ]
}