{
    "image_series_id": 589726838, 
    "distance": [
        851.8957550523414, 
        864.1856076062553, 
        441.9417016892904, 
        889.171906338424, 
        965.5366721334304, 
        530.6867925875235, 
        719.731111386019, 
        278.08204288160783, 
        777.2048004637268, 
        2128.4471350957365, 
        685.3258180126782, 
        601.0656266871398, 
        607.6789087003559, 
        1103.690885210429, 
        780.9384266213876, 
        1018.5104684957445, 
        1164.4835873988013, 
        256.9291020485663, 
        1140.5272310293058, 
        694.3122306937239, 
        568.8620640745684, 
        753.4370647138056, 
        734.4028108877659, 
        399.32265586962177, 
        455.2573783717558, 
        367.57676631622644, 
        247.2539648355022, 
        526.2849090362697, 
        507.66716544296486, 
        306.05892632319086, 
        2098.124078896539, 
        394.671095703697, 
        394.66318438940846, 
        589.3867989495263, 
        493.95654164910786, 
        325.87341468971033, 
        799.9325526826206
    ], 
    "exclusion_zone_overlap": [
        0.0118653586824325, 
        0.06730744076099805, 
        0.10987459873687778, 
        0.01679149337600702, 
        0.011710458272075968, 
        0.3096088073709865, 
        0.025383618506830623, 
        0.369045281390197, 
        0.007384642790681432, 
        0.10070937736706718, 
        0.00039557650202397997, 
        0.5517824445340631, 
        0.16594153382598642, 
        0.0002669417927544838, 
        8.234211699449553e-05, 
        0.002471254340524051, 
        0.03615188442441692, 
        0.45095148681812935, 
        0.3429432182952175, 
        0.03290769892031569, 
        0.6882155176311602, 
        0.001059687905076894, 
        0.01593301506064965, 
        0.22396067509491627, 
        0.11945758756906263, 
        0.2428138100211727, 
        0.46696629471741863, 
        0.0951536010901177, 
        0.04654427244971627, 
        0.16547589692173695, 
        0.00010157446287686912, 
        0.22118662990316162, 
        0.2285958855734806, 
        0.3213024977623611, 
        0.14906118570633237, 
        0.155037169194243, 
        0.015758757033972243
    ], 
    "match_id": [
        307297141, 
        180296424, 
        146858755, 
        307321674, 
        307558646, 
        307743253, 
        100141796, 
        116903968, 
        304565427, 
        127222723, 
        120437703, 
        309004492, 
        307295727, 
        307296433, 
        115958825, 
        309372716, 
        638314843, 
        500836105, 
        512315551, 
        479981981, 
        479673174, 
        530555292, 
        579203888, 
        510834706, 
        495562600, 
        479700629, 
        518605900, 
        167794131, 
        479982715, 
        562520963, 
        299446445, 
        479673887, 
        482580380, 
        661987195, 
        479980810, 
        524666904, 
        554421791
    ], 
    "fraction of match covered by td exclusion zone": [
        0.007128942360930508, 
        0.03781645863122857, 
        0.47890940256312714, 
        0.00821911758523916, 
        0.00374847868581105, 
        0.19484412569284104, 
        0.05145899552301668, 
        0.6906682258042207, 
        0.011585420081338626, 
        0.018057413744105077, 
        0.002419271160054085, 
        0.1860911968348, 
        0.12007848075667896, 
        0.00015936904075577782, 
        0.0001956763638215249, 
        0.0013453038605674213, 
        0.0070999947706414605, 
        0.7704637660751938, 
        0.07019673335031426, 
        0.06151471440159731, 
        0.3046253656258191, 
        0.002463820591768793, 
        0.028949549269791805, 
        0.5273379553158272, 
        0.4943169974576044, 
        0.7093398942400551, 
        0.7662231591093327, 
        0.22611952886110706, 
        0.15981523091939626, 
        0.7617846466651298, 
        7.070160618704853e-05, 
        0.5130760125002276, 
        0.3429443380318352, 
        0.20419223960945024, 
        0.31161585804741604, 
        0.8856945398847557, 
        0.01236535101765234
    ], 
    "source": "VISl", 
    "pearson_correlation": [
        0.9174132010586321, 
        0.8345887673341955, 
        0.9529685424948001, 
        0.9001364759952013, 
        0.9339857121917626, 
        0.954935700384756, 
        0.9230410169862511, 
        0.9807773973153633, 
        0.9183300479114416, 
        0.014003549229841197, 
        0.2714128587453692, 
        0.8390349744130234, 
        0.9308106390099482, 
        0.9226508944493963, 
        0.3299072015275325, 
        0.9212684720305404, 
        0.5091791258007478, 
        0.9303723471741444, 
        0.6832830892652225, 
        0.8514945668838076, 
        0.9176959157316313, 
        0.8655052960416845, 
        0.5360524273229584, 
        0.7460474718479906, 
        0.9341478636503959, 
        0.94371333736876, 
        0.8672177938894385, 
        0.9150665636116759, 
        0.927027456758177, 
        0.9094874620797206, 
        0.29083196026577246, 
        0.9476998665728633, 
        0.863296086864219, 
        0.7827485907853509, 
        0.9489350241286492, 
        0.8190616882594586, 
        0.5569743533102168
    ], 
    "spearman_correlation": [
        0.7761426344514112, 
        0.6859233342726929, 
        0.6850883673682167, 
        0.7184354850106638, 
        0.6820733125770653, 
        0.746152485470709, 
        0.615074543107381, 
        0.6851149346661543, 
        0.7675963988673463, 
        0.2103213841693725, 
        0.5221911647502399, 
        0.7357352379755612, 
        0.7363744828639657, 
        0.7973786602097868, 
        0.5158900928896403, 
        0.6821454743748409, 
        0.4488281885982821, 
        0.6763310930437528, 
        0.7690863984467695, 
        0.7160509824394407, 
        0.6786690435663931, 
        0.6497601933873923, 
        0.4960949554408499, 
        0.6859876300701145, 
        0.6856888369325113, 
        0.6950267507604067, 
        0.6184979768288072, 
        0.6423330092834427, 
        0.6862660247862041, 
        0.6418386075751973, 
        0.7208684486708014, 
        0.6729793093662394, 
        0.6910149036996108, 
        0.6738814442722421, 
        0.6799685021142017, 
        0.6207249587970061, 
        0.49792731598212325
    ], 
    "injection_overlap": [
        5.708483327776403e-07, 
        0.003731040198758187, 
        0.0021007008100817647, 
        1.0316167201772243e-05, 
        0, 
        0.4765445920899324, 
        0, 
        0.7077327145979289, 
        0, 
        0.3162467108992157, 
        0, 
        0.8919100529228101, 
        0.08448044566564837, 
        0, 
        0, 
        0, 
        0.003236714022064683, 
        0.8861872516142262, 
        0.2823448668728413, 
        0.002982646796602024, 
        0.9751152337689999, 
        0, 
        0.0012398334725303778, 
        0.4266649423267141, 
        0.22393014406926742, 
        0.36920420722241365, 
        0.8835766329704025, 
        0.014299809357362754, 
        0.0035723910518333023, 
        0.15715497002589843, 
        0, 
        0.3613397308510914, 
        0.7762336885180794, 
        0.9576735840091782, 
        0.06237497446799875, 
        0.31196538773839183, 
        1.9279928634063476e-06
    ],