{
    "image_series_id": 899585509, 
    "distance": [
        544.8132394131426, 
        1591.3284657047, 
        855.5746060831268, 
        480.2771623589026, 
        795.0618007028312, 
        2529.6381236106768
    ], 
    "exclusion_zone_overlap": [
        0.12273853935957983, 
        0.003742270347860117, 
        2.0749758473741403e-21, 
        0.04399504410130164, 
        0.0017378434076767905, 
        0.0004986345300074089
    ], 
    "match_id": [
        112951804, 
        112514915, 
        266249483, 
        657041814, 
        583748537, 
        513826657
    ], 
    "fraction of match covered by td exclusion zone": [
        0.1068900963248101, 
        0.0016556662881063887, 
        6.057749655118809e-07, 
        0.07249759474928312, 
        0.0012195462633325194, 
        0.00047010198916382166
    ], 
    "source": "SSp-bfd", 
    "pearson_correlation": [
        0.7986296841377235, 
        0.3777508610932627, 
        0.5765614991770712, 
        0.8505729270108126, 
        0.49469075576655014, 
        0.24609166803359248
    ], 
    "spearman_correlation": [
        0.4075316746111354, 
        0.41126503097960604, 
        0.277820871340677, 
        0.36069512195046183, 
        0.1987778077153059, 
        0.5512179087652144
    ], 
    "injection_overlap": [
        0.3846856751259998, 
        0, 
        0, 
        0.034603236434598436, 
        0, 
        0
    ], 
    "fraction of match covered by td injection": [
        0.010752908065417136, 
        0, 
        0, 
        0.0019359727983775316, 
        0, 
        0
    ]
}