{
    "pearson_correlation_npd": [
        0.9732894790668573, 
        0.8169597552444016, 
        0.9037634816367875, 
        0.7462595051814044, 
        0.8482719965252032, 
        0.9428416848128746
    ], 
    "match_A": [
        158314278, 
        158314278, 
        158314278, 
        139519496, 
        139519496, 
        115958825
    ], 
    "fraction of match covered by td injection": [
        0.906992855519138, 
        0.029014065449112426, 
        0.6958648485139968, 
        0, 
        0.6369069736573516, 
        0
    ], 
    "spearman_correlation_npd": [
        0.9571211463308728, 
        0.8241424229266174, 
        0.8977420755536257, 
        0.7691055145462441, 
        0.8627876682587928, 
        0.8755970473295702
    ], 
    "spearman_correlation_npv": [
        0.9243993595484994, 
        0.7695026637493578, 
        0.9013732521771796, 
        0.714266114609595, 
        0.8142904510208823, 
        0.8317483808193549
    ], 
    "distance": [
        258.0697580112788, 
        486.7237409455183, 
        385.4867053479277, 
        511.76166327695944, 
        162.48076809271922, 
        609.507998306831
    ], 
    "absolute_overlap": [
        9500.20215065527, 
        463.4489171338895, 
        3709.693717555554, 
        0, 
        2721.295431611133, 
        0
    ], 
    "absolute_overlap_lg_over_small": [
        6396.982811027819, 
        353.8107122322745, 
        3417.205274910096, 
        0, 
        3127.678994932232, 
        0
    ], 
    "injection_overlap": [
        0.5395509699417586, 
        0.026320946522259046, 
        0.21068697399832595, 
        0, 
        0.38583744667458253, 
        0
    ], 
    "source": "AUDd", 
    "match_B": [
        139519496, 
        115958825, 
        182090318, 
        115958825, 
        182090318, 
        182090318
    ], 
    "pearson_correlation_npv": [
        0.9275698820679391, 
        0.7984146932439002, 
        0.9313814317107083, 
        0.8121028555621957, 
        0.8739318071370095, 
        0.9010407627452209
    ]
}