{
    "pearson_correlation_npd": [
        -0.0031417307721737435, 
        -0.06357346135350787, 
        0.04247618218357937, 
        -0.36374041789827843, 
        0.6504378978229662, 
        0.9943761089964677, 
        0.9527403160873174, 
        0.7166723842193756, 
        0.9152093511669199, 
        0.7865020396396587, 
        0.4709393329040223
    ], 
    "match_A": [
        146984915, 
        146984915, 
        146984915, 
        146984915, 
        146984915, 
        100148554, 
        100148554, 
        100148554, 
        127711098, 
        127711098, 
        120280939
    ], 
    "fraction of match covered by td injection": [
        7.851509355530032e-05, 
        0.21318718447319784, 
        0, 
        0.037730414843617624, 
        0.20930690161762047, 
        0, 
        1.1833055634197573e-05, 
        0.009188984204411367, 
        0.015447940289522923, 
        0, 
        0.07003720867123812
    ], 
    "spearman_correlation_npd": [
        -0.5, 
        -0.5, 
        -0.5, 
        -0.5, 
        0.5, 
        1.0, 
        1.0, 
        0.5, 
        1.0, 
        0.5, 
        0.5
    ], 
    "spearman_correlation_npv": [
        0.5, 
        -0.5, 
        -0.5, 
        0.5, 
        0.5, 
        1.0, 
        0.5, 
        0.5, 
        0.5, 
        0.5, 
        1.0
    ], 
    "distance": [
        554.7972602672079, 
        1151.7378173872733, 
        824.8030067840442, 
        703.2069396699666, 
        350.14282800023193, 
        1516.3772617656862, 
        849.7058314499201, 
        871.837140755084, 
        677.4953874381729, 
        848.351342310484, 
        462.709412050371
    ], 
    "absolute_overlap": [
        0.3391298926944728, 
        340.87666395429613, 
        0, 
        157.45275261092493, 
        3521.7069123841334, 
        0, 
        0.001371727206816331, 
        118.35362628549122, 
        70.86396922726885, 
        0, 
        1056.596407973484
    ], 
    "absolute_overlap_lg_over_small": [
        0.08722071472061543, 
        219.45996084291215, 
        0, 
        114.57728042997257, 
        3299.2923169656965, 
        0, 
        0.03593385705835317, 
        144.84541480490446, 
        46.911304684940276, 
        0, 
        1103.9923800166096
    ], 
    "injection_overlap": [
        2.5428216281628564e-05, 
        0.025559190514057365, 
        0, 
        0.01180592667817516, 
        0.26406025236261804, 
        0, 
        1.3325194261552803e-06, 
        0.11497075030491526, 
        0.04815440855882468, 
        0, 
        0.3479382705324467
    ], 
    "source": "PAR", 
    "match_B": [
        558581415, 
        100148554, 
        127711098, 
        120280939, 
        287028480, 
        127711098, 
        120280939, 
        287028480, 
        120280939, 
        287028480, 
        287028480
    ], 
    "pearson_correlation_npv": [
        0.7053846294345777, 
        0.38691445774976013, 
        -0.1170502503692587, 
        0.913116662943298, 
        0.9955109355449935, 
        0.8704885493664863, 
        0.7292430693950904, 
        0.47245267312834816, 
        0.2980153134517324, 
        -0.02252881441869805, 
        0.9476048841920902
    ]
}