{
    "pearson_correlation_npd": [
        0.8946980693178099, 
        0.8210502128921208, 
        0.8572961069528623, 
        0.9721368940171702, 
        0.6255519743828745, 
        0.682159642939643, 
        0.09879573686129027, 
        0.9912628668220264, 
        0.887044872285334, 
        0.12777176902998186, 
        0.9175669393333099, 
        0.4154059194816564, 
        0.9074833403580947, 
        0.18788028674950655, 
        0.9021256212811415, 
        0.3484473499202479, 
        0.5219371842941595, 
        0.7768825540959385, 
        0.21038777280678927, 
        0.09363954805427767, 
        -0.21394605117057494, 
        0.6596534542944882
    ], 
    "match_A": [
        157654817, 
        157654817, 
        157654817, 
        157654817, 
        157654817, 
        157654817, 
        157654817, 
        114290938, 
        114290938, 
        114290938, 
        114290938, 
        114290938, 
        112936582, 
        112936582, 
        112936582, 
        112936582, 
        100149969, 
        100149969, 
        100149969, 
        272928602, 
        272928602, 
        303785454
    ], 
    "fraction of match covered by td injection": [
        0.10402044923888173, 
        0.019776461434300452, 
        0.06501364534147466, 
        0.48061461734171457, 
        0.017055637132829, 
        0, 
        0, 
        0.8081136809194488, 
        0.0610958996597871, 
        0.04666204036181501, 
        0.006742308786594283, 
        6.748186503513913e-05, 
        0.09643770247704599, 
        0.050334115969541376, 
        0, 
        0, 
        0.128688515459192, 
        0, 
        0, 
        0, 
        0, 
        0.13889871453488298
    ], 
    "spearman_correlation_npd": [
        0.9164835164835166, 
        0.5824175824175825, 
        0.8109890109890111, 
        0.9384615384615385, 
        0.7186813186813187, 
        0.054945054945054944, 
        -0.02857142857142857, 
        0.8241758241758241, 
        0.5296703296703297, 
        0.2, 
        0.5868131868131868, 
        0.6791208791208792, 
        0.745054945054945, 
        0.3450549450549451, 
        0.3406593406593406, 
        0.35824175824175825, 
        0.5956043956043956, 
        0.0945054945054945, 
        0.02417582417582418, 
        0.09010989010989012, 
        -0.1912087912087912, 
        0.9164835164835166
    ], 
    "spearman_correlation_npv": [
        0.9164835164835166, 
        0.7846153846153847, 
        0.8681318681318682, 
        0.9711710617924728, 
        0.6451067259661969, 
        0.3626373626373627, 
        0.38461538461538464, 
        0.9648351648351648, 
        0.833384778426035, 
        0.28096982838248996, 
        0.7362637362637363, 
        0.7934065934065934, 
        0.8956108418818455, 
        0.4383129322766843, 
        0.6043956043956044, 
        0.6747252747252748, 
        0.6591334681526583, 
        0.4555836788728991, 
        0.4889190700099405, 
        0.06068948293061783, 
        0.020229827643539276, 
        0.9428571428571428
    ], 
    "distance": [
        286.0069929215018, 
        1055.7461816175326, 
        785.175139698144, 
        381.96858509568557, 
        461.8441295502196, 
        1328.834075421006, 
        1465.6397920362288, 
        286.53097563788805, 
        723.6711960552251, 
        1502.6975743641833, 
        532.3532661682466, 
        652.4568951279464, 
        470.1063709417263, 
        1241.1285187280164, 
        678.8961628997471, 
        813.2650244538984, 
        811.7881497040961, 
        1099.136024339117, 
        1239.9193522161029, 
        1751.5992692394, 
        1886.4251906714987, 
        142.47806848775008
    ], 
    "absolute_overlap": [
        5148.04433031322, 
        198.782361943237, 
        420.4986618151894, 
        4913.420636963367, 
        728.4959450552342, 
        0, 
        0, 
        9598.33573504758, 
        1710.2555340857598, 
        905.0611599854055, 
        4.588234221731, 
        1.0019851815886796, 
        2522.5452677364856, 
        907.4609475849306, 
        0, 
        0, 
        2784.1932631663035, 
        0, 
        0, 
        0, 
        0, 
        717.1408058970663
    ], 
    "absolute_overlap_lg_over_small": [
        6007.038457714696, 
        424.93370225409353, 
        673.116434590354, 
        5517.913062104577, 
        162.05129346729612, 
        0, 
        0, 
        8366.775878927328, 
        701.4390545139785, 
        443.35159909684705, 
        5.607799607906372, 
        0.56452891641311, 
        1107.1965749204455, 
        478.24121344003527, 
        0, 
        0, 
        1222.7124804624136, 
        0, 
        0, 
        0, 
        0, 
        1161.9764920059715
    ], 
    "injection_overlap": [
        0.6352220102301681, 
        0.024527941767782183, 
        0.051885723610520774, 
        0.6062715730205002, 
        0.0898897967792668, 
        0, 
        0, 
        0.4467076051880931, 
        0.0795954814438824, 
        0.042121646344332, 
        0.000213536927422486, 
        4.663250101442892e-05, 
        0.24364263739042766, 
        0.08764805192051192, 
        0, 
        0, 
        0.24250544811441468, 
        0, 
        0, 
        0, 
        0, 
        0.862224953617819
    ], 
    "source": "SSp-m", 
    "match_B": [
        180717881, 
        114290938, 
        112936582, 
        100149969, 
        272928602, 
        303785454, 
        249327301, 
        112936582, 
        100149969, 
        272928602, 
        303785454, 
        249327301, 
        100149969, 
        272928602, 
        303785454, 
        249327301, 
        272928602, 
        303785454, 
        249327301, 
        303785454, 
        249327301, 
        249327301
    ], 
    "pearson_correlation_npv": [
        0.9223874296196933, 
        0.9499961997559562, 
        0.9548496730507466, 
        0.9739002907524406, 
        0.7501913322943544, 
        0.8696479615235189, 
        0.6304673133236143, 
        0.9946749865071678, 
        0.9126851456179353, 
        0.6148729629832144, 
        0.9254773730380575, 
        0.8134669550208105, 
        0.9164208371189629, 
        0.6289351996149589, 
        0.9437963820503842, 
        0.7907085817364163, 
        0.7804991650634984, 
        0.8687648802589253, 
        0.606735620455745, 
        0.6104898036619839, 
        0.3298588751830776, 
        0.8114920198249974
    ]
}