{
    "pearson_correlation_npd": [
        0.8751652077639013
    ], 
    "match_A": [
        100141495
    ], 
    "fraction of match covered by td injection": [
        0.3883805891372449
    ], 
    "spearman_correlation_npd": [
        0.8237082066869302
    ], 
    "spearman_correlation_npv": [
        0.8016611357332128
    ], 
    "distance": [
        530.3772242470448
    ], 
    "absolute_overlap": [
        7202.841215162296
    ], 
    "absolute_overlap_lg_over_small": [
        9335.525803749388
    ], 
    "injection_overlap": [
        0.9490099621650883
    ], 
    "source": "SSp-tr", 
    "match_B": [
        126852363
    ], 
    "pearson_correlation_npv": [
        0.8166524412553787
    ]
}