{
    "pearson_correlation_npd": [
        0.5399114615609444, 
        0.5187162917731171, 
        -0.06213071827946831, 
        -0.41966122235204545, 
        -0.0463631494264134, 
        0.9566728866723804, 
        0.8993491348504777, 
        0.4805871211420362, 
        0.30676864218386113, 
        0.4650687632458149, 
        0.7229651822223632, 
        0.7608886020227739, 
        0.5315156554217556, 
        0.050893079863887296, 
        0.6083668342055221, 
        0.9261058176133103, 
        -0.28215701000027243, 
        -0.033482842659854635, 
        -0.13912010924881535, 
        -0.3480459731734579, 
        0.2258163335206949
    ], 
    "match_A": [
        126909424, 
        126909424, 
        126909424, 
        126909424, 
        126909424, 
        126909424, 
        180718587, 
        180718587, 
        180718587, 
        180718587, 
        180718587, 
        112229814, 
        112229814, 
        112229814, 
        112229814, 
        148964212, 
        148964212, 
        148964212, 
        112791318, 
        112791318, 
        266249483
    ], 
    "fraction of match covered by td injection": [
        0.0033217292134098447, 
        0, 
        0, 
        0, 
        0, 
        0.5572042079922797, 
        0.9938230180061178, 
        0.9974822711466028, 
        0.406222422641901, 
        0.19231009989702808, 
        0, 
        0.9617845895744889, 
        0.07742626938846102, 
        0.019201527579545703, 
        0, 
        0.04383237921054843, 
        0.0012284599566869119, 
        0, 
        0.35912231894925073, 
        0, 
        0
    ], 
    "spearman_correlation_npd": [
        0.19999999999999998, 
        0.19999999999999998, 
        -0.19999999999999998, 
        -0.39999999999999997, 
        0.0, 
        1.0, 
        1.0, 
        0.6000000000000001, 
        0.7999999999999999, 
        0.39999999999999997, 
        0.19999999999999998, 
        0.6000000000000001, 
        0.7999999999999999, 
        0.39999999999999997, 
        0.19999999999999998, 
        0.7999999999999999, 
        -0.39999999999999997, 
        -0.19999999999999998, 
        0.19999999999999998, 
        -0.39999999999999997, 
        0.0
    ], 
    "spearman_correlation_npv": [
        1.0, 
        0.7999999999999999, 
        0.19999999999999998, 
        0.39999999999999997, 
        0.6000000000000001, 
        0.6000000000000001, 
        0.7999999999999999, 
        0.19999999999999998, 
        0.39999999999999997, 
        0.6000000000000001, 
        0.6000000000000001, 
        0.39999999999999997, 
        0.19999999999999998, 
        0.7999999999999999, 
        0.7999999999999999, 
        0.7999999999999999, 
        -0.19999999999999998, 
        -0.19999999999999998, 
        -0.39999999999999997, 
        -0.39999999999999997, 
        1.0
    ], 
    "distance": [
        961.9251530134765, 
        1137.4093370462544, 
        1215.4834429147934, 
        1335.889216963742, 
        1198.2069938036582, 
        240.8318915758459, 
        589.576118919347, 
        676.8308503607086, 
        484.25200051213005, 
        410.6093033529562, 
        1000.8496390567366, 
        94.33981132056604, 
        682.1290200541243, 
        694.4062211702887, 
        1067.9419459877022, 
        725.8098924649622, 
        752.2632517942106, 
        1134.9889867307083, 
        163.40134638368193, 
        1316.4345787011218, 
        1183.7651794169315
    ], 
    "absolute_overlap": [
        191.94838601687798, 
        0, 
        0, 
        0, 
        0, 
        3436.389256246341, 
        16508.55384686194, 
        8751.90672614912, 
        9507.700087046418, 
        2589.6631587790316, 
        0, 
        6565.279008323754, 
        1930.2594466223877, 
        206.72265042027678, 
        0, 
        742.9145494447606, 
        3.8656376396947962, 
        0, 
        5683.911280148706, 
        0, 
        0
    ], 
    "absolute_overlap_lg_over_small": [
        192.98352040848505, 
        0, 
        0, 
        0, 
        0, 
        3124.977343517374, 
        10915.899790078884, 
        2270.1685694085945, 
        10099.894756345431, 
        2762.5671433992175, 
        0, 
        2188.9242635698406, 
        1925.046793611547, 
        275.8331945266002, 
        0, 
        1089.8030051310584, 
        17.64703525785717, 
        0, 
        5158.852911634653, 
        0, 
        0
    ], 
    "injection_overlap": [
        0.010784527894526622, 
        0, 
        0, 
        0, 
        0, 
        0.1930718802042003, 
        0.2841535146016526, 
        0.15064221123001878, 
        0.1636513058971683, 
        0.04457458206379217, 
        0, 
        0.5977267585430422, 
        0.17573780500628958, 
        0.01882077815679714, 
        0, 
        0.32642690152346954, 
        0.0016985104384900664, 
        0, 
        0.22860953168378417, 
        0, 
        0
    ], 
    "source": "SSp-ul", 
    "match_B": [
        180718587, 
        112229814, 
        148964212, 
        112791318, 
        266249483, 
        286312782, 
        112229814, 
        148964212, 
        112791318, 
        266249483, 
        286312782, 
        148964212, 
        112791318, 
        266249483, 
        286312782, 
        112791318, 
        266249483, 
        286312782, 
        266249483, 
        286312782, 
        286312782
    ], 
    "pearson_correlation_npv": [
        0.9942163643453702, 
        0.6676599927257537, 
        -0.17043052765403116, 
        0.1540561138315256, 
        0.7982517239218598, 
        0.8761021478278989, 
        0.712329260887161, 
        -0.07481696778346336, 
        0.2575790483322032, 
        0.7732979656866195, 
        0.8698249978123536, 
        0.5453581256996737, 
        0.4379926175001923, 
        0.7856734274122862, 
        0.8650092883589393, 
        0.7526989420155262, 
        -0.050671565914578304, 
        0.053376523534798236, 
        -0.16184204570796185, 
        0.03911871888567501, 
        0.9770793461525751
    ]
}