{
    "pearson_correlation_npd": [
        0.9446200708845891, 
        0.9428681061056113, 
        0.9530925296972219, 
        0.7992230256223392, 
        0.7889518299014963, 
        0.8846896222861635, 
        0.9584409846891212, 
        0.882263381375119, 
        0.7954009693782994, 
        0.7724922477905125, 
        0.9518526854432807, 
        0.8209806473975426, 
        0.8498527058627862, 
        0.8508813714343625, 
        0.8849165617693704, 
        0.6820178510232883, 
        0.6491999464395523, 
        0.8771345798495584, 
        0.9404090899972228, 
        0.7685956313879363, 
        0.7366402112556264
    ], 
    "match_A": [
        126908007, 
        126908007, 
        126908007, 
        126908007, 
        126908007, 
        126908007, 
        112373124, 
        112373124, 
        112373124, 
        112373124, 
        112373124, 
        112162251, 
        112162251, 
        112162251, 
        112162251, 
        120875816, 
        120875816, 
        120875816, 
        286314623, 
        286314623, 
        168163498
    ], 
    "fraction of match covered by td injection": [
        0.365386793842662, 
        0.435331072058095, 
        0.6070983383056023, 
        0.028252878614998818, 
        0.030934631824597197, 
        0.3415284324531145, 
        0.013363757337191034, 
        0.06636637907771478, 
        0, 
        0, 
        0.4505793410343182, 
        0.043740692127397895, 
        0.0005931872321946211, 
        0.07852161040788545, 
        0.1936925792772969, 
        0.0006026923293368332, 
        0.0009154879563132839, 
        0.13652401824039564, 
        0.4522116534849964, 
        0, 
        0
    ], 
    "spearman_correlation_npd": [
        0.8284493284493284, 
        0.7851037851037852, 
        0.9065934065934066, 
        0.8046398046398046, 
        0.5573870573870574, 
        0.9035409035409036, 
        0.8144078144078144, 
        0.7374847374847374, 
        0.6807081807081806, 
        0.5097680097680098, 
        0.8864468864468864, 
        0.6544566544566545, 
        0.8821733821733821, 
        0.7356532356532356, 
        0.8131868131868132, 
        0.7112332112332113, 
        0.45848595848595847, 
        0.8614163614163614, 
        0.7625152625152625, 
        0.7704517704517704, 
        0.6007326007326006
    ], 
    "spearman_correlation_npv": [
        0.8964603922521605, 
        0.8472417450256089, 
        0.9706275651255707, 
        0.8802329715573901, 
        0.6545809737129995, 
        0.9199849244846862, 
        0.8755013884603516, 
        0.8714053557857869, 
        0.8501723391833264, 
        0.7092322629504719, 
        0.966102623871954, 
        0.7823924804149247, 
        0.9470195447622644, 
        0.8832412171230887, 
        0.8752619705472722, 
        0.8431187701361951, 
        0.6127308879203496, 
        0.9082582917603589, 
        0.8711309805798163, 
        0.8711309805798163, 
        0.7344322344322345
    ], 
    "distance": [
        687.749954561976, 
        809.4442537939225, 
        311.7691453623979, 
        1043.1203190428225, 
        1171.7508267545622, 
        799.3122043357026, 
        759.8684096605149, 
        557.6737397439474, 
        1256.383699353028, 
        1256.9009507514902, 
        216.1018278497431, 
        961.8731725128838, 
        654.9045732013176, 
        510.88159097779203, 
        704.3436661176133, 
        1306.636904422954, 
        1397.3546436034053, 
        728.6288492778748, 
        417.0131892398609, 
        1171.2386605641054, 
        1173.4138229968148
    ], 
    "absolute_overlap": [
        1158.6441081162347, 
        4949.419733025743, 
        5648.16037764284, 
        905.5611085748194, 
        983.7554133687353, 
        3353.7963826097885, 
        90.22463691910207, 
        409.3065257731066, 
        0, 
        0, 
        2486.042323085335, 
        260.26918919749113, 
        28.918275753349008, 
        792.637531657191, 
        1148.8117216496, 
        90.73596066974937, 
        38.60400881068017, 
        1171.1756160510604, 
        7899.49467716359, 
        0, 
        0
    ], 
    "absolute_overlap_lg_over_small": [
        944.0733828583077, 
        3022.301412655691, 
        4643.925764194595, 
        482.8402549368343, 
        548.8861744364184, 
        2857.1035462139143, 
        92.77835943948048, 
        507.66163935728355, 
        0, 
        0, 
        3769.3840711098296, 
        334.5891666925887, 
        10.137539552025501, 
        1393.241936472677, 
        1620.3621793756695, 
        10.299981177527997, 
        16.243887592800093, 
        1142.1106402658174, 
        8023.781434488721, 
        0, 
        0
    ], 
    "injection_overlap": [
        0.05532477357972189, 
        0.23633273078637768, 
        0.26969730553680804, 
        0.043240165762339355, 
        0.04697391124781087, 
        0.1601423803915488, 
        0.03491983929223524, 
        0.15841480319921325, 
        0, 
        0, 
        0.9621784177826428, 
        0.0374890686556228, 
        0.00416537673345925, 
        0.11417118920200742, 
        0.16547437535000106, 
        0.011861871559594351, 
        0.005046684807409575, 
        0.15310726451544648, 
        0.4622304415420568, 
        0, 
        0
    ], 
    "source": "SSp-n", 
    "match_B": [
        112373124, 
        112162251, 
        120875816, 
        286314623, 
        168163498, 
        249327301, 
        112162251, 
        120875816, 
        286314623, 
        168163498, 
        249327301, 
        120875816, 
        286314623, 
        168163498, 
        249327301, 
        286314623, 
        168163498, 
        249327301, 
        168163498, 
        249327301, 
        249327301
    ], 
    "pearson_correlation_npv": [
        0.8873216601918, 
        0.9360267591149608, 
        0.9731158109486839, 
        0.7487112967505464, 
        0.7900231598159853, 
        0.8619090312297509, 
        0.928863917851837, 
        0.8891478388047404, 
        0.640941888577615, 
        0.6736861027701958, 
        0.9564643907551744, 
        0.8764372807116246, 
        0.7306280533206172, 
        0.7832480643575138, 
        0.9234796434106961, 
        0.6333154961059827, 
        0.6796807774309049, 
        0.8468357651664095, 
        0.9639824937541868, 
        0.6688552083657202, 
        0.7293987458303984
    ]
}