{
    "pearson_correlation_npd": [], 
    "match_A": [
        180403712, 
        180403712, 
        180403712, 
        180403712, 
        180403712, 
        298178204, 
        298178204, 
        642809043
    ], 
    "fraction of match covered by td injection": [
        0.014414126897992244, 
        0, 
        0, 
        0, 
        0, 
        0.0015885024220110382, 
        0.010651932187430095, 
        0.3052519192568335
    ], 
    "spearman_correlation_npd": [], 
    "spearman_correlation_npv": [], 
    "distance": [], 
    "absolute_overlap": [
        550.1352477852663, 
        0, 
        0, 
        0, 
        0, 
        70.75077926837183, 
        455.08072872625723, 
        3366.685739087854
    ], 
    "absolute_overlap_lg_over_small": [
        900.0135321247794, 
        0, 
        0, 
        0, 
        0, 
        6.742434848858466, 
        245.60739392429429, 
        7038.359525751721
    ], 
    "injection_overlap": [
        0.19853048211783078, 
        0, 
        0, 
        0, 
        0, 
        0.006718162737664188, 
        0.04321233526998809, 
        0.7931835561742988
    ], 
    "source": "TEa", 
    "match_B": [
        180435652, 
        579203888, 
        298178204, 
        642809043, 
        554421791, 
        642809043, 
        554421791, 
        554421791
    ], 
    "pearson_correlation_npv": []
}