{
    "distance": [
        642.339474110069, 
        482.80430818293246, 
        743.5724578008521, 
        811.6033513977133, 
        529.2447448959697, 
        389.1015291668744, 
        652.4568951279464, 
        624.8999919987198, 
        906.7524469225324, 
        606.4651680022522, 
        667.3829485385434, 
        826.8615361715648, 
        540.5552700695831, 
        376.5634076752546, 
        515.4609587543949, 
        371.2142238654117, 
        595.3990258641678, 
        159.37377450509229, 
        315.27765540868893, 
        283.0194339616981, 
        347.1310991541956, 
        252.58661880630177, 
        314.6426544510455, 
        596.7411499134278, 
        463.35731352812377, 
        572.2761571129798, 
        746.4583042608609, 
        223.60679774997897, 
        344.5286635390443
    ], 
    "source": "AM", 
    "spearman_correlation": [
        0.7674286750306799, 
        0.7234049073131102, 
        0.9096545713679031, 
        0.6048689095848961, 
        0.8489486156581361, 
        0.7631722488929431, 
        0.6923175944576249, 
        0.5962741155052269, 
        0.7028538154445945, 
        0.6063689223134479, 
        0.8949499218048066, 
        0.7399756737591705, 
        0.6901182641009752, 
        0.6151926396132108, 
        0.7352077584816714, 
        0.6428444670463188, 
        0.7890033920317765, 
        0.7252496551132733, 
        0.6239198904801966, 
        0.787781952620899, 
        0.7367097952749443, 
        0.7469790665996447, 
        0.676929151403525, 
        0.7625146217342765, 
        0.8446574779321923, 
        0.6498313652780221, 
        0.8424296750603004, 
        0.6861202070238803, 
        0.7643232290831035
    ], 
    "pearson_correlation": [
        0.5269342725502151, 
        0.5602150625272528, 
        0.7391289498174471, 
        0.6439043916140961, 
        0.90768208231316, 
        0.7777771264608212, 
        0.8361505146485894, 
        0.5933961788920092, 
        0.6910514882278197, 
        0.9277601068585545, 
        0.914719654718304, 
        0.9286499418828987, 
        0.817765959185152, 
        0.7177493688017635, 
        0.9148964832356641, 
        0.8116069271387012, 
        0.9409930833766813, 
        0.792412347555129, 
        0.7772357699936295, 
        0.9799407598962139, 
        0.8680528798778392, 
        0.9197608570841985, 
        0.7531663440183677, 
        0.8498379133669123, 
        0.8036725912588907, 
        0.7059557259819186, 
        0.9116738300889192, 
        0.8982450677579236, 
        0.8386759633488592
    ], 
    "fraction of match covered by td injection": [
        0.035169453614310876, 
        0.0399606302430086, 
        0.08973192949806659, 
        0.05809062524053123, 
        0.17427838684983182, 
        0.06461657650527658, 
        0.1942343713351584, 
        0.09878875636188832, 
        0.057547161592748225, 
        0.04624091751512063, 
        0.08183275664838505, 
        0.06413133248181155, 
        0.06355798904143786, 
        0.022861309097714062, 
        0.04909637017901201, 
        0.27113853606257193, 
        0.3476840314704221, 
        0.37152861921596636, 
        0.6009686370043551, 
        0.4517429380970253, 
        0.9872162859822025, 
        0.9655828729857134, 
        0.8365863002412758, 
        0.7705254142644887, 
        0.30227383783520234, 
        0.07480481098268324, 
        0.4609820438908383, 
        0.7723239128878968, 
        0.40125000685513906
    ], 
    "match_A": [
        592698832, 
        592698832, 
        592698832, 
        592698832, 
        592698832, 
        592698832, 
        592698832, 
        592698832, 
        592698832, 
        592698087, 
        592698087, 
        592698087, 
        592698087, 
        592698087, 
        592698087, 
        573035760, 
        573035760, 
        573035760, 
        573035760, 
        573035760, 
        167571459, 
        167571459, 
        167571459, 
        167571459, 
        514333422, 
        514333422, 
        514333422, 
        266174045, 
        266174045
    ], 
    "injection_overlap": [
        0.033524443194764886, 
        0.1352736754395472, 
        0.02297618482010126, 
        0.06921294486096409, 
        0.7922540708340172, 
        0.15962081069583814, 
        0.37550105194949324, 
        0.028807670084655186, 
        0.24211935611971255, 
        0.10800291878913983, 
        0.905666201063126, 
        0.17458562949003895, 
        0.5891312008147026, 
        0.04413745690672185, 
        0.35486578433153165, 
        0.8604004751118082, 
        0.42742775970045926, 
        0.729464743371353, 
        0.2986064719548799, 
        0.9903181783739469, 
        0.39364402126332976, 
        0.5846162302874028, 
        0.12101213503810154, 
        0.5897130079042776, 
        0.4507273484695008, 
        0.00783006941746333, 
        0.962415328489716, 
        0.23709743141882778, 
        0.623978506050786
    ], 
    "match_B": [
        606278526, 
        156393801, 
        592698087, 
        573035760, 
        167571459, 
        514333422, 
        266174045, 
        601900484, 
        146658170, 
        573035760, 
        167571459, 
        514333422, 
        266174045, 
        601900484, 
        146658170, 
        167571459, 
        514333422, 
        266174045, 
        601900484, 
        146658170, 
        514333422, 
        266174045, 
        601900484, 
        146658170, 
        266174045, 
        601900484, 
        146658170, 
        601900484, 
        146658170
    ]
}