{
    "distance": [
        380.13155617496426, 
        651.536645170477, 
        691.8814927427962, 
        597.1599450733446, 
        655.8200972827838, 
        400.9987531152684, 
        502.19518117958876, 
        853.7564055396598, 
        409.1454509095757, 
        586.1740355901138, 
        494.9747468305833, 
        679.1170738539857, 
        151.65750888103102, 
        311.92947920964446, 
        364.1428291206625, 
        262.48809496813374, 
        197.2308292331602, 
        382.88379438153294, 
        281.60255680657446, 
        518.9412298131649, 
        256.3201123595259, 
        418.21047332652967, 
        280.178514522438, 
        310.16124838541646, 
        190.78784028338913, 
        498.4977432245807, 
        388.329756778952, 
        514.78150704935, 
        231.08440016582685, 
        354.1186241925155, 
        427.6680956068619, 
        238.3275057562597, 
        411.58231254513356, 
        94.86832980505137, 
        324.037034920393, 
        543.8749856354859, 
        294.95762407505254, 
        538.3307533477908, 
        318.43366656181314, 
        241.66091947189145, 
        246.9817807045694
    ], 
    "source": "AUDpo", 
    "spearman_correlation": [
        0.6132225664939264, 
        0.734477191915356, 
        0.7710278422327084, 
        0.26554191236735264, 
        0.7482755982591598, 
        0.6760183205264073, 
        0.7450049843939404, 
        0.7020148351575134, 
        0.7244408014381852, 
        0.7732002288482814, 
        0.7688586240393956, 
        0.7318766567169408, 
        0.926784329784871, 
        0.013488761431232621, 
        0.9534715384370998, 
        0.5674173752785078, 
        0.9526642975244125, 
        0.7781985154905346, 
        0.9586493249300962, 
        0.8976763226243802, 
        0.8933482578422213, 
        0.948534665104344, 
        -0.0005319936562340785, 
        0.3830230056909636, 
        0.06008269003135173, 
        0.20368862510423313, 
        0.01692270099461473, 
        0.05785852798788608, 
        0.15055178328937333, 
        0.004095732372678476, 
        0.8076987856808914, 
        0.9492820603782022, 
        0.9038999009571249, 
        0.8227484693899498, 
        0.8843913445111069, 
        0.8700994532393436, 
        0.8441822953970537, 
        0.9142824468122056, 
        0.7760701707991303, 
        0.8611407737166304, 
        0.9053918932355506
    ], 
    "pearson_correlation": [
        0.9177944100205607, 
        0.7668541408967156, 
        0.7273122325773473, 
        0.47354966722286707, 
        0.6952007823527391, 
        0.9787409770084967, 
        0.7882288053439251, 
        0.49927548987262255, 
        0.8049025275960923, 
        0.6456739799587272, 
        0.8871841236360409, 
        0.6635499914211598, 
        0.9382874776389806, 
        0.25601267379873877, 
        0.9252034781078783, 
        0.7335130758536383, 
        0.9345131370091915, 
        0.783404193950601, 
        0.9178184533195557, 
        0.8948795205149666, 
        0.7928954423237169, 
        0.8985118286085572, 
        0.12136545089456555, 
        0.4113541110053578, 
        0.3476155467289793, 
        0.3739155898825988, 
        0.36406300215747134, 
        0.2440304303343953, 
        0.2824773973043345, 
        0.10203357692360002, 
        0.7874336384865654, 
        0.9838235100319681, 
        0.8832507365876042, 
        0.7140888049847192, 
        0.8393335544687929, 
        0.8618323634234442, 
        0.7468828194701397, 
        0.8555278525084348, 
        0.5984099182528348, 
        0.9096718860562764, 
        0.747071820989347
    ], 
    "fraction of match covered by td injection": [
        0.46633978370556994, 
        0.2844195951506302, 
        0.18516262450867438, 
        0.03492694280390229, 
        0.46018562953538955, 
        0.5384412139852582, 
        0.012544744609225571, 
        0.009968248734003819, 
        0.05860802026178794, 
        0.3585715967908685, 
        0.5135604968900587, 
        0.3407554812849606, 
        0.26722094473973584, 
        0.5056732757234359, 
        0.3538360292474407, 
        0.21306539068429944, 
        0.4865236858500394, 
        0.3371082195039842, 
        0.3246823426963188, 
        0.493457445952669, 
        0.4957129009988332, 
        0.15876195385415462, 
        0.1258388141117118, 
        0.21719222490404574, 
        0.2872155450549005, 
        0.3504081717964949, 
        0.23187149627369874, 
        0.1697181667295572, 
        0.13715977552511016, 
        0.03681771359823732, 
        0.17872798788685726, 
        0.41963046731323733, 
        0.36268346960775716, 
        0.1506486398172127, 
        0.07980056769041671, 
        0.6102230016877102, 
        0.2669942197700391, 
        0.1696234405628729, 
        0.7416765919370008, 
        0.4539881904466833, 
        0.3052519192568335
    ], 
    "match_A": [
        180073473, 
        180073473, 
        180073473, 
        180073473, 
        180073473, 
        180073473, 
        180073473, 
        180073473, 
        180073473, 
        180073473, 
        180073473, 
        180073473, 
        606100558, 
        606100558, 
        606100558, 
        606100558, 
        606100558, 
        606100558, 
        606100558, 
        606100558, 
        606100558, 
        606100558, 
        584896065, 
        584896065, 
        584896065, 
        584896065, 
        584896065, 
        584896065, 
        584896065, 
        584896065, 
        563179067, 
        563179067, 
        563179067, 
        563179067, 
        563179067, 
        115958825, 
        115958825, 
        115958825, 
        566730846, 
        566730846, 
        642809043
    ], 
    "injection_overlap": [
        0.713310178343058, 
        0.22112839049911595, 
        0.7700981309740447, 
        0.02894491273736818, 
        0.9754312061471851, 
        0.20412290275199652, 
        0.010867880774803764, 
        0.05271831101353668, 
        0.1333641060508206, 
        0.7069337177370622, 
        0.6366943452226682, 
        0.9929892743905534, 
        0.997062071420062, 
        0.34972539110740475, 
        0.9277080424471436, 
        0.05070059642030211, 
        0.48557586695833127, 
        0.3473724368990525, 
        0.7358807461366914, 
        0.9351881229082831, 
        0.667249203884551, 
        0.6410341228356012, 
        0.6891925463571643, 
        0.14444639213564728, 
        0.5190175458903665, 
        0.5113586270632106, 
        0.8548680169413088, 
        0.626254687354885, 
        0.2695675249740997, 
        0.36437507435913163, 
        0.24499866615183843, 
        0.9775872578746796, 
        0.8441960099763263, 
        0.22113554026482146, 
        0.4413685030549487, 
        0.49529812931757283, 
        0.1262200463768499, 
        0.27498725693190407, 
        0.5113764440020165, 
        0.7990106140267551, 
        0.7931835561742988
    ], 
    "match_B": [
        642460814, 
        606100558, 
        587345518, 
        584896065, 
        579203888, 
        557341233, 
        563179067, 
        556922099, 
        115958825, 
        566730846, 
        642809043, 
        554421791, 
        587345518, 
        584896065, 
        579203888, 
        557341233, 
        563179067, 
        556922099, 
        115958825, 
        566730846, 
        642809043, 
        554421791, 
        579203888, 
        557341233, 
        563179067, 
        556922099, 
        115958825, 
        566730846, 
        642809043, 
        554421791, 
        556922099, 
        115958825, 
        566730846, 
        642809043, 
        554421791, 
        566730846, 
        642809043, 
        554421791, 
        642809043, 
        554421791, 
        554421791
    ]
}