{
    "distance": [
        366.742416417845, 
        506.45829048402396, 
        694.9100661236675, 
        274.5906043549196, 
        867.5252157718529, 
        743.9085965358917
    ], 
    "source": "FRP", 
    "spearman_correlation": [
        0.8426639087717389, 
        0.7884981544610757, 
        0.5935986714462894, 
        0.8157275417908839, 
        0.6628647945209665, 
        0.6631362471834616
    ], 
    "pearson_correlation": [
        0.9685872138473102, 
        0.8866120981621902, 
        0.9145040550849329, 
        0.937642186173415, 
        0.9236649671722819, 
        0.7929190028580132
    ], 
    "fraction of match covered by td injection": [
        0.2380802969067063, 
        0.00015105492761596082, 
        0, 
        0.6214830977088233, 
        0.6849438116816506, 
        0.03898556514133913
    ], 
    "match_A": [
        286299886, 
        286299886, 
        286299886, 
        293433996, 
        293433996, 
        100140756
    ], 
    "injection_overlap": [
        0.521580174775478, 
        0.0009184776189220533, 
        0, 
        0.4867106948349287, 
        0.07538841350469633, 
        0.008751308432887482
    ], 
    "match_B": [
        293433996, 
        100140756, 
        177890246, 
        100140756, 
        177890246, 
        177890246
    ]
}