{
    "distance": [
        1547.9341071247186, 
        992.1189444819607, 
        867.928568489366, 
        898.2761268117949, 
        555.3377350765928, 
        887.5246475450696, 
        494.77267507411926, 
        504.67811523782166, 
        521.9195340279955, 
        936.4293886887575, 
        624.6599074696567, 
        1452.8248345894972, 
        598.0802621722272, 
        335.1119216023208, 
        782.4321056807421, 
        1840.217378463751, 
        1803.6629396869027, 
        1224.7856955402442, 
        1426.1837188805655, 
        1087.0602559196063, 
        1560.7049689162907, 
        1086.1399541495562, 
        952.1554494934112, 
        1750.2856909659063, 
        314.00636936215164, 
        995.5902771722914, 
        1526.7612779999367, 
        963.9502061828713, 
        673.8694235532578, 
        525.7375771237967, 
        999.0495483208027, 
        518.6520991955975, 
        882.779700718135, 
        1094.074951728628, 
        256.7099530598687, 
        1822.2513547806734, 
        1130.3096920755834, 
        811.0487038396647, 
        836.0023923410746, 
        1213.2600710482482, 
        1128.7603820120548, 
        1075.8252646224664, 
        907.7995373429092, 
        1481.8232013300371, 
        805.1707893360265, 
        1865.5294154743312, 
        961.8731725128838, 
        1154.036394573412, 
        513.5172830587107, 
        424.73521163190605, 
        468.50827100489914, 
        220.90722034374522, 
        651.2296062065975, 
        531.6013544000805, 
        1209.7520407091695, 
        475.92016137163176, 
        578.5326265648291, 
        737.9024325749306, 
        447.88391353117385, 
        680.0735254367721, 
        621.4499175315739, 
        578.5326265648291, 
        1386.2900129482287, 
        940.0, 
        713.7226352022192, 
        570.8765190476834, 
        269.0724809414742, 
        498.09637621649085, 
        827.8888814327681, 
        975.4486147409303, 
        347.7067730142742, 
        451.9955751995809, 
        584.0376700179536, 
        729.2461861401813, 
        392.04591567825315, 
        1470.1020372749642, 
        813.2650244538984, 
        313.6877428271624, 
        1031.9399207318224, 
        822.8000972289685, 
        740.6753674856482, 
        744.7147104764347, 
        1719.3312653470825, 
        940.7975340103735, 
        628.7288763847259
    ], 
    "source": "ORBm", 
    "spearman_correlation": [
        0.8843684177159756, 
        0.5830110960333224, 
        0.2477188831726071, 
        0.3228608560211478, 
        0.7193816099110099, 
        0.4830952869406, 
        0.7482404900010987, 
        0.8751855750480236, 
        0.7599563516648971, 
        0.25840064179759625, 
        0.9256700746607425, 
        0.8080145210120506, 
        0.8379653641478756, 
        0.8958617900020913, 
        0.722404380126892, 
        0.31919439116913484, 
        0.31919466181246425, 
        0.7329606934033427, 
        0.5008728581641541, 
        0.8588129928649854, 
        0.9274515628973492, 
        0.7520254670757497, 
        0.2473591926382825, 
        0.9051153696605388, 
        0.8081097500737251, 
        0.8454766624741574, 
        0.9484461659634204, 
        0.34136304963803016, 
        0.4367236431370656, 
        0.497807360045146, 
        0.5195475845726392, 
        0.14755329540636575, 
        0.47237924785368085, 
        0.6427549540083822, 
        0.23672847371578432, 
        0.3689398699782732, 
        0.3593436554476043, 
        0.4143902454243643, 
        0.4759885969121954, 
        0.5976388797045881, 
        0.43878357491053094, 
        0.23555034384709722, 
        0.5375056635603599, 
        0.2117043933132806, 
        0.2986619049835408, 
        0.41229819108966337, 
        0.3971591125593889, 
        0.3630474644430366, 
        0.7065769100876106, 
        0.7963974422166455, 
        0.6489717615226314, 
        0.8234827238721019, 
        0.3750520955689458, 
        0.6751845606586806, 
        0.8656736046334559, 
        0.7906164913001503, 
        0.7377610034217821, 
        0.5855398034123354, 
        0.3983347683762392, 
        0.7005240176024083, 
        0.4414596055915313, 
        0.4141892265439889, 
        0.6342832424033534, 
        0.5024912190913001, 
        0.5453619830298886, 
        0.7150864774187861, 
        0.7906577742977023, 
        0.37569578276748017, 
        0.7153355334478871, 
        0.8220563644045318, 
        0.8986199167745321, 
        0.8651799550210635, 
        0.692268076922272, 
        0.17278413503400114, 
        0.9171696187496549, 
        0.745349181474924, 
        0.7359752237055146, 
        0.8636449161889972, 
        0.2157689250248334, 
        0.3410318541481269, 
        0.31029753941170096, 
        0.3595203426463813, 
        0.7643162750057018, 
        0.7765803467284754, 
        0.8921979856738024
    ], 
    "pearson_correlation": [
        0.7860886615682374, 
        0.6886440390111137, 
        0.602918249506583, 
        0.6033644708020213, 
        0.7604850103719801, 
        0.5555415914794225, 
        0.7849217513781694, 
        0.7993921637732835, 
        0.7349359001738309, 
        0.5235273573234563, 
        0.9125141631852369, 
        0.7766759865474213, 
        0.7560476465184778, 
        0.9151476882319884, 
        0.6798497433891442, 
        0.2933334025611885, 
        0.3708401343102817, 
        0.5424745270066185, 
        0.23067513632381795, 
        0.7931543151346766, 
        0.8356459291310525, 
        0.5526539498495414, 
        0.25213447041445614, 
        0.6853783262387603, 
        0.7044014027827115, 
        0.7226934305801586, 
        0.8694180831653822, 
        0.7516419008981301, 
        0.922584843130669, 
        0.9741826569140721, 
        0.5839638547017421, 
        0.14737985300511625, 
        0.656246480590027, 
        0.9384998453231002, 
        0.7869746251998907, 
        0.7789014282857426, 
        0.4900366833664115, 
        0.5636053134780957, 
        0.6961799683628443, 
        0.7857270158082116, 
        0.6938710847678393, 
        0.22087419869075484, 
        0.5557948813735584, 
        0.6405717508269954, 
        0.7433091509800579, 
        0.5534052346578615, 
        0.6232107469824717, 
        0.6324104612575842, 
        0.8388149714389712, 
        0.7384976666648009, 
        0.3606934996882726, 
        0.8181274855499363, 
        0.8379017467833513, 
        0.8452369246242785, 
        0.9138118758975928, 
        0.6930423561260458, 
        0.7655422938235412, 
        0.5240386369187892, 
        0.1029281064942294, 
        0.5296487435616747, 
        0.9288194919605557, 
        0.7782400499436283, 
        0.6986733195422027, 
        0.40596554269675056, 
        0.48167259265691686, 
        0.5386966433692116, 
        0.7338881845607522, 
        0.473395202434386, 
        0.7480926673609075, 
        0.7057200983971066, 
        0.9023255826033528, 
        0.9065952913514205, 
        0.48900197683338364, 
        0.10703927983736479, 
        0.6081955116666574, 
        0.5470234234293726, 
        0.4958163155815081, 
        0.7521147484175912, 
        0.7449413615121948, 
        0.769218671546851, 
        0.31533601245883097, 
        0.462200915487263, 
        0.839874617074529, 
        0.6557589515943272, 
        0.8161803068608895
    ],