{
    "distance": [
        41.23105625617661, 
        276.76705006196096, 
        2386.2522917746983, 
        886.0022573334675, 
        341.9064199455752, 
        285.832118559129, 
        2418.8633694361492, 
        877.8952101475437, 
        333.7663853655727, 
        2240.669542792957, 
        711.7583859709698, 
        271.8455443813637
    ], 
    "source": "VISC", 
    "spearman_correlation": [
        0.8345004475037202, 
        0.6066201716297458, 
        0.550109139174289, 
        0.5366615976253076, 
        0.9710926047785711, 
        0.5690961818012817, 
        0.6384134598987649, 
        0.7815895075352668, 
        0.8026959175221042, 
        0.5995294490890317, 
        0.5372568537287448, 
        0.6156862387196533
    ], 
    "pearson_correlation": [
        0.8592065141972438, 
        0.3826611882961535, 
        0.5102686517970808, 
        0.8792722544143103, 
        0.8231085633971037, 
        0.5629860780455025, 
        0.6892611516663325, 
        0.9277936824289943, 
        0.7210950036407727, 
        0.6266885637406437, 
        0.4768705603753041, 
        0.4897180829154407
    ], 
    "fraction of match covered by td injection": [
        0.8269355425053007, 
        0.9726710325240792, 
        0.0348877803967534, 
        0.42863860712547225, 
        0.9189296814227936, 
        0.17700262734073352, 
        0.3074127531041073, 
        0.07019345867721494, 
        0.24219623542739074, 
        0, 
        0.0037769075429176, 
        0.031696796269041864
    ], 
    "match_A": [
        180917660, 
        180917660, 
        180917660, 
        180917660, 
        180917660, 
        180074890, 
        180074890, 
        180074890, 
        180074890, 
        508373923, 
        508373923, 
        508373923
    ], 
    "injection_overlap": [
        0.308748319953708, 
        0.024877549724518753, 
        0.0008643241148556074, 
        0.39463669768591403, 
        0.42270662505345813, 
        0.02813032895331332, 
        0.014578008746480945, 
        0.21441006716083227, 
        0.25284401562191344, 
        0, 
        0.049802656227299555, 
        0.8919597509326675
    ], 
    "match_B": [
        180074890, 
        508373923, 
        292372636, 
        180436360, 
        174361746, 
        508373923, 
        292372636, 
        180436360, 
        174361746, 
        292372636, 
        180436360, 
        174361746
    ]
}