{
    "distance": [
        310.64449134018133, 
        564.8008498577176, 
        949.2101980067429, 
        233.88031127053, 
        441.24822945820415, 
        330.75670817082454, 
        290.17236257093816, 
        402.36799077461416, 
        711.6178749862878, 
        398.62262855989496, 
        361.386219991853, 
        390.89640571384126, 
        922.062904578641, 
        309.0307428072489, 
        759.670981412348, 
        81.24038404635961, 
        292.23278392404916, 
        70.0, 
        298.83105594967867, 
        282.4889378365107, 
        436.9210454990695, 
        260.0, 
        99.498743710662, 
        352.845575287547, 
        700.9279563550023, 
        463.89654018972806, 
        380.13155617496426, 
        275.86228448267445, 
        351.2833614050059, 
        604.4832503882965, 
        525.071423713003, 
        159.37377450509229, 
        322.95510523910286, 
        359.44401511222856, 
        458.475735453906, 
        404.22765862815476, 
        319.53090617340916, 
        513.5172830587107, 
        406.4480286580315, 
        423.6744032862972, 
        81.24038404635961, 
        377.4917217635375, 
        192.61360284258222, 
        525.452186216786, 
        255.73423705088842, 
        220.22715545545242, 
        470.1063709417263, 
        273.67864366808016, 
        73.48469228349535, 
        355.8089374931439, 
        736.3423117002037, 
        638.983567863838, 
        331.3608305156178, 
        266.27053911388697, 
        344.5286635390443, 
        863.3075929238663, 
        339.8529093593286, 
        137.4772708486752, 
        597.7457653551382, 
        700.9992867328754
    ], 
    "source": "VISli", 
    "spearman_correlation": [
        0.6207916315579228, 
        0.5711416728385682, 
        0.3008375251944224, 
        0.2708178917970243, 
        0.44130237389252097, 
        0.6107062769971046, 
        0.3006797991384632, 
        0.7205728339372584, 
        0.5382189594999773, 
        0.2572149319216351, 
        0.4901051371099067, 
        0.2857949060789836, 
        0.34596523649567434, 
        0.5133494404924965, 
        0.1151168373506618, 
        0.10964279241918014, 
        0.3024485824337788, 
        0.6324350410327014, 
        0.15451184059031486, 
        0.4974834665011103, 
        0.3543130531129503, 
        0.15181498246172356, 
        0.41511942085668746, 
        0.13193851505717685, 
        0.16169885479552812, 
        0.0815557649893024, 
        0.04356790034462467, 
        0.31946971639417854, 
        0.7320719488588662, 
        0.05889744605613602, 
        0.6253004733496884, 
        0.5211117696242497, 
        0.10948930450732061, 
        0.3991325939477672, 
        0.08381653711929575, 
        0.10267537515950634, 
        0.45093766996811485, 
        0.7309666796080831, 
        0.7004303768255625, 
        0.7334351981797405, 
        0.7361889434027257, 
        0.5435062927892477, 
        0.7419034969179341, 
        0.7798541878953471, 
        0.22058436075165241, 
        0.5784770297633947, 
        0.5856533205601384, 
        0.24168543155229913, 
        0.5646241984983161, 
        0.20025206930247513, 
        0.23985596876925383, 
        0.674969670923026, 
        0.482572415479199, 
        0.5083642549799704, 
        0.48279819258441325, 
        0.5517992536836889, 
        0.5551585590813438, 
        0.8265615185219686, 
        0.7781459003234598, 
        0.8938740217232758
    ], 
    "pearson_correlation": [
        0.9275830055307268, 
        0.8880043077480868, 
        0.13285827461099983, 
        0.2737488170560184, 
        0.4485430394109238, 
        0.8811376908330723, 
        0.46697825997632253, 
        0.843575474093987, 
        0.7102539047450231, 
        0.4025235334088122, 
        0.7963203734424084, 
        0.4325964581772813, 
        0.2257911837484427, 
        0.9008373216844957, 
        0.07744410334874298, 
        0.21091077346798817, 
        0.3680998354367019, 
        0.7760600823452688, 
        0.3517503221662936, 
        0.724985643904973, 
        0.5215999024207261, 
        0.33743167834707116, 
        0.7172349574696086, 
        0.33172397994391206, 
        0.1704195649492776, 
        0.06491114736161407, 
        0.19089886898512254, 
        0.3112801045373057, 
        0.7515053899237482, 
        0.27502694026626545, 
        0.5841668726702179, 
        0.5504590117630317, 
        0.32530805799158286, 
        0.5808019919396221, 
        0.3434190245051697, 
        0.16974938838287482, 
        0.5840098574529428, 
        0.96273046104533, 
        0.7005437900178029, 
        0.6473670020816359, 
        0.9842176378964748, 
        0.5835553264683093, 
        0.8838510922115189, 
        0.8612992284481203, 
        0.6303685007348684, 
        0.9136550940396181, 
        0.9349452066423171, 
        0.5495992347495885, 
        0.936096112500627, 
        0.6390202199198657, 
        0.3257926182421602, 
        0.8681424446527601, 
        0.6254969478909913, 
        0.9303189861009062, 
        0.6719433103166834, 
        0.44942930128225705, 
        0.5208560991697754, 
        0.8755493475514098, 
        0.8609733075856405, 
        0.7906535663901803
    ], 
    "fraction of match covered by td injection": [
        0.6514095396698698, 
        0.41332335158907973, 
        0.059923878609448256, 
        0.15532427797966783, 
        0.24468423722857874, 
        0.3581467654832897, 
        0.07511708202177204, 
        0, 
        0.3262669134373829, 
        0.4695024773039043, 
        0.22662922866414167, 
        0.07238479214359748, 
        0.08962828350337791, 
        0.02853918763480063, 
        0.0005456230112081812, 
        0.2807070411974473, 
        0.47180010566047864, 
        0.3029643882812487, 
        0.18201936401591193, 
        0.07777157093658535, 
        0.1823506562437627, 
        0.4935041885541277, 
        0.37338379131137045, 
        0.2954954778216734, 
        0, 
        0.15192927804829445, 
        0.005602001099684726, 
        0.23928850528875475, 
        0.199442042563514, 
        0, 
        0, 
        0.36520728831804894, 
        0.32320153129532686, 
        0.013962836357813962, 
        0.13730230642838948, 
        0.27117743806097544, 
        0.45451728890323617, 
        0.04780090835457871, 
        0.1454733591287396, 
        0.2954500810408598, 
        0.5699513378392003, 
        0.2369848638598091, 
        0.6115339530220343, 
        0.003681199743162061, 
        0.2783362848742622, 
        0.4905510054890667, 
        0.7937364603414798, 
        0.9620808463632577, 
        0.5331805908195083, 
        0.9472333857937956, 
        0.14527900853198486, 
        0.00022411521631360423, 
        0.015126133749763414, 
        0.015192181049969439, 
        0.1297435296846506, 
        0, 
        0.4108140045268924, 
        0.4446960997560643, 
        0.02724563126401283, 
        0.0044409643767720245
    ],