{
    "match_id": [
        287028480, 
        603468246
    ], 
    "fraction of match covered by td exclusion zone": [
        0.11295156031660819, 
        0.3010131893695583
    ], 
    "pearson_correlation": [
        0.462225061097991, 
        0.4527883177401364
    ], 
    "dataset": "cre", 
    "fraction of match covered by td injection": [
        0.020947137969442114, 
        0.051490570085818844
    ], 
    "distance": [
        842.9709366283039, 
        869.2525524840293
    ], 
    "spearman_correlation": [
        0.576287178344283, 
        0.5403001045180121
    ], 
    "injection_overlap": [
        0.24436955509354613, 
        0.945102696693427
    ], 
    "image_series_id": 528512680, 
    "source": "ENTm", 
    "exclusion_zone_overlap": [
        0.19502378321930053, 
        0.6612279542989808
    ]
}