{
    "image_series_id": 523704892, 
    "distance": [
        905.3728513711906, 
        684.7627326307996, 
        865.8521813797087, 
        1368.9411966918083, 
        1211.6930304330383, 
        1300.269202896077, 
        513.1276644267, 
        978.6725703727473, 
        729.2461861401813, 
        990.6563480844404, 
        718.7489130426563, 
        563.2051136131489, 
        1003.0453628824571, 
        1634.5641620933698, 
        1688.9345754054536, 
        740.1351227985333
    ], 
    "exclusion_zone_overlap": [
        0.13885989318766673, 
        0.10883191445043511, 
        0.07908336172509595, 
        0.10295481061698587, 
        0.05726606412458803, 
        0.00024289425852221563, 
        0.45416457967337387, 
        0.14481943161326913, 
        0.09579906795341193, 
        4.404828645435801e-08, 
        0.0040910661780372845, 
        0.0389794752146433, 
        0.0001992066336963655, 
        5.062222895992769e-09, 
        0.004940722746726529, 
        0.019116305615468128
    ], 
    "match_id": [
        558580065, 
        585051446, 
        585026021, 
        640282128, 
        127139568, 
        626107114, 
        113226232, 
        112672974, 
        126116848, 
        642967852, 
        152994878, 
        114472145, 
        638314843, 
        232311959, 
        182794184, 
        286483411
    ], 
    "fraction of match covered by td exclusion zone": [
        0.29907379157408254, 
        0.24346734130036005, 
        0.0926862463952041, 
        0.027631645186981985, 
        0.0605359044270085, 
        0.0006604266435887519, 
        0.4251451851683237, 
        0.1542265991553381, 
        0.1345093685779066, 
        2.1504692440379208e-05, 
        0.010626252147309993, 
        0.057904933547686714, 
        0.0002251843795163751, 
        2.6112284243855266e-09, 
        0.0129725602836332, 
        0.054067361230280456
    ], 
    "source": "ENTl", 
    "pearson_correlation": [
        0.8638417728592191, 
        0.7985433146689497, 
        0.7652900208958205, 
        0.4676683374485179, 
        0.7375415459191248, 
        0.4268917703203674, 
        0.7469171253204261, 
        0.6536207345181367, 
        0.9138834045937505, 
        0.9749269717621867, 
        0.586182122762215, 
        0.9506107274391453, 
        0.3044229874520035, 
        0.8408448188574695, 
        0.9320242887242411, 
        0.8926940328111346
    ], 
    "spearman_correlation": [
        0.7265436253716787, 
        0.6038139838161878, 
        0.47797247875938476, 
        0.41132737084478477, 
        0.5715363908085168, 
        0.36829868519917686, 
        0.512231142853585, 
        0.3567552987121966, 
        0.653180235365708, 
        0.893918060888018, 
        0.5795439202853675, 
        0.7326632295186576, 
        0.4614814114394882, 
        0.8541508125241198, 
        0.8506128182713614, 
        0.6078777376349647
    ], 
    "injection_overlap": [
        0.09724109943674417, 
        0.061103688480334165, 
        0.0301060049170702, 
        0.031184501936494306, 
        0.03513653851844641, 
        0, 
        0.4233506687771207, 
        0.19867270756923988, 
        0.051841778979555365, 
        0, 
        0, 
        0.034461769677701516, 
        0, 
        0, 
        0, 
        0.001952376990754974
    ], 
    "fraction of match covered by td injection": [
        0.02083094243832184, 
        0.011793407148989228, 
        0.0012757080773165008, 
        0.00042707954658650064, 
        0.0028781345252101923, 
        0, 
        0.0280879272903703, 
        0.010511500796987166, 
        0.006202807694836916, 
        0, 
        0, 
        0.0029784408493552976, 
        0, 
        0, 
        0, 
        0.0003205821495116484
    ]
}