{
    "match_id": [
        112596790, 
        180709230, 
        272737914, 
        180436360
    ], 
    "fraction of match covered by td exclusion zone": [
        0.16354477489305697, 
        1.543333830280583e-05, 
        0.05325046729563974, 
        0
    ], 
    "pearson_correlation": [
        0.5565765314915333, 
        0.6784968328026652, 
        0.709393513733535, 
        0.6437079067049191
    ], 
    "dataset": "wt", 
    "fraction of match covered by td injection": [
        0.10271346162995375, 
        3.13140684484566e-09, 
        0.024561167500847553, 
        0.00018215266010470295
    ], 
    "distance": [
        629.7618597533515, 
        939.4147114027968, 
        1124.4998888394787, 
        2452.6516263016238
    ], 
    "spearman_correlation": [
        0.43251209482649705, 
        0.6356213965848544, 
        0.732441132677365, 
        0.8592736668070087
    ], 
    "injection_overlap": [
        0.36762337075940776, 
        8.954506226015553e-13, 
        0.016533816789697654, 
        0.0002707480493576924
    ], 
    "image_series_id": 478995566, 
    "source": "CLA", 
    "exclusion_zone_overlap": [
        0.23777785379283106, 
        1.6994585358345793e-05, 
        0.03828402095481201, 
        0
    ]
}