{
    "match_id": [
        116903968, 
        307295727, 
        114250546
    ], 
    "fraction of match covered by td exclusion zone": [
        0.08587284626691287, 
        0.6814947043067807, 
        0.8783400798397178
    ], 
    "pearson_correlation": [
        0.9030786570076333, 
        0.9289795817610146, 
        0.9540316143421836
    ], 
    "dataset": "wt", 
    "fraction of match covered by td injection": [
        4.37940987731248e-06, 
        0.16876370553475137, 
        0.17868123353065568
    ], 
    "distance": [
        1044.7009141376302, 
        381.18237105091833, 
        406.201920231798
    ], 
    "spearman_correlation": [
        0.8586731958104349, 
        0.8842175760597144, 
        0.8485032863415078
    ], 
    "injection_overlap": [
        2.4064055818083573e-05, 
        0.9920348415433415, 
        0.4336622479446015
    ], 
    "image_series_id": 502590301, 
    "source": "VISl", 
    "exclusion_zone_overlap": [
        0.02927012150702747, 
        0.7783172103407483, 
        0.30256505190012783
    ]
}