{
    "match_id": [
        116903968, 
        307295727, 
        114250546
    ], 
    "fraction of match covered by td exclusion zone": [
        0.00045429396985487754, 
        0.6162804899930303, 
        0.3834656077626615
    ], 
    "pearson_correlation": [
        0.9154547232254048, 
        0.9341081886951902, 
        0.9249240088229229
    ], 
    "dataset": "wt", 
    "fraction of match covered by td injection": [
        0, 
        0.14635954254006964, 
        0.09392506374919217
    ], 
    "distance": [
        1106.0741385639571, 
        424.38190347845887, 
        416.4132562731403
    ], 
    "spearman_correlation": [
        0.6963220327697318, 
        0.7494318673573819, 
        0.7297379249323138
    ], 
    "injection_overlap": [
        0, 
        0.906513816879675, 
        0.3761469203073417
    ], 
    "image_series_id": 502956560, 
    "source": "VISl", 
    "exclusion_zone_overlap": [
        0.0002130572483842854, 
        0.7529033959017535, 
        0.1626876898216275
    ]
}