{
    "match_id": [
        146858755, 
        116903968, 
        307295727, 
        114250546
    ], 
    "fraction of match covered by td exclusion zone": [
        0.17649096188596375, 
        0.4856934829426354, 
        0.606536735294883, 
        0.014760803044228147
    ], 
    "pearson_correlation": [
        0.9280023945492091, 
        0.9634226157623899, 
        0.9365227674311618, 
        0.9008573539100058
    ], 
    "dataset": "wt", 
    "fraction of match covered by td injection": [
        0, 
        0.014773375515516564, 
        0.029773427831766668, 
        0
    ], 
    "distance": [
        859.0692637965811, 
        671.863081289633, 
        677.4215821775979, 
        877.8382538941897
    ], 
    "spearman_correlation": [
        0.7288113720053998, 
        0.706079616399405, 
        0.7527749961091874, 
        0.7053651655783566
    ], 
    "injection_overlap": [
        0, 
        0.23586954740681407, 
        0.9320291728334413, 
        0
    ], 
    "image_series_id": 518013943, 
    "source": "VISl", 
    "exclusion_zone_overlap": [
        0.026970557728621086, 
        0.20133117303021164, 
        0.7149052442465125, 
        0.003511635866863713
    ]
}