{
    "match_id": [
        146553971, 
        112881858, 
        127397469, 
        158314278, 
        116903230, 
        120491896, 
        100149109, 
        139519496, 
        115958825, 
        180435652
    ], 
    "fraction of match covered by td exclusion zone": [
        0.043148058332171425, 
        0.5882305185637251, 
        0.00034548321769886967, 
        0.04542854341734261, 
        0.6604461098761403, 
        0.2331700009666259, 
        0.00019668772909643513, 
        0.03504334797029863, 
        0.0009492791040894854, 
        0.41839124904064645
    ], 
    "pearson_correlation": [
        0.24483204765473288, 
        0.9116897219096046, 
        0.19704053565835794, 
        0.6515212433420033, 
        0.8057419870207566, 
        0.6327632948894635, 
        0.6692199505835483, 
        0.5821589015281836, 
        0.706415393051297, 
        0.8264512061630545
    ], 
    "dataset": "wt", 
    "fraction of match covered by td injection": [
        9.735489694371462e-06, 
        0.18193312687404198, 
        1.7064171371378033e-11, 
        0.01464786695818527, 
        0.1814954420927293, 
        0.0795843955739499, 
        1.1445588512430469e-05, 
        0.007503387231539181, 
        6.454586606446769e-05, 
        0.13458324215066592
    ], 
    "distance": [
        968.8137075826291, 
        466.2617290749907, 
        1296.495275733776, 
        1519.4077793666847, 
        771.2976079309465, 
        1011.6817681464859, 
        1179.0674280973078, 
        1399.6428115772967, 
        1491.6098685648335, 
        492.1381919745713
    ], 
    "spearman_correlation": [
        0.3615446598444822, 
        0.9122629895420222, 
        0.49921227689324654, 
        0.7343676511807838, 
        0.8480482931789626, 
        0.7555836475681914, 
        0.6523912752174245, 
        0.6081205874227481, 
        0.6864310270265415, 
        0.7180170531990329
    ], 
    "injection_overlap": [
        1.1731530558077345e-05, 
        0.11855713996843192, 
        3.661608307148969e-09, 
        0.016313749276019106, 
        0.10756821961749714, 
        0.07130103126701354, 
        4.6865344471419264e-05, 
        0.007197767927832901, 
        4.3474690568248605e-05, 
        0.8113612750179384
    ], 
    "image_series_id": 521617657, 
    "source": "TEa", 
    "exclusion_zone_overlap": [
        0.019893092921156378, 
        0.1668551029887351, 
        0.00030804995862743835, 
        0.019351489499183767, 
        0.1344092242700346, 
        0.04890451099267875, 
        0.0002029362889007112, 
        0.012290939664377266, 
        0.00042420802027308993, 
        0.704048085730068
    ]
}