{
    "match_id": [
        146858755, 
        116903968, 
        307295727, 
        114250546
    ], 
    "fraction of match covered by td exclusion zone": [
        0.8299973230142444, 
        0.919978041368025, 
        0.45540479688668173, 
        0.000698012540012348
    ], 
    "pearson_correlation": [
        0.9571503809988123, 
        0.9718030195159453, 
        0.9867003466965828, 
        0.9552429625827062
    ], 
    "dataset": "wt", 
    "fraction of match covered by td injection": [
        0.12178333400125015, 
        0.31896737395147645, 
        0.08885675759473012, 
        0
    ], 
    "distance": [
        838.6894538504702, 
        670.6713054842886, 
        636.0031446463138, 
        824.3785538209979
    ], 
    "spearman_correlation": [
        0.9335997832310803, 
        0.9069846819467191, 
        0.9385772360311644, 
        0.8855255660592383
    ], 
    "injection_overlap": [
        0.1226503752877303, 
        0.6614385065064846, 
        0.5967683980641852, 
        0
    ], 
    "image_series_id": 523180728, 
    "source": "VISl", 
    "exclusion_zone_overlap": [
        0.15091758033772879, 
        0.37914060235754193, 
        0.4728983063725682, 
        0.00010997225032070466
    ]
}