{
    "match_id": [
        585051446, 
        640282128, 
        113226232, 
        112672974
    ], 
    "fraction of match covered by td exclusion zone": [
        0.00016373878969177456, 
        0.0014229757825499991, 
        0.013220660130152, 
        0.00038483222539800716
    ], 
    "pearson_correlation": [
        0.5143543765223303, 
        -0.006371735058636361, 
        0.5642964125552224, 
        0.1502810065984204
    ], 
    "dataset": "wt", 
    "fraction of match covered by td injection": [
        6.373337323777858e-05, 
        1.7677599508817626e-07, 
        0.0016225245692168494, 
        6.970363300238733e-07
    ], 
    "distance": [
        2046.948949045872, 
        487.134478352744, 
        1278.436545159751, 
        1641.8587028121513
    ], 
    "spearman_correlation": [
        0.5299380670707646, 
        0.40232232466027756, 
        0.5746721126146604, 
        0.21873601947153437
    ], 
    "injection_overlap": [
        0.0015165237146465376, 
        0.0003022496524507587, 
        0.04787335537302501, 
        9.46346251843965e-05
    ], 
    "image_series_id": 528512680, 
    "source": "ENTm", 
    "exclusion_zone_overlap": [
        0.000956008568578345, 
        0.0011396173487254824, 
        0.03927406844927969, 
        0.002582209666382881
    ]
}