{
    "match_id": [
        307297141, 
        113887162, 
        100147853, 
        307321674, 
        304586645, 
        307558646, 
        307320960, 
        307743253, 
        113887868, 
        307557934, 
        114008926, 
        309003780, 
        277712166, 
        277616630, 
        277714322, 
        307137980, 
        304585910, 
        309004492, 
        309113907, 
        277713580, 
        307296433, 
        307593747, 
        100141219, 
        304564721, 
        272782668, 
        304762965, 
        309372716, 
        638314843
    ], 
    "fraction of match covered by td exclusion zone": [
        0.04144525058191849, 
        0.030898040007433753, 
        0.6322557749872738, 
        0.024723266470506045, 
        0.4048074474559831, 
        0.3196175728649659, 
        0.1162453437824467, 
        0.026296692884288417, 
        0.000660008627802603, 
        0.5054807871299655, 
        0.10853982668161596, 
        0.17456404883088744, 
        0.11910957276536535, 
        0.5015920488709984, 
        0.0028894298636500315, 
        0.27156873443319446, 
        0.7344372712943947, 
        0.00023607244631852357, 
        0.438231495924711, 
        7.317549743746144e-07, 
        0.06611127453887589, 
        0.8523423479932885, 
        0.9968335901070977, 
        0.0005078478644794084, 
        0.0733097200106453, 
        0.21499124575397138, 
        0.2983143757906914, 
        0.16650326665105133
    ], 
    "pearson_correlation": [
        0.9249418363624828, 
        0.920780816411674, 
        0.9824732106490722, 
        0.9010941170992125, 
        0.9733847323562675, 
        0.9522419513283662, 
        0.977630135127339, 
        0.9414400927995026, 
        0.9821472166587489, 
        0.9885941293444361, 
        0.8819474561123527, 
        0.9835891117856289, 
        0.9798586750633065, 
        0.9749025190573523, 
        0.9677879558091333, 
        0.9737384551682955, 
        0.9583771584611477, 
        0.8486168948689449, 
        0.9767783383718778, 
        0.8593086639646657, 
        0.9340884381887088, 
        0.9902010958665928, 
        0.989561554583876, 
        0.94431721306691, 
        0.986876833609587, 
        0.96617515663663, 
        0.9467650327452078, 
        0.5320195118962028
    ], 
    "dataset": "wt", 
    "fraction of match covered by td injection": [
        0.0003584526319203187, 
        0, 
        0.03253136915719524, 
        0.00015725654892485825, 
        0.05438413437314168, 
        0.1286784017827161, 
        0.002121889550440304, 
        0.00307330982716231, 
        0, 
        0.23393849821333088, 
        0.000270916606023987, 
        0.044737592623433964, 
        0, 
        0.003404525539626347, 
        0, 
        0.1046308301227546, 
        0.11939140334807606, 
        0, 
        0.1512043442009444, 
        0, 
        0.0005527075044915651, 
        0.41207025071044806, 
        0.6555354908543585, 
        0, 
        0.008204654283528911, 
        0.059353117331485634, 
        0.11012807709092148, 
        0.08240737238273071
    ], 
    "distance": [
        538.8877434122992, 
        1102.2703842524302, 
        740.1351227985333, 
        396.4845520319802, 
        440.56781543821376, 
        220.45407685048602, 
        527.162214123888, 
        647.7653896280659, 
        1060.6601717798212, 
        220.45407685048602, 
        473.0750469005948, 
        294.27877939124323, 
        838.3316766053875, 
        842.0807562223471, 
        865.2167358529307, 
        601.4149981501957, 
        625.939294181153, 
        976.4220398987314, 
        389.1015291668744, 
        1070.9341716464182, 
        770.8436936240706, 
        431.97222132910355, 
        645.6779382943172, 
        795.6129712366434, 
        1271.1412195346354, 
        671.863081289633, 
        220.45407685048602, 
        3552.295032792181
    ], 
    "spearman_correlation": [
        0.8252679313790828, 
        0.7931714308751213, 
        0.7819297319508307, 
        0.7924506811726275, 
        0.7713487829454383, 
        0.8375374053360528, 
        0.8572311042935604, 
        0.8170479430072605, 
        0.7767401141800877, 
        0.8933214891193373, 
        0.6556498356187184, 
        0.8490752825771414, 
        0.6292852409638474, 
        0.6880540757583641, 
        0.6797703182108068, 
        0.8322212821312789, 
        0.2824125165023262, 
        0.8015615196548854, 
        0.8529205856516002, 
        0.5109106178528605, 
        0.8327006944485842, 
        0.8659366726610989, 
        0.8297614308547068, 
        0.5988342795834877, 
        0.833037353618695, 
        0.6083880037372976, 
        0.8452106975530892, 
        0.23869893577222995
    ], 
    "injection_overlap": [
        0.00036070526298852306, 
        0, 
        0.016072101684242956, 
        9.326663669817496e-05, 
        0.06488257229189356, 
        0.7107952157636015, 
        0.0025839846805590346, 
        0.0034639390645593666, 
        0, 
        0.6943854226602509, 
        0.00015444460843213578, 
        0.08219880599903161, 
        0, 
        0.0021173741757078745, 
        0, 
        0.29214947799607033, 
        0.14922620583443288, 
        0, 
        0.6449034504988611, 
        0, 
        0.0005400108684214186, 
        0.972075687148942, 
        0.7912509832451239, 
        0, 
        0.020489175650539655, 
        0.1403082621349011, 
        0.5760010660165527, 
        0.6440916205587021
    ], 
    "image_series_id": 546389260, 
    "source": "VISp", 
    "exclusion_zone_overlap": [
        0.03440895582430289, 
        0.01906156960440449, 
        0.07646454189430993, 
        0.02305165159436862, 
        0.14261638985470831, 
        0.5143553250971769, 
        0.07180892344800704, 
        0.022080802664016932, 
        0.00015616314058184878, 
        0.43935189886797865, 
        0.027614359274128603, 
        0.0833680823979579, 
        0.00787745583625109, 
        0.06402297082183538, 
        0.0005316457683716352, 
        0.19868502694481063, 
        0.1561872451844936, 
        0.0002664120076811062, 
        0.5250565327173123, 
        4.6563627325120356e-06, 
        0.0592876613139176, 
        0.697406079525852, 
        0.4487817530291951, 
        5.5647295373402404e-05, 
        0.03715864189505262, 
        0.09056310280401787, 
        0.41707193921277547, 
        0.40938122925057796
    ]
}