{
    "match_id": [
        126861679, 
        100148503, 
        100141599
    ], 
    "fraction of match covered by td exclusion zone": [
        0.914107621363999, 
        0.9736052451291353, 
        0.5442865776408645
    ], 
    "pearson_correlation": [
        0.9434566352407311, 
        0.9723977216394386, 
        0.878840187030874
    ], 
    "dataset": "wt", 
    "fraction of match covered by td injection": [
        0.4754249527582913, 
        0.6771493055782227, 
        0.1963410259756685
    ], 
    "distance": [
        603.4069936618235, 
        570.1754116059373, 
        337.934904974316
    ], 
    "spearman_correlation": [
        0.9303658848436881, 
        0.9369482630423877, 
        0.9311403028682514
    ], 
    "injection_overlap": [
        0.7458430974180548, 
        0.6495117789288852, 
        0.33039232351190245
    ], 
    "image_series_id": 561986735, 
    "source": "VISam", 
    "exclusion_zone_overlap": [
        0.5098298897508673, 
        0.3720265411124906, 
        0.21812199484460512
    ]
}