{
    "match_id": [
        141603190, 
        112952510, 
        180916954
    ], 
    "fraction of match covered by td exclusion zone": [
        0.09738656523930239, 
        0.0765714161837402, 
        0.005898869903622009
    ], 
    "pearson_correlation": [
        0.7964503740140753, 
        0.9222473375231922, 
        0.826595789098476
    ], 
    "dataset": "wt", 
    "fraction of match covered by td injection": [
        0.00564446700317378, 
        0.00914494929741864, 
        7.212385543638544e-05
    ], 
    "distance": [
        648.5368146836385, 
        952.1554494934112, 
        1192.1828718783038
    ], 
    "spearman_correlation": [
        0.6560131360376952, 
        0.8683539160775797, 
        0.5556270632762312
    ], 
    "injection_overlap": [
        0.010386847845679587, 
        0.010115687592458214, 
        0.0014908584407128975
    ], 
    "image_series_id": 569993539, 
    "source": "MOs", 
    "exclusion_zone_overlap": [
        0.07880243888931697, 
        0.1051863210376496, 
        0.0179106184075418
    ]
}