{
    "match_id": [
        126861679, 
        100148503, 
        100141599
    ], 
    "fraction of match covered by td exclusion zone": [
        0.9967638900989674, 
        0.9999565946731414, 
        0.5272950389659175
    ], 
    "pearson_correlation": [
        0.9116292137350929, 
        0.9048924685335177, 
        0.8383367684016453
    ], 
    "dataset": "wt", 
    "fraction of match covered by td injection": [
        0.4511202461806136, 
        0.5234143589219599, 
        0.04133165865555546
    ], 
    "distance": [
        434.2810150121693, 
        378.68192457522974, 
        398.37168574084177
    ], 
    "spearman_correlation": [
        0.9535549612819869, 
        0.9672212864410041, 
        0.9496095910823992
    ], 
    "injection_overlap": [
        0.9895184577583102, 
        0.8744924364436454, 
        0.08351457289356813
    ], 
    "image_series_id": 591168591, 
    "source": "VISam", 
    "exclusion_zone_overlap": [
        0.5554935807968802, 
        0.3551152049624563, 
        0.18413005538131946
    ]
}