{
    "match_id": [
        180709230, 
        180673746, 
        170721670, 
        112306316
    ], 
    "fraction of match covered by td exclusion zone": [
        0.0006691379088264079, 
        0.013234273044850151, 
        0.07378974410584173, 
        0.628998286398969
    ], 
    "pearson_correlation": [
        0.6123911898721923, 
        0.5232824679364089, 
        0.474091826285809, 
        0.7115293802322163
    ], 
    "dataset": "wt", 
    "fraction of match covered by td injection": [
        0, 
        0, 
        0, 
        0.2304499958051157
    ], 
    "distance": [
        1112.6994203287786, 
        1090.0, 
        915.3141537199127, 
        812.403840463596
    ], 
    "spearman_correlation": [
        0.3699217875366383, 
        0.3292924759330174, 
        0.2981981716273396, 
        0.4377504828365576
    ], 
    "injection_overlap": [
        0, 
        0, 
        0, 
        0.610521228925875
    ], 
    "image_series_id": 601804603, 
    "source": "ORBl", 
    "exclusion_zone_overlap": [
        0.0012586751754927418, 
        0.0031493019800811874, 
        0.02904210716922787, 
        0.46218947457898407
    ]
}