{
    "match_id": [
        272830456, 
        272970747, 
        114291646, 
        272875132, 
        156931568, 
        173206592, 
        267494468, 
        272875838
    ], 
    "fraction of match covered by td exclusion zone": [
        0.0361743350943234, 
        0.021818251943839725, 
        0.015395714718148386, 
        0.0931259090162744, 
        0.3584626912681811, 
        0.005926985116843984, 
        0.00018161583770450279, 
        0.35366610714655133
    ], 
    "pearson_correlation": [
        0.5758269191970617, 
        0.17254957339432264, 
        0.4247428089344728, 
        0.654788836441775, 
        0.9750980935558246, 
        0.1372887619934889, 
        -0.028882620418040017, 
        0.8661802007217156
    ], 
    "dataset": "wt", 
    "fraction of match covered by td injection": [
        1.2747771280487851e-05, 
        1.2784503876401432e-05, 
        0.00015760240499850138, 
        0.007867593645115908, 
        0.0685894881114761, 
        7.587944427571575e-09, 
        0, 
        0.060441168680802994
    ], 
    "distance": [
        2932.8825411188905, 
        849.8235110892143, 
        694.4062211702887, 
        464.54278597347735, 
        356.79125549822544, 
        2029.0638235403046, 
        893.2524839036273, 
        885.7200460642177
    ], 
    "spearman_correlation": [
        0.6453885688168228, 
        0.6013951000435624, 
        0.712348152188562, 
        0.6389416921334741, 
        0.8645245693986602, 
        0.39079078646045445, 
        0.09079831980141428, 
        0.6809942615874438
    ], 
    "injection_overlap": [
        0.0013156917911150057, 
        9.682448795762161e-05, 
        0.014010164497681435, 
        0.3788712881758094, 
        0.9666742668343752, 
        7.653810219955051e-07, 
        0, 
        1.0
    ], 
    "image_series_id": 609475139, 
    "source": "MD", 
    "exclusion_zone_overlap": [
        0.07573951703981278, 
        0.03288673734842154, 
        0.07625574790159344, 
        0.3340499346011472, 
        0.734731179311706, 
        0.03050231752635228, 
        0.0011465423659492151, 
        0.9737098167103131
    ]
}