{
    "match_id": [
        180709230, 
        180673746, 
        170721670, 
        112306316
    ], 
    "fraction of match covered by td exclusion zone": [
        0.0005493102946311919, 
        0.11970587852401904, 
        0.2018271118431897, 
        0.5034215541900829
    ], 
    "pearson_correlation": [
        0.59690631651141, 
        0.4387719929789239, 
        0.3676184176720811, 
        0.6802979554880477
    ], 
    "dataset": "wt", 
    "fraction of match covered by td injection": [
        0, 
        0.049837183313296354, 
        0.07268826443021698, 
        0.1476631273853874
    ], 
    "distance": [
        1345.399568901373, 
        908.6803618434813, 
        803.2434251209281, 
        823.04313374209
    ], 
    "spearman_correlation": [
        0.372260292521265, 
        0.3453329435562789, 
        0.2702537531794973, 
        0.3865298047031349
    ], 
    "injection_overlap": [
        0, 
        0.10314434164989662, 
        0.2599765544051168, 
        0.7688268321708263
    ], 
    "image_series_id": 636799953, 
    "source": "ORBl", 
    "exclusion_zone_overlap": [
        0.0031166436435474034, 
        0.08387069200841142, 
        0.2160424645648803, 
        0.719560839710742
    ]
}