{
    "match_id": [
        100141454, 
        141603190, 
        112952510, 
        180916954
    ], 
    "fraction of match covered by td exclusion zone": [
        0.10609462492594465, 
        0.16824443174078818, 
        0.5669736802259117, 
        0.0003676771088903445
    ], 
    "pearson_correlation": [
        0.9029355360547687, 
        0.8639099342999232, 
        0.9410326685630422, 
        0.8766514334939705
    ], 
    "dataset": "wt", 
    "fraction of match covered by td injection": [
        0.0021222520803435836, 
        0.00026188211699986467, 
        0.19442462472666036, 
        0
    ], 
    "distance": [
        499.799959983992, 
        803.4923770640266, 
        582.2370651203855, 
        1609.3166251549135
    ], 
    "spearman_correlation": [
        0.796749951590835, 
        0.7953036399436838, 
        0.8812053667187046, 
        0.7178508162042928
    ], 
    "injection_overlap": [
        0.002577255188854424, 
        0.0006565076664302899, 
        0.6680520638724705, 
        0
    ], 
    "image_series_id": 657424207, 
    "source": "MOs", 
    "exclusion_zone_overlap": [
        0.02364141173048883, 
        0.0782681525884478, 
        0.4740112904422972, 
        0.0010778921672422181
    ]
}