{
    "fraction of match covered by td injection": [
        0.38435058665020944, 
        0
    ], 
    "distance": [
        492.54441424099, 
        1484.3853947004463
    ], 
    "source": "AIv", 
    "spearman_correlation": [
        0.7132825035177587, 
        0.34156502553198664
    ], 
    "pearson_correlation": [
        0.7132825035177588, 
        0.34156502553198664
    ], 
    "absolute_overlap": [
        8356.770559670895, 
        0
    ], 
    "match_A": [
        166153483, 
        166153483
    ], 
    "injection_overlap": [
        0.3462255996773169, 
        0
    ], 
    "match_B": [
        296048512, 
        513773998
    ]
}