{
    "fraction of match covered by td injection": [
        0.906992855519138, 
        0.029014065449112426, 
        0.6958648485139968, 
        0, 
        0.6369069736573516, 
        0
    ], 
    "distance": [
        258.0697580112788, 
        486.7237409455183, 
        385.4867053479277, 
        511.76166327695944, 
        162.48076809271922, 
        609.507998306831
    ], 
    "source": "AUDd", 
    "spearman_correlation": [
        0.7879157870470385, 
        0.7347127260384086, 
        0.8372599567342133, 
        0.5556712842424802, 
        0.7583131898545995, 
        0.7155552189061472
    ], 
    "pearson_correlation": [
        0.7879157870470386, 
        0.7347127260384089, 
        0.8372599567342134, 
        0.5556712842424804, 
        0.7583131898545993, 
        0.7155552189061473
    ], 
    "absolute_overlap": [
        9500.20215065527, 
        463.4489171338895, 
        3709.693717555554, 
        0, 
        2721.295431611133, 
        0
    ], 
    "match_A": [
        158314278, 
        158314278, 
        158314278, 
        139519496, 
        139519496, 
        115958825
    ], 
    "injection_overlap": [
        0.5395509699417586, 
        0.026320946522259046, 
        0.21068697399832595, 
        0, 
        0.38583744667458253, 
        0
    ], 
    "match_B": [
        139519496, 
        115958825, 
        182090318, 
        115958825, 
        182090318, 
        182090318
    ]
}