{
    "fraction of match covered by td injection": [
        0.5837327606739925, 
        0.9296357324259993, 
        0.3152324163739938, 
        0.47163892280344355, 
        0.29440905663667405, 
        0.5474224399012104, 
        0.9989340473378068, 
        0.608867659095756, 
        0.8510373813836128, 
        0.4248982081187996, 
        0.4569294990825444, 
        0.8034054359076872, 
        0.5536433428321069, 
        0.870513587907678, 
        0.39116452260404366, 
        0.524280841964584, 
        0.4759080042693471, 
        0.4311329033500423, 
        0.4594138832061894, 
        0.9848725901197884, 
        0.4321767212368416, 
        0.002481746009776809, 
        0.029026085280591477, 
        7.802506734081595e-05, 
        0.563976035799776, 
        0.7451577590680372, 
        0.24692208808089192
    ], 
    "distance": [
        746.7931440499437, 
        607.5360071633614, 
        415.33119314590374, 
        300.9983388658482, 
        644.5153217728807, 
        434.6262762420146, 
        456.17978911828175, 
        187.88294228055935, 
        258.0697580112788, 
        700.713921654194, 
        702.2107945624305, 
        528.4884104689525, 
        617.73780845922, 
        577.9273310719956, 
        567.097875150313, 
        502.19518117958876, 
        501.2983143797713, 
        287.92360097775935, 
        567.9788728465171, 
        383.40579025361626, 
        420.7136793592526, 
        631.5853069855251, 
        444.6346815083142, 
        489.18299234540035, 
        695.4135460285484, 
        374.16573867739413, 
        345.83232931581165
    ], 
    "source": "AV", 
    "spearman_correlation": [
        0.3501289650336138, 
        0.9200155278192709, 
        0.7121664622536278, 
        0.3501289650336138, 
        0.3837128834468253, 
        0.3741657386773942, 
        0.907218423253029, 
        0.3064829275705857, 
        0.39658071795535427, 
        0.41119596982930745, 
        1.0, 
        0.16826488579419255, 
        0.8255189164891872, 
        0.29893294314575053, 
        0.8365722797585206, 
        0.834655036516502, 
        0.39658071795535427, 
        0.4902726055053452, 
        0.40669502564188875, 
        0.834655036516502, 
        0.34839932033666504, 
        0.101574900036674, 
        0.4336473403905455, 
        0.1283836701642878, 
        0.33945005147821045, 
        0.8716798297797964, 
        0.26020215351784853
    ], 
    "pearson_correlation": [
        0.35012896503361357, 
        0.9200155278192704, 
        0.7121664622536281, 
        0.35012896503361357, 
        0.3837128834468252, 
        0.37416573867739417, 
        0.9072184232530288, 
        0.30648292757058554, 
        0.3965807179553539, 
        0.4111959698293072, 
        1.0, 
        0.16826488579419255, 
        0.8255189164891867, 
        0.29893294314575025, 
        0.8365722797585202, 
        0.8346550365165022, 
        0.3965807179553539, 
        0.4902726055053448, 
        0.4066950256418886, 
        0.8346550365165023, 
        0.3483993203366648, 
        0.10157490003667395, 
        0.43364734039054553, 
        0.12838367016428784, 
        0.33945005147821034, 
        0.871679829779796, 
        0.2602021535178484
    ], 
    "absolute_overlap": [
        4994.674410305188, 
        6268.717762547316, 
        1032.8975845261787, 
        5739.273907538676, 
        186.7309039949132, 
        4877.815057878409, 
        4158.572571756511, 
        6502.513603064141, 
        6083.727114976303, 
        1495.614295374124, 
        5843.849982466816, 
        774.1487666477648, 
        5478.327149352446, 
        3229.9181644317478, 
        4041.2952587007176, 
        1629.838529128827, 
        5308.19608274389, 
        312.7759486652192, 
        3917.1506176551925, 
        3693.5452740228125, 
        4114.000528629671, 
        19.49950658282488, 
        40.77515263393525, 
        0.20186021737390547, 
        1428.8557604850157, 
        5768.586164133723, 
        1858.3542195623654
    ], 
    "match_A": [
        114427219, 
        114427219, 
        114427219, 
        114427219, 
        114427219, 
        114427219, 
        114427219, 
        114427219, 
        100142569, 
        100142569, 
        100142569, 
        100142569, 
        100142569, 
        100142569, 
        100142569, 
        292478008, 
        292478008, 
        292478008, 
        292478008, 
        292478008, 
        292478008, 
        309702727, 
        309702727, 
        309702727, 
        292321278, 
        292321278, 
        286553311
    ], 
    "injection_overlap": [
        0.5020093106269513, 
        0.6300620268657343, 
        0.10381541653373696, 
        0.5768481989292857, 
        0.018768120739527046, 
        0.4902639037930162, 
        0.41797362118986925, 
        0.6535605933555024, 
        0.6455112876605361, 
        0.1586915210700105, 
        0.6200592261593985, 
        0.08214072685302569, 
        0.5812755808357697, 
        0.34270909821513484, 
        0.42879992099554926, 
        0.27569487949377813, 
        0.8979064203026625, 
        0.05290752791437649, 
        0.662604514614506, 
        0.6247806153968056, 
        0.695902606121447, 
        0.06030437141699383, 
        0.12610164973031968, 
        0.0006242749513237994, 
        0.21183981154178205, 
        0.8552411234691835, 
        0.7414008266338331
    ], 
    "match_B": [
        100142569, 
        292478008, 
        182805965, 
        267609756, 
        309702727, 
        292321278, 
        286553311, 
        479267539, 
        292478008, 
        182805965, 
        267609756, 
        309702727, 
        292321278, 
        286553311, 
        479267539, 
        182805965, 
        267609756, 
        309702727, 
        292321278, 
        286553311, 
        479267539, 
        292321278, 
        286553311, 
        479267539, 
        286553311, 
        479267539, 
        479267539
    ]
}