{
    "fraction of match covered by td injection": [
        0.010870778428925539, 
        0.6300609586281206, 
        0.08378493063896293, 
        0.001826665799143517, 
        0.4133350538724307, 
        0.1280253213743112
    ], 
    "distance": [
        718.6097689288673, 
        678.0855403265874, 
        544.1507144165116, 
        886.9047299456689, 
        213.7755832643195, 
        688.4039511798287
    ], 
    "source": "ILA", 
    "spearman_correlation": [
        0.5049308695495761, 
        0.7134713546643761, 
        0.44975417986563265, 
        0.7139705758645177, 
        0.8920276208411804, 
        0.7665403271696106
    ], 
    "pearson_correlation": [
        0.5049308695495761, 
        0.713471354664376, 
        0.4497541798656326, 
        0.7139705758645175, 
        0.89202762084118, 
        0.7665403271696103
    ], 
    "absolute_overlap": [
        58.26799424644753, 
        6476.898047275026, 
        1779.0052370307394, 
        8.697451804977657, 
        7089.033206066093, 
        3205.099281814975
    ], 
    "match_A": [
        157556400, 
        157556400, 
        157556400, 
        157711748, 
        157711748, 
        286313491
    ], 
    "injection_overlap": [
        0.007840176210387167, 
        0.8714908183139444, 
        0.23937179780944576, 
        0.0010884936479865128, 
        0.8871986632627541, 
        0.26918394543034313
    ], 
    "match_B": [
        157711748, 
        286313491, 
        263106036, 
        286313491, 
        263106036, 
        263106036
    ]
}