{
    "fraction of match covered by td injection": [
        0.384101476963838, 
        0.46104827819841016, 
        0.5808752654401901, 
        0.22527451302864743, 
        0.6231533154249917, 
        0.2257615738883016, 
        0.3629127572843597
    ], 
    "distance": [
        896.6604708583958, 
        1526.7612779999367, 
        313.6877428271624, 
        658.7867636800241, 
        1560.7049689162907, 
        1869.4919095839919, 
        418.09089920733743
    ], 
    "source": "ORBm", 
    "spearman_correlation": [
        0.7412535547811562, 
        0.8814660530291454, 
        0.5337955038312493, 
        0.5337955038312493, 
        0.5740135237289525, 
        0.5740135237289525, 
        0.7840552416823605
    ], 
    "pearson_correlation": [
        0.7412535547811562, 
        0.881466053029145, 
        0.5337955038312491, 
        0.5337955038312491, 
        0.5740135237289523, 
        0.5740135237289523, 
        0.7840552416823598
    ], 
    "absolute_overlap": [
        9257.661426938752, 
        7291.037010038926, 
        8712.391092659953, 
        7382.595212453362, 
        7342.5455116953235, 
        6937.074084097931, 
        9664.591044201477
    ], 
    "match_A": [
        126860974, 
        126860974, 
        126860974, 
        126860974, 
        496554237, 
        496554237, 
        478582494
    ], 
    "injection_overlap": [
        0.5635578335130641, 
        0.443840061971224, 
        0.5303646377270397, 
        0.4494136447383454, 
        0.44086527847805457, 
        0.4165197332501918, 
        0.8362360036757027
    ], 
    "match_B": [
        478376197, 
        496554237, 
        478582494, 
        167902586, 
        478582494, 
        167902586, 
        167902586
    ]
}