{
    "fraction of match covered by td injection": [
        0, 
        0, 
        0, 
        0.8290247421926481, 
        0, 
        0, 
        0, 
        0, 
        0, 
        0, 
        0, 
        0, 
        0.40691370937420773, 
        0, 
        0.0013086030997103326, 
        0, 
        0, 
        0, 
        0, 
        0.002884917743446628, 
        0, 
        0.09753065594248603, 
        0.2068025832335557, 
        0.035789922036937795, 
        0.19159319012309417, 
        0, 
        0.33241870422848135, 
        0, 
        0.27740421558296435, 
        0, 
        0, 
        0, 
        0, 
        0, 
        0, 
        0, 
        0, 
        0, 
        0, 
        0.4933524850866053, 
        0, 
        0.006817707486616988, 
        0, 
        0.2665963792971756, 
        0, 
        0.3591173973724055, 
        0, 
        0.04167447084741023, 
        0, 
        0, 
        0, 
        0, 
        0, 
        0, 
        0, 
        0, 
        0.7955005232237188, 
        0, 
        0, 
        0, 
        0, 
        0
    ], 
    "distance": [
        2735.196519447917, 
        792.3383115816122, 
        2030.0985197768111, 
        558.8380803059147, 
        1993.2134858062745, 
        1697.4687036879354, 
        1884.9137911321038, 
        2117.8054679313677, 
        2120.3773249117717, 
        2454.9949083450256, 
        884.3641783790205, 
        2665.089116708858, 
        348.85527085024813, 
        2454.9949083450256, 
        538.2378656319156, 
        3475.5431230240833, 
        2356.289455903073, 
        816.9455306200041, 
        2724.5917125323567, 
        763.544366752843, 
        1120.4909638189858, 
        899.4442728707544, 
        631.6644678941502, 
        872.066511224918, 
        606.3827174318212, 
        2279.254264008296, 
        440.6812907306141, 
        2394.3683927081897, 
        606.3827174318212, 
        2406.4496670406384, 
        2482.6800035445567, 
        1561.121391820636, 
        1153.819743287486, 
        1596.5274817553252, 
        1249.2397688194208, 
        1463.318147225681, 
        1768.643548033351, 
        1712.0163550620655, 
        2018.7619968683778, 
        103.440804327886, 
        2273.4335266288304, 
        670.5967491719596, 
        2018.7619968683778, 
        541.2023651093923, 
        3388.303410263018, 
        222.93496809607953, 
        540.8326913195984, 
        541.6641025580336, 
        800.6247560499238, 
        1173.925040196349, 
        1034.6496991735899, 
        1362.827942184926, 
        800.6247560499238, 
        1382.6423977297961, 
        2810.658285882508, 
        2317.6280978621226, 
        291.37604568666933, 
        2393.616510638243, 
        2895.5310393777513, 
        2178.8758569500924, 
        2965.0632370996746, 
        3071.9863280945765
    ], 
    "source": "RSPagl", 
    "spearman_correlation": [
        0.5287191118698867, 
        0.6420021655631959, 
        0.6468085234487735, 
        0.8280534491322906, 
        0.485629545210295, 
        0.5946582875098193, 
        0.6258814558953201, 
        0.5094409009582541, 
        0.545055959125791, 
        0.42879120182703123, 
        0.7913402688690019, 
        0.4738169346511256, 
        0.6811673213444623, 
        0.40613653583666826, 
        0.6420021655631959, 
        0.374773942834386, 
        0.4126928626555436, 
        0.5356519813088542, 
        0.4040637687716083, 
        0.6927531126099067, 
        0.642821605272171, 
        0.6400145441139914, 
        0.810952803305614, 
        0.8005607854183665, 
        0.7546269457712897, 
        0.5991712703227051, 
        0.7370893118169407, 
        0.43786907096559197, 
        0.7198661562493164, 
        0.4126928626555436, 
        0.4619931228813226, 
        0.492051854817471, 
        0.6724181573519967, 
        0.3842418923703637, 
        0.5504396676553438, 
        0.5193556293430059, 
        0.479307606303008, 
        0.34992710611188255, 
        0.31142915448736336, 
        0.688772781834605, 
        0.3041914981265379, 
        0.8240010603141236, 
        0.29708362475137334, 
        0.8759018759018757, 
        0.2225379346063662, 
        0.8089624259871485, 
        0.7465825382108109, 
        0.545055959125791, 
        0.48509050466233605, 
        0.7913402688690019, 
        0.4738169346511256, 
        0.5937339039778597, 
        0.46274551814129306, 
        0.6420021655631959, 
        0.24813127452885672, 
        0.3227486121839514, 
        0.882049676262675, 
        0.30419149812653795, 
        0.32600875246251343, 
        0.2970836247513733, 
        0.25974607940137956, 
        0.2225379346063662
    ], 
    "pearson_correlation": [
        0.528719111869887, 
        0.6420021655631964, 
        0.6468085234487736, 
        0.8280534491322904, 
        0.48562954521029494, 
        0.5946582875098194, 
        0.6258814558953201, 
        0.5094409009582542, 
        0.5450559591257907, 
        0.42879120182703107, 
        0.7913402688690017, 
        0.4738169346511257, 
        0.6811673213444621, 
        0.40613653583666826, 
        0.6420021655631964, 
        0.3747739428343859, 
        0.4126928626555439, 
        0.535651981308854, 
        0.4040637687716085, 
        0.6927531126099065, 
        0.6428216052721711, 
        0.6400145441139915, 
        0.8109528033056138, 
        0.8005607854183661, 
        0.7546269457712895, 
        0.5991712703227048, 
        0.7370893118169408, 
        0.43786907096559174, 
        0.7198661562493164, 
        0.41269286265554384, 
        0.4619931228813225, 
        0.49205185481747105, 
        0.6724181573519971, 
        0.38424189237036366, 
        0.5504396676553441, 
        0.519355629343006, 
        0.47930760630300834, 
        0.34992710611188255, 
        0.3114291544873633, 
        0.688772781834605, 
        0.30419149812653806, 
        0.8240010603141242, 
        0.2970836247513734, 
        0.8759018759018765, 
        0.22253793460636626, 
        0.8089624259871484, 
        0.7465825382108111, 
        0.5450559591257906, 
        0.48509050466233583, 
        0.7913402688690018, 
        0.47381693465112557, 
        0.5937339039778595, 
        0.462745518141293, 
        0.6420021655631963, 
        0.2481312745288566, 
        0.32274861218395134, 
        0.8820496762626748, 
        0.30419149812653806, 
        0.32600875246251343, 
        0.29708362475137345, 
        0.2597460794013795, 
        0.22253793460636626
    ], 
    "absolute_overlap": [
        0, 
        0, 
        0, 
        6969.346513685394, 
        0, 
        0, 
        0, 
        0, 
        0, 
        0, 
        0, 
        0, 
        1758.8596112675746, 
        0, 
        23.40213474741904, 
        0, 
        0, 
        0, 
        0, 
        44.01871877121539, 
        0, 
        1885.0804852698802, 
        1768.7586458589797, 
        909.3487215764479, 
        2041.6227012948511, 
        0, 
        1982.7312218888442, 
        0, 
        1823.016155571022, 
        0, 
        0, 
        0, 
        0, 
        0, 
        0, 
        0, 
        0, 
        0, 
        0, 
        3235.005932714983, 
        0, 
        17.003871069978004, 
        0, 
        1075.2644904504898, 
        0, 
        6336.771542857302, 
        0, 
        997.8072840423184, 
        0, 
        0, 
        0, 
        0, 
        0, 
        0, 
        0, 
        0, 
        6550.380977610527, 
        0, 
        0, 
        0, 
        0, 
        0
    ],