{
    "fraction of match covered by td injection": [
        0.10402044923888173, 
        0.019776461434300452, 
        0.06501364534147466, 
        0.48061461734171457, 
        0.017055637132829, 
        0, 
        0, 
        0.8081136809194488, 
        0.0610958996597871, 
        0.04666204036181501, 
        0.006742308786594283, 
        6.748186503513913e-05, 
        0.09643770247704599, 
        0.050334115969541376, 
        0, 
        0, 
        0.128688515459192, 
        0, 
        0, 
        0, 
        0, 
        0.13889871453488298
    ], 
    "distance": [
        286.0069929215018, 
        1055.7461816175326, 
        785.175139698144, 
        381.96858509568557, 
        461.8441295502196, 
        1328.834075421006, 
        1465.6397920362288, 
        286.53097563788805, 
        723.6711960552251, 
        1502.6975743641833, 
        532.3532661682466, 
        652.4568951279464, 
        470.1063709417263, 
        1241.1285187280164, 
        678.8961628997471, 
        813.2650244538984, 
        811.7881497040961, 
        1099.136024339117, 
        1239.9193522161029, 
        1751.5992692394, 
        1886.4251906714987, 
        142.47806848775008
    ], 
    "source": "SSp-m", 
    "spearman_correlation": [
        0.8972492664344703, 
        0.9346279536610841, 
        0.8515068635183898, 
        0.8570693678078616, 
        0.5920810796754377, 
        0.7316531960478183, 
        0.6429623923939805, 
        0.9110650501976791, 
        0.8010409893798609, 
        0.5448422133209005, 
        0.8045454545454545, 
        0.6943507873352027, 
        0.7298004491997616, 
        0.4837995670520797, 
        0.7245136351572019, 
        0.7152788127344198, 
        0.627347666186238, 
        0.5773737001374323, 
        0.5363774554866622, 
        0.3997758655017134, 
        0.435104464895769, 
        0.5788494958248982
    ], 
    "pearson_correlation": [
        0.8972492664344704, 
        0.9346279536610842, 
        0.8515068635183892, 
        0.8570693678078619, 
        0.5920810796754378, 
        0.7316531960478182, 
        0.6429623923939807, 
        0.9110650501976791, 
        0.8010409893798607, 
        0.5448422133209004, 
        0.8045454545454546, 
        0.6943507873352026, 
        0.7298004491997612, 
        0.48379956705207955, 
        0.724513635157202, 
        0.7152788127344196, 
        0.6273476661862379, 
        0.577373700137432, 
        0.536377455486662, 
        0.3997758655017133, 
        0.4351044648957689, 
        0.5788494958248981
    ], 
    "absolute_overlap": [
        5148.04433031322, 
        198.782361943237, 
        420.4986618151894, 
        4913.420636963367, 
        728.4959450552342, 
        0, 
        0, 
        9598.33573504758, 
        1710.2555340857598, 
        905.0611599854055, 
        4.588234221731, 
        1.0019851815886796, 
        2522.5452677364856, 
        907.4609475849306, 
        0, 
        0, 
        2784.1932631663035, 
        0, 
        0, 
        0, 
        0, 
        717.1408058970663
    ], 
    "match_A": [
        157654817, 
        157654817, 
        157654817, 
        157654817, 
        157654817, 
        157654817, 
        157654817, 
        114290938, 
        114290938, 
        114290938, 
        114290938, 
        114290938, 
        112936582, 
        112936582, 
        112936582, 
        112936582, 
        100149969, 
        100149969, 
        100149969, 
        272928602, 
        272928602, 
        303785454
    ], 
    "injection_overlap": [
        0.6352220102301681, 
        0.024527941767782183, 
        0.051885723610520774, 
        0.6062715730205002, 
        0.0898897967792668, 
        0, 
        0, 
        0.4467076051880931, 
        0.0795954814438824, 
        0.042121646344332, 
        0.000213536927422486, 
        4.663250101442892e-05, 
        0.24364263739042766, 
        0.08764805192051192, 
        0, 
        0, 
        0.24250544811441468, 
        0, 
        0, 
        0, 
        0, 
        0.862224953617819
    ], 
    "match_B": [
        180717881, 
        114290938, 
        112936582, 
        100149969, 
        272928602, 
        303785454, 
        249327301, 
        112936582, 
        100149969, 
        272928602, 
        303785454, 
        249327301, 
        100149969, 
        272928602, 
        303785454, 
        249327301, 
        272928602, 
        303785454, 
        249327301, 
        303785454, 
        249327301, 
        249327301
    ]
}