{
    "fraction of match covered by td injection": [
        0.17484431865045913
    ], 
    "distance": [
        821.7663901620704
    ], 
    "source": "SSp-un", 
    "spearman_correlation": [
        0.5891470675332751
    ], 
    "pearson_correlation": [
        0.5891470675332748
    ], 
    "absolute_overlap": [
        2695.803486165654
    ], 
    "match_A": [
        100142655
    ], 
    "injection_overlap": [
        0.2639464830761771
    ], 
    "match_B": [
        266249483
    ]
}