{
    "fraction of match covered by td injection": [
        0, 
        0.01042799951053326, 
        0.1425931883582613, 
        0, 
        0, 
        0, 
        0.02509283650918455, 
        0, 
        0, 
        0, 
        0, 
        0, 
        0, 
        0, 
        0, 
        0.9167198809490292, 
        0, 
        0.26266206084626864, 
        0.27278959053259816, 
        0, 
        0, 
        0, 
        0, 
        0, 
        0.03387409365774039, 
        0, 
        0, 
        0, 
        0, 
        0.1894281027765253, 
        0, 
        0, 
        0, 
        0, 
        0.30755454645653724, 
        0.3272448629494553, 
        0, 
        0, 
        0, 
        0, 
        0.08897685619744436, 
        0.004453991906853838, 
        0, 
        0.27010157094542925, 
        0.2618199957362135, 
        0, 
        0, 
        0.8343892485702635, 
        0, 
        0, 
        0, 
        0, 
        0.4522116534849964
    ], 
    "distance": [
        3262.9587800032045, 
        1123.4767465328332, 
        1009.0589675534329, 
        1376.6989503882103, 
        2029.5319657497391, 
        3450.6521122825466, 
        679.7793759742935, 
        3382.4990761269987, 
        3463.6108326427207, 
        1720.3197377231943, 
        1337.0115930686616, 
        2921.1470349847164, 
        2526.519344869538, 
        2017.7214872226543, 
        1260.674422680178, 
        233.45235059857504, 
        3457.687088213738, 
        454.53272709454046, 
        530.9425580983313, 
        1716.1002301730514, 
        2066.131651178114, 
        999.2497185388645, 
        1391.6896205691842, 
        2741.4594653213458, 
        995.8413528268446, 
        2750.218173163722, 
        2810.942902301646, 
        1209.3386622447824, 
        850.0588214941364, 
        764.525996941896, 
        2190.0, 
        1777.3013250431115, 
        2132.7447104611465, 
        2278.48633965622, 
        1018.1355508968342, 
        924.1753080449618, 
        1442.9137188342206, 
        2302.3683458560668, 
        1412.267680009707, 
        1542.0116731075677, 
        823.2253640407346, 
        1021.8610473053565, 
        3665.6922947787093, 
        322.64531609803356, 
        428.25226210727715, 
        1893.4888433788037, 
        2256.7675999092153, 
        313.2091952673165, 
        1812.567240132073, 
        2196.0191255997747, 
        1818.8182976867151, 
        2216.07761596926, 
        417.0131892398609
    ], 
    "source": "SSs", 
    "spearman_correlation": [
        -0.04864457918814486, 
        0.7924481337606855, 
        0.4794720625624354, 
        0.5218821698374052, 
        0.4122954604405383, 
        0.06425191811047022, 
        0.7686678944627217, 
        -0.05214561565169662, 
        0.012847470522881774, 
        0.6129203542083321, 
        0.5347997689417114, 
        -0.13518876528827128, 
        0.03412531939315586, 
        0.190446308391868, 
        0.26035414492130105, 
        0.7602994855719212, 
        -0.030080929611944855, 
        0.8492916438399098, 
        0.8492916438399098, 
        0.06444669009268186, 
        0.02015557438623459, 
        0.5439197475398856, 
        0.5202806882564367, 
        0.0021066828752661715, 
        0.6505848125655186, 
        0.059378470310583534, 
        0.17161030430421395, 
        0.5029750335809149, 
        0.5595995658925177, 
        0.7900163758593072, 
        0.1704186085005386, 
        0.4944129723981156, 
        0.2004330129598243, 
        0.29566637823355296, 
        0.6807775778600041, 
        0.7313157614360923, 
        0.10957184586890627, 
        0.4849514054136231, 
        0.2783645651755405, 
        0.3715137971019859, 
        0.5378254348272377, 
        0.7230985058171651, 
        -0.02121490561536574, 
        0.6457159999120147, 
        0.6457159999120147, 
        0.1613693330012923, 
        -0.01857200967314111, 
        0.8601626016260164, 
        0.1396919380730973, 
        0.08294556665204522, 
        0.1947997668542274, 
        0.17869481137789608, 
        0.6976281474679599
    ], 
    "pearson_correlation": [
        -0.04864457918814486, 
        0.7924481337606856, 
        0.4794720625624352, 
        0.5218821698374052, 
        0.4122954604405384, 
        0.06425191811047021, 
        0.7686678944627212, 
        -0.052145615651696585, 
        0.012847470522881781, 
        0.6129203542083319, 
        0.5347997689417114, 
        -0.1351887652882713, 
        0.03412531939315585, 
        0.190446308391868, 
        0.26035414492130105, 
        0.7602994855719207, 
        -0.03008092961194487, 
        0.8492916438399097, 
        0.8492916438399097, 
        0.06444669009268193, 
        0.020155574386234564, 
        0.5439197475398856, 
        0.5202806882564368, 
        0.002106682875266161, 
        0.6505848125655185, 
        0.059378470310583464, 
        0.17161030430421384, 
        0.5029750335809152, 
        0.5595995658925178, 
        0.7900163758593073, 
        0.1704186085005386, 
        0.4944129723981153, 
        0.20043301295982424, 
        0.2956663782335529, 
        0.6807775778600044, 
        0.7313157614360924, 
        0.10957184586890621, 
        0.484951405413623, 
        0.2783645651755405, 
        0.37151379710198595, 
        0.5378254348272378, 
        0.7230985058171652, 
        -0.021214905615365723, 
        0.6457159999120147, 
        0.6457159999120147, 
        0.1613693330012923, 
        -0.01857200967314113, 
        0.8601626016260161, 
        0.1396919380730972, 
        0.08294556665204524, 
        0.19479976685422734, 
        0.17869481137789603, 
        0.6976281474679598
    ], 
    "absolute_overlap": [
        0, 
        837.7091197226277, 
        4753.856375463925, 
        0, 
        0, 
        0, 
        995.4267402180194, 
        0, 
        0, 
        0, 
        0, 
        0, 
        0, 
        0, 
        0, 
        9394.47137190306, 
        0, 
        2930.4189647556504, 
        2682.7731784866555, 
        0, 
        0, 
        0, 
        0, 
        0, 
        1577.5254989660214, 
        0, 
        0, 
        0, 
        0, 
        3846.1605309571037, 
        0, 
        0, 
        0, 
        0, 
        6000.904353743691, 
        7014.292299680874, 
        0, 
        0, 
        0, 
        0, 
        1645.6941312964645, 
        101.1042595417166, 
        0, 
        2856.6608029959993, 
        2604.705923236202, 
        0, 
        0, 
        7556.650842223862, 
        0, 
        0, 
        0, 
        0, 
        7899.49467716359
    ], 
    "match_A": [
        174360333, 
        174360333, 
        174360333, 
        174360333, 
        174360333, 
        174360333, 
        174360333, 
        174360333, 
        174360333, 
        174360333, 
        174360333, 
        112882565, 
        112882565, 
        112882565, 
        112882565, 
        112882565, 
        112882565, 
        112882565, 
        112882565, 
        112882565, 
        112882565, 
        180982124, 
        180982124, 
        180982124, 
        180982124, 
        180982124, 
        180982124, 
        180982124, 
        180982124, 
        117298988, 
        117298988, 
        117298988, 
        117298988, 
        117298988, 
        117298988, 
        117298988, 
        112514915, 
        112514915, 
        112514915, 
        112514915, 
        112514915, 
        112514915, 
        100141473, 
        100141473, 
        100141473, 
        100141473, 
        100141473, 
        120916102, 
        120916102, 
        120916102, 
        298179622, 
        298179622, 
        286314623
    ],