{
    "fraction of match covered by td injection": [
        0.014414126897992244, 
        0, 
        0, 
        0, 
        0, 
        0.0015885024220110382, 
        0.010651932187430095, 
        0.3052519192568335
    ], 
    "distance": [
        886.5100112237876, 
        2614.517163837331, 
        2794.8881909657853, 
        2417.5607541486934, 
        2654.919961128772, 
        764.8529270389178, 
        653.7583651472461, 
        246.9817807045694
    ], 
    "source": "TEa", 
    "spearman_correlation": [
        0.30268602368173814, 
        0.05482198313375873, 
        0.10612012400863842, 
        0.17258303398935015, 
        0.17021370228158056, 
        0.4448054560426036, 
        0.6764207695029285, 
        0.5051543788678158
    ], 
    "pearson_correlation": [
        0.30268602368173825, 
        0.05482198313375872, 
        0.10612012400863846, 
        0.17258303398935018, 
        0.17021370228158064, 
        0.44480545604260363, 
        0.6764207695029285, 
        0.5051543788678158
    ], 
    "absolute_overlap": [
        550.1352477852663, 
        0, 
        0, 
        0, 
        0, 
        70.75077926837183, 
        455.08072872625723, 
        3366.685739087854
    ], 
    "match_A": [
        180403712, 
        180403712, 
        180403712, 
        180403712, 
        180403712, 
        298178204, 
        298178204, 
        642809043
    ], 
    "injection_overlap": [
        0.19853048211783078, 
        0, 
        0, 
        0, 
        0, 
        0.006718162737664188, 
        0.04321233526998809, 
        0.7931835561742988
    ], 
    "match_B": [
        180435652, 
        579203888, 
        298178204, 
        642809043, 
        554421791, 
        642809043, 
        554421791, 
        554421791
    ]
}