{
    "match_id": [
        569932566, 
        623286726, 
        607052300, 
        528511254
    ], 
    "fraction of match covered by td exclusion zone": [
        0.8400668747115636, 
        0.926243649087981, 
        0.0032238260193850382, 
        0.6650021990032888
    ], 
    "pearson_correlation": [
        0.9429700290087201, 
        0.8912687362145019, 
        0.758800204501332, 
        0.944408205021183
    ], 
    "fraction of match covered by td injection": [
        0.6343467373922675, 
        0.7215447998694295, 
        4.708851125944367e-08, 
        0.4876832383077357
    ], 
    "distance": [
        200.7073185836897, 
        106.2961689345693, 
        830.617272581243, 
        303.2169158562684
    ], 
    "dice_coefficient": [
        0.7494684254338652, 
        1.0301930965152637, 
        1.592211054565837e-08, 
        0.6068862547819804
    ], 
    "spearman_correlation": [
        0.8960145212219655, 
        0.9150041243201844, 
        0.5655485189157838, 
        0.9003663323115879
    ], 
    "injection_overlap": [
        0.68851477058691, 
        0.825473727761289, 
        8.625808271707228e-09, 
        0.5450684704436857
    ], 
    "image_series_id": 475733382, 
    "source": "ACAv", 
    "exclusion_zone_overlap": [
        0.2638708366556556, 
        0.30139621550772594, 
        0.0004048743148244308, 
        0.2200137847960132
    ]
}