{
    "match_id": [
        475830603, 
        521255975, 
        524063357, 
        525412369, 
        531443949, 
        555012592, 
        561307215, 
        561511939, 
        561512675, 
        561910766, 
        569904687, 
        570071403, 
        571647261, 
        592522663, 
        592724077, 
        605496542, 
        616674416, 
        623838656, 
        664716091, 
        666090944, 
        868641659
    ], 
    "fraction of match covered by td exclusion zone": [
        0.3064072226742507, 
        0, 
        0.7914813266701518, 
        0, 
        0, 
        0, 
        0, 
        0, 
        0.7533113221328612, 
        0.8338120533661486, 
        0, 
        0, 
        0, 
        0, 
        0, 
        0.7012044115957307, 
        0.8959301424886823, 
        0, 
        0, 
        0, 
        0
    ], 
    "pearson_correlation": [
        0.9781180479125925, 
        0.7822240509705188, 
        0.962403971155559, 
        0.8008369007356959, 
        0.34522949545689846, 
        0.9403627681411095, 
        0.3133191950482601, 
        0.8363610005232603, 
        0.8671716760344605, 
        0.9361579477638374, 
        0.5079506915225345, 
        0.9061850782263287, 
        0.919184317248689, 
        0.7411081866057879, 
        0.8152452420262964, 
        0.9474725225002664, 
        0.9151585962448789, 
        0.6550698199966168, 
        0.6832311904712254, 
        0.5990931153056656, 
        0.8202366894470975
    ], 
    "fraction of match covered by td injection": [
        0.11726637176859515, 
        0, 
        0.4504868968877028, 
        0, 
        0, 
        0, 
        0, 
        0, 
        0.47000809823248474, 
        0.581196243174319, 
        0, 
        0, 
        0, 
        0, 
        0, 
        0.35145590782867264, 
        0.6432115307424466, 
        0, 
        0, 
        0, 
        0
    ], 
    "distance": [
        397.27271582967774, 
        1525.6438289171895, 
        157.5969931093562, 
        723.7874617580189, 
        2120.26409384273, 
        1109.9673926032685, 
        1728.320117285142, 
        1216.3763496409122, 
        196.0645685316707, 
        109.59906280631971, 
        1607.8391159715602, 
        1154.598327093834, 
        1119.612970171474, 
        1548.6547091408017, 
        1444.3631308480903, 
        64.16353852399729, 
        181.2605700965354, 
        1532.1389361939391, 
        1656.7846244280345, 
        1715.0798702364873, 
        1565.163790115851
    ], 
    "dice_coefficient": [
        0.19704454463399784, 
        0.0, 
        0.6460402157427868, 
        0.0, 
        0.0, 
        0.0, 
        0.0, 
        0.0, 
        0.450593035539279, 
        0.8957792249569921, 
        0.0, 
        0.0, 
        0.0, 
        0.0, 
        0.0, 
        0.6472408557778283, 
        0.8190487535333935, 
        0.0, 
        0.0, 
        0.0, 
        0.0
    ], 
    "spearman_correlation": [
        0.8514569918971835, 
        0.45159785335514124, 
        0.7900371903649277, 
        0.7204718231006978, 
        0.2667226907234009, 
        0.6262738806510201, 
        0.4066928635508242, 
        0.5801459036633803, 
        0.7636611907574505, 
        0.7835134973316515, 
        0.28684574967227594, 
        0.6710883092286045, 
        0.5859186902832657, 
        0.4999569633327595, 
        0.524767749148915, 
        0.8402310364074858, 
        0.7300010729229854, 
        0.42776725770356333, 
        0.38828841911428524, 
        0.42402473712571165, 
        0.3210284689422776
    ], 
    "injection_overlap": [
        0.13825429400292819, 
        0, 
        0.828902027043731, 
        0, 
        0, 
        0, 
        0, 
        0, 
        0.4007343893263669, 
        0.6376362289035536, 
        0, 
        0, 
        0, 
        0, 
        0, 
        0.9283817952064993, 
        0.5689759184136212, 
        0, 
        0, 
        0, 
        0
    ], 
    "image_series_id": 475828414, 
    "source": "RSPv", 
    "exclusion_zone_overlap": [
        0.10057278102440605, 
        0, 
        0.27383418071929577, 
        0, 
        0, 
        0, 
        0, 
        0, 
        0.12070311013753289, 
        0.16589347136170507, 
        0, 
        0, 
        0, 
        0, 
        0, 
        0.45143133648831374, 
        0.17098268525643917, 
        0, 
        0, 
        0, 
        0
    ]
}