{
    "match_id": [
        475828414, 
        521255975, 
        524063357, 
        525412369, 
        531443949, 
        555012592, 
        561307215, 
        561511939, 
        561512675, 
        561910766, 
        569904687, 
        570071403, 
        571647261, 
        592522663, 
        592724077, 
        605496542, 
        616674416, 
        623838656, 
        664716091, 
        666090944, 
        868641659
    ], 
    "fraction of match covered by td exclusion zone": [
        0.4209574934638388, 
        0, 
        0.4393352837705382, 
        0.547934161345725, 
        0, 
        0, 
        0, 
        0, 
        0.19077375709069447, 
        0.40346222355433076, 
        0, 
        0, 
        0, 
        0, 
        0, 
        0.33426876556659946, 
        0.8993038385755767, 
        0, 
        0, 
        0, 
        0
    ], 
    "pearson_correlation": [
        0.9781180479125925, 
        0.7893929979208647, 
        0.9703549526514705, 
        0.8315235953406738, 
        0.4452767276428448, 
        0.955318236869264, 
        0.3848857084437746, 
        0.8408489825348824, 
        0.9040889388354565, 
        0.9416185720596408, 
        0.5624413468523205, 
        0.9442893623466032, 
        0.9569268077758999, 
        0.7386457969932584, 
        0.8399087839060733, 
        0.9516020945810744, 
        0.9452282549046753, 
        0.6391691988968083, 
        0.7671393350956213, 
        0.6861763914453274, 
        0.8527736917614183
    ], 
    "fraction of match covered by td injection": [
        0.13825429400292819, 
        0, 
        0.16870964897943805, 
        0.13837352057208643, 
        0, 
        0, 
        0, 
        0, 
        0.05188394985293873, 
        0.16537239191752637, 
        0, 
        0, 
        0, 
        0, 
        0, 
        0.15386484244469573, 
        0.5733910584222555, 
        0, 
        0, 
        0, 
        0
    ], 
    "distance": [
        397.27271582967774, 
        1311.591591449751, 
        347.65869574657364, 
        347.07312427720524, 
        1810.0596046373757, 
        713.4222343787684, 
        1368.6461906335358, 
        1031.605886076154, 
        541.1763929418752, 
        401.08732797815156, 
        1320.7059391389585, 
        768.6370317312596, 
        725.7359432116161, 
        1325.4273331138902, 
        1191.309266672844, 
        428.50501577454, 
        236.7149743569892, 
        1352.0255729033108, 
        1366.598404786491, 
        1410.7210294300417, 
        1323.5145394659946
    ], 
    "dice_coefficient": [
        0.19704454463399784, 
        0.0, 
        0.19933181627790142, 
        0.03612524081272228, 
        0.0, 
        0.0, 
        0.0, 
        0.0, 
        0.026227727308366814, 
        0.1867863749093724, 
        0.0, 
        0.0, 
        0.0, 
        0.0, 
        0.0, 
        0.25563051164067435, 
        0.3637418451454719, 
        0.0, 
        0.0, 
        0.0, 
        0.0
    ], 
    "spearman_correlation": [
        0.8514569918971835, 
        0.590853724981811, 
        0.7520679770679771, 
        0.8046541268436457, 
        0.41937180466648843, 
        0.7863021232519134, 
        0.5601463632060406, 
        0.6511511368146231, 
        0.7796695233154008, 
        0.6990163286818576, 
        0.4297680323509884, 
        0.8222561489651239, 
        0.7491996829035455, 
        0.46690501427676545, 
        0.5852291041010271, 
        0.8206445061443836, 
        0.6898105820088226, 
        0.4544764926156457, 
        0.5328520654775848, 
        0.5772113022113021, 
        0.3073017925961584
    ], 
    "injection_overlap": [
        0.11726637176859515, 
        0, 
        0.14771766826606683, 
        0.01969395105140643, 
        0, 
        0, 
        0, 
        0, 
        0.015410862522799164, 
        0.10092064661235588, 
        0, 
        0, 
        0, 
        0, 
        0, 
        0.410531047478011, 
        0.242508012200424, 
        0, 
        0, 
        0, 
        0
    ], 
    "image_series_id": 475830603, 
    "source": "RSPv", 
    "exclusion_zone_overlap": [
        0.07169366988204859, 
        0, 
        0.10095710799014383, 
        0.0437872775958944, 
        0, 
        0, 
        0, 
        0, 
        0.018236403100686804, 
        0.04477451291254894, 
        0, 
        0, 
        0, 
        0, 
        0, 
        0.19991251676090874, 
        0.10393027930054119, 
        0, 
        0, 
        0, 
        0
    ]
}