{
    "match_id": [
        560045081, 
        561986735, 
        591168591, 
        613898292, 
        651703553
    ], 
    "fraction of match covered by td exclusion zone": [
        0.6779881666502792, 
        0.7187625572982895, 
        0.5847367416658102, 
        0.7880374688548443, 
        0.4632786219714713
    ], 
    "pearson_correlation": [
        0.6921217763485259, 
        0.7381206688571067, 
        0.5531995049842082, 
        0.7972742726285269, 
        0.8321171273117606
    ], 
    "fraction of match covered by td injection": [
        0.280521162046906, 
        0.327006614369543, 
        0.1639795221105119, 
        0.22876836346414478, 
        0.1987331120435209
    ], 
    "distance": [
        194.53231368717437, 
        104.07837258802031, 
        211.90349169088094, 
        248.56548096271695, 
        234.08085154110012
    ], 
    "dice_coefficient": [
        0.5419541266731073, 
        0.6210214951657622, 
        0.30560283163511215, 
        0.34362949913514507, 
        0.25860523761211573
    ], 
    "spearman_correlation": [
        0.7970804382101973, 
        0.7437160912286397, 
        0.7341306199984512, 
        0.764502629895812, 
        0.7476023962776241
    ], 
    "injection_overlap": [
        0.48062398717716326, 
        0.5982668678814177, 
        0.2028740460301847, 
        0.3515183064799629, 
        0.22687302307770593
    ], 
    "image_series_id": 478678606, 
    "source": "VISam", 
    "exclusion_zone_overlap": [
        0.38316821415765184, 
        0.5008824426331668, 
        0.2664670459852291, 
        0.27323889916696564, 
        0.1274585715039343
    ]
}