{
    "match_id": [
        518013943, 
        571653937, 
        501785691, 
        502590301, 
        502955689, 
        552543088, 
        553080579, 
        531397136, 
        504176074, 
        501883865, 
        523180728, 
        572388976, 
        560965104
    ], 
    "fraction of match covered by td exclusion zone": [
        0.6650124675451979, 
        0.03962744809200601, 
        0.7695015920769812, 
        0.8804798432635164, 
        0.14168444156625845, 
        0.6881958993933103, 
        0.5606228755948203, 
        0.6878920231590976, 
        0.9618215724852641, 
        0.5268210187285401, 
        0.15952835095282278, 
        0.01236552403469553, 
        0.1758132314306115
    ], 
    "pearson_correlation": [
        0.8648157146927453, 
        0.8967728964021541, 
        0.9216671157832422, 
        0.9766244535043104, 
        0.9436167721606626, 
        0.9372836952844782, 
        0.8453389310184358, 
        0.9636341056253726, 
        0.9568089388465011, 
        0.9196830084029225, 
        0.9241844984765517, 
        0.9339754557188606, 
        0.9056011249262974
    ], 
    "fraction of match covered by td injection": [
        0.21812213531444302, 
        0, 
        0.2668904999767562, 
        0.3390602390216735, 
        0.00296532887696793, 
        0.33270556081044195, 
        0.20840098570769933, 
        0.2134466906225648, 
        0.3731332561639706, 
        0.08241790733382272, 
        0, 
        0, 
        0.0037741384953338033
    ], 
    "distance": [
        358.7900721575696, 
        750.6743579651217, 
        274.86776661719796, 
        278.0446194443256, 
        665.9825069765903, 
        237.8422387838464, 
        405.88472952806785, 
        407.87761373656394, 
        173.99184638385452, 
        431.9632946080326, 
        629.0470483898989, 
        774.2762690635549, 
        642.7019606886496
    ], 
    "dice_coefficient": [
        0.02930589588890455, 
        0.0, 
        0.36875073337091296, 
        0.4309784399580489, 
        0.005116604209188575, 
        0.4355030376905432, 
        0.20088462852825814, 
        0.23118186692262943, 
        0.658414114112747, 
        0.14663823391318315, 
        0.0, 
        0.0, 
        0.004816977916444381
    ], 
    "spearman_correlation": [
        0.7877015494636943, 
        0.75874285011223, 
        0.8772267041194594, 
        0.8992654970483037, 
        0.8218245224992443, 
        0.74151391641944, 
        0.740184372711416, 
        0.8450830176442087, 
        0.8659096918676672, 
        0.8773363925117711, 
        0.7528584336045764, 
        0.7552644493191752, 
        0.8652722974823752
    ], 
    "injection_overlap": [
        0.014784013446322766, 
        0, 
        0.31478793676678485, 
        0.36758644034124394, 
        0.0036481654889178967, 
        0.29815121255634225, 
        0.12312173935023624, 
        0.16287659069891292, 
        0.8868241353475678, 
        0.2900552643198875, 
        0, 
        0, 
        0.003865488649576163
    ], 
    "image_series_id": 502956560, 
    "source": "VISl", 
    "exclusion_zone_overlap": [
        0.024704253750412734, 
        0.010674434600991605, 
        0.11952789235309902, 
        0.16404993318216235, 
        0.06586565192091726, 
        0.08070851334368803, 
        0.10148231630776695, 
        0.06190697938439338, 
        0.5054322347109322, 
        0.2691117700391921, 
        0.02604761227501971, 
        0.0033006826562317184, 
        0.057810057499578175
    ]
}