{
    "match_id": [
        571653937, 
        501785691, 
        502590301, 
        502955689, 
        552543088, 
        553080579, 
        502956560, 
        531397136, 
        504176074, 
        501883865, 
        523180728, 
        572388976, 
        560965104
    ], 
    "fraction of match covered by td exclusion zone": [
        0.9298788763665845, 
        0.15683073958739494, 
        0.3855886549954274, 
        0.9158710060080991, 
        0.24170280369805144, 
        0.05474996944607584, 
        0.39160952104077423, 
        0.43533377665488576, 
        0.5103383264456679, 
        0.9739991388786874, 
        0.9961082090591702, 
        0.9553842812848128, 
        0.9936997911076344
    ], 
    "pearson_correlation": [
        0.9901462656850624, 
        0.8142930699872595, 
        0.8539127267028618, 
        0.9445976070906067, 
        0.8805360509372299, 
        0.8907145953296528, 
        0.8648157146927453, 
        0.9287887527484252, 
        0.8519447687973314, 
        0.8754846716911915, 
        0.9611975684231615, 
        0.966764226990948, 
        0.9649523294005238
    ], 
    "fraction of match covered by td injection": [
        0.048256194855636286, 
        0, 
        0.00888007773506463, 
        0.03232102018958072, 
        0.0007055992431444585, 
        0.0022707931842387242, 
        0.014784013446322766, 
        0.004818640177832268, 
        0.030942564246255987, 
        0.08176552450721612, 
        0.08260125055822759, 
        0.04304265666362453, 
        0.0757709361028812
    ], 
    "distance": [
        403.05968163805176, 
        383.12886685698135, 
        304.18652861337085, 
        365.7155003496746, 
        406.7813440257328, 
        502.1550990673216, 
        358.7900721575696, 
        297.18515136992403, 
        262.9962712898316, 
        153.6628361074573, 
        299.35805848855796, 
        457.96676089777486, 
        311.15376608613144
    ], 
    "dice_coefficient": [
        0.09062399296103596, 
        0.0, 
        0.017055803678505333, 
        0.06390978118261786, 
        0.0011808755069717797, 
        0.0034433569537705776, 
        0.02930589588890455, 
        0.04552557376870863, 
        0.06129613037876172, 
        0.16208251414298544, 
        0.1597233153917889, 
        0.07735695600197282, 
        0.14559659410665496
    ], 
    "spearman_correlation": [
        0.871445781187124, 
        0.709637078762722, 
        0.8134189173913167, 
        0.8285374022417841, 
        0.7801536860567821, 
        0.6685410494323873, 
        0.7877015494636943, 
        0.8242557852546383, 
        0.7725460598164573, 
        0.8394020497575367, 
        0.8416274734426, 
        0.8352386909594219, 
        0.8608268059175738
    ], 
    "injection_overlap": [
        0.18980696295421118, 
        0, 
        0.09266623350696881, 
        0.2797902010322055, 
        0.00324782613632083, 
        0.005808857139207309, 
        0.21812213531444302, 
        0.15206463581608007, 
        0.5387280029669141, 
        0.9169946006812264, 
        0.2764318848348707, 
        0.19021297754918232, 
        0.6018178990140096
    ], 
    "image_series_id": 518013943, 
    "source": "VISl", 
    "exclusion_zone_overlap": [
        0.15306286701578964, 
        0.016914291379836282, 
        0.04674492370722777, 
        0.36378331359186283, 
        0.025103978130299506, 
        0.00623729084725807, 
        0.05518100465255919, 
        0.032607843597258546, 
        0.18412619352053838, 
        0.5347183740699026, 
        0.2517904724857021, 
        0.07628974791949436, 
        0.2287874358162567
    ]
}