{
    "match_id": [
        529129011, 
        536920234
    ], 
    "fraction of match covered by td exclusion zone": [
        0.3776073063359461, 
        0.026757103016857315
    ], 
    "pearson_correlation": [
        0.8359582646816467, 
        0.9507576686037679
    ], 
    "fraction of match covered by td injection": [
        0.06870277759588744, 
        0
    ], 
    "distance": [
        576.5569303172906, 
        706.055654005298
    ], 
    "dice_coefficient": [
        0.08855665157935032, 
        0.0
    ], 
    "spearman_correlation": [
        0.7098042017929427, 
        0.7277429449943457
    ], 
    "injection_overlap": [
        0.05816199905909976, 
        0
    ], 
    "image_series_id": 518605181, 
    "source": "RSPd", 
    "exclusion_zone_overlap": [
        0.05535299931573449, 
        0.005746330899986434
    ]
}