{
    "match_id": [
        479115470, 
        617900105, 
        521955016, 
        523177830, 
        526783792, 
        532005897, 
        617898760
    ], 
    "fraction of match covered by td exclusion zone": [
        0.7400436478993968, 
        0.6840322091249589, 
        0.8897343614026605, 
        0.9968678010432444, 
        0.9948621927598658, 
        0.953837612765981, 
        0.9997525352071559
    ], 
    "pearson_correlation": [
        0.7998371305698471, 
        0.6778765890442601, 
        0.8179244024141152, 
        0.8775792419272515, 
        0.90727232043362, 
        0.6366328359804988, 
        0.6781036291451236
    ], 
    "fraction of match covered by td injection": [
        0.19340562849987084, 
        0.17304022843465613, 
        0.4678793182276945, 
        0.7041517373333006, 
        0.7103158723078071, 
        0.4546513646478891, 
        0.6679433444591655
    ], 
    "distance": [
        373.80026820304937, 
        400.2656075626101, 
        360.98320840598075, 
        291.7337082706001, 
        280.8115030670926, 
        344.91461785088427, 
        106.77584058334037
    ], 
    "dice_coefficient": [
        0.18772113855244496, 
        0.055923558931956045, 
        0.19811267431401322, 
        0.4930440608626711, 
        0.8105374165533498, 
        0.43947633015802556, 
        0.6731566874303941
    ], 
    "spearman_correlation": [
        0.7957696574354177, 
        0.7406945941586447, 
        0.7457678215361985, 
        0.8702672905478995, 
        0.7979080655624445, 
        0.5339382249701896, 
        0.6475927627873723
    ], 
    "injection_overlap": [
        0.1692620368670189, 
        0.029512843353370125, 
        0.11237968291673171, 
        0.3415863269549831, 
        0.37198360891603727, 
        0.2768031741647906, 
        0.44169821038429596
    ], 
    "image_series_id": 520615681, 
    "source": "ORBvl", 
    "exclusion_zone_overlap": [
        0.08183842336385885, 
        0.008976155581116939, 
        0.03705271472613102, 
        0.09467200849606376, 
        0.13692512439452606, 
        0.09640077500892935, 
        0.1404753133847121
    ]
}