{
    "match_id": [
        478877019, 
        527713163, 
        527713883, 
        529435133
    ], 
    "fraction of match covered by td exclusion zone": [
        0.6924755957092199, 
        0.8858787708503114, 
        0.9583053721596575, 
        0.9937251134305086
    ], 
    "pearson_correlation": [
        0.880387491099519, 
        0.7708472072579803, 
        0.7481373594002981, 
        0.6524465274732942
    ], 
    "fraction of match covered by td injection": [
        0.1486548796377847, 
        0.37025004312556914, 
        0.3795949046336259, 
        0.41399946670542725
    ], 
    "distance": [
        345.74725950412824, 
        271.6944095227963, 
        326.70557464332245, 
        321.83421183064434
    ], 
    "dice_coefficient": [
        0.25445087068576566, 
        0.3850197457302334, 
        0.2157607810170718, 
        0.1250784589135166
    ], 
    "spearman_correlation": [
        0.8791582043250058, 
        0.8033908351828635, 
        0.9124486560475434, 
        0.8015010906532016
    ], 
    "injection_overlap": [
        0.4798234210978874, 
        0.31602707514609746, 
        0.13593549152528336, 
        0.07080776909055897
    ], 
    "image_series_id": 521954271, 
    "source": "ILA", 
    "exclusion_zone_overlap": [
        0.23973354774238007, 
        0.114495222513248, 
        0.08344005551439641, 
        0.036060875591637384
    ]
}