{
    "match_id": [
        483094671, 
        528328648, 
        523704892, 
        525413115
    ], 
    "fraction of match covered by td exclusion zone": [
        0.8047948142165837, 
        0, 
        0, 
        0
    ], 
    "pearson_correlation": [
        0.8000778259995229, 
        0.7390078448427988, 
        0.7962343013188932, 
        0.817183355629984
    ], 
    "fraction of match covered by td injection": [
        0.042907609551350354, 
        0, 
        0, 
        0
    ], 
    "distance": [
        555.6716878182735, 
        1410.2244193144766, 
        1457.050048957513, 
        1875.246654092826
    ], 
    "dice_coefficient": [
        0.02807100102842594, 
        0.0, 
        0.0, 
        0.0
    ], 
    "spearman_correlation": [
        0.7809936290485507, 
        0.6119285683818977, 
        0.7752105585356112, 
        0.6556272149402671
    ], 
    "injection_overlap": [
        0.019008866152900202, 
        0, 
        0, 
        0
    ], 
    "image_series_id": 522274859, 
    "source": "ENTl", 
    "exclusion_zone_overlap": [
        0.03815664964713476, 
        0, 
        0, 
        0
    ]
}