{
    "match_id": [
        518013943, 
        571653937, 
        501785691, 
        502590301, 
        502955689, 
        552543088, 
        553080579, 
        502956560, 
        531397136, 
        504176074, 
        501883865, 
        572388976, 
        560965104
    ], 
    "fraction of match covered by td exclusion zone": [
        0.9576375070426618, 
        0.999970204717346, 
        0.06412384283259263, 
        0.3122437623655806, 
        0.999928226666511, 
        0.11161520625196486, 
        0.05090885056634903, 
        0.12064515450076214, 
        0.4961558144754941, 
        0.37108963922158755, 
        0.9516810072512091, 
        0.9998584015115163, 
        0.9970158242717845
    ], 
    "pearson_correlation": [
        0.9611975684231615, 
        0.9783489503878551, 
        0.8524336576774066, 
        0.9232926384223049, 
        0.9823318498635653, 
        0.9316479768032927, 
        0.8835142165852982, 
        0.9241844984765517, 
        0.9648267594085359, 
        0.946006890784288, 
        0.9582532262635142, 
        0.9632871592368629, 
        0.9848151052515647
    ], 
    "fraction of match covered by td injection": [
        0.2764318848348707, 
        0.6909825585528051, 
        3.910708469831479e-05, 
        0.0002876184823497051, 
        0.6205935155358836, 
        0, 
        0, 
        0, 
        0.07199488109386573, 
        0.011924288111387984, 
        0.3579450802904726, 
        0.8870301872687711, 
        0.7777925815999029
    ], 
    "distance": [
        299.35805848855796, 
        136.45345287050617, 
        562.9253874079891, 
        486.1458024189793, 
        96.87526930226657, 
        608.031700145055, 
        707.8965659623225, 
        629.0470483898989, 
        372.48788094324954, 
        492.35096018080435, 
        206.3095691621505, 
        186.2811189243446, 
        102.01314026970888
    ], 
    "dice_coefficient": [
        0.1597233153917889, 
        0.7379909392157084, 
        0.0013249221033419924, 
        0.00031767981979553367, 
        0.9304232735157041, 
        0.0, 
        0.0, 
        0.0, 
        0.0400125665851848, 
        0.02486692061702576, 
        0.5679313241103112, 
        0.5542022057164825, 
        0.710200622598721
    ], 
    "spearman_correlation": [
        0.8416274734426001, 
        0.9252474226846052, 
        0.7017329042003089, 
        0.8204453765777738, 
        0.8151430964160598, 
        0.8767164331085281, 
        0.6855311575051097, 
        0.7528584336045764, 
        0.8471439675777835, 
        0.7631921141408206, 
        0.8142892197054072, 
        0.9149455006424283, 
        0.8588099160031414
    ], 
    "injection_overlap": [
        0.08260125055822759, 
        0.5638070944980348, 
        0.0008856631410353564, 
        0.0002907839877480996, 
        0.935230438167959, 
        0, 
        0, 
        0, 
        0.02390474634269451, 
        0.0568207749891201, 
        0.8458504040816182, 
        0.31434268324410375, 
        0.6469047270794659
    ], 
    "image_series_id": 523180728, 
    "source": "VISl", 
    "exclusion_zone_overlap": [
        0.03489666584240229, 
        0.1830097787105327, 
        0.01304377668098389, 
        0.036389942090822296, 
        0.4497734268847622, 
        0.01604284570564781, 
        0.005450902361136732, 
        0.01988611375145949, 
        0.03377079625641759, 
        0.12198924231520136, 
        0.438242085422078, 
        0.09043094544540527, 
        0.21554886138790336
    ]
}