{
    "match_id": [
        483094671, 
        528328648, 
        525413115, 
        522274859
    ], 
    "fraction of match covered by td exclusion zone": [
        0, 
        0.9641091494599786, 
        0, 
        0
    ], 
    "pearson_correlation": [
        0.6741485558420682, 
        0.9695030623560712, 
        0.8384047646200503, 
        0.7962343013188932
    ], 
    "fraction of match covered by td injection": [
        0, 
        0.4069733152753934, 
        0, 
        0
    ], 
    "distance": [
        1917.7321449356948, 
        93.25315419300784, 
        1328.284267670811, 
        1457.050048957513
    ], 
    "dice_coefficient": [
        0.0, 
        0.40807070318111954, 
        0.0, 
        0.0
    ], 
    "spearman_correlation": [
        0.7073770857499778, 
        0.6795172273230025, 
        0.6012403141775833, 
        0.7752105585356112
    ], 
    "injection_overlap": [
        0, 
        0.36148086373125554, 
        0, 
        0
    ], 
    "image_series_id": 523704892, 
    "source": "ENTl", 
    "exclusion_zone_overlap": [
        0, 
        0.07692199552261837, 
        0, 
        0
    ]
}