{
    "match_id": [
        475828414, 
        475830603, 
        521255975, 
        525412369, 
        531443949, 
        555012592, 
        561307215, 
        561511939, 
        561512675, 
        561910766, 
        569904687, 
        570071403, 
        571647261, 
        592522663, 
        592724077, 
        605496542, 
        616674416, 
        623838656, 
        664716091, 
        666090944, 
        868641659
    ], 
    "fraction of match covered by td exclusion zone": [
        0.9999999999999999, 
        0.7699073417875893, 
        0, 
        0.022429015919874763, 
        0, 
        0, 
        0, 
        0, 
        0.8597948724046901, 
        0.8981826399802474, 
        0, 
        0, 
        0, 
        0, 
        0, 
        0.9863131772782479, 
        1.0000000000000002, 
        0, 
        0, 
        0, 
        0
    ], 
    "pearson_correlation": [
        0.962403971155559, 
        0.9703549526514705, 
        0.7981651859096037, 
        0.7495342771085917, 
        0.44825162238749144, 
        0.9458628202761701, 
        0.34688349145114483, 
        0.8554798469631383, 
        0.905036799015354, 
        0.9208085670005821, 
        0.508906399307379, 
        0.9069567992516189, 
        0.9342113661572999, 
        0.7591455527702486, 
        0.8444922067170063, 
        0.9711938448045773, 
        0.9446529338363652, 
        0.6768836037884823, 
        0.7410918665757245, 
        0.651474539394293, 
        0.784684460542391
    ], 
    "fraction of match covered by td injection": [
        0.828902027043731, 
        0.14771766826606683, 
        0, 
        0.00022224709752528252, 
        0, 
        0, 
        0, 
        0, 
        0.4028578786640972, 
        0.6556640339819759, 
        0, 
        0, 
        0, 
        0, 
        0, 
        0.5391839925691808, 
        0.7340464163530429, 
        0, 
        0, 
        0, 
        0
    ], 
    "distance": [
        157.5969931093562, 
        347.65869574657364, 
        1415.5873844205491, 
        694.2281499967238, 
        2033.0607346377299, 
        1035.5552695231977, 
        1631.640435158238, 
        1084.4995484237406, 
        350.14670249062897, 
        253.1537431269852, 
        1504.562954875519, 
        1058.9740298924903, 
        1037.2191431343963, 
        1435.2522982661678, 
        1330.8524580848195, 
        146.21177440509837, 
        219.78393017969466, 
        1426.5060911302037, 
        1551.2410919373742, 
        1614.9798259731422, 
        1463.7569007107832
    ], 
    "dice_coefficient": [
        0.6460402157427868, 
        0.19933181627790142, 
        0.0, 
        0.00039454952222123534, 
        0.0, 
        0.0, 
        0.0, 
        0.0, 
        0.22047206011459886, 
        0.5115725788735545, 
        0.0, 
        0.0, 
        0.0, 
        0.0, 
        0.0, 
        0.8853819214224516, 
        0.6001857166289086, 
        0.0, 
        0.0, 
        0.0, 
        0.0
    ], 
    "spearman_correlation": [
        0.7900371903649276, 
        0.7520679770679771, 
        0.6625604811396072, 
        0.5853248142217384, 
        0.4313248020343596, 
        0.6578267401080355, 
        0.4913713260164782, 
        0.7849030447173659, 
        0.7525249697283084, 
        0.7620336260241213, 
        0.41690969640369513, 
        0.7013052201926495, 
        0.6161817571390463, 
        0.58694726125743, 
        0.7365085208972334, 
        0.8931014922634875, 
        0.7743002887077064, 
        0.6276966664922646, 
        0.5304296960410714, 
        0.5083230958230958, 
        0.3343988506421593
    ], 
    "injection_overlap": [
        0.4504868968877028, 
        0.16870964897943805, 
        0, 
        0.00023422949621310915, 
        0, 
        0, 
        0, 
        0, 
        0.1502849685768555, 
        0.29854728419247467, 
        0, 
        0, 
        0, 
        0, 
        0, 
        0.9420441563849543, 
        0.3647546617803456, 
        0, 
        0, 
        0, 
        0
    ], 
    "image_series_id": 524063357, 
    "source": "RSPv", 
    "exclusion_zone_overlap": [
        0.12338211301645537, 
        0.1306665875441201, 
        0, 
        0.0023867404152934004, 
        0, 
        0, 
        0, 
        0, 
        0.05733345866974659, 
        0.08324978458119699, 
        0, 
        0, 
        0, 
        0, 
        0, 
        0.3920147558957583, 
        0.09490098938226801, 
        0, 
        0, 
        0, 
        0
    ]
}