{
    "match_id": [
        539514325, 
        495346667, 
        543297033, 
        501837158, 
        539323512, 
        485553574, 
        563205064, 
        539511058, 
        574637452, 
        501786400, 
        501787135, 
        561918904, 
        502592260, 
        515920693, 
        561918178, 
        563352720, 
        546389260, 
        501711996, 
        565146821
    ], 
    "fraction of match covered by td exclusion zone": [
        0, 
        1.2533542096021345e-06, 
        0, 
        0.46801743507052396, 
        0.00513301435780876, 
        0.8893462768898734, 
        0.04673437693007612, 
        0.3498882600989429, 
        0.47964280464667713, 
        0.6125880100747702, 
        0.8579623491670528, 
        0, 
        0.7763695902008086, 
        0.3540106335734892, 
        4.575662261376392e-05, 
        0.679704722271832, 
        0.3609003276336204, 
        0.0914189215645191, 
        0.14426053205052702
    ], 
    "pearson_correlation": [
        0.9624867303462427, 
        0.9770307404404055, 
        0.9392464925002227, 
        0.9711525431873498, 
        0.8785628495613492, 
        0.9872307673818413, 
        0.9737492992607985, 
        0.9711032178035843, 
        0.9912741711389835, 
        0.9788904466771593, 
        0.9838702413931999, 
        0.93232810286048, 
        0.9868607378727183, 
        0.9807899717886709, 
        0.9809528383181269, 
        0.966119186215947, 
        0.9832395326878096, 
        0.9931738695707212, 
        0.9885969647095191
    ], 
    "fraction of match covered by td injection": [
        0, 
        0, 
        0, 
        0.09279836801593157, 
        0, 
        0.04282178773698219, 
        3.838782573762652e-08, 
        0.028761480710841482, 
        0.11321201752692676, 
        0.11039986986442019, 
        0.2150211548432567, 
        0, 
        0.10687776993723463, 
        0.08749701970608749, 
        0, 
        0.12437451517506612, 
        0.04577150772600416, 
        0.003846303716253796, 
        0.017378863817345477
    ], 
    "distance": [
        942.3934174909294, 
        754.7006774251256, 
        1174.8059778781924, 
        273.97151055730535, 
        928.4860017738749, 
        139.7647244236565, 
        698.3995003060613, 
        341.2212156595848, 
        305.9116204796328, 
        244.43630283271818, 
        213.40420296051872, 
        870.8539850148603, 
        218.19509885582679, 
        313.56925900275957, 
        584.3048880331572, 
        271.0996957671327, 
        308.7456016312866, 
        422.0614073186002, 
        462.14510607017735
    ], 
    "dice_coefficient": [
        0.0, 
        0.0, 
        0.0, 
        0.10566797499945099, 
        0.0, 
        0.06489496713075212, 
        2.2539034317623987e-06, 
        0.029203354732364583, 
        0.21621302851474739, 
        0.21906231697102488, 
        0.403990815775305, 
        0.0, 
        0.179760068132324, 
        0.13083277060620588, 
        0.0, 
        0.21558683187788952, 
        0.09082830540495132, 
        0.007633092875695786, 
        0.034248959717267574
    ], 
    "spearman_correlation": [
        0.6455427184576514, 
        0.5746916975632551, 
        0.6563393150827029, 
        0.5645950143003445, 
        0.6371764170345373, 
        0.7054382291662303, 
        0.7064306553729084, 
        0.721792811701591, 
        0.689341428053486, 
        0.6828447360560076, 
        0.64619270527672, 
        0.5645104219931191, 
        0.722825692241419, 
        0.6887868809952553, 
        0.6032738953517401, 
        0.7791349156380811, 
        0.7142221699542273, 
        0.6136693747720467, 
        0.6269335736768656
    ], 
    "injection_overlap": [
        0, 
        0, 
        0, 
        0.08259792686922403, 
        0, 
        0.05103048395609143, 
        6.429047678282451e-05, 
        0.021867648842328433, 
        0.1295312668517717, 
        0.6027590404428463, 
        0.2822489017092204, 
        0, 
        0.2501599851587057, 
        0.21383687093490691, 
        0, 
        0.3117947282882604, 
        0.3976232965605321, 
        0.0167778670862668, 
        0.18837695019952122
    ], 
    "image_series_id": 526784559, 
    "source": "VISp", 
    "exclusion_zone_overlap": [
        0, 
        1.6828903059888596e-05, 
        0, 
        0.04691320054486105, 
        0.0005367266071841339, 
        0.1678777469588775, 
        0.05748614279510003, 
        0.0213499044060048, 
        0.08183729235269516, 
        0.407206561398222, 
        0.14971609509133202, 
        0, 
        0.18871793780505777, 
        0.05644233544740294, 
        7.558964548247909e-06, 
        0.09054343417669383, 
        0.34077338748993274, 
        0.05282656444507504, 
        0.11427248805623651
    ]
}