{
    "match_id": [
        528512680, 
        527393013, 
        530000865
    ], 
    "fraction of match covered by td exclusion zone": [
        0.028155359265294833, 
        0, 
        0
    ], 
    "pearson_correlation": [
        0.025881255140748283, 
        0.18389363277820212, 
        -0.004630728247119952
    ], 
    "fraction of match covered by td injection": [
        0.014609551657615048, 
        0, 
        0
    ], 
    "distance": [
        686.3746501157259, 
        2076.0448002086555, 
        2340.9382729153735
    ], 
    "dice_coefficient": [
        0.03831395354963458, 
        0.0, 
        0.0
    ], 
    "spearman_correlation": [
        0.12639728571568234, 
        0.3447586324819159, 
        0.05700659575304218
    ], 
    "injection_overlap": [
        0.12220464391984923, 
        0, 
        0
    ], 
    "image_series_id": 527390805, 
    "source": "ENTm", 
    "exclusion_zone_overlap": [
        0.015384142987977632, 
        0, 
        0
    ]
}