{
    "match_id": [
        478877019, 
        521954271, 
        527713163, 
        529435133
    ], 
    "fraction of match covered by td exclusion zone": [
        0.20945202442480168, 
        0.900519660608261, 
        0.3852526050523286, 
        0.9992735271915191
    ], 
    "pearson_correlation": [
        0.6869692701986512, 
        0.7481373594002981, 
        0.7771723641149407, 
        0.9500337384636135
    ], 
    "fraction of match covered by td injection": [
        0.003748474856112931, 
        0.13593549152528336, 
        0.04689409109205393, 
        0.6662570202944871
    ], 
    "distance": [
        663.2152539364339, 
        326.70557464332245, 
        528.080598288914, 
        49.00773015421903
    ], 
    "dice_coefficient": [
        0.0071823399132386855, 
        0.2157607810170718, 
        0.06673809390971279, 
        0.4689435696533466
    ], 
    "spearman_correlation": [
        0.8342334861631836, 
        0.9124486560475434, 
        0.7814920859556171, 
        0.8861826446428892
    ], 
    "injection_overlap": [
        0.04774136695991068, 
        0.3795949046336259, 
        0.06251442338505034, 
        0.35367762934443053
    ], 
    "image_series_id": 527713883, 
    "source": "ILA", 
    "exclusion_zone_overlap": [
        0.11007036843311634, 
        0.16798603105065385, 
        0.08434525397495138, 
        0.06444958762512791
    ]
}