{
    "match_id": [
        478877019, 
        521954271, 
        527713163, 
        527713883
    ], 
    "fraction of match covered by td exclusion zone": [
        0.00939196610582831, 
        0.3567956504115026, 
        0.09497571922474572, 
        0.9559475896624771
    ], 
    "pearson_correlation": [
        0.6824666053647533, 
        0.6524465274732942, 
        0.7247190857009873, 
        0.9500337384636135
    ], 
    "fraction of match covered by td injection": [
        0.0019276997191747204, 
        0.07080776909055897, 
        0.029407997667565664, 
        0.35367762934443053
    ], 
    "distance": [
        664.4729119541306, 
        321.83421183064434, 
        523.0248766507457, 
        49.00773015421903
    ], 
    "dice_coefficient": [
        0.0037714114526713528, 
        0.1250784589135166, 
        0.04876689941495263, 
        0.4689435696533466
    ], 
    "spearman_correlation": [
        0.8424381007092213, 
        0.8015010906532016, 
        0.81585164429922, 
        0.8861826446428892
    ], 
    "injection_overlap": [
        0.03264748233010936, 
        0.41399946670542725, 
        0.06485750980777999, 
        0.6662570202944871
    ], 
    "image_series_id": 529435133, 
    "source": "ILA", 
    "exclusion_zone_overlap": [
        0.023633714252574347, 
        0.12755307086259335, 
        0.03173231285230883, 
        0.2381377552984344
    ]
}