{
    "match_id": [
        518013943, 
        571653937, 
        501785691, 
        502590301, 
        502955689, 
        553080579, 
        502956560, 
        531397136, 
        504176074, 
        501883865, 
        523180728, 
        572388976, 
        560965104
    ], 
    "fraction of match covered by td exclusion zone": [
        0.4973330933367105, 
        0.04744902192760024, 
        0.9833917796099537, 
        0.9874948150975928, 
        0.25318895785932527, 
        0.958536142264766, 
        0.8071748790548404, 
        0.866778075888637, 
        0.9688888653837622, 
        0.6053106728412496, 
        0.200472623224701, 
        0.02709730124801792, 
        0.24541667836026582
    ], 
    "pearson_correlation": [
        0.8805360509372299, 
        0.9050386279687676, 
        0.8937103665803181, 
        0.970459688406616, 
        0.9473110455302021, 
        0.9153992630000314, 
        0.9372836952844782, 
        0.9772323458877403, 
        0.9345940125408512, 
        0.9275550462045193, 
        0.9316479768032927, 
        0.9046803057337323, 
        0.9023352437272913
    ], 
    "fraction of match covered by td injection": [
        0.00324782613632083, 
        4.4939347160572075e-07, 
        0.6029515068639335, 
        0.4909471783232679, 
        0.013657132334771217, 
        0.1796545388695046, 
        0.29815121255634225, 
        0.32903483597988264, 
        0.2234144181609766, 
        0.07000873993108775, 
        0, 
        0.0027892167012861777, 
        0.008380860072960988
    ], 
    "distance": [
        406.7813440257328, 
        735.2818630059575, 
        59.65872440421208, 
        131.11823470156847, 
        619.1922566838168, 
        279.0687162802877, 
        237.8422387838464, 
        270.8537322083796, 
        156.11331317738032, 
        443.30998314288667, 
        608.031700145055, 
        706.086918922083, 
        599.2927463554694
    ], 
    "dice_coefficient": [
        0.0011808755069717797, 
        6.741903176231835e-07, 
        0.7923108836647171, 
        0.8103237625699055, 
        0.025798740544314563, 
        0.2579699954524043, 
        0.4355030376905432, 
        0.3458820926231681, 
        0.42584894351731595, 
        0.1338829010603653, 
        0.0, 
        0.002522280893624293, 
        0.013860024812398116
    ], 
    "spearman_correlation": [
        0.7801536860567824, 
        0.8508018740734479, 
        0.7312404507951176, 
        0.7843940308775539, 
        0.8015730614793876, 
        0.7314152964299111, 
        0.74151391641944, 
        0.8574856623496145, 
        0.7689593637820399, 
        0.8183792089038594, 
        0.8767164331085281, 
        0.8029175041220806, 
        0.8574210604853465
    ], 
    "injection_overlap": [
        0.0007055992431444585, 
        7.524091872571192e-09, 
        0.6413331005474816, 
        0.7050342084476847, 
        0.019591766321162073, 
        0.20786398563913777, 
        0.33270556081044195, 
        0.23509785868187175, 
        0.8389727106886422, 
        0.29450214361299526, 
        0, 
        0.0022248335526060805, 
        0.005729498572602969
    ], 
    "image_series_id": 552543088, 
    "source": "VISl", 
    "exclusion_zone_overlap": [
        0.010560977159589096, 
        0.006251408098042578, 
        0.1581676088605119, 
        0.19420228746739615, 
        0.0785208431758198, 
        0.13519884365320042, 
        0.12233790164994332, 
        0.06975646251603637, 
        0.447117003988212, 
        0.2331854043610195, 
        0.0195904935674853, 
        0.004754979017187394, 
        0.039382643639023926
    ]
}