{
    "match_id": [
        475828414, 
        475830603, 
        521255975, 
        524063357, 
        525412369, 
        531443949, 
        561307215, 
        561511939, 
        561512675, 
        561910766, 
        569904687, 
        570071403, 
        571647261, 
        592522663, 
        592724077, 
        605496542, 
        616674416, 
        623838656, 
        664716091, 
        666090944, 
        868641659
    ], 
    "fraction of match covered by td exclusion zone": [
        0, 
        0.04022126854172664, 
        0, 
        0, 
        0.6796190982667184, 
        0, 
        1.3923735430483942e-05, 
        0, 
        0, 
        0, 
        0, 
        0.9631721242983202, 
        0.989283034135446, 
        0, 
        0, 
        0, 
        0, 
        0, 
        0.0018751696565984897, 
        1.345112915941154e-07, 
        0.01787186158559642
    ], 
    "pearson_correlation": [
        0.9403627681411095, 
        0.955318236869264, 
        0.7648725486670847, 
        0.9458628202761701, 
        0.8483859589701594, 
        0.4573725351526033, 
        0.42038993305884853, 
        0.834357864937359, 
        0.8284271180637545, 
        0.9136850959035888, 
        0.5833833706933558, 
        0.9378898360690621, 
        0.9842050343191552, 
        0.7288821150317275, 
        0.8037319156542537, 
        0.9425406737030002, 
        0.8975871981886238, 
        0.6358012329004973, 
        0.7350345429843042, 
        0.6886805557674025, 
        0.8030368620582622
    ], 
    "fraction of match covered by td injection": [
        0, 
        0, 
        0, 
        0, 
        0.0026009364256308442, 
        0, 
        0, 
        0, 
        0, 
        0, 
        0, 
        0.5013681374205546, 
        0.7272694981791545, 
        0, 
        0, 
        0, 
        0, 
        0, 
        0, 
        0, 
        0
    ], 
    "distance": [
        1109.9673926032685, 
        713.4222343787684, 
        1141.24942360404, 
        1035.5552695231977, 
        450.15962070228704, 
        1332.6122132391422, 
        777.3880211436734, 
        1003.2978135566007, 
        1247.2937801775543, 
        1109.0315012466945, 
        964.1609048302702, 
        177.75070977776403, 
        65.68879655396913, 
        1130.032197616026, 
        954.831895250468, 
        1135.9668830087378, 
        946.3872209465948, 
        1248.820973459265, 
        992.1716425070208, 
        989.860763506589, 
        1086.5486383155987
    ], 
    "dice_coefficient": [
        0.0, 
        0.0, 
        0.0, 
        0.0, 
        0.001649311588442149, 
        0.0, 
        0.0, 
        0.0, 
        0.0, 
        0.0, 
        0.0, 
        0.6214970751290617, 
        0.9734816010867318, 
        0.0, 
        0.0, 
        0.0, 
        0.0, 
        0.0, 
        0.0, 
        0.0, 
        0.0
    ], 
    "spearman_correlation": [
        0.6262738806510201, 
        0.7863021232519134, 
        0.7154621619679356, 
        0.6578267401080354, 
        0.8425907708585995, 
        0.6760301626021274, 
        0.8486599585498806, 
        0.7095307774851235, 
        0.5826939384653779, 
        0.48846479543212057, 
        0.7390181274514579, 
        0.8891653205071749, 
        0.9527985717705817, 
        0.4431181388892112, 
        0.7022991178834955, 
        0.6652702981890254, 
        0.5469983030102349, 
        0.5611595770208714, 
        0.7627115779441908, 
        0.842625027685555, 
        0.27355779936121566
    ], 
    "injection_overlap": [
        0, 
        0, 
        0, 
        0, 
        0.001043222615142751, 
        0, 
        0, 
        0, 
        0, 
        0, 
        0, 
        0.38627094554955466, 
        0.8370450175956533, 
        0, 
        0, 
        0, 
        0, 
        0, 
        0, 
        0, 
        0
    ], 
    "image_series_id": 555012592, 
    "source": "RSPv", 
    "exclusion_zone_overlap": [
        0, 
        0.007921221283969543, 
        0, 
        0, 
        0.050058821292868955, 
        0, 
        1.3722316745162086e-06, 
        0, 
        0, 
        0, 
        0, 
        0.12177663411048759, 
        0.21127146269117097, 
        0, 
        0, 
        0, 
        0, 
        0, 
        0.0012811457718564393, 
        1.1897968484089119e-07, 
        0.00015941508018628704
    ]
}