{
    "match_id": [
        518013943, 
        571653937, 
        501785691, 
        502590301, 
        502955689, 
        552543088, 
        553080579, 
        502956560, 
        531397136, 
        504176074, 
        501883865, 
        523180728, 
        572388976
    ], 
    "fraction of match covered by td exclusion zone": [
        0.9721230064569084, 
        0.9999691098689113, 
        0.08600071325624564, 
        0.38138137901161556, 
        0.9999415600011189, 
        0.11244576093534803, 
        0.09694126097849069, 
        0.1050971304260492, 
        0.4859945004555363, 
        0.3946921333482748, 
        0.9526200176172758, 
        1.0, 
        0.9978408439879456
    ], 
    "pearson_correlation": [
        0.9649523294005238, 
        0.975863937339459, 
        0.8381470339368349, 
        0.9034481579483562, 
        0.9743910538252765, 
        0.9023352437272913, 
        0.846877731101269, 
        0.9056011249262974, 
        0.9510695780686764, 
        0.9233832507970807, 
        0.9295417745977368, 
        0.9848151052515647, 
        0.9659985267985631
    ], 
    "fraction of match covered by td injection": [
        0.6018178990140096, 
        0.8279834124571387, 
        0.0025365078822433247, 
        0.026828310497273456, 
        0.4581341391610034, 
        0.005729498572602969, 
        0.011496135629464886, 
        0.003865488649576163, 
        0.11796526509921153, 
        0.07072391686588583, 
        0.30993759886536576, 
        0.6469047270794659, 
        0.7941776067462459
    ], 
    "distance": [
        311.15376608613144, 
        153.9183346541624, 
        550.8858462066125, 
        470.5541816354745, 
        149.06513600532801, 
        599.2927463554691, 
        661.6262508383589, 
        642.7019606886496, 
        353.59193887509343, 
        497.34310576834986, 
        255.4954987614305, 
        102.01314026970888, 
        153.88838107090663
    ], 
    "dice_coefficient": [
        0.14559659410665496, 
        0.839268139113493, 
        0.0356874323749438, 
        0.026677073474544694, 
        0.7155032167418264, 
        0.013860024812398116, 
        0.002609584494277741, 
        0.004816977916444381, 
        0.11158692497682125, 
        0.1145029374936042, 
        0.5085685019857027, 
        0.710200622598721, 
        0.8190075929958168
    ], 
    "spearman_correlation": [
        0.8608268059175735, 
        0.8724260233979285, 
        0.8014082673634125, 
        0.9070741229920446, 
        0.8956551221157943, 
        0.8574210604853465, 
        0.7710356735841056, 
        0.8652722974823752, 
        0.9656774957381593, 
        0.8771639674332445, 
        0.9343100326876957, 
        0.8588099160031415, 
        0.877004574390865
    ], 
    "injection_overlap": [
        0.0757709361028812, 
        0.6833508884776317, 
        0.02500014681854154, 
        0.02289970958141464, 
        0.9407781921968948, 
        0.008380860072960988, 
        0.0005882860492464724, 
        0.0037741384953338033, 
        0.06873493145535303, 
        0.12869912599209263, 
        0.833954471973334, 
        0.7777925815999029, 
        0.4750158229751568
    ], 
    "image_series_id": 560965104, 
    "source": "VISl", 
    "exclusion_zone_overlap": [
        0.03376521129311755, 
        0.18042111008048073, 
        0.018764659853498903, 
        0.04676769690520463, 
        0.4445750706078, 
        0.01749734008336488, 
        0.010693049500561018, 
        0.01917178658123022, 
        0.035672988290371486, 
        0.13361567362921892, 
        0.42350433921955427, 
        0.24514887649276276, 
        0.08656624801555254
    ]
}