{
    "match_id": [
        478678606, 
        560045081, 
        591168591, 
        613898292, 
        651703553
    ], 
    "fraction of match covered by td exclusion zone": [
        0.8673143550592455, 
        0.9999991856409466, 
        0.9775586314423835, 
        0.9999501563159177, 
        0.9823861636083644
    ], 
    "pearson_correlation": [
        0.7381206688571067, 
        0.9663576787967345, 
        0.8841851574579928, 
        0.9287286221846324, 
        0.8662900554336364
    ], 
    "fraction of match covered by td injection": [
        0.5982668678814177, 
        0.7839803961841897, 
        0.6742675077947369, 
        0.7739957371791119, 
        0.676247047060672
    ], 
    "distance": [
        104.07837258802031, 
        113.59276302693135, 
        190.06425028819461, 
        152.50117559802385, 
        139.01442520287014
    ], 
    "dice_coefficient": [
        0.6210214951657622, 
        0.9428590923006073, 
        0.5673201023240445, 
        0.9009608009614073, 
        0.6854860259050473
    ], 
    "spearman_correlation": [
        0.7437160912286397, 
        0.9083491056966996, 
        0.8632373481980323, 
        0.938601512288358, 
        0.7748647525742811
    ], 
    "injection_overlap": [
        0.327006614369543, 
        0.7551069766605104, 
        0.2737413120768852, 
        0.5226764711020762, 
        0.3564827334367961
    ], 
    "image_series_id": 561986735, 
    "source": "VISam", 
    "exclusion_zone_overlap": [
        0.15651657754314435, 
        0.3959317125736398, 
        0.23069026280238258, 
        0.28376966111031954, 
        0.15162778296407023
    ]
}