{
    "match_id": [
        539514325, 
        495346667, 
        543297033, 
        501837158, 
        539323512, 
        485553574, 
        526784559, 
        563205064, 
        539511058, 
        574637452, 
        501786400, 
        501787135, 
        502592260, 
        515920693, 
        561918178, 
        563352720, 
        546389260, 
        501711996, 
        565146821
    ], 
    "fraction of match covered by td exclusion zone": [
        0.005584116210034482, 
        0, 
        0.8364486823406925, 
        0, 
        0.04034844932957542, 
        0.0009634902592582016, 
        0, 
        0.23350075674065537, 
        0.21882952698353378, 
        0.0026236446197239797, 
        0, 
        0.000629439834120827, 
        0.0458097472380363, 
        0.09046840849430458, 
        0.8716139123284584, 
        0.12525732867218486, 
        0.07124314092736926, 
        0.017777984711839504, 
        0.0002401839959576951
    ], 
    "pearson_correlation": [
        0.9382657776129835, 
        0.9593532282019084, 
        0.978241232052117, 
        0.9628014318654136, 
        0.8871523173711218, 
        0.9518064421068609, 
        0.93232810286048, 
        0.9561765877586403, 
        0.9632708378255099, 
        0.9336482037424074, 
        0.932283691017121, 
        0.9506541053952182, 
        0.9260516502991275, 
        0.9336586062164888, 
        0.9631968885659007, 
        0.9003385137840915, 
        0.9636465056755394, 
        0.9565885803467399, 
        0.9620779297523283
    ], 
    "fraction of match covered by td injection": [
        0, 
        0, 
        0.026964200067939377, 
        0, 
        1.881486902807372e-05, 
        0, 
        0, 
        0.03996237881918064, 
        0.021548028318461577, 
        0, 
        0, 
        0, 
        0.0069107080211834385, 
        0, 
        0.25856074457097517, 
        0, 
        9.325014186592659e-05, 
        0.0005954018497471374, 
        0
    ], 
    "distance": [
        768.9127224312982, 
        861.8670205565138, 
        399.88739058530183, 
        831.2007658628387, 
        584.5634402801342, 
        769.7336826565386, 
        870.8539850148603, 
        475.9578219924713, 
        548.6316878654135, 
        839.4724383504839, 
        848.774262631884, 
        744.7557084274944, 
        684.4926775461794, 
        621.2967677171105, 
        338.9245720066257, 
        601.6419030542336, 
        715.6224174163522, 
        736.8467024184772, 
        749.8475506744876
    ], 
    "dice_coefficient": [
        0.0, 
        0.0, 
        0.02453430497570134, 
        0.0, 
        1.997516624415091e-06, 
        0.0, 
        0.0, 
        0.037350753415717815, 
        0.004114975168709796, 
        0.0, 
        0.0, 
        0.0, 
        0.00948754822304292, 
        0.0, 
        0.2966088018844783, 
        0.0, 
        0.00016304318901689993, 
        0.00647381112029828, 
        0.0
    ], 
    "spearman_correlation": [
        0.689183433818178, 
        0.6450333154286728, 
        0.7648376682155574, 
        0.5429732138229872, 
        0.7338577260669593, 
        0.6219625350298058, 
        0.5645104219931192, 
        0.7704578915998949, 
        0.5642615832149841, 
        0.7301928180875011, 
        0.6478703647433202, 
        0.6190319924318681, 
        0.739211923723127, 
        0.5928733583682033, 
        0.6669012039638221, 
        0.646225666896097, 
        0.8180285159277301, 
        0.6688686882253199, 
        0.6901291259685117
    ], 
    "injection_overlap": [
        0, 
        0, 
        0.013904429532226089, 
        0, 
        1.0307862691914201e-06, 
        0, 
        0, 
        0.032891275873573836, 
        0.0020906981725142496, 
        0, 
        0, 
        0, 
        0.0051364099789376165, 
        0, 
        0.26419916792342735, 
        0, 
        0.00024368684877303684, 
        0.00973522698398661, 
        0
    ], 
    "image_series_id": 561918904, 
    "source": "VISp", 
    "exclusion_zone_overlap": [
        0.00033567990044457255, 
        0, 
        0.053522777485310716, 
        0, 
        0.0012766869295949177, 
        7.101440369222534e-08, 
        0, 
        0.04583235799855807, 
        0.006028845410901596, 
        0.0014454661596334782, 
        0, 
        6.175878545261444e-05, 
        0.00989762998718923, 
        0.0024574284563835826, 
        0.17716505929311127, 
        0.005015848882257581, 
        0.02169696703905215, 
        0.031398714168580776, 
        2.0690406558286203e-05
    ]
}