{
    "match_id": [
        539514325, 
        495346667, 
        543297033, 
        501837158, 
        539323512, 
        485553574, 
        526784559, 
        563205064, 
        539511058, 
        574637452, 
        501786400, 
        501787135, 
        561918904, 
        502592260, 
        515920693, 
        563352720, 
        546389260, 
        501711996, 
        565146821
    ], 
    "fraction of match covered by td exclusion zone": [
        0.05537341358693178, 
        0.14415532260434355, 
        0.18681465928294813, 
        0.455865276807636, 
        0.029220870354663683, 
        0.48504237570204695, 
        0.02730169209051395, 
        0.12989347228074222, 
        0.8965774068825446, 
        0.5361426395039756, 
        0.30706610598329764, 
        0.6818768842188175, 
        0.7934403261514017, 
        0.5223686005787388, 
        0.864349227965451, 
        0.8853085268361293, 
        0.7212978218196107, 
        0.8208241527752417, 
        0.5986539356825646
    ], 
    "pearson_correlation": [
        0.9809178347540433, 
        0.9913321423970358, 
        0.9667796278003008, 
        0.9800550553205718, 
        0.8909541307507118, 
        0.9900486458789195, 
        0.9809528383181269, 
        0.9883790108352057, 
        0.9841377412687072, 
        0.9874355251811128, 
        0.9808351291883817, 
        0.9923578248275869, 
        0.9631968885659007, 
        0.9864978794483013, 
        0.9926348755844643, 
        0.9740160416695535, 
        0.9941120880004942, 
        0.9896890295579821, 
        0.9918352495546797
    ], 
    "fraction of match covered by td injection": [
        0, 
        3.2535786107101886e-06, 
        0.00046062129258162877, 
        0, 
        0.002952216119181946, 
        0.011321016158653451, 
        0, 
        0.016707792574148325, 
        0.3560121488348812, 
        0.03198034162611243, 
        0.0020461474798555888, 
        0.01896388893731365, 
        0.26419916792342735, 
        0.04422675637462013, 
        0.2220346537720276, 
        0.09937658955795896, 
        0.20231012580331198, 
        0.11076152401998544, 
        0.016478540210033647
    ], 
    "distance": [
        576.9294103678629, 
        577.0968855476383, 
        598.1028496686152, 
        501.11334269025934, 
        731.8813770983786, 
        479.92734988035954, 
        584.3048880331572, 
        518.5898946910539, 
        260.0865569041848, 
        503.0692477247304, 
        517.9109048688931, 
        422.6395262925013, 
        338.9245720066257, 
        442.5749270540144, 
        300.2269475375571, 
        324.35744721131744, 
        384.68245042382335, 
        404.1165648644971, 
        419.5216288278778
    ], 
    "dice_coefficient": [
        0.0, 
        8.13098428282506e-06, 
        0.00020639861382466715, 
        0.0, 
        0.001895525293802632, 
        0.0269784400762108, 
        0.0, 
        0.01691016523875869, 
        0.10666452808638809, 
        0.06970595095465729, 
        0.0024336519290563993, 
        0.0063783390797487695, 
        0.2966088018844783, 
        0.10847669165823058, 
        0.08649261896217889, 
        0.06934190491594293, 
        0.26310756439054606, 
        0.15996466996764003, 
        0.014476931112638241
    ], 
    "spearman_correlation": [
        0.79408399785303, 
        0.878997364046303, 
        0.7219638974628914, 
        0.673462720020453, 
        0.6073370509559195, 
        0.7567099351369346, 
        0.6032738953517401, 
        0.813000150997742, 
        0.6659636626927041, 
        0.7215260568610102, 
        0.8404211073563818, 
        0.8089936592964334, 
        0.6669012039638221, 
        0.7307894566169081, 
        0.7440609492951122, 
        0.7603130373604352, 
        0.817646747017584, 
        0.8352039302412314, 
        0.7111026788359
    ], 
    "injection_overlap": [
        0, 
        6.0321668653939415e-06, 
        0.0001134394196194779, 
        0, 
        0.0009703579392748021, 
        0.013980186976154706, 
        0, 
        0.01396978742873853, 
        0.05397226247759879, 
        0.043441064369906905, 
        0.00040696677307592866, 
        0.003764688759189088, 
        0.25856074457097517, 
        0.057575851039674365, 
        0.04473727435612239, 
        0.037293890629106666, 
        0.3261068250132138, 
        0.19935772021458867, 
        0.0105394478735826
    ], 
    "image_series_id": 561918178, 
    "source": "VISp", 
    "exclusion_zone_overlap": [
        0.005790048621358094, 
        0.019611640153401798, 
        0.016793429488496606, 
        0.008791370236931946, 
        0.0019032045890517823, 
        0.028902591444830872, 
        0.0007203618336054878, 
        0.033072279232840035, 
        0.03442557882466817, 
        0.0478953783013396, 
        0.061053062959813935, 
        0.045644575052935864, 
        0.14010487936367597, 
        0.04371265506474533, 
        0.04592482105837683, 
        0.03957250954062314, 
        0.2170602394260177, 
        0.2565794513171039, 
        0.07251011765938566
    ]
}