{
    "match_id": [
        539514325, 
        495346667, 
        543297033, 
        501837158, 
        539323512, 
        485553574, 
        526784559, 
        563205064, 
        539511058, 
        574637452, 
        501786400, 
        501787135, 
        561918904, 
        502592260, 
        515920693, 
        561918178, 
        546389260, 
        501711996, 
        565146821
    ], 
    "fraction of match covered by td exclusion zone": [
        0.011031291327533381, 
        0.05504773492337588, 
        0, 
        0.6858929243355634, 
        0.010985716812656351, 
        0.897445718531196, 
        0.7492743242395871, 
        0.1696340798643538, 
        0.8792691952675106, 
        0.7223677098807186, 
        0.6383327694766474, 
        0.9899889308000753, 
        0.03852705417193852, 
        0.9237719798493637, 
        0.9406951137786695, 
        0.7113068994664735, 
        0.8941563768629263, 
        0.7520689451040835, 
        0.4843426769709842
    ], 
    "pearson_correlation": [
        0.9556202668622915, 
        0.9546945735634454, 
        0.9223854402893212, 
        0.9372087260427531, 
        0.8581737999173348, 
        0.9665040606758712, 
        0.966119186215947, 
        0.9706059950534619, 
        0.9373015384419786, 
        0.9787313161167545, 
        0.9751255188775965, 
        0.9722441855418763, 
        0.9003385137840915, 
        0.9891119547898833, 
        0.9827026168746765, 
        0.9740160416695535, 
        0.9709935705459183, 
        0.9570206978363927, 
        0.9652106684379368
    ], 
    "fraction of match covered by td injection": [
        0, 
        0, 
        0, 
        0.08698304862318959, 
        4.0420077111897796e-06, 
        0.1682815808138318, 
        0.3117947282882604, 
        0.010959346745050873, 
        0.2427360537973438, 
        0.027737403491203412, 
        0.05233631895756471, 
        0.17332568180639382, 
        0, 
        0.3316831434173817, 
        0.4658098547852621, 
        0.037293890629106666, 
        0.11341355336189039, 
        0.029366991483163414, 
        0.002761667033074362
    ], 
    "distance": [
        784.3445666843785, 
        662.0577116201476, 
        909.2008269742206, 
        305.0970598251304, 
        742.1710541116005, 
        175.79116809062472, 
        271.09969576713263, 
        499.2832340643269, 
        114.57605338438822, 
        333.99364541855954, 
        307.285332126715, 
        190.9999239864824, 
        601.6419030542336, 
        131.32555843148998, 
        137.8951143274794, 
        324.35744721131744, 
        229.92962545194726, 
        338.8069382417771, 
        390.77471810491744
    ], 
    "dice_coefficient": [
        0.0, 
        0.0, 
        0.0, 
        0.06657911081460273, 
        0.00010894501296641143, 
        0.6070644337546739, 
        0.21558683187788952, 
        0.0283025591786091, 
        0.3954063592751538, 
        0.04244375655412231, 
        0.09954029496634467, 
        0.24544562730042127, 
        0.0, 
        0.6228374321399348, 
        0.6277851420832257, 
        0.06934190491594293, 
        0.2157884606527738, 
        0.05590052074178221, 
        0.005793048191924144
    ], 
    "spearman_correlation": [
        0.7357146365590673, 
        0.6575425529243379, 
        0.7400079945252975, 
        0.6363170034033867, 
        0.6230934025282048, 
        0.804389347367757, 
        0.7791349156380811, 
        0.8214865394302343, 
        0.5741269438789642, 
        0.7975236727996972, 
        0.7759705244225565, 
        0.7410913958320742, 
        0.646225666896097, 
        0.8619117371079483, 
        0.7779908671727346, 
        0.7603130373604352, 
        0.7830450924423049, 
        0.7022039315608793, 
        0.7180196261896966
    ], 
    "injection_overlap": [
        0, 
        0, 
        0, 
        0.040059254770845404, 
        7.163867830892486e-05, 
        0.4495641793058028, 
        0.12437451517506612, 
        0.1361563403155863, 
        0.22906348365209422, 
        0.08872131292439779, 
        0.3949872071437233, 
        0.41546495599715594, 
        0, 
        0.5647203233219973, 
        0.45693903170751415, 
        0.09937658955795896, 
        0.8170644196105986, 
        0.1774541720785618, 
        0.03288993773876224
    ], 
    "image_series_id": 563352720, 
    "source": "VISp", 
    "exclusion_zone_overlap": [
        0.0008434643544419327, 
        0.00957311902142557, 
        0, 
        0.030487975173321625, 
        0.0013247714117304516, 
        0.0885398391615708, 
        0.039057214262863314, 
        0.04535219320057849, 
        0.045022012408971, 
        0.08370845822253212, 
        0.23303518503489362, 
        0.10644109537148011, 
        0.008901853108685166, 
        0.13041867506895988, 
        0.07692568510216599, 
        0.16299232468508343, 
        0.3940589124590202, 
        0.308665567821774, 
        0.093110074060239
    ]
}