{
    "match_id": [
        475733382, 
        623286726, 
        607052300, 
        528511254
    ], 
    "fraction of match covered by td exclusion zone": [
        0.9308305129522103, 
        0.9397347886495188, 
        0, 
        0.6973054033441948
    ], 
    "pearson_correlation": [
        0.9429700290087201, 
        0.8907196125691736, 
        0.730049980430789, 
        0.9297477301278056
    ], 
    "fraction of match covered by td injection": [
        0.68851477058691, 
        0.5806138055893371, 
        0, 
        0.277069173250809
    ], 
    "distance": [
        200.7073185836897, 
        241.9784243828116, 
        1020.5435764846022, 
        434.85819478568567
    ], 
    "dice_coefficient": [
        0.7494684254338652, 
        0.7331837078191201, 
        0.0, 
        0.25068565243978
    ], 
    "spearman_correlation": [
        0.8960145212219653, 
        0.9216884624493656, 
        0.5433054282580113, 
        0.8841783204482099
    ], 
    "injection_overlap": [
        0.6343467373922675, 
        0.5196252612467186, 
        0, 
        0.19448880937892785
    ], 
    "image_series_id": 569932566, 
    "source": "ACAv", 
    "exclusion_zone_overlap": [
        0.13632619201403065, 
        0.13108615185249306, 
        0, 
        0.07884563300747464
    ]
}