{
    "match_id": [
        571652998, 
        573977678, 
        572753855, 
        657424207
    ], 
    "fraction of match covered by td exclusion zone": [
        0, 
        0, 
        0.26779254105844763, 
        0.7505562955590327
    ], 
    "pearson_correlation": [
        0.5828607032482767, 
        0.494072448432592, 
        0.9305109828472872, 
        0.9691151733247476
    ], 
    "fraction of match covered by td injection": [
        0, 
        0, 
        0.009175136849002572, 
        0.1746261343082631
    ], 
    "distance": [
        1240.012293333245, 
        1245.7662765381585, 
        404.9372860501635, 
        363.18451160761117
    ], 
    "dice_coefficient": [
        0.0, 
        0.0, 
        0.03880008580350868, 
        0.15407770982895588
    ], 
    "spearman_correlation": [
        0.30833614102284085, 
        0.3337819740529049, 
        0.7688276979898501, 
        0.768823653246903
    ], 
    "injection_overlap": [
        0, 
        0, 
        0.03507467541283975, 
        0.11576436936170756
    ], 
    "image_series_id": 569993539, 
    "source": "MOs", 
    "exclusion_zone_overlap": [
        0, 
        0, 
        0.10063843767526014, 
        0.23797832868005167
    ]
}