{
    "match_id": [
        475828414, 
        475830603, 
        521255975, 
        524063357, 
        525412369, 
        531443949, 
        555012592, 
        561307215, 
        561511939, 
        561512675, 
        561910766, 
        569904687, 
        570071403, 
        592522663, 
        592724077, 
        605496542, 
        616674416, 
        623838656, 
        664716091, 
        666090944, 
        868641659
    ], 
    "fraction of match covered by td exclusion zone": [
        0, 
        0.00014888657115330752, 
        0, 
        0, 
        0.17348113654926617, 
        0, 
        0.997725131634642, 
        8.087145071033542e-05, 
        0, 
        0, 
        0, 
        0, 
        0.9755884279657057, 
        0, 
        0, 
        0, 
        0, 
        0, 
        0, 
        0, 
        0.007844723010879396
    ], 
    "pearson_correlation": [
        0.919184317248689, 
        0.9569268077758999, 
        0.8175099132134709, 
        0.9342113661572999, 
        0.880722213143192, 
        0.5451341046298414, 
        0.9842050343191552, 
        0.4930723841868615, 
        0.8714441212642756, 
        0.8395197799315876, 
        0.9110260148724852, 
        0.657388594653831, 
        0.9723806935480208, 
        0.7711458442467283, 
        0.8630701756777744, 
        0.9217630664094322, 
        0.9067460450196785, 
        0.6672334555533171, 
        0.8189743092714868, 
        0.769302537898551, 
        0.8588062714136724
    ], 
    "fraction of match covered by td injection": [
        0, 
        0, 
        0, 
        0, 
        0.001456937143641818, 
        0, 
        0.8370450175956533, 
        0, 
        0, 
        0, 
        0, 
        0, 
        0.7691192009489334, 
        0, 
        0, 
        0, 
        0, 
        0, 
        0, 
        0, 
        0
    ], 
    "distance": [
        1119.612970171474, 
        725.7359432116161, 
        1091.1753919538849, 
        1037.2191431343963, 
        486.64469043120147, 
        1298.824628839064, 
        65.68879655396913, 
        738.5387942971744, 
        949.4485324559796, 
        1264.3399663078058, 
        1125.0020305385765, 
        916.790728474991, 
        115.15034956588546, 
        1078.045552670364, 
        902.5010376748387, 
        1142.5349445627528, 
        961.2326313439614, 
        1201.130256533163, 
        943.5231621680663, 
        945.1786830999072, 
        1040.4412028298848
    ], 
    "dice_coefficient": [
        0.0, 
        0.0, 
        0.0, 
        0.0, 
        0.0005406301393480717, 
        0.0, 
        0.9734816010867318, 
        0.0, 
        0.0, 
        0.0, 
        0.0, 
        0.0, 
        0.8449923724997463, 
        0.0, 
        0.0, 
        0.0, 
        0.0, 
        0.0, 
        0.0, 
        0.0, 
        0.0
    ], 
    "spearman_correlation": [
        0.5859186902832658, 
        0.7491996829035457, 
        0.6793587610570686, 
        0.6161817571390463, 
        0.8480645680846114, 
        0.7222432988982539, 
        0.9527985717705818, 
        0.812913532149219, 
        0.66926293748126, 
        0.5407959255460386, 
        0.4467895244702553, 
        0.7081544705295438, 
        0.8556685729254273, 
        0.40574807870344054, 
        0.6613754720020043, 
        0.6229818981878953, 
        0.4990498003874717, 
        0.5212573621722013, 
        0.7242613101434827, 
        0.8059940685336031, 
        0.21191456226490551
    ], 
    "injection_overlap": [
        0, 
        0, 
        0, 
        0, 
        0.0003057189550534898, 
        0, 
        0.7272694981791545, 
        0, 
        0, 
        0, 
        0, 
        0, 
        0.4732371458258722, 
        0, 
        0, 
        0, 
        0, 
        0, 
        0, 
        0, 
        0
    ], 
    "image_series_id": 571647261, 
    "source": "RSPv", 
    "exclusion_zone_overlap": [
        0, 
        0.00010063083719662648, 
        0, 
        0, 
        0.016431564438032058, 
        0, 
        0.19432682051599012, 
        1.3545219084806888e-07, 
        0, 
        0, 
        0, 
        0, 
        0.14132519408340802, 
        0, 
        0, 
        0, 
        0, 
        0, 
        0, 
        0, 
        0.00011856204678680214
    ]
}