{
    "match_id": [
        571652998, 
        569993539, 
        572753855, 
        657424207
    ], 
    "fraction of match covered by td exclusion zone": [
        0.9967589401942334, 
        0, 
        0, 
        0
    ], 
    "pearson_correlation": [
        0.9595237793298248, 
        0.494072448432592, 
        0.7069730898407846, 
        0.5343973244542757
    ], 
    "fraction of match covered by td injection": [
        0.5550899270944807, 
        0, 
        0, 
        0
    ], 
    "distance": [
        30.103580299839727, 
        1245.7662765381585, 
        904.8722109673561, 
        1457.2449343466335
    ], 
    "dice_coefficient": [
        0.8525938002284531, 
        0.0, 
        0.0, 
        0.0
    ], 
    "spearman_correlation": [
        0.8743308921645228, 
        0.3337819740529049, 
        0.6092696320900015, 
        0.34724587074229263
    ], 
    "injection_overlap": [
        0.9018920830439384, 
        0, 
        0, 
        0
    ], 
    "image_series_id": 573977678, 
    "source": "MOs", 
    "exclusion_zone_overlap": [
        0.3396634100057281, 
        0, 
        0, 
        0
    ]
}