{
    "match_id": [
        475828414, 
        475830603, 
        521255975, 
        524063357, 
        525412369, 
        531443949, 
        555012592, 
        561307215, 
        561511939, 
        561512675, 
        561910766, 
        569904687, 
        570071403, 
        571647261, 
        592724077, 
        605496542, 
        616674416, 
        623838656, 
        664716091, 
        666090944, 
        868641659
    ], 
    "fraction of match covered by td exclusion zone": [
        0, 
        0, 
        0.7074040706397391, 
        0, 
        0, 
        0.0021514410377684264, 
        0, 
        0.43147209198319914, 
        0.33688959799398144, 
        0, 
        0, 
        0.8963402150221197, 
        0, 
        0, 
        0.8766263324873812, 
        0, 
        0, 
        0.7880203849024967, 
        0.6731266318811857, 
        0.6512259099240374, 
        0.6507008157532053
    ], 
    "pearson_correlation": [
        0.7411081866057879, 
        0.7386457969932584, 
        0.9860337537977586, 
        0.7591455527702486, 
        0.6896593995322317, 
        0.34735397003238816, 
        0.7288821150317275, 
        0.3007710972029712, 
        0.9763096394146713, 
        0.6217027453596684, 
        0.705775981491361, 
        0.5198517861116675, 
        0.8515673289403336, 
        0.7711458442467283, 
        0.9455881984509745, 
        0.7019119600487467, 
        0.6913505795365691, 
        0.9776941611047495, 
        0.6511263103030853, 
        0.5796168277115998, 
        0.7243874017916689
    ], 
    "fraction of match covered by td injection": [
        0, 
        0, 
        0.041056781256505026, 
        0, 
        0, 
        0, 
        0, 
        0, 
        0.03771106508681048, 
        0, 
        0, 
        0.02309424791422196, 
        0, 
        0, 
        0.1824467336834344, 
        0, 
        0, 
        0.22087317855437016, 
        0.011862294679967359, 
        0.003883388849782232, 
        0.2303955081291261
    ], 
    "distance": [
        1548.6547091408017, 
        1325.4273331138902, 
        60.59252438188187, 
        1435.2522982661678, 
        1309.0733665797272, 
        831.8949881275936, 
        1130.032197616026, 
        797.7351698920631, 
        431.72205733522685, 
        1727.1748271882345, 
        1610.883158555023, 
        330.04548167739995, 
        1026.7875087851467, 
        1078.045552670364, 
        176.2703604582857, 
        1523.7965768116546, 
        1488.3167643098393, 
        199.36419294301075, 
        347.01221594245413, 
        460.4705611189653, 
        180.13373129062924
    ], 
    "dice_coefficient": [
        0.0, 
        0.0, 
        0.07452458552133213, 
        0.0, 
        0.0, 
        0.0, 
        0.0, 
        0.0, 
        0.06748632673512693, 
        0.0, 
        0.0, 
        0.04537328742614026, 
        0.0, 
        0.0, 
        0.22292391205159473, 
        0.0, 
        0.0, 
        0.3594099162644114, 
        0.02320409197960981, 
        0.007613441559474989, 
        0.32395266685031876
    ], 
    "spearman_correlation": [
        0.4999569633327595, 
        0.46690501427676545, 
        0.58387147720103, 
        0.5869472612574301, 
        0.3134951089554074, 
        0.2966093730878077, 
        0.4431181388892112, 
        0.36665542442203364, 
        0.6415765666997604, 
        0.3989001997601274, 
        0.4170725503844731, 
        0.38756627927706283, 
        0.47799432638715567, 
        0.4057480787034406, 
        0.5173783845629328, 
        0.4907461823643496, 
        0.5057287270455998, 
        0.7063866414184884, 
        0.40428068545682017, 
        0.38274965423753665, 
        0.27310358212921837
    ], 
    "injection_overlap": [
        0, 
        0, 
        0.27030659445930644, 
        0, 
        0, 
        0, 
        0, 
        0, 
        0.10141244771873839, 
        0, 
        0, 
        0.1900006986890499, 
        0, 
        0, 
        0.1804474514509027, 
        0, 
        0, 
        0.3107138032197768, 
        0.07746874252900239, 
        0.060937324834565806, 
        0.24482841971161778
    ], 
    "image_series_id": 592522663, 
    "source": "RSPv", 
    "exclusion_zone_overlap": [
        0, 
        0, 
        0.13842795910480654, 
        0, 
        0, 
        0.0006908105625297573, 
        0, 
        0.1759684322571778, 
        0.03919791664669728, 
        0, 
        0, 
        0.2962294655523816, 
        0, 
        0, 
        0.048946021426993884, 
        0, 
        0, 
        0.04385835653639179, 
        0.25921532452818485, 
        0.20675780821526174, 
        0.0387348234516967
    ]
}