{
    "match_id": [
        636799953, 
        571816813, 
        572390577
    ], 
    "fraction of match covered by td exclusion zone": [
        0.8677276025895087, 
        0.7401090449389234, 
        0.8027836484349916
    ], 
    "pearson_correlation": [
        0.9680765201778164, 
        0.7840551819911326, 
        0.8406393184287901
    ], 
    "fraction of match covered by td injection": [
        0.2704771223197094, 
        0.5848106590903035, 
        0.27784521185174255
    ], 
    "distance": [
        333.5004888168404, 
        248.67309054030392, 
        383.6705117103395
    ], 
    "dice_coefficient": [
        0.2508510592813366, 
        0.7029438722545399, 
        0.49099899166795635
    ], 
    "spearman_correlation": [
        0.680483875060809, 
        0.4250026558133422, 
        0.39271572596933413
    ], 
    "injection_overlap": [
        0.16387687089879882, 
        0.30065174535967826, 
        0.40669988076637464
    ], 
    "image_series_id": 601804603, 
    "source": "ORBl", 
    "exclusion_zone_overlap": [
        0.131770951456548, 
        0.10217924137194033, 
        0.27813617913053074
    ]
}