{
    "match_id": [
        572595932, 
        573331541, 
        595259180, 
        617901499
    ], 
    "fraction of match covered by td exclusion zone": [
        0, 
        0.045749012057428734, 
        0.21037936840557125, 
        0.8921079029081497
    ], 
    "pearson_correlation": [
        0.5077064716465594, 
        0.2927197692973061, 
        0.5992979932430832, 
        0.8350195856046643
    ], 
    "fraction of match covered by td injection": [
        0, 
        0, 
        0.06057709514498866, 
        0.3283094929114386
    ], 
    "distance": [
        855.6512369868464, 
        641.9289090951888, 
        441.147265574086, 
        217.1254933090649
    ], 
    "dice_coefficient": [
        0.0, 
        0.0, 
        0.04804214155363556, 
        0.5531691330054939
    ], 
    "spearman_correlation": [
        0.5189817842529724, 
        0.579591043321816, 
        0.7232677440202404, 
        0.8422892706330083
    ], 
    "injection_overlap": [
        0, 
        0, 
        0.0311590283449091, 
        0.27191176577719267
    ], 
    "image_series_id": 604100536, 
    "source": "RSPagl", 
    "exclusion_zone_overlap": [
        0, 
        0.007455011613334562, 
        0.019962248163424304, 
        0.20172886208290197
    ]
}