{
    "match_id": [
        475828414, 
        475830603, 
        521255975, 
        524063357, 
        525412369, 
        531443949, 
        555012592, 
        561307215, 
        561511939, 
        561512675, 
        561910766, 
        569904687, 
        570071403, 
        571647261, 
        592522663, 
        592724077, 
        616674416, 
        623838656, 
        664716091, 
        666090944, 
        868641659
    ], 
    "fraction of match covered by td exclusion zone": [
        0.9999004903751562, 
        0.8375555099225183, 
        0, 
        0.9999999999999998, 
        0.006846870078551202, 
        0, 
        0, 
        0, 
        0, 
        0.903969212009815, 
        0.9309010819113783, 
        0, 
        0, 
        0, 
        0, 
        0, 
        1.0000000000000002, 
        0, 
        0, 
        0, 
        0
    ], 
    "pearson_correlation": [
        0.9474725225002664, 
        0.9516020945810744, 
        0.7475275290749972, 
        0.9711938448045773, 
        0.7850387305092947, 
        0.4436599089399245, 
        0.9425406737030002, 
        0.35431324168946765, 
        0.7948422364005099, 
        0.9320724501250677, 
        0.966683777395469, 
        0.5115601753080086, 
        0.8769025609586303, 
        0.9217630664094322, 
        0.7019119600487467, 
        0.7942730286432939, 
        0.9700475975720619, 
        0.6081477474873425, 
        0.7421985131202701, 
        0.6540362174312652, 
        0.8069863289288646
    ], 
    "fraction of match covered by td injection": [
        0.9283817952064993, 
        0.410531047478011, 
        0, 
        0.9420441563849543, 
        0.002309367515919847, 
        0, 
        0, 
        0, 
        0, 
        0.7961295617959617, 
        0.8444802909609052, 
        0, 
        0, 
        0, 
        0, 
        0, 
        0.90172527270319, 
        0, 
        0, 
        0, 
        0
    ], 
    "distance": [
        64.16353852399729, 
        428.50501577454, 
        1499.650097642968, 
        146.21177440509837, 
        760.9435529761735, 
        2113.8202064362217, 
        1135.9668830087378, 
        1733.470900343458, 
        1187.3682776592295, 
        228.1501581935869, 
        167.0974731641815, 
        1595.3622184089743, 
        1173.5510721412868, 
        1142.5349445627528, 
        1523.7965768116546, 
        1425.2353189690098, 
        230.0286334887353, 
        1501.1445102522812, 
        1644.471305058412, 
        1706.170705173792, 
        1544.6255360146613
    ], 
    "dice_coefficient": [
        0.6472408557778283, 
        0.25563051164067435, 
        0.0, 
        0.8853819214224516, 
        0.00038142481530219365, 
        0.0, 
        0.0, 
        0.0, 
        0.0, 
        0.2551982191480767, 
        0.4820870066865972, 
        0.0, 
        0.0, 
        0.0, 
        0.0, 
        0.0, 
        0.4157053452931062, 
        0.0, 
        0.0, 
        0.0, 
        0.0
    ], 
    "spearman_correlation": [
        0.8402310364074858, 
        0.8206445061443837, 
        0.6140909152664508, 
        0.8931014922634873, 
        0.7025459753822435, 
        0.38928939582670097, 
        0.6652702981890254, 
        0.47585342919956575, 
        0.7263891385150075, 
        0.8870474003082839, 
        0.8606458039345897, 
        0.41765385144316475, 
        0.7055667409754913, 
        0.6229818981878953, 
        0.4907461823643496, 
        0.6711409171829146, 
        0.8566361705586898, 
        0.5747489995529698, 
        0.511781573146605, 
        0.48232753533381006, 
        0.35056950142173227
    ], 
    "injection_overlap": [
        0.35145590782867264, 
        0.15386484244469573, 
        0, 
        0.5391839925691808, 
        0.00019849945498279852, 
        0, 
        0, 
        0, 
        0, 
        0.13770350624551533, 
        0.2498268751419256, 
        0, 
        0, 
        0, 
        0, 
        0, 
        0.2391828835120204, 
        0, 
        0, 
        0, 
        0
    ], 
    "image_series_id": 605496542, 
    "source": "RSPv", 
    "exclusion_zone_overlap": [
        0.10242368920162961, 
        0.12538337736606497, 
        0, 
        0.16445180514357471, 
        0.0007226356950712413, 
        0, 
        0, 
        0, 
        0, 
        0.06164433559038357, 
        0.07419993069737661, 
        0, 
        0, 
        0, 
        0, 
        0, 
        0.07770339336384183, 
        0, 
        0, 
        0, 
        0
    ]
}