{
    "match_id": [
        528732005, 
        496964969, 
        607289053
    ], 
    "fraction of match covered by td exclusion zone": [
        0.999692698743459, 
        0.7459551052605016, 
        0.3126686030444574
    ], 
    "pearson_correlation": [
        0.7791117151228886, 
        0.8811672242914325, 
        0.7941900798224231
    ], 
    "fraction of match covered by td injection": [
        0.939157293695708, 
        0.32262099642934977, 
        0.013573054043355822
    ], 
    "distance": [
        206.1663444617844, 
        407.4384998127438, 
        575.1996607709809
    ], 
    "dice_coefficient": [
        0.49347219080562393, 
        0.5087867234583424, 
        0.008495194488750652
    ], 
    "spearman_correlation": [
        0.8134958262734917, 
        0.8672801604203262, 
        0.7915493608140659
    ], 
    "injection_overlap": [
        0.2588193129845725, 
        0.33348041490268177, 
        0.004613573769512248
    ], 
    "image_series_id": 607316031, 
    "source": "RE", 
    "exclusion_zone_overlap": [
        0.12296187944262287, 
        0.24891525821299537, 
        0.04681494791372621
    ]
}