{
    "match_id": [
        567301515, 
        477435412, 
        649362978, 
        607059419, 
        637855050, 
        475829896, 
        609475867, 
        528741104, 
        571401645
    ], 
    "fraction of match covered by td exclusion zone": [
        0.3357651566992885, 
        0, 
        0, 
        0.3463022281631397, 
        5.910594696975599e-07, 
        0.7957794929684247, 
        0.9774586593873378, 
        0.7154705624547336, 
        0.8235474470807562
    ], 
    "pearson_correlation": [
        0.8612022969431481, 
        0.9458270291381707, 
        0.8652474792137674, 
        0.8388231143064595, 
        0.940301558532685, 
        0.9662304875102744, 
        0.952307929790782, 
        0.9775397836833373, 
        0.9710174767146373
    ], 
    "fraction of match covered by td injection": [
        0.050333977926181356, 
        0, 
        0, 
        0.10035986041723745, 
        0, 
        0.40074692049893423, 
        0.4738253155014904, 
        0.20270086113134494, 
        0.4622398486391941
    ], 
    "distance": [
        460.0028507880561, 
        870.7759747232825, 
        997.4876850507542, 
        439.5211542717928, 
        816.1982878490717, 
        259.93345060276465, 
        95.79229063053764, 
        243.0765313447821, 
        138.62702611851284
    ], 
    "dice_coefficient": [
        0.11640553498680026, 
        0.0, 
        0.0, 
        0.1817486155890036, 
        0.0, 
        0.7097046697596665, 
        0.5621339611145656, 
        0.27078836505244525, 
        0.7520634630432127
    ], 
    "spearman_correlation": [
        0.7717370754748063, 
        0.7646317467319248, 
        0.7040073879218669, 
        0.7104307187165819, 
        0.6887695670414662, 
        0.8089075137000685, 
        0.7283480762123677, 
        0.7960678023257506, 
        0.7989566164016708
    ], 
    "injection_overlap": [
        0.13284653537049207, 
        0, 
        0, 
        0.2504799275082511, 
        0, 
        0.8966354190867367, 
        0.44328627492050976, 
        0.2625282087680105, 
        0.7086248835995111
    ], 
    "image_series_id": 607321130, 
    "source": "ACAd", 
    "exclusion_zone_overlap": [
        0.09298898116110942, 
        0, 
        0, 
        0.1505288336194535, 
        1.1570355903030254e-05, 
        0.40380785449886597, 
        0.21335356803132624, 
        0.14111070707447113, 
        0.31496598793038155
    ]
}