{
    "match_id": [
        575683857, 
        606260719, 
        609157409
    ], 
    "fraction of match covered by td exclusion zone": [
        0.7455844041004327, 
        0.8231457595770281, 
        0.5934303581732564
    ], 
    "pearson_correlation": [
        0.8721270088486691, 
        0.8503576687750634, 
        0.7735513953882858
    ], 
    "fraction of match covered by td injection": [
        0.3023830213383953, 
        0.3078155902046376, 
        0.19708686268644374
    ], 
    "distance": [
        260.826087296808, 
        270.7489163886431, 
        396.19615704674607
    ], 
    "dice_coefficient": [
        0.4132383304510927, 
        0.5470798663657623, 
        0.38075234660085294
    ], 
    "spearman_correlation": [
        0.762275641095088, 
        0.8882295928424772, 
        0.8591973534227033
    ], 
    "injection_overlap": [
        0.49817578225113035, 
        0.35106751363885685, 
        0.4554852266952846
    ], 
    "image_series_id": 614738437, 
    "source": "PL", 
    "exclusion_zone_overlap": [
        0.4290432997451866, 
        0.24190225829263143, 
        0.35691784669718485
    ]
}