{
    "match_id": [
        520615681, 
        479115470, 
        617900105, 
        521955016, 
        523177830, 
        526783792, 
        532005897
    ], 
    "fraction of match covered by td exclusion zone": [
        0.714300438312545, 
        0.517488491156359, 
        0.6308493017520934, 
        0.7954393401533313, 
        0.960000204950231, 
        0.9100964297709038, 
        0.8030218164371081
    ], 
    "pearson_correlation": [
        0.6781036291451236, 
        0.8916995259342406, 
        0.9503881875490191, 
        0.9174160788096283, 
        0.7142400233489689, 
        0.568152915320921, 
        0.916939361073075
    ], 
    "fraction of match covered by td injection": [
        0.44169821038429596, 
        0.22671101519379927, 
        0.26799484132108675, 
        0.36844049775473753, 
        0.5403637499096573, 
        0.6394999029538357, 
        0.3093901151910729
    ], 
    "distance": [
        106.77584058334037, 
        268.343056724416, 
        319.5825866240353, 
        297.85821256187785, 
        256.3416831562955, 
        247.49135590227263, 
        275.80745750048857
    ], 
    "dice_coefficient": [
        0.6731566874303941, 
        0.34060275339111024, 
        0.08083908122501694, 
        0.3240349846588376, 
        0.59711660372087, 
        1.0355571744183751, 
        0.36515112012042444
    ], 
    "spearman_correlation": [
        0.6475927627873722, 
        0.7361711534317569, 
        0.6325537511831574, 
        0.7341488553324631, 
        0.6673549176579052, 
        0.680142984486562, 
        0.657317982749498
    ], 
    "injection_overlap": [
        0.6679433444591655, 
        0.30421829623459923, 
        0.04421952042009503, 
        0.2317916026037639, 
        0.39614854542684363, 
        0.5932555920314168, 
        0.33438836561158375
    ], 
    "image_series_id": 617898760, 
    "source": "ORBvl", 
    "exclusion_zone_overlap": [
        0.555910097009263, 
        0.2406536855491125, 
        0.032669821840119594, 
        0.12226875992482784, 
        0.3302232459778289, 
        0.3725456578613303, 
        0.295401545419956
    ]
}