{
    "match_id": [
        100140949, 
        100148142, 
        159832064, 
        591535205
    ], 
    "fraction of match covered by td exclusion zone": [
        0.4612147996758182, 
        0.7039462750899355, 
        0.40950975468277445, 
        0.08692013973215526
    ], 
    "pearson_correlation": [
        0.9350103464186483, 
        0.9489348110961736, 
        0.9380348489716377, 
        0.8828534961645514
    ], 
    "fraction of match covered by td injection": [
        0.1572731251921638, 
        0.19879781761650434, 
        0.1695371848964579, 
        0.006880728809114663
    ], 
    "absolute_overlap": [
        301.6549312434432, 
        293.0673180850673, 
        308.45640540986517, 
        5.36861615702216
    ], 
    "distance": [
        691.3754406977442, 
        277.48873851023217, 
        307.571129984594, 
        760.7233399863579
    ], 
    "spearman_correlation": [
        0.8302281251444953, 
        0.8164430992092752, 
        0.8083207617874191, 
        0.782573858853003
    ], 
    "injection_overlap": [
        0.7835294645096227, 
        0.7612236864748925, 
        0.8011958603133494, 
        0.013944638416252358
    ], 
    "image_series_id": 475828414, 
    "source": "RSPv", 
    "exclusion_zone_overlap": [
        0.4797622927387807, 
        0.49816980395071675, 
        0.39902466164418937, 
        0.04856649964428417
    ]
}