{
    "match_id": [
        100140949, 
        100148142, 
        576341623, 
        166054929, 
        159832064, 
        591535205
    ], 
    "fraction of match covered by td exclusion zone": [
        0.6238334537205261, 
        0.22099380991504067, 
        2.293310557861252e-06, 
        1.0090211340735326e-05, 
        0.8418501910927134, 
        0.7834044116804725
    ], 
    "pearson_correlation": [
        0.9609041454798586, 
        0.9596716847559905, 
        0.7303075127233738, 
        0.8253579124554477, 
        0.9596038334732084, 
        0.9266351225131406
    ], 
    "fraction of match covered by td injection": [
        0.31636864879479015, 
        0.06122683288759724, 
        0, 
        0, 
        0.4391523635929587, 
        0.37443688677905956
    ], 
    "absolute_overlap": [
        1720.862250433295, 
        155.65446346351018, 
        0, 
        0, 
        1838.0823906866472, 
        1109.8917001462628
    ], 
    "distance": [
        363.86810797320504, 
        776.788259437538, 
        1448.0676779764128, 
        810.3085831953158, 
        333.7663853655727, 
        507.83855702378486
    ], 
    "spearman_correlation": [
        0.7802672701706576, 
        0.7578070863823119, 
        0.5378615949154522, 
        0.7574059660964126, 
        0.7999167722604289, 
        0.7826073375082612
    ], 
    "injection_overlap": [
        0.8503959266420544, 
        0.07691953359991173, 
        0, 
        0, 
        0.9083224281774107, 
        0.5484735228403991
    ], 
    "image_series_id": 475830603, 
    "source": "RSPv", 
    "exclusion_zone_overlap": [
        0.5640436718800261, 
        0.10769015023776078, 
        1.511208842318012e-06, 
        5.735990545437824e-05, 
        0.6160051112225619, 
        0.41264631734719115
    ]
}