{
    "match_id": [
        126861679, 
        100148503, 
        112229103, 
        116900714, 
        146077302, 
        100141599, 
        272916915, 
        294481346, 
        593018150, 
        518742338, 
        512314723, 
        559878074, 
        572588941, 
        511550172, 
        646525997, 
        576341623, 
        571100135, 
        575782182, 
        524667618, 
        502074651, 
        159753308, 
        656959718, 
        646525156, 
        597007143, 
        485237081, 
        562674923, 
        267493760, 
        298003295
    ], 
    "fraction of match covered by td exclusion zone": [
        0.577127333127946, 
        0.7018849773004667, 
        0.141980493790757, 
        0.08031382494215202, 
        4.164507367473569e-06, 
        0.20144177918753162, 
        0.0014919931948303143, 
        0.014583402252219657, 
        0.3593984690156629, 
        0.5066636144521943, 
        0.011459452730387525, 
        0.6772350103517313, 
        0.10570924025489961, 
        1.259353982504662e-08, 
        0.10373256712583877, 
        0.42121673721397024, 
        0.23550381497695438, 
        0.33213047485541536, 
        0.6254560480492474, 
        0.09790629922804574, 
        0.3814512877351664, 
        0.0037196676893260345, 
        0.34267020912701984, 
        0.2845550548585806, 
        0.008164952640046755, 
        0.4510893927789048, 
        0.0003419302737640058, 
        6.176791895636143e-07
    ], 
    "pearson_correlation": [
        0.7409811862341176, 
        0.7818807589747477, 
        0.8337776573808955, 
        0.6862685093774279, 
        0.5646295628213959, 
        0.5966708178507438, 
        0.3366171293350527, 
        0.5061718494582924, 
        0.39947314970188574, 
        0.4500037877953693, 
        0.5675522145833017, 
        0.715684166159578, 
        0.37617626813536453, 
        0.3023253145580843, 
        0.3721642954830749, 
        0.4573276240088236, 
        0.35242021143115304, 
        0.3637778982204692, 
        0.43255897496873874, 
        0.38372760129105565, 
        0.5605233040158253, 
        0.42784878507172863, 
        0.5517975607288615, 
        0.44300937786809824, 
        0.5622962560323549, 
        0.48474570571004544, 
        -0.07942634932936303, 
        0.09412018471935059
    ], 
    "fraction of match covered by td injection": [
        0.17948863988320604, 
        0.2545217432278589, 
        0.003362907806171172, 
        0.00898125236360449, 
        0, 
        0.1351220132760155, 
        0, 
        0.0033696847580454944, 
        0.09519260127561058, 
        0.18394070154848785, 
        0.0017874005712206636, 
        0.1741162817035521, 
        0.03654619434603136, 
        0, 
        0.013130347930716903, 
        0.08980048517690616, 
        0.07881752013914817, 
        0.07794527026823155, 
        0.18331096820618986, 
        0.05389602225245267, 
        0.2087669412742834, 
        0, 
        0.05677557824795247, 
        0.09591661401892722, 
        0.0022562588586526526, 
        0.09417902110715201, 
        0, 
        0
    ], 
    "absolute_overlap": [
        97.02092468484886, 
        75.59672131456566, 
        0.3786586635837921, 
        19.89406267060873, 
        0, 
        48.38535128649984, 
        0, 
        1.4362549553134158, 
        20.597443948728433, 
        95.55810688203798, 
        1.258718577266336, 
        61.89424966110154, 
        29.73259914372106, 
        0, 
        19.546462161497214, 
        51.38324476468168, 
        101.71620649985684, 
        53.409814804854655, 
        66.03919662931821, 
        21.166863002569457, 
        69.16946808834098, 
        0, 
        28.339350591713572, 
        91.52999361115154, 
        0.7138852868756658, 
        31.189169478959865, 
        0, 
        0
    ], 
    "distance": [
        576.1944116355173, 
        531.6013544000805, 
        484.66483264210535, 
        363.318042491699, 
        756.9015788066504, 
        295.4657340538831, 
        840.2975663418287, 
        1035.8088626768938, 
        697.6388750635962, 
        278.20855486487113, 
        873.0406634286859, 
        382.88379438153294, 
        573.9337940912698, 
        1293.9088066784304, 
        793.6623967405789, 
        500.49975024968796, 
        573.9337940912698, 
        401.9950248448356, 
        207.12315177207978, 
        387.0400496072726, 
        261.72504656604804, 
        822.8000972289685, 
        245.15301344262525, 
        394.3348830626071, 
        1007.8194282707592, 
        401.9950248448356, 
        2812.6499960002134, 
        2375.8366947246186
    ], 
    "spearman_correlation": [
        0.727821187794235, 
        0.7361501559534326, 
        0.675642171762322, 
        0.589995860097876, 
        0.6706771295779603, 
        0.7436409844640174, 
        0.5352516892414371, 
        0.6945159563904976, 
        0.508765876841582, 
        0.708770510511978, 
        0.6200768317573401, 
        0.5733158269155691, 
        0.6126798045834004, 
        0.6439046992957509, 
        0.5267370965145912, 
        0.5649753245684612, 
        0.6093372215621372, 
        0.6973143975917817, 
        0.7550792465730772, 
        0.6831714446406413, 
        0.7087802533188958, 
        0.7316075903026998, 
        0.7118922596869239, 
        0.747710021653405, 
        0.6013835230517893, 
        0.652098942990897, 
        0.21216213540522802, 
        0.3497239703905556
    ], 
    "injection_overlap": [
        0.6442242935448395, 
        0.5019664009735781, 
        0.0025143144206704947, 
        0.13209767389189914, 
        0, 
        0.321281402457423, 
        0, 
        0.009536812156167316, 
        0.1367681643913583, 
        0.6345111026155448, 
        0.00835796080943561, 
        0.4109812330889678, 
        0.19742609896612157, 
        0, 
        0.12978958733072082, 
        0.3411875805770176, 
        0.6754012238832473, 
        0.3546441174703776, 
        0.4385039096770751, 
        0.14054913832954002, 
        0.4592890848941016, 
        0, 
        0.18817485170100906, 
        0.6077642082246212, 
        0.004740237697212453, 
        0.20709780636600092, 
        0, 
        0
    ], 
    "image_series_id": 478678606, 
    "source": "VISam", 
    "exclusion_zone_overlap": [
        0.6135965037104684, 
        0.4622370019448751, 
        0.028932526466841444, 
        0.1359808265464961, 
        6.087501242450805e-06, 
        0.20710240685405812, 
        0.0010221389829417424, 
        0.011287630147687435, 
        0.33013702609200374, 
        0.6859151576902675, 
        0.011173825103105215, 
        0.5681586409830107, 
        0.3097284063250716, 
        6.436960906649515e-08, 
        0.33443928568263404, 
        0.5342239541962787, 
        0.7269823003997026, 
        0.5327336286979175, 
        0.5329168168370739, 
        0.07912016246436905, 
        0.4131914928037021, 
        0.0022070250111630315, 
        0.34154820006508696, 
        0.6565037027734358, 
        0.006511764768383867, 
        0.36274705617764885, 
        0.0010518886677286004, 
        4.8469395399669615e-06
    ]
}