{
    "match_id": [
        296047806, 
        485846989, 
        513775257, 
        187268452, 
        513773998
    ], 
    "fraction of match covered by td exclusion zone": [
        0.31995904094631744, 
        0.05101474334226966, 
        0.017543226101600425, 
        0.0076236064303558575, 
        0.027595839596885174
    ], 
    "pearson_correlation": [
        0.7687033335291286, 
        0.8576842719565231, 
        0.8533350117120058, 
        0.6446788974774215, 
        0.8697135852378212
    ], 
    "fraction of match covered by td injection": [
        0.22393576423947914, 
        0.028215454264064913, 
        0.007878855676704172, 
        0.003882398204099493, 
        0.010914758530039585
    ], 
    "absolute_overlap": [
        2767.2842470833557, 
        74.1398422313397, 
        17.233286833549755, 
        3.7119278267965683, 
        26.403955798830907
    ], 
    "distance": [
        455.411901469428, 
        1152.9960971312955, 
        890.0561780022653, 
        1497.6648490233054, 
        1358.050072714552
    ], 
    "spearman_correlation": [
        0.7732172927985567, 
        0.873046845456008, 
        0.9076290676296134, 
        0.8195010861485159, 
        0.9597273848886602
    ], 
    "injection_overlap": [
        0.9591628435755933, 
        0.025697462041280365, 
        0.005973194991025263, 
        0.0012865838604220281, 
        0.009151822170904034
    ], 
    "image_series_id": 478995566, 
    "source": "CLA", 
    "exclusion_zone_overlap": [
        0.8134300464284863, 
        0.03843439496854273, 
        0.024969735154017448, 
        0.005007983496491541, 
        0.02606339971765629
    ]
}