{
    "match_id": [
        307297141, 
        180296424, 
        100147853, 
        307321674, 
        126115436, 
        304586645, 
        626107114, 
        307558646, 
        307320960, 
        307743253, 
        113887868, 
        307557934, 
        309003780, 
        307137980, 
        304585910, 
        309004492, 
        309113907, 
        307296433, 
        127711098, 
        307593747, 
        174361040, 
        100141219, 
        272782668, 
        304762965, 
        309372716, 
        638314843, 
        120280939, 
        500836840, 
        512315551, 
        606929366, 
        522409371, 
        603468246, 
        500837552, 
        574941472, 
        530555292, 
        482578964, 
        266250195, 
        536298726, 
        479755622, 
        510417993, 
        479701339, 
        479984127, 
        535692871, 
        501115762, 
        603479758, 
        479983421, 
        546103149, 
        517072832, 
        121510421, 
        593016678, 
        503323656, 
        272930013, 
        482580380, 
        661987195, 
        584511827, 
        510417255, 
        593277684, 
        480069939, 
        523718075, 
        601476074, 
        580150240, 
        479756361, 
        503069254
    ], 
    "fraction of match covered by td exclusion zone": [
        0.14686044858342134, 
        0.00045699254955839925, 
        0.9337590358940416, 
        0.13414954762111392, 
        0.04757019437422448, 
        7.149873491851984e-06, 
        4.698089923691945e-05, 
        0.14247528513124158, 
        0.41345770460365466, 
        0.015879770631625587, 
        0.39238703029258615, 
        0.2475928914215372, 
        0.16204135733004724, 
        0.18026503856561393, 
        0.9652740974219963, 
        0.013331139429293985, 
        0.062059116328129556, 
        0.2789433504774312, 
        0.0515936292773974, 
        0.46247134500313347, 
        0.00016435367231048143, 
        0.2674492134683383, 
        0.09288992588517199, 
        0.021568264976206696, 
        0.055227164145571515, 
        0.13774704129648746, 
        0.08130387610447454, 
        0.0476166268797594, 
        0.3173989895234509, 
        0.1648782819673502, 
        0.7160889549488423, 
        0.0002612855856801499, 
        0.3539349803366683, 
        0.0882755024186617, 
        0.0246777444861359, 
        0.3926392617259747, 
        0.15967487086031446, 
        0.0018425960460437933, 
        0.6041629751565649, 
        0.02390963055216999, 
        0.3570492591178445, 
        0.2580264604565958, 
        0.9974418325768407, 
        0.17777597901921982, 
        0.4845533501017643, 
        0.007831803366253907, 
        0.2549067795680296, 
        0.6543537387333151, 
        0.9730250695915752, 
        3.8755750572545364e-05, 
        0.6469260275696306, 
        0.9893633627171944, 
        0.0007952499317424086, 
        0.010095777552880394, 
        0.1740378470691023, 
        0.49479394443560903, 
        0.18305968159847277, 
        0.18358299190355204, 
        0.001929749759900725, 
        0.435955537199223, 
        0.06870863583878452, 
        0.2878320750805317, 
        0.02645213644566454
    ], 
    "pearson_correlation": [
        0.9194046927094837, 
        0.8540384777393731, 
        0.9882813135743506, 
        0.8979435383700745, 
        0.8631164290946777, 
        0.9729823487301472, 
        0.5117042530257663, 
        0.9385967218616099, 
        0.9794453965020249, 
        0.9344784568026379, 
        0.983206860295497, 
        0.9863576305293893, 
        0.98341915922052, 
        0.9688549043894458, 
        0.9581402453305774, 
        0.8376257993093684, 
        0.9650316836607553, 
        0.9382717115830007, 
        0.9634898685932902, 
        0.9880801581802222, 
        0.9564567507143342, 
        0.9885923687184734, 
        0.9792185942861467, 
        0.9517213289181209, 
        0.9324254302995058, 
        0.48294467776175076, 
        0.951721328918122, 
        0.9578286739892266, 
        0.7258777807437408, 
        0.9242347953783575, 
        0.9295093130490709, 
        0.8537825919164794, 
        0.9853838928104605, 
        0.8712439092617437, 
        0.9105573696611584, 
        0.9901139362642359, 
        0.9833730496667753, 
        0.9402845228315779, 
        0.9871198879119331, 
        0.9026902342420485, 
        0.9718545902503878, 
        0.9350806317324565, 
        0.9875109500847583, 
        0.9524928144866601, 
        0.9782968059132354, 
        0.9723749537460186, 
        0.9365559678426708, 
        0.988679452798845, 
        0.9906550440711619, 
        0.8597044211545618, 
        0.9641930395061606, 
        0.9482372776996252, 
        0.8669808896243014, 
        0.8129238317603589, 
        0.8311362829443278, 
        0.7916068775020938, 
        0.8711823233328221, 
        0.9762179401244112, 
        0.471375976915043, 
        0.8930074286984224, 
        0.9277249436537025, 
        0.9708096228522869, 
        0.9597233961699676
    ], 
    "fraction of match covered by td injection": [
        0.003568667702546303, 
        0, 
        0.18922100967609753, 
        0.003366634722958554, 
        0.0017339213440667016, 
        0, 
        0, 
        0.00810845311623798, 
        0.0730991752926517, 
        0, 
        0.026365552838046785, 
        0.01453652747463256, 
        0.00023137814430080678, 
        0.004772256022705874, 
        0.2515586959648229, 
        0, 
        1.53498559119079e-05, 
        0.044465602475565406, 
        0, 
        0.06982653079186311, 
        0, 
        0.019397864909228128, 
        0.0005037909957478747, 
        0, 
        0.00018049807207124195, 
        0.011785815537576735, 
        0.06355967333114593, 
        5.547681907705446e-06, 
        0.06815085461414841, 
        3.724674070506906e-05, 
        0.012094896762041379, 
        0, 
        0.00707875214919119, 
        4.781826983509071e-08, 
        0, 
        0.011508383277378067, 
        0.001520814774832561, 
        0, 
        0.03359830791808315, 
        0, 
        0.00037411483421299023, 
        0.012870356640911237, 
        0.5344262086002226, 
        7.121124225471762e-09, 
        0.07564859117001953, 
        0, 
        0, 
        0.011250890893156736, 
        0.2843932538872517, 
        0, 
        0.24892484167798928, 
        0.3249999744469909, 
        0, 
        0.00159888630944077, 
        0.029077736173074676, 
        0.03351885512493496, 
        0.034967961997490485, 
        0.0033708996225930363, 
        0, 
        0.08312767791337719, 
        0, 
        9.581673402641356e-05, 
        0
    ],