{
    "match_id": [
        484504171, 
        204832205, 
        265286700, 
        159432479, 
        159331462, 
        266839077, 
        278067445, 
        305449231, 
        184158290, 
        176897793, 
        538833505, 
        170784358, 
        265947058, 
        278500868, 
        277849256
    ], 
    "fraction of match covered by td exclusion zone": [
        0, 
        0, 
        0, 
        0, 
        0, 
        0, 
        0, 
        0, 
        0, 
        0, 
        0, 
        0, 
        0, 
        0, 
        0
    ], 
    "pearson_correlation": [
        0.8324852924497622, 
        0.8320004164537556, 
        0.9296253934642261, 
        0.9241823507326907, 
        0.8577008917310658, 
        0.8872302211236618, 
        0.07928625689343811, 
        0.7622851049869703, 
        0.9376602508592211, 
        0.9144200222410862, 
        0.8254586972615873, 
        0.8079978005179603, 
        0.4865538990900073, 
        0.8640050901826544, 
        0.11672513774940317
    ], 
    "fraction of match covered by td injection": [
        1.3758887642765851e-10, 
        0.16070489180306252, 
        0.40389334933215604, 
        0.022854673377626835, 
        0.0007804540222810904, 
        0.0066532485779568695, 
        0.0002239087827996111, 
        0.003190458444138183, 
        0.1972008952219829, 
        6.424550864760654e-05, 
        0.5940070559097133, 
        0.3362988041644489, 
        0.26156761594249184, 
        0.03505395951636705, 
        0.002996958400497819
    ], 
    "absolute_overlap": [
        0.013775775202702789, 
        753.6729078593659, 
        859.6090291772474, 
        144.1591539145909, 
        2.2376870703071177, 
        21.3927773731329, 
        0.7474519933091415, 
        7.586873472445603, 
        857.5584683940838, 
        0.026909559105376957, 
        1048.5194091991018, 
        1127.2934116754534, 
        914.2708327697717, 
        106.79612740584533, 
        12.6464507722132
    ], 
    "distance": [
        1092.1538353180838, 
        660.0, 
        396.3584236521283, 
        788.7331614684398, 
        939.095309327014, 
        810.4936767180852, 
        755.9100475585703, 
        1011.2368664165681, 
        660.3786792439622, 
        1050.8092119885512, 
        250.19992006393608, 
        442.49293779675173, 
        384.0572873934304, 
        648.228354825674, 
        1111.125555461668
    ], 
    "spearman_correlation": [
        0.8521358703809983, 
        0.8820973666192046, 
        0.9494489437440736, 
        0.9160119922491877, 
        0.7587788158119724, 
        0.5730410966017536, 
        0.39851550683687015, 
        0.6011050437998973, 
        0.7454244212352336, 
        0.704366244598109, 
        0.6853308201344245, 
        0.6834916584645365, 
        0.7930035305474166, 
        0.8196514899504128, 
        0.45935744714591337
    ], 
    "injection_overlap": [
        1.1430029168070791e-05, 
        0.6253371003271836, 
        0.7132343648221867, 
        0.11961165958667033, 
        0.001856652573541349, 
        0.017750004320118362, 
        0.0006201754862826113, 
        0.006294976784137838, 
        0.7115329745760782, 
        2.2327385642445544e-05, 
        0.8699769888871824, 
        0.9353373140044016, 
        0.7585883285918138, 
        0.08861082830723895, 
        0.010493006678172847
    ], 
    "image_series_id": 496964969, 
    "source": "RE", 
    "exclusion_zone_overlap": [
        0, 
        0, 
        0, 
        0, 
        0, 
        0, 
        0, 
        0, 
        0, 
        0, 
        0, 
        0, 
        0, 
        0, 
        0
    ]
}