{
    "match_id": [
        307297141, 
        180296424, 
        146858755, 
        307321674, 
        626107114, 
        307558646, 
        307320960, 
        307743253, 
        100141796, 
        116903968, 
        307557934, 
        309003780, 
        304565427, 
        127222723, 
        112373830, 
        307137980, 
        309004492, 
        309113907, 
        307295727, 
        307296433, 
        114250546, 
        127138787, 
        304762965, 
        309372716, 
        638314843, 
        500836105, 
        579409876, 
        512315551, 
        287028480, 
        479981981, 
        603468246, 
        479673174, 
        500837552, 
        530574594, 
        530555292, 
        510834706, 
        495562600, 
        479700629, 
        518605900, 
        167794131, 
        479982715, 
        562520963, 
        299446445, 
        479673887, 
        482580380, 
        661987195, 
        479980810, 
        593277684, 
        480069939, 
        524666904
    ], 
    "fraction of match covered by td exclusion zone": [
        0.2680811403396782, 
        0.2402445853399542, 
        0.917429911889911, 
        0.22774400566225012, 
        0.021868470297227622, 
        0.10490418480333828, 
        0.03225237324008987, 
        0.6287105619266441, 
        0.062223577497388785, 
        0.9713911117363331, 
        0.012547506368535527, 
        0.0694492709352228, 
        0.3307088793113709, 
        0.022144208383100494, 
        1.1657660880733021e-09, 
        0.12528355292669047, 
        0.4929987961423816, 
        0.00018797618016394213, 
        0.5247989830294095, 
        0.0663021396393379, 
        0.03196118262778508, 
        0.025656701239041107, 
        0.018878364838054763, 
        0.04657475131115603, 
        0.1759491274091802, 
        0.6656195155953567, 
        0.009816332996209912, 
        0.20612347191715052, 
        0.005742734318229507, 
        0.5630499448086818, 
        9.1377406457926e-05, 
        0.38977389585005673, 
        0.0003802596270243849, 
        3.213922005038837e-05, 
        0.4644542848587881, 
        0.28315000099087984, 
        0.8584978371883734, 
        0.9998733088858904, 
        0.47353447441392893, 
        0.49256353387260166, 
        0.6999995676382905, 
        0.9987746912400361, 
        0.001114012677705722, 
        0.9648646040689316, 
        0.729642342348431, 
        0.18168802686951405, 
        0.7286745076128716, 
        0.000698819632480504, 
        0.06546210658657765, 
        0.8053087208002141
    ], 
    "pearson_correlation": [
        0.9453516012851744, 
        0.9137641555653814, 
        0.9717966620556482, 
        0.9428949052786296, 
        0.4935055658652654, 
        0.9606413437570119, 
        0.9645102055634516, 
        0.9665908164419854, 
        0.9532793563657119, 
        0.9745781371495826, 
        0.9584891899003692, 
        0.9622700185507528, 
        0.9493282590683262, 
        0.0020514643278521758, 
        0.8818322757564281, 
        0.9636164023296352, 
        0.922589941678697, 
        0.9602258397581004, 
        0.9702737644161181, 
        0.9549790480603845, 
        0.9476608913633202, 
        0.9468358980732939, 
        0.8683922519847601, 
        0.946505874678161, 
        0.4665028106718126, 
        0.9583552541851394, 
        0.7643515245742187, 
        0.8602501715903441, 
        0.8736320163926915, 
        0.9383010950883055, 
        0.8958277534863677, 
        0.9521382977126123, 
        0.9664185941297456, 
        0.9634809524403407, 
        0.9392569571915993, 
        0.818502487851394, 
        0.9798026263491725, 
        0.9855336396221915, 
        0.9145597372828055, 
        0.9562703581411505, 
        0.9540309902761439, 
        0.9537841873903165, 
        0.3997870251685927, 
        0.9809561471971017, 
        0.9444540591066852, 
        0.8490359684334171, 
        0.977680906087341, 
        0.8699972771958285, 
        0.9654384037064137, 
        0.8971087395580241
    ], 
    "fraction of match covered by td injection": [
        0.07336210720856944, 
        0.06450044255537515, 
        0.23734145504297727, 
        0.06185091071123206, 
        0.002170746891508823, 
        0.017212602737922654, 
        7.876426618504641e-05, 
        0.29619962078547224, 
        0, 
        0.4996050394135142, 
        0, 
        6.111460856919654e-09, 
        0.0552282310080501, 
        0.017332001698695493, 
        0, 
        0.00651339338038909, 
        0.18744958413875581, 
        0, 
        0.15842329377673614, 
        0.010900751962486016, 
        0, 
        0, 
        8.966096143902038e-05, 
        0.0003283994116340338, 
        0.04408143283078898, 
        0.17108298302923777, 
        2.8059425147569293e-05, 
        0.07945760499077104, 
        3.6031645208629086e-05, 
        0.17772914516909666, 
        0, 
        0.09433984924397194, 
        0, 
        0, 
        0.1157498596189149, 
        0.015447040325163376, 
        0.27443508221484525, 
        0.4347229370253222, 
        0.0680883014659409, 
        0.09529244958977719, 
        0.2930514436596946, 
        0.6320203118352051, 
        0, 
        0.3735719553675596, 
        0.3418100022701039, 
        0.07751103409880557, 
        0.23573879064933767, 
        0, 
        0.001826238272233231, 
        0.1554006999999444
    ], 
    "absolute_overlap": [
        1906.530152201374, 
        1906.993993651693, 
        962.0994111379587, 
        1971.5211134782496, 
        158.88488597057287, 
        1177.2428217187767, 
        0.6272769679831356, 
        6382.47217874666, 
        0, 
        4357.445917954405, 
        0, 
        0.0003618768250817084, 
        495.1873475098481, 
        1821.0049284349454, 
        0, 
        120.67896870664026, 
        6780.5487537391755, 
        0, 
        3199.2486905513015, 
        316.23086676452624, 
        0, 
        0, 
        1.440433126444514, 
        10.845310229434212, 
        2839.7973848518127, 
        1567.5419988319545, 
        7.975640100695273, 
        5378.312635657516, 
        0.17258645605755873, 
        1532.103035076738, 
        0, 
        3600.601347006731, 
        0, 
        0, 
        559.5518991207709, 
        119.89101832518699, 
        1162.0641583367233, 
        2273.130286035095, 
        701.8286234548359, 
        724.5096132643906, 
        1033.2316487276598, 
        2659.4519130013587, 
        0, 
        2133.032728077783, 
        3531.480890531012, 
        2524.0929561171683, 
        1978.825761525079, 
        0, 
        1.379289384219918, 
        444.06472655343686
    ],