{
    "match_id": [
        307297141, 
        180296424, 
        146858755, 
        307321674, 
        626107114, 
        307558646, 
        307320960, 
        307743253, 
        100141796, 
        116903968, 
        304565427, 
        127222723, 
        307137980, 
        309004492, 
        307295727, 
        307296433, 
        114250546, 
        127138787, 
        304762965, 
        309372716, 
        638314843, 
        500836105, 
        579409876, 
        512315551, 
        287028480, 
        479981981, 
        603468246, 
        479673174, 
        530555292, 
        510834706, 
        495562600, 
        479700629, 
        518605900, 
        167794131, 
        479982715, 
        562520963, 
        299446445, 
        479673887, 
        482580380, 
        661987195, 
        479980810, 
        593277684, 
        480069939, 
        524666904
    ], 
    "fraction of match covered by td exclusion zone": [
        0.12812796996887904, 
        0.19171751076343393, 
        0.21731421594397785, 
        0.1252940849047341, 
        0.004420551934670994, 
        0.011237723823901083, 
        0.0006224432246488515, 
        0.3216462467972829, 
        0.052167007156780576, 
        0.48026156593752334, 
        0.2472544924908889, 
        0.01464260354918509, 
        0.0026574096537443654, 
        0.330710288745524, 
        0.4204378030761592, 
        0.02037310715914966, 
        0.04704445609353108, 
        0.016547917909279543, 
        2.1804954581553555e-09, 
        0.00028095439178499326, 
        0.06670680157886742, 
        0.1919660743088096, 
        0.012613416450209749, 
        0.12424425059618892, 
        0.0018919521038134714, 
        0.4262950755800832, 
        0.0001468134026340833, 
        0.2643984116227739, 
        0.17791016654456204, 
        0.010029278254596775, 
        0.8868314724990047, 
        0.9853541771754775, 
        0.10602705962551803, 
        0.07233700516211465, 
        0.3936534495870179, 
        0.5964177601840838, 
        0.0025964425924494203, 
        0.9434671415102349, 
        0.5551300065245041, 
        0.1218194498966001, 
        0.7567731741962096, 
        0.0006021872720008874, 
        0.00021463571394566587, 
        0.09662724614237049
    ], 
    "pearson_correlation": [
        0.9336250717939717, 
        0.8839966002345714, 
        0.9736374674342606, 
        0.926067633106572, 
        0.49981411609927373, 
        0.9423949923944106, 
        0.9675679936064131, 
        0.9605953408811567, 
        0.9501937814976266, 
        0.9772936883116919, 
        0.9371051877678539, 
        0.0034119023644596023, 
        0.9598487838183397, 
        0.8925287656526758, 
        0.9590421228542847, 
        0.9611296558345026, 
        0.9486600080005128, 
        0.9331007113414602, 
        0.8817315004223862, 
        0.9288330714982821, 
        0.47439387475264005, 
        0.9437454146934231, 
        0.7556354484615159, 
        0.8188072444396437, 
        0.8833672650461725, 
        0.9105238764633451, 
        0.8759470953931195, 
        0.9356414055088194, 
        0.915748550374321, 
        0.8028265434058414, 
        0.9761965747753926, 
        0.9850604603770304, 
        0.8957984736315965, 
        0.9319406148643461, 
        0.9359007168852564, 
        0.9311330879877511, 
        0.4314410219218393, 
        0.9726063075915088, 
        0.9167529275251043, 
        0.8306446472962329, 
        0.9676557398182346, 
        0.8608560717550918, 
        0.9617073730501905, 
        0.8804032848129898
    ], 
    "fraction of match covered by td injection": [
        0.0039807225961005785, 
        0.01990550831360224, 
        0, 
        0.007196151595522646, 
        2.0919064046420915e-05, 
        3.960816952878389e-05, 
        0, 
        0.031361491161777895, 
        0, 
        0.032525939866503976, 
        0.015571941903532215, 
        0.0004727171219524395, 
        0, 
        0.02415143316381506, 
        0.04080844704778516, 
        0.0002404561802720884, 
        0.00048843869887546, 
        0, 
        0, 
        0, 
        0.0031181377800470595, 
        0.004478686262352936, 
        6.644815529553014e-05, 
        0.010132347967093567, 
        0, 
        0.04623289106276728, 
        0, 
        0.014820875849506737, 
        0.007493335072766708, 
        1.0701717911644256e-06, 
        0.09981477908623314, 
        0.128946543151495, 
        0.0011833970309976336, 
        0, 
        0.014757134466118971, 
        0.013558238708568057, 
        8.600618139206661e-08, 
        0.1198639643119033, 
        0.08827348169825856, 
        0.005455874604229558, 
        0.09919708599601762, 
        3.5174202974055476e-11, 
        0, 
        1.4595605694735602e-05
    ], 
    "absolute_overlap": [
        40.281556795070905, 
        135.4594601626066, 
        0, 
        82.61096228129219, 
        0.16064212645128495, 
        2.1314550074348517, 
        0, 
        139.29381810942843, 
        0, 
        54.08899506014225, 
        35.68605020391231, 
        5.889505870523408, 
        0, 
        151.54834864223506, 
        146.06866886530258, 
        0.7673068106935463, 
        1.0898722710553557, 
        0, 
        0, 
        0, 
        80.58041703520789, 
        3.9940598883126768, 
        1.9570053324569017, 
        126.03945633686106, 
        0, 
        107.85221716663767, 
        0, 
        71.52722687750298, 
        5.4079958952662315, 
        0.024450073135085404, 
        46.67661462480778, 
        91.31988397527974, 
        2.7829705159742844, 
        0, 
        4.056326556708022, 
        11.719064629475042, 
        0.00028879881210741587, 
        119.99443698322037, 
        143.82548062152404, 
        38.41547702981609, 
        135.06245246303126, 
        0.0033057781402021646, 
        0, 
        0.027719792175048497
    ], 
    "distance": [
        809.5677859203638, 
        511.9570294468082, 
        808.146026408594, 
        791.3279977354523, 
        2826.588049221181, 
        1157.3245007343446, 
        951.6827202382104, 
        618.869937870632, 
        633.5613624582862, 
        718.9575787207476, 
        487.64741360946437, 
        2188.446937899112, 
        662.3443213314356, 
        738.9181280764467, 
        568.6826883245172, 
        873.269717784832, 
        695.1978135753881, 
        513.9066063011838, 
        933.9164844888434, 
        1157.3245007343446, 
        3247.491339480369, 
        567.9788728465171, 
        1883.6135484753765, 
        686.0029154456998, 
        1840.5977290000117, 
        566.2155066756826, 
        1653.5416535424804, 
        552.3585791856591, 
        454.97252664309303, 
        936.2691920596341, 
        148.66068747318505, 
        456.7274898667695, 
        567.2741841473133, 
        933.0058949438637, 
        480.20828814171875, 
        622.2539674441618, 
        2283.72502723073, 
        461.51923036857306, 
        673.1270311018567, 
        698.9277502002622, 
        571.8391382198319, 
        1126.4990013311153, 
        850.0588214941364, 
        689.129886160802
    ],