{
    "match_id": [
        146553971, 
        112881858, 
        127397469, 
        158314278, 
        116903230, 
        120491896, 
        100149109, 
        139519496, 
        115958825, 
        180435652, 
        576332845, 
        182090318, 
        562671482, 
        642809043
    ], 
    "fraction of match covered by td exclusion zone": [
        0.043148058332171425, 
        0.5882305185637251, 
        0.00034548321769886967, 
        0.04542854341734261, 
        0.6604461098761403, 
        0.2331700009666259, 
        0.00019668772909643513, 
        0.03504334797029863, 
        0.0009492791040894854, 
        0.41839124904064645, 
        0.013540123076223888, 
        0.06087203907190479, 
        0.08441260995190732, 
        0.028629498954463015
    ], 
    "pearson_correlation": [
        0.2492622649578322, 
        0.9114800537839944, 
        0.20389395402889207, 
        0.6514291872716967, 
        0.8053561018920042, 
        0.6335164148405029, 
        0.6695816721097306, 
        0.5817407513282691, 
        0.7062223470934984, 
        0.8203123788965891, 
        0.7024214717707313, 
        0.6867029714720785, 
        0.778190811880483, 
        0.9018485581024853
    ], 
    "fraction of match covered by td injection": [
        9.735489694371462e-06, 
        0.18193312687404198, 
        1.7064171371378033e-11, 
        0.01464786695818527, 
        0.1814954420927293, 
        0.0795843955739499, 
        1.1445588512430469e-05, 
        0.007503387231539181, 
        6.454586606446769e-05, 
        0.13458324215066592, 
        0.0007742963784540953, 
        0.01160775003644261, 
        0.018736399145549698, 
        0.001791112599470606
    ], 
    "absolute_overlap": [
        0.013468312603862387, 
        136.1088064860651, 
        4.20368724007858e-06, 
        18.72890105027082, 
        123.49304303281025, 
        81.85671710335524, 
        0.05380347487516701, 
        8.263353875455095, 
        0.04991085519750982, 
        931.4783976832489, 
        3.370156496166739, 
        5.562944185886778, 
        29.261379100426268, 
        13.851918592167635
    ], 
    "distance": [
        968.8137075826291, 
        466.2617290749907, 
        1296.495275733776, 
        1519.4077793666847, 
        771.2976079309465, 
        1011.6817681464859, 
        1179.0674280973078, 
        1399.6428115772967, 
        1491.6098685648335, 
        492.1381919745713, 
        1288.9142717807108, 
        1264.9901185384808, 
        1640.883908142194, 
        1717.5272923595712
    ], 
    "spearman_correlation": [
        0.36396598838303745, 
        0.7953009851441399, 
        0.4210170492779402, 
        0.6687646183528538, 
        0.6702557120318761, 
        0.6571315853281728, 
        0.6606576061610172, 
        0.6125849765894923, 
        0.6617231178008472, 
        0.7082701623199075, 
        0.719759951549854, 
        0.7168749655893849, 
        0.7139682278927356, 
        0.6223685028899486
    ], 
    "injection_overlap": [
        1.1731530558077345e-05, 
        0.11855713996843192, 
        3.661608307148969e-09, 
        0.016313749276019106, 
        0.10756821961749714, 
        0.07130103126701354, 
        4.6865344471419264e-05, 
        0.007197767927832901, 
        4.3474690568248605e-05, 
        0.8113612750179384, 
        0.002935564022247649, 
        0.00484558471644725, 
        0.02548803054880772, 
        0.012065669325600005
    ], 
    "image_series_id": 521617657, 
    "source": "TEa", 
    "exclusion_zone_overlap": [
        0.019893092921156378, 
        0.1668551029887351, 
        0.00030804995862743835, 
        0.019351489499183767, 
        0.1344092242700346, 
        0.04890451099267875, 
        0.0002029362889007112, 
        0.012290939664377266, 
        0.00042420802027308993, 
        0.704048085730068, 
        0.010710142104817515, 
        0.012564095318700386, 
        0.030668757840260595, 
        0.022866211307974962
    ]
}