{
    "match_id": [
        307297141, 
        180296424, 
        146858755, 
        307321674, 
        626107114, 
        307558646, 
        307320960, 
        307743253, 
        100141796, 
        116903968, 
        307557934, 
        309003780, 
        304565427, 
        127222723, 
        307137980, 
        309004492, 
        309113907, 
        307295727, 
        307296433, 
        114250546, 
        127138787, 
        307593747, 
        304762965, 
        309372716, 
        638314843, 
        127795906, 
        500836105, 
        579409876, 
        512315551, 
        522409371, 
        287028480, 
        479981981, 
        603468246, 
        479673174, 
        500837552, 
        530574594, 
        530555292, 
        510834706, 
        495562600, 
        479700629, 
        518605900, 
        167794131, 
        479982715, 
        286417464, 
        562520963, 
        479673887, 
        503323656, 
        482580380, 
        661987195, 
        479980810, 
        593277684, 
        480069939, 
        524666904, 
        503069254
    ], 
    "fraction of match covered by td exclusion zone": [
        0.34171847769590263, 
        0.20431003080112295, 
        0.8299973230142444, 
        0.2856289880208051, 
        0.035259107342752456, 
        0.1373580392098974, 
        0.06261736699676944, 
        0.6979659952246287, 
        0.00010214382748985728, 
        0.919978041368025, 
        0.05882035602857706, 
        0.18851710935496194, 
        0.29480985877487303, 
        0.022144322271762315, 
        0.21455657853335294, 
        0.4633549084807036, 
        0.004982857896148328, 
        0.45540479688668173, 
        0.09861773851314735, 
        0.000698012540012348, 
        0.023836119052081814, 
        0.004712253077897279, 
        0.026887731736178398, 
        0.04939606717601152, 
        0.21599345059673555, 
        1.2759598057615185e-05, 
        0.4339641621970735, 
        0.002838507784589853, 
        0.20562994432396692, 
        7.406495180191894e-08, 
        0.005794561675824557, 
        0.5373894559811978, 
        0.00037198265321424325, 
        0.21306672755927272, 
        0.012140869465119334, 
        1.0666330176471104e-06, 
        0.637914716047129, 
        0.12629836339299164, 
        0.48636719738591216, 
        0.7713646738875208, 
        0.22751111479138203, 
        0.4155878144893674, 
        0.8442517381027749, 
        2.320761142356745e-06, 
        0.9990337014132163, 
        0.663582008038122, 
        0.0004973807825884921, 
        0.6790748350699651, 
        0.12520654313399623, 
        0.4844347512383557, 
        0.0009471027736707115, 
        0.13641392885166878, 
        0.5515120528283051, 
        0.00449947444553022
    ], 
    "pearson_correlation": [
        0.9636078261823955, 
        0.9501350559546218, 
        0.957185876911514, 
        0.9578860853987863, 
        0.5129068195734702, 
        0.9804955840955248, 
        0.9741048137929688, 
        0.9798437131987046, 
        0.9614430363375351, 
        0.9716272584791548, 
        0.9661688257448998, 
        0.9655913914616577, 
        0.9599708607311941, 
        0.03349578945811704, 
        0.975780298658521, 
        0.9499260030220186, 
        0.9735512179580317, 
        0.9865982594384344, 
        0.9548077052204137, 
        0.9550054551921067, 
        0.9624081070178792, 
        0.9497932699193198, 
        0.8761397127613707, 
        0.9738785681911407, 
        0.49345381065056126, 
        0.37197822393929786, 
        0.9605189022146299, 
        0.7916396671373549, 
        0.8626971665437407, 
        0.9179981717639996, 
        0.8926745113144617, 
        0.9562063919151028, 
        0.9208321408399097, 
        0.9600256230051526, 
        0.9641121340141974, 
        0.980442783278594, 
        0.9687325088419666, 
        0.7746529304944685, 
        0.9724900811185789, 
        0.9784195064869677, 
        0.9138983814029016, 
        0.9664579784221915, 
        0.976704928820819, 
        0.6814986792982994, 
        0.9719164934329461, 
        0.9915729455549452, 
        0.936770448309202, 
        0.9584583722916855, 
        0.8603270625968389, 
        0.990782889386881, 
        0.9007174328826564, 
        0.9765062866319733, 
        0.8823164393393734, 
        0.9815565094753509
    ], 
    "fraction of match covered by td injection": [
        0.07007796368986248, 
        0.03710896170495673, 
        0.12178333400125015, 
        0.05150155413008078, 
        0.003246280185572341, 
        0.012069255312071802, 
        0.0007749519910363753, 
        0.19703373696694992, 
        0, 
        0.31896737395147645, 
        0, 
        0.00015282049444521097, 
        0.018964851481152813, 
        0.009626976561160521, 
        0.00800619088991959, 
        0.10508208616705571, 
        0, 
        0.08885675759473012, 
        0.013878709039590825, 
        0, 
        0, 
        0, 
        1.0140172080504993e-05, 
        2.0030572015333775e-06, 
        0.035032000567641886, 
        0, 
        0.06843630629143417, 
        0, 
        0.044789601763926865, 
        0, 
        3.136315965378151e-06, 
        0.09683336792993207, 
        0, 
        0.0285510386663694, 
        0, 
        0, 
        0.15222109931108477, 
        0.0006064557791459666, 
        0.028706018480531916, 
        0.0569842012852323, 
        0.011712400800236295, 
        0.04220819259062337, 
        0.32806065747354457, 
        0, 
        0.454665627713997, 
        0.07750646325735756, 
        0, 
        0.1891107786876177, 
        0.04907579614510368, 
        0.04262861899244016, 
        0, 
        0.0002678093499564203, 
        0.05710893156311098, 
        0
    ], 
    "absolute_overlap": [
        1291.6054369577564, 
        844.934614560557, 
        279.7210549467155, 
        1185.3088521038437, 
        219.15327832754042, 
        607.2526522581761, 
        11.03305896246684, 
        2275.6358884646797, 
        0, 
        1508.5015140665673, 
        0, 
        3.890169024314673, 
        137.31768620407047, 
        551.1198367519133, 
        143.17643072379812, 
        2279.7217622329067, 
        0, 
        1361.0124345218744, 
        337.48452637791434, 
        0, 
        0, 
        0, 
        0.08948730731266608, 
        0.1599034895079967, 
        1464.0530981031393, 
        0, 
        398.3531116675624, 
        0, 
        1807.7823846700585, 
        0, 
        0.040913029484272556, 
        688.8975524066586, 
        0, 
        806.7433759266969, 
        0, 
        0, 
        612.0749055784488, 
        4.968917557517582, 
        137.556077671168, 
        247.815851043267, 
        81.17060633971589, 
        215.77322902856088, 
        734.6303166258472, 
        0, 
        1120.1164698383727, 
        376.0178699001792, 
        0, 
        1401.1476819649645, 
        1118.2464916613824, 
        322.2534420517445, 
        0, 
        0.8385843103465049, 
        115.59661354754553, 
        0
    ],