{
    "match_id": [
        112423392, 
        112306316, 
        157711748, 
        158435116, 
        126860974, 
        478376197, 
        496554237, 
        480994108, 
        287769286, 
        156741826, 
        478582494, 
        263106036, 
        167902586
    ], 
    "fraction of match covered by td exclusion zone": [
        0.44803608699633585, 
        0.021787401943788167, 
        0.07190471989216876, 
        0.4888276952789511, 
        0.5046724073756711, 
        0.34876147714476924, 
        0.6061906437736747, 
        0.47844961007145775, 
        0.38516505991323463, 
        0.10680474189578114, 
        0.9301376828609302, 
        0.13854287526079176, 
        0.6733043718145859
    ], 
    "pearson_correlation": [
        0.7611239158703069, 
        0.32179357758670374, 
        0.4225337277494284, 
        0.6058644907227299, 
        0.6760213134172804, 
        0.5156177384741996, 
        0.6889159546393966, 
        0.6319298977544214, 
        0.6348949293510653, 
        0.5123459515865693, 
        0.5194407327856528, 
        0.432669039020861, 
        0.7896843727343997
    ], 
    "fraction of match covered by td injection": [
        0.07966891081235862, 
        0, 
        3.6949166882246806e-05, 
        0.05981267717276467, 
        0.0691093943811366, 
        0.07855701144177242, 
        0.15542880346506094, 
        0.118814867197953, 
        0.05621274505885167, 
        0.0015993580003784839, 
        0.2832897239546013, 
        0.004854278218739791, 
        0.18969112628516044
    ], 
    "absolute_overlap": [
        25.023002514510864, 
        0, 
        0.15867956168096953, 
        22.11811116668622, 
        181.65669478933114, 
        237.72188217551218, 
        321.69935992530685, 
        401.620215952548, 
        43.779957802381404, 
        4.886242539843465, 
        376.63910151668205, 
        5.913215055211765, 
        456.05722395466637
    ], 
    "distance": [
        923.5799911215054, 
        1142.8910709249592, 
        793.7883848986454, 
        497.3932046178355, 
        381.051177665153, 
        689.6375859826667, 
        1554.6703830716015, 
        629.4441992742486, 
        687.386354243376, 
        671.7886572427374, 
        72.11102550927978, 
        837.2574275573792, 
        384.7076812334269
    ], 
    "spearman_correlation": [
        0.6513787742396874, 
        0.48597283193587965, 
        0.8240085337823723, 
        0.5703685667445041, 
        0.808441083120294, 
        0.7905791459720494, 
        0.837894400482774, 
        0.7499676448316205, 
        0.6586861317219127, 
        0.7218542923484412, 
        0.7626703178668219, 
        0.8024596173434743, 
        0.8049922936417201
    ], 
    "injection_overlap": [
        0.05379510261373849, 
        0, 
        0.0003411334550432411, 
        0.04755009152654512, 
        0.39053029431610814, 
        0.5110606945648027, 
        0.6915976637064315, 
        0.8634136018005933, 
        0.09411929367942541, 
        0.010504571490733895, 
        0.8097085512694413, 
        0.012712383755216926, 
        0.9804436995980361
    ], 
    "image_series_id": 523177830, 
    "source": "ORBvl", 
    "exclusion_zone_overlap": [
        0.1128878886160002, 
        0.006887005880269435, 
        0.02366054833720986, 
        0.09971877004439753, 
        0.30186165259506287, 
        0.3470993403013645, 
        0.3728548099235452, 
        0.5287171666840874, 
        0.20857459066312498, 
        0.07230314839304326, 
        0.5054208576191122, 
        0.08962759205609011, 
        0.7312375019225624
    ]
}