{
    "match_id": [
        484504171, 
        175740500, 
        168300739, 
        267929554, 
        268076421, 
        278510903, 
        166264185, 
        510124187, 
        506947040, 
        294356922, 
        301057735, 
        278067445, 
        183329222, 
        263106751, 
        301324895, 
        183071513, 
        301209502, 
        267610466, 
        301060890, 
        183225830, 
        278400363, 
        175739791, 
        182888003, 
        182805965, 
        183058837, 
        267928844, 
        268205344, 
        268399145, 
        573035760, 
        538834292, 
        480703321, 
        305125123, 
        167373923, 
        184157585, 
        168301446, 
        182185289, 
        181895006, 
        284665639, 
        265947058, 
        167571459, 
        514333422, 
        479267539, 
        553747363, 
        558697990, 
        267607635, 
        277849256, 
        264707643
    ], 
    "fraction of match covered by td exclusion zone": [
        0.18774413868790735, 
        0.3252223903960289, 
        0.49368678172426966, 
        0.0005635677485371364, 
        0.35216871098030217, 
        0.0014342308758586418, 
        0.00807026334812567, 
        0.5200568410769626, 
        0.22158887097528243, 
        0.4593191119118908, 
        0.08644417643659937, 
        0.031917214383147124, 
        0.6918814206035117, 
        0.4148940891034685, 
        5.076573884688832e-07, 
        0.09095724801765404, 
        0.5315865174894142, 
        0.23626945309308703, 
        0.7940951570324767, 
        0.20524655385364762, 
        0.7739772458788654, 
        0.37840409465541813, 
        0.03314333043558423, 
        0.04917660041979283, 
        0.012026923952634945, 
        0.4132733356503614, 
        0.007606371133039916, 
        0.9446875089284887, 
        0.009923311879233985, 
        0.0001411976802915618, 
        0.19469113002067934, 
        0.02665663803715965, 
        0.019881617329486095, 
        0.24198698097829652, 
        0.8748549667160486, 
        0.013501455868764672, 
        0.5760216575636375, 
        0.1043123965909845, 
        0.0039773950777717716, 
        0.01282565028603701, 
        0.0049290284804320034, 
        0.0023880700393135927, 
        0.399074020360871, 
        0.9869687005316695, 
        0.06459040932241059, 
        0.000900036689024454, 
        0.07921338969913463
    ], 
    "pearson_correlation": [
        0.9072996856917093, 
        0.49385054637064946, 
        0.5456605905691924, 
        -0.018821769347074874, 
        0.47606376146211177, 
        0.5183247154374762, 
        0.3130898416172095, 
        -0.05001695825144874, 
        0.8350715512287337, 
        0.5636014445042264, 
        0.6780553227243363, 
        0.18551402550080015, 
        0.8775831515820595, 
        0.1608108558883039, 
        0.3760597666884551, 
        -0.03428038069449607, 
        0.8336084516444286, 
        0.5216949125352224, 
        0.615774023751305, 
        0.7310975232176691, 
        0.3558654060634271, 
        0.6263940860435092, 
        -0.0687274178260059, 
        0.030028260021158753, 
        0.393330690426426, 
        0.5695817422612125, 
        0.05937804364239747, 
        0.7684489378803553, 
        0.6776090700456294, 
        0.13479525132384312, 
        0.48436794967640495, 
        0.8588159142133247, 
        0.7915696750829397, 
        0.6991645481928731, 
        0.9000884123163315, 
        0.18050938857167595, 
        0.6769494331601449, 
        0.6901347899294741, 
        0.540331682561794, 
        0.43356613514549713, 
        0.4514901603576281, 
        0.2687533653938814, 
        0.3097900508472367, 
        0.953881142014825, 
        0.264859450545021, 
        0.19876174840370367, 
        0.9373751403835116
    ], 
    "fraction of match covered by td injection": [
        0.03884312392340116, 
        0.035551248675338584, 
        0.1629914167620339, 
        0, 
        0.07198622575117589, 
        0, 
        0, 
        0.07287538616754087, 
        0.0693367245993911, 
        0.0959327351956116, 
        0.010969200491345336, 
        0.010312872496397037, 
        0.22309831800941277, 
        0.07441640278869587, 
        0, 
        0.0004434900194591654, 
        0.13448772219137128, 
        0.07330750769010529, 
        0.16113554333318822, 
        0.06953228620321988, 
        0.26225574234844606, 
        0.11571901542512975, 
        0.006807432614374374, 
        0.0008558041031768764, 
        0.0001797897750090377, 
        0.11219113260955203, 
        0, 
        0.5177577168882754, 
        0.001385620987046528, 
        0, 
        0.03812588068039997, 
        0.0029552764103143226, 
        0.0024081883212315838, 
        0.03540999855398689, 
        0.4726029821322371, 
        0.00014354753064184787, 
        0.15477522758239048, 
        0.06097443811908991, 
        0.0006895499735678611, 
        0.0007647728194604997, 
        0, 
        1.8887569017856546e-05, 
        0.06005240867636366, 
        0.6631626416371612, 
        0.016560404384986547, 
        0.00018432345971443467, 
        0.002102683531288634
    ], 
    "absolute_overlap": [
        211.27854409937964, 
        565.9864868544631, 
        1160.2523031280339, 
        0, 
        551.1356898414306, 
        0, 
        0, 
        182.8792101875239, 
        243.90617371079543, 
        475.11011023022786, 
        16.043577950132303, 
        49.0389797677431, 
        603.4569329840434, 
        440.4710371448085, 
        0, 
        0.18390927856034978, 
        677.1456203047801, 
        808.0667328814213, 
        151.54427475999282, 
        505.52360692276295, 
        574.3820152565304, 
        1019.057574193145, 
        23.875697660995456, 
        4.913449633940218, 
        0.2963844384788672, 
        673.684615429796, 
        0, 
        1190.2960731013366, 
        37.493561681490064, 
        0, 
        605.7550354371742, 
        87.5937819545512, 
        17.414615041385986, 
        176.33535492997532, 
        1309.0370420878726, 
        1.7423372518323959, 
        1592.6424592166045, 
        697.2491687472075, 
        32.50411896988294, 
        21.026735642077256, 
        0, 
        0.10655014160761311, 
        169.06855738538587, 
        1690.2652530010214, 
        51.35430618073865, 
        2.1612007535859448, 
        9.654956882958004
    ], 
    "distance": [
        667.3829485385434, 
        724.4998274671982, 
        751.3321502504734, 
        1581.8027689949213, 
        587.8775382679628, 
        1422.4275025462634, 
        1169.144986731757, 
        331.2099032335839, 
        920.2173656261873, 
        454.97252664309303, 
        1085.6334556377674, 
        1581.707937642092, 
        503.78566871239997, 
        421.54477816715985, 
        669.1786009728644, 
        934.826187052973, 
        564.0921910468181, 
        412.31056256176606, 
        391.27995093027704, 
        563.2938842203065, 
        323.88269481403296, 
        545.3439281774392, 
        784.6018098373212, 
        418.9272013130682, 
        900.9439494219382, 
        343.6568055487917, 
        1083.789647487002, 
        299.833287011299, 
        808.5171612278864, 
        788.5429601486529, 
        606.3827174318212, 
        815.3526844255804, 
        979.4896630388705, 
        540.0, 
        261.1512971440119, 
        819.1458966508958, 
        347.27510708370676, 
        873.4414691323054, 
        1629.018109168833, 
        703.9176088151227, 
        446.5422712353221, 
        485.4894437575342, 
        365.2396473549935, 
        202.23748416156684, 
        1236.8912644206039, 
        1587.5137794677562, 
        567.8908345800273
    ],