{
    "match_id": [
        157711748, 
        126860974, 
        478376197, 
        496554237, 
        480994108, 
        287769286, 
        478582494, 
        263106036, 
        167902586
    ], 
    "fraction of match covered by td exclusion zone": [
        0.14954646404499358, 
        0.8244815695303523, 
        0.3822158043172383, 
        0.4849328763048661, 
        0.20848880817332563, 
        0.01302122601786195, 
        0.5350183461132102, 
        0.21350505617544105, 
        0.3847430731488646
    ], 
    "pearson_correlation": [
        0.7684106800116145, 
        0.9047448590788039, 
        0.6823626907504752, 
        0.7886623916118046, 
        0.4177341482011216, 
        0.26610054524008075, 
        0.5344521991576943, 
        0.8383274434333721, 
        0.7858178990216371
    ], 
    "fraction of match covered by td injection": [
        0.0019192118814990629, 
        0.24621560280712645, 
        0.0985540177406492, 
        0.13784119727714533, 
        0.0686881429899159, 
        0, 
        0.246732667044103, 
        0.023797944014831613, 
        0.1579964410483734
    ], 
    "absolute_overlap": [
        3.1214363649651204, 
        1544.2993471845457, 
        1082.4081051985177, 
        763.0713126054097, 
        521.5604563980312, 
        0, 
        1383.3276103325813, 
        222.61949326149863, 
        1823.7499290095677
    ], 
    "distance": [
        983.5649444749441, 
        451.9955751995809, 
        680.2205524680948, 
        1087.0602559196063, 
        1215.7713600837947, 
        1118.3022847155414, 
        570.8765190476834, 
        1083.7435120913067, 
        962.6525853079085
    ], 
    "spearman_correlation": [
        0.9035879367200431, 
        0.8226087482681326, 
        0.7514989842454931, 
        0.80858053013603, 
        0.5683499929786456, 
        0.4287791054473561, 
        0.6129348388514092, 
        0.8958619731791718, 
        0.7058673191368882
    ], 
    "injection_overlap": [
        0.0013721007259622237, 
        0.6788330779886268, 
        0.4757979254678404, 
        0.3354259320287406, 
        0.22926415828596394, 
        0, 
        0.6080741672919326, 
        0.09785763110402472, 
        0.8016721499288177
    ], 
    "image_series_id": 524267323, 
    "source": "ORBm", 
    "exclusion_zone_overlap": [
        0.041594379625086636, 
        0.4760964316498503, 
        0.3282518301083907, 
        0.2664097882696509, 
        0.24379067375545635, 
        0.005297720113003591, 
        0.2503151848824678, 
        0.1728253234700327, 
        0.3976538901928897
    ]
}