{
    "match_id": [
        146553971, 
        180297139, 
        127397469, 
        114472145, 
        180435652, 
        286483411
    ], 
    "fraction of match covered by td exclusion zone": [
        0.9326485596759537, 
        3.692352118298645e-07, 
        0.23094174632950304, 
        0.5536067288931681, 
        0.24622720199220213, 
        0.7679106989241444
    ], 
    "pearson_correlation": [
        0.8569090885965416, 
        0.8278724396602722, 
        0.9111746853092783, 
        0.8827729921376353, 
        0.8021892855070119, 
        0.9373015539783336
    ], 
    "fraction of match covered by td injection": [
        0.05068640721829291, 
        0, 
        0.004587957396746859, 
        0.019156134736384105, 
        0.005303305512481541, 
        0.025177942151244193
    ], 
    "absolute_overlap": [
        38.7050049674879, 
        0, 
        10.679624342998217, 
        15.846364499064205, 
        13.146242460294104, 
        3.286806047944694
    ], 
    "distance": [
        745.3187237685634, 
        1370.3649149040557, 
        1051.9505691808909, 
        545.3439281774392, 
        1206.6896867049124, 
        307.89608636681305
    ], 
    "spearman_correlation": [
        0.5621503013084719, 
        0.5867919426794648, 
        0.502617151867842, 
        0.6417199896923179, 
        0.7059497073754577, 
        0.5365877742240442
    ], 
    "injection_overlap": [
        0.6429510240407761, 
        0, 
        0.17740536174764285, 
        0.2632330441645722, 
        0.21837976921161514, 
        0.05459901932901406
    ], 
    "image_series_id": 525413115, 
    "source": "ENTl", 
    "exclusion_zone_overlap": [
        0.3870075745584932, 
        1.121816101629768e-09, 
        0.10830710567171817, 
        0.27905046802101946, 
        0.3380528704632339, 
        0.1030369968096867
    ]
}