{
    "match_id": [
        157556400, 
        157711748, 
        286313491, 
        161458737, 
        263106036
    ], 
    "fraction of match covered by td exclusion zone": [
        0.7499371577711417, 
        0.002203494039189399, 
        0.9025477806859767, 
        0.0003621054927280041, 
        0.17134033959878986
    ], 
    "pearson_correlation": [
        0.7722227397022963, 
        0.6799612292193251, 
        0.8396789423708632, 
        0.43981498198251495, 
        0.6161041394229265
    ], 
    "fraction of match covered by td injection": [
        0.11584011672625533, 
        3.4637769619259083e-05, 
        0.11975772518339069, 
        0, 
        0.023464494377260354
    ], 
    "absolute_overlap": [
        73.00738288219856, 
        0.21150155236308166, 
        86.4222001575445, 
        0, 
        45.31627994086801
    ], 
    "distance": [
        458.3666654546336, 
        733.5529974037322, 
        262.8687885618983, 
        1415.9449141827517, 
        528.0151512977634
    ], 
    "spearman_correlation": [
        0.6577766467086861, 
        0.8139717483733139, 
        0.7708240674172729, 
        0.48376941284769776, 
        0.8196246589228422
    ], 
    "injection_overlap": [
        0.7952047517317726, 
        0.0023036990616298074, 
        0.9413204734551661, 
        0, 
        0.49359009619521743
    ], 
    "image_series_id": 529435133, 
    "source": "ILA", 
    "exclusion_zone_overlap": [
        0.4031361456782907, 
        0.0012409028981342203, 
        0.7375248096081837, 
        0.0019402094705458122, 
        0.2956118704424015
    ]
}