{
    "match_id": [
        146077302, 
        112595376, 
        272916915, 
        112424813, 
        523718823, 
        593018150, 
        501484658, 
        512314723, 
        249396394, 
        501006221, 
        572588941, 
        584895127, 
        482581199, 
        496113850, 
        646525997, 
        576341623, 
        571100135, 
        575782182, 
        524667618, 
        592540591, 
        166054929, 
        562521707, 
        584511827, 
        303784745
    ], 
    "fraction of match covered by td exclusion zone": [
        0.3401653694525275, 
        0.28495898267583775, 
        0.7325719459183543, 
        0.003816920243958135, 
        0.1479687578771907, 
        0.1283492456701102, 
        0.026718684204317056, 
        0.049598573156248486, 
        0.4765140454342547, 
        0.14116003407623573, 
        0.2796827870864833, 
        0.8412152861943895, 
        0.1818474913623474, 
        0.7111904586418178, 
        0.2634697631335846, 
        0.0026049795551911703, 
        0.1265746471556732, 
        1.9024842601284694e-05, 
        0.0029587243011754373, 
        0.4249733339352925, 
        0.27503244886200323, 
        0.9487537754179153, 
        0.033415875842710344, 
        0.3018271836501353
    ], 
    "pearson_correlation": [
        0.9315529405494468, 
        0.6142811210080035, 
        0.6555288520675486, 
        0.7576747408707636, 
        0.9483936426832996, 
        0.8730608051986085, 
        0.6206151418089443, 
        0.9419802347626802, 
        0.9683749564363258, 
        0.9233630401313246, 
        0.9132548660723017, 
        0.958152251281875, 
        0.9742294356133313, 
        0.943238988833694, 
        0.9647845852732383, 
        0.7301065836975599, 
        0.8749737941889236, 
        0.6519934547500739, 
        0.7890809876302229, 
        0.7912985410124976, 
        0.833337740786574, 
        0.9077363609068116, 
        0.800408329110164, 
        0.8843674511295321
    ], 
    "fraction of match covered by td injection": [
        0.025650147852562474, 
        0.10521864154445139, 
        0.3955582649554998, 
        0, 
        0.0020251151729461813, 
        0.021108769366808562, 
        0, 
        0.0007744202830832247, 
        0.2331492290230957, 
        0.006747838910847555, 
        0.09063669344029332, 
        0.0008639104634515259, 
        0.0070781341628552855, 
        0.35304883743423643, 
        0.0857689553752773, 
        0.00010366057066675632, 
        0.032010986860366186, 
        0, 
        0.0007807581196083114, 
        0.014035944538600326, 
        0.011474314971953635, 
        0.07164655388897498, 
        0.00025459145848516875, 
        0.11771057251019777
    ], 
    "absolute_overlap": [
        32.644208615645525, 
        427.2270277449208, 
        2193.9158556720295, 
        0, 
        0.8930013384274389, 
        92.07534762273252, 
        0, 
        8.014363106186316, 
        2989.1445652369816, 
        23.51502582028919, 
        1635.7849747632777, 
        2.0488324671030114, 
        75.47317982991218, 
        3071.4775796961712, 
        2264.0144412465734, 
        0.15188067499548197, 
        671.6290276806343, 
        0, 
        33.73912771451796, 
        205.25494165092317, 
        295.75158166635543, 
        239.08051719379694, 
        49.66227224475962, 
        966.3673954797814
    ], 
    "distance": [
        678.6015030929419, 
        1004.4401425669923, 
        697.065276713738, 
        695.8448102845921, 
        853.7564055396598, 
        860.9878047916823, 
        872.8115489611718, 
        821.8272324521743, 
        1073.3592129385204, 
        801.4985963805551, 
        921.1948762341224, 
        525.3570214625479, 
        1492.54815667703, 
        670.0746227100382, 
        756.3729238940273, 
        1039.855759228173, 
        921.1948762341224, 
        1041.2492496996097, 
        1545.6713751635566, 
        373.89838191679837, 
        700.9992867328754, 
        607.3713855624086, 
        868.3893136145792, 
        245.35688292770595
    ], 
    "spearman_correlation": [
        0.6745956798125329, 
        0.8261471656336495, 
        0.6632932643951649, 
        0.7358919929721209, 
        0.7437854216095944, 
        0.679152559569116, 
        0.5490226030051597, 
        0.6676357303434125, 
        0.9001777278596698, 
        0.7297483451941932, 
        0.679126148502475, 
        0.7407973167900331, 
        0.8943631137056985, 
        0.8675675570403577, 
        0.7748928336623934, 
        0.712617868260841, 
        0.6444613336523933, 
        0.5825298141757245, 
        0.557666944223553, 
        0.7053314254345686, 
        0.7451561629227106, 
        0.7587803069747356, 
        0.7432337256481107, 
        0.7193703050677
    ], 
    "injection_overlap": [
        0.004029378674190537, 
        0.05273399318395918, 
        0.27080202390253444, 
        0, 
        0.00011022600031291876, 
        0.011365153510013564, 
        0, 
        0.000989238372034218, 
        0.3689596371304241, 
        0.002902534556095853, 
        0.2019101510616332, 
        0.0002528939190143945, 
        0.0093158950446801, 
        0.37912226341889477, 
        0.27945451565476565, 
        1.8747115607978027e-05, 
        0.08290131070313768, 
        0, 
        0.004164528026987102, 
        0.02533527139218407, 
        0.036505559992451, 
        0.02951046995004874, 
        0.00612997248764586, 
        0.11928180647985007
    ], 
    "image_series_id": 536920234, 
    "source": "RSPd", 
    "exclusion_zone_overlap": [
        0.02461287551178115, 
        0.046922462466249, 
        0.11990290008073116, 
        0.0002424122799829061, 
        0.019666435031882614, 
        0.0190715099801479, 
        0.008451997978890421, 
        0.0186677799885427, 
        0.13318590343536776, 
        0.03833124490775784, 
        0.14424358071065674, 
        0.050513849281300344, 
        0.06085688025890627, 
        0.18714063134996908, 
        0.1529315425677351, 
        0.000928684289248176, 
        0.07920153796837771, 
        2.9107384930137462e-05, 
        0.007124517868524878, 
        0.12233990815768189, 
        0.10269234156314885, 
        0.15198835340604755, 
        0.03963737463478772, 
        0.06636190084838571
    ]
}