{
    "match_id": [
        307297141, 
        180296424, 
        100147853, 
        307321674, 
        126115436, 
        626107114, 
        307558646, 
        307320960, 
        307743253, 
        113887868, 
        307557934, 
        309003780, 
        304565427, 
        307137980, 
        304585910, 
        309004492, 
        309113907, 
        307295727, 
        307296433, 
        127138787, 
        127711098, 
        307593747, 
        100141219, 
        309372716, 
        638314843, 
        120280939, 
        500836840, 
        512315551, 
        606929366, 
        522409371, 
        479981981, 
        603468246, 
        479673174, 
        500837552, 
        574941472, 
        530555292, 
        482578964, 
        266250195, 
        479755622, 
        479982715, 
        535692871, 
        603479758, 
        286417464, 
        121510421, 
        593016678, 
        479673887, 
        503323656, 
        272930013, 
        482580380, 
        661987195, 
        584511827, 
        510417255, 
        593277684, 
        480069939, 
        601476074, 
        580150240, 
        503069254
    ], 
    "fraction of match covered by td exclusion zone": [
        0.35163749759668694, 
        0.19701927226042737, 
        0.6018185386259716, 
        0.3789769824914911, 
        0.00024310966557499638, 
        0.0030872262766386484, 
        0.04737816286536514, 
        0.751342067689322, 
        0.04135686915433817, 
        0.35464252732117857, 
        0.03884483410417529, 
        0.09100204708314898, 
        0.12079520218498425, 
        0.11423253705307776, 
        0.5598743859679841, 
        0.13231483143598627, 
        0.0011672967445072872, 
        0.09399563085718428, 
        0.5987066637478897, 
        0.04039034822173753, 
        0.02947772370408816, 
        0.09031922857133559, 
        0.03545648837508851, 
        0.003364349468799284, 
        0.026935254833556792, 
        0.05036821679431702, 
        0.0008029298498494303, 
        0.3121214869928219, 
        0.5598318688308896, 
        0.9806404624942588, 
        0.06318300057363792, 
        0.06106560119926465, 
        0.012125443799590426, 
        0.9487250199008356, 
        0.6869431287292245, 
        0.3816534699353466, 
        0.006400277116497318, 
        0.0018249035247962827, 
        0.01344265210243451, 
        0.004033573142020104, 
        0.8368060244364005, 
        0.9956738588961817, 
        0.0015611536144923565, 
        0.1490240928233861, 
        0.7011797604965204, 
        6.046699595049719e-05, 
        0.9803257524692395, 
        0.9563645889274915, 
        0.0065411422315994755, 
        0.03487045963822297, 
        0.1637028209863613, 
        0.02076958030498511, 
        0.2820177736410328, 
        0.8297632867307333, 
        0.5154594451173571, 
        0.6493973943826487, 
        0.0008426393124439183
    ], 
    "pearson_correlation": [
        0.9050730906670339, 
        0.8452566218857033, 
        0.9688920941039364, 
        0.8869088452930969, 
        0.847083754735758, 
        0.5311106518499902, 
        0.9200467444023207, 
        0.9685414334751224, 
        0.9120261595821899, 
        0.9825953173119945, 
        0.9679969957571732, 
        0.9615903991531887, 
        0.9065303123211516, 
        0.949283912378719, 
        0.9327214750555937, 
        0.8213549610856277, 
        0.9454799490577308, 
        0.9143673813247284, 
        0.9352155715741518, 
        0.8803268350512046, 
        0.9535720758112101, 
        0.9675696842908209, 
        0.969079183943225, 
        0.9177038744847655, 
        0.48911446234657163, 
        0.9268896395026276, 
        0.9360022182746807, 
        0.7142667275545443, 
        0.948650268085948, 
        0.9100770850723467, 
        0.8554194316914219, 
        0.8458177630046989, 
        0.9293250001599551, 
        0.9682539128739066, 
        0.8696043791138247, 
        0.9039450106404872, 
        0.9726787765545136, 
        0.962509714867845, 
        0.9720496012929447, 
        0.9029520350431903, 
        0.9798486643554194, 
        0.9797004014670468, 
        0.7325447972849677, 
        0.969748681176768, 
        0.8722950219901007, 
        0.9383329040410735, 
        0.9611952753992318, 
        0.9267196141388857, 
        0.8557001195588221, 
        0.8146080207071251, 
        0.8186521191791565, 
        0.8167960432460674, 
        0.8804460419320339, 
        0.9632839885809569, 
        0.8911368582528512, 
        0.9360681941025676, 
        0.9423132279012378
    ], 
    "fraction of match covered by td injection": [
        0.06891630526206162, 
        0.021740980037425313, 
        0.10850423845736469, 
        0.07111472345944135, 
        6.5009737232295e-07, 
        9.89851995157535e-05, 
        0.0014534292123208111, 
        0.1490147968466994, 
        0.0007663460896318572, 
        0.019264133478765343, 
        0.00045051770410686645, 
        0.004005457843819244, 
        0.004919968056024785, 
        0.011740390767445395, 
        0.19388822294853622, 
        0.017349157038280494, 
        0, 
        0.006997686976775798, 
        0.1131926675079754, 
        0.004381198723733713, 
        0, 
        0.012316391765545363, 
        3.871078553267374e-05, 
        0, 
        0.0016483024223052597, 
        0.0021748301912813454, 
        0, 
        0.04836068938487078, 
        0.0345239840146248, 
        0.46130404106794193, 
        0.0008703260289805351, 
        0.0025405882743654872, 
        0.0009864423793405116, 
        0.2668260871385419, 
        0.0830981435764341, 
        0.0605091238287561, 
        0, 
        0, 
        0, 
        2.683146233555145e-07, 
        0.3233971510268805, 
        0.3375491100814514, 
        0, 
        0.010454344160379108, 
        0.07601637231849806, 
        0, 
        0.5804052164634222, 
        0.03727890592339339, 
        0, 
        0.009523497061117908, 
        0.03463688811726188, 
        0, 
        0.02783581850183012, 
        0.21992257840555934, 
        0.1076257333876198, 
        0.06880808286493013, 
        0
    ], 
    "absolute_overlap": [
        619.2141796885282, 
        93.50319243505297, 
        250.68664619327416, 
        700.0413975386209, 
        0.004405145795317367, 
        3.6058998986213737, 
        25.287580834047937, 
        887.3766397448019, 
        2.197032074162962, 
        101.23903053340622, 
        4.207486690831087, 
        26.500699185792307, 
        4.801690422438071, 
        110.97691653697999, 
        592.0526243637676, 
        159.8331480030237, 
        0, 
        15.7659146010716, 
        962.1392003793077, 
        2.3322888060093874, 
        0, 
        144.23332912927916, 
        0.018529609573761263, 
        0, 
        120.79053298985569, 
        9.930838501747672, 
        0, 
        882.935316388869, 
        77.54479350468405, 
        508.4317024342795, 
        2.128968355137772, 
        7.913682125400218, 
        8.816424337580877, 
        668.3487032438804, 
        135.01494649631007, 
        93.57746331092575, 
        0, 
        0, 
        0, 
        0.00020562621648423374, 
        765.9231970596304, 
        791.9252565659194, 
        0, 
        26.269753495322362, 
        69.81453075387759, 
        0, 
        824.7600381368165, 
        73.1560814135722, 
        0, 
        219.82758585398886, 
        639.9274595984812, 
        0, 
        288.7504714749969, 
        651.9304905887152, 
        925.6393979441084, 
        19.75418025085425, 
        0
    ],