{
    "match_id": [
        307297141, 
        180296424, 
        146858755, 
        100147853, 
        307321674, 
        626107114, 
        307558646, 
        307320960, 
        307743253, 
        116903968, 
        307557934, 
        309003780, 
        304565427, 
        127222723, 
        307137980, 
        304585910, 
        309004492, 
        309113907, 
        307295727, 
        307296433, 
        114250546, 
        127138787, 
        307593747, 
        304762965, 
        309372716, 
        638314843, 
        127795906, 
        500836840, 
        500836105, 
        579409876, 
        512315551, 
        522409371, 
        287028480, 
        479981981, 
        603468246, 
        479673174, 
        500837552, 
        530555292, 
        495562600, 
        479700629, 
        518605900, 
        167794131, 
        479982715, 
        535692871, 
        603479758, 
        562520963, 
        479673887, 
        503323656, 
        482580380, 
        661987195, 
        584511827, 
        479980810, 
        593277684, 
        480069939, 
        524666904, 
        601476074, 
        503069254
    ], 
    "fraction of match covered by td exclusion zone": [
        0.5196451887587078, 
        0.20350367971684624, 
        0.03129368369255134, 
        0.04861794086293261, 
        0.4275943881676426, 
        0.060851287435930636, 
        0.2099627294169782, 
        0.14761639194401, 
        0.6180390074206445, 
        0.27757937533703303, 
        0.15160803579315152, 
        0.48098768466932246, 
        0.2719932928802885, 
        0.006159172828122997, 
        0.39435673137535077, 
        0.018309972329400098, 
        0.4140967767154461, 
        0.021724585923712944, 
        0.4518133855446538, 
        0.1789659186033438, 
        0.0002836252478650997, 
        0.01966754553547599, 
        0.03228102990814454, 
        0.0814159703423946, 
        0.04533979638329562, 
        0.3140102263608311, 
        0.0012815477781268848, 
        0.00028213132000603634, 
        0.007926277274445203, 
        0.004006901685560905, 
        0.20527660058456332, 
        0.07768969596721965, 
        0.005193434440961976, 
        0.5120334547598293, 
        0.00011672534337152794, 
        0.0772043249792827, 
        0.10645580157549614, 
        0.8043390798827212, 
        0.22281760834345957, 
        0.3002357014810528, 
        0.000283032529492671, 
        0.01673294977539654, 
        0.8558919303961844, 
        0.0005700933526134711, 
        0.0055051449879168395, 
        0.2994608180907876, 
        0.33308122429145226, 
        0.11896512793533612, 
        0.45084874547852194, 
        0.043863519427587615, 
        2.5571887718005678e-05, 
        0.300079240937694, 
        0.0006574915597864542, 
        0.3059235647288079, 
        0.00020686168440961462, 
        2.8928523519110933e-11, 
        0.019937638845104393
    ], 
    "pearson_correlation": [
        0.9636381967942568, 
        0.9264676744335535, 
        0.9086325099495303, 
        0.9486939856516494, 
        0.9450264038893004, 
        0.48805785337637125, 
        0.970718926012506, 
        0.9795747995541129, 
        0.9571596565548621, 
        0.9476954962123222, 
        0.9677827437811619, 
        0.9670366600353214, 
        0.9643301769455388, 
        0.0203952773982062, 
        0.9797395427371896, 
        0.9153942291503417, 
        0.9053432214126523, 
        0.968191820869249, 
        0.9605381351427381, 
        0.9393015491332193, 
        0.9139058540374326, 
        0.9240593473591286, 
        0.9598292743635467, 
        0.9088800060343707, 
        0.9682200027451284, 
        0.4968309516398403, 
        0.36523605399054127, 
        0.9337740414493776, 
        0.9203186696764581, 
        0.7463622112504338, 
        0.7810671972062094, 
        0.8890977560036627, 
        0.86776342265293, 
        0.9350720169074342, 
        0.8725225591673286, 
        0.9370891531023694, 
        0.960840248512471, 
        0.970695532140831, 
        0.9081889313639703, 
        0.9308125310070982, 
        0.8606660461631439, 
        0.9229704937500033, 
        0.9727795031773258, 
        0.9596671558909597, 
        0.9791035102544755, 
        0.932270297605131, 
        0.9625285117793227, 
        0.9373416528302698, 
        0.9231673723053503, 
        0.8148492198563057, 
        0.8242118951513299, 
        0.9713593458444696, 
        0.8885738524203924, 
        0.9810043819804501, 
        0.7975327967493003, 
        0.8896834904168882, 
        0.9681525566401229
    ], 
    "fraction of match covered by td injection": [
        0.05430769349457957, 
        0.023876857642526044, 
        6.52480200488723e-06, 
        0, 
        0.042756992619658346, 
        0.011002199643542435, 
        0.01802082347286779, 
        0.007219880063120746, 
        0.0674179558551346, 
        0.02659695860848412, 
        0.0035561011136969645, 
        0.03290680246815485, 
        0.013156536530388082, 
        0, 
        0.035144540854031896, 
        0, 
        0.038574309233711086, 
        0, 
        0.04867184284452596, 
        0.0195652540873077, 
        0, 
        0, 
        0, 
        0.0004845843327025926, 
        0.00018019905360550472, 
        0.037792091767621334, 
        0, 
        0, 
        8.783200553630359e-07, 
        0, 
        0.02228051370433664, 
        0, 
        1.0857495903123861e-06, 
        0.05041194953254324, 
        0, 
        0.00029747730513590806, 
        0.0018658499277063381, 
        0.210853920355188, 
        2.8791980072739482e-06, 
        3.0175081560163044e-06, 
        0, 
        0.001344787815503158, 
        0.05836137918118775, 
        0, 
        0, 
        0.024362103763367306, 
        0.007729640798247896, 
        9.307233266592257e-05, 
        0.0731199140049145, 
        0.006396935232635438, 
        0, 
        0.011706271194680663, 
        0, 
        0.02511774836834869, 
        0, 
        0, 
        0
    ], 
    "absolute_overlap": [
        362.23754049972433, 
        254.61794861004157, 
        0.02300041045236867, 
        0, 
        354.51476964938104, 
        216.93307679807054, 
        211.71873764677633, 
        34.54152749689905, 
        361.62890220981905, 
        66.68361824111334, 
        16.28196567933733, 
        75.38665422732143, 
        52.878244206118175, 
        0, 
        164.94084462205566, 
        0, 
        364.12729301887566, 
        0, 
        303.74234375357173, 
        195.1958302336273, 
        0, 
        0, 
        0, 
        4.160234872574518, 
        1.2577804069615013, 
        358.93010538152026, 
        0, 
        0, 
        0.01838604715612746, 
        0, 
        356.6589960609705, 
        0, 
        0.001766751055356508, 
        168.92822104052604, 
        0, 
        10.74129568110547, 
        5.480229375403042, 
        288.70113718674787, 
        0.016196507936570015, 
        0.1750555311722337, 
        0, 
        0.8482068990713696, 
        59.90964158949968, 
        0, 
        0, 
        33.41461482676172, 
        13.411858746176415, 
        0.023718036891978045, 
        253.71673984140926, 
        146.37978369937068, 
        0, 
        30.280821323510246, 
        0, 
        47.70366021377248, 
        0, 
        0, 
        0
    ],