{
    "match_id": [
        100140949, 
        112424813, 
        501484658, 
        584895127, 
        592540591, 
        166054929, 
        159832064, 
        591535205
    ], 
    "fraction of match covered by td exclusion zone": [
        0.0069611993760070575, 
        0.03580769482380978, 
        0.4178933509137277, 
        0.749484484200386, 
        0.6075319536388906, 
        0.5932858935665524, 
        0.06927317778998193, 
        0.06224149672401935
    ], 
    "pearson_correlation": [
        0.9478700525430793, 
        0.7570792960987998, 
        0.9118227893719649, 
        0.6225994562437158, 
        0.8497810121664389, 
        0.8353180827029004, 
        0.9790509857081582, 
        0.9193432084257098
    ], 
    "fraction of match covered by td injection": [
        0, 
        0.004794891367549292, 
        0.14136239570014844, 
        0.01982871719345903, 
        0.11155487679621885, 
        0.14993726617628705, 
        0, 
        0.00010747717773544388
    ], 
    "absolute_overlap": [
        0, 
        2.7460151137385083, 
        639.4985685385349, 
        113.27643446706794, 
        524.1265002710128, 
        682.986065025914, 
        0, 
        0.4702706506851655
    ], 
    "distance": [
        833.3666660000266, 
        484.66483264210535, 
        596.9087032369356, 
        434.1658669218482, 
        501.2983143797713, 
        327.566787083184, 
        1161.8519699169942, 
        865.2167358529307
    ], 
    "spearman_correlation": [
        0.7713582171912923, 
        0.9712319024126471, 
        0.8367768998146524, 
        0.8369623146382082, 
        0.9955126329138622, 
        0.9186003324730433, 
        0.756892138113063, 
        0.8453177064414479
    ], 
    "injection_overlap": [
        0, 
        0.0039822476793889994, 
        0.9273953656679232, 
        0.1642725183955041, 
        0.7600837770222391, 
        0.9904605618873035, 
        0, 
        0.0006819824836383213
    ], 
    "image_series_id": 555012592, 
    "source": "RSPv", 
    "exclusion_zone_overlap": [
        0.01474706529395675, 
        0.003614028376244509, 
        0.4483377043038591, 
        0.1601825307093318, 
        0.482266446210881, 
        0.6119552039830402, 
        0.03792324821054679, 
        0.03515499965912581
    ]
}