{
    "match_id": [
        307297141, 
        113887162, 
        180296424, 
        100147853, 
        307321674, 
        304586645, 
        626107114, 
        307558646, 
        307320960, 
        307743253, 
        307557934, 
        114008926, 
        309003780, 
        277712166, 
        277616630, 
        307137980, 
        304585910, 
        309004492, 
        309113907, 
        307295727, 
        307296433, 
        307593747, 
        100141219, 
        304564721, 
        272782668, 
        304762965, 
        309372716, 
        638314843, 
        127795906, 
        500836840, 
        512315551, 
        522409371, 
        479673174, 
        500837552, 
        294482052, 
        530574594, 
        530555292, 
        482578964, 
        266250195, 
        479755622, 
        479701339, 
        479984127, 
        596253012, 
        167794131, 
        479982715, 
        535692871, 
        603479758, 
        536299435, 
        479983421, 
        546103149, 
        517072832, 
        121510421, 
        503323656, 
        524874308, 
        482580380, 
        661987195, 
        584511827, 
        593277684, 
        480069939, 
        601476074, 
        479756361, 
        503069254
    ], 
    "fraction of match covered by td exclusion zone": [
        0.3207572667074366, 
        0.0012645853837041589, 
        0.017216245882086458, 
        0.6131593182550692, 
        0.2486543304165753, 
        0.31763550950519026, 
        0.041690690086275135, 
        0.5690064089519823, 
        0.21075985956061152, 
        0.33264927632226504, 
        0.8967383283151031, 
        0.04935999808503349, 
        0.9685521992741687, 
        5.93272864519553e-06, 
        0.0002123667906843648, 
        0.8783535615899711, 
        0.623455051647975, 
        0.1374346773218711, 
        0.4182589795571825, 
        0.05158306246612951, 
        0.16978620962887891, 
        0.6275011071604575, 
        0.6967816900408906, 
        0.02629159887532793, 
        2.8395458145244857e-05, 
        0.8861784137908931, 
        0.4153325749732375, 
        0.33901559055080616, 
        0.13342885236422436, 
        0.5315199374569285, 
        0.15382021539970772, 
        0.35899788863194915, 
        4.46932320244158e-07, 
        0.15167048244108527, 
        0.3210346748407301, 
        0.24215692884307535, 
        0.3361197848761496, 
        0.6643040752846843, 
        0.6211339750663505, 
        0.816009781772336, 
        0.17427639161952485, 
        0.005759573231697271, 
        0.3226900901374144, 
        0.0007451959336333956, 
        0.1550575163095425, 
        0.19018978867766553, 
        0.02338176633863428, 
        0.638627145504845, 
        0.4817786789322168, 
        0.03179877491597341, 
        0.8524193038984464, 
        0.8311755836257031, 
        0.2831897519471081, 
        1.8641222705896656e-09, 
        0.12731541090386203, 
        0.004027395744549681, 
        0.0010360613727268245, 
        0.0018917065033809057, 
        0.28766928855015106, 
        0.0014405539460153672, 
        0.5492315314884468, 
        0.8716152536908428
    ], 
    "pearson_correlation": [
        0.9162994643096286, 
        0.91531058382622, 
        0.8714604094123947, 
        0.9749129825405509, 
        0.8872069100185702, 
        0.9687167210164107, 
        0.5147681601540427, 
        0.9454232028498539, 
        0.9693564625752197, 
        0.931569615569266, 
        0.982228374846527, 
        0.8600313870087732, 
        0.9778808472536917, 
        0.9798436769941016, 
        0.9689173087171034, 
        0.9655389665193331, 
        0.9536300395915938, 
        0.8477202725709188, 
        0.9703298516640637, 
        0.9308171941879045, 
        0.9187105439550948, 
        0.9858250123322015, 
        0.9852787855606591, 
        0.931860089063772, 
        0.9886864855113481, 
        0.9493961903525292, 
        0.9413814986137431, 
        0.4708419574387584, 
        0.34145309513921146, 
        0.9502699921529709, 
        0.7377817853696762, 
        0.9001485717876124, 
        0.9543293209415168, 
        0.9718172198266916, 
        0.9818488746692766, 
        0.9460069431198198, 
        0.9140404174446914, 
        0.9911805260866355, 
        0.9826252266215854, 
        0.9827515811292429, 
        0.9709174792085489, 
        0.9543348245252912, 
        0.9826841202792592, 
        0.8877020453529088, 
        0.9283077926811134, 
        0.9742939288080298, 
        0.9774591150583795, 
        0.984357904613115, 
        0.9738527915212839, 
        0.9544204437079283, 
        0.9867319511124606, 
        0.9839129185839584, 
        0.9398080560848373, 
        0.2281569900138915, 
        0.8643645571640064, 
        0.8135006733230645, 
        0.8263305121863391, 
        0.8858480197983366, 
        0.9715449324481661, 
        0.8739255268055178, 
        0.9707552617608896, 
        0.9609081945704503
    ], 
    "fraction of match covered by td injection": [
        0.05857196678066074, 
        0, 
        0, 
        0.141071082620569, 
        0.04530768420045356, 
        0.03952740050006141, 
        0.004555623619773397, 
        0.13841859050825486, 
        0.030611615848372818, 
        0.09856898725711967, 
        0.26817650461419956, 
        0.004913478506363247, 
        0.30308958294450605, 
        0, 
        0, 
        0.28394610298996253, 
        0.13704787982280567, 
        0.014876510927012589, 
        0.12802406192870583, 
        5.437497262317391e-06, 
        0.025026890623875978, 
        0.22777779899363565, 
        0.21981925372097194, 
        4.724255748500596e-05, 
        0, 
        0.3552304317640502, 
        0.12227812344311255, 
        0.0777903431730282, 
        0.07783794683863049, 
        0.1516966946631894, 
        0.02680802148872622, 
        0.000941900416028662, 
        0, 
        2.5145097808170614e-05, 
        0.017147014853379574, 
        0.09252927294324519, 
        0.022773101885873837, 
        0.0879918266880459, 
        0.21968165435323656, 
        0.17564505218421234, 
        0, 
        0, 
        0.010081776062006923, 
        0, 
        9.457428065317204e-05, 
        5.675706785914702e-05, 
        1.7562617285329496e-07, 
        0.1594602161712649, 
        0.13172091899789543, 
        0, 
        0.0006022480197283876, 
        0.1906917264715363, 
        0.004020057833344723, 
        0, 
        0.034383632493920124, 
        4.363344753393352e-05, 
        0, 
        0.00018450846737558607, 
        0.012971441604232654, 
        0, 
        0.030323745318953092, 
        0.4832660288755637
    ],