{
    "match_id": [
        141603190, 
        146593590, 
        112514202, 
        139426984, 
        112458114, 
        139520203, 
        180916954, 
        584194481, 
        501483880, 
        526783054, 
        125833030, 
        478491090, 
        583747816, 
        182793477, 
        126117554, 
        478376911, 
        286482701, 
        161458737, 
        496576666
    ], 
    "fraction of match covered by td exclusion zone": [
        0.06787901812178831, 
        0.9126429603264022, 
        0.18528746807071045, 
        0.9972122210093803, 
        0.41347768766992893, 
        0.8284405476479534, 
        0.13740400862928073, 
        0.9685932096545934, 
        0.08827485746282454, 
        0.9999999999999999, 
        1.0000000000000002, 
        0.9665779551869772, 
        0.3126741005282435, 
        0.012722840508032504, 
        0.5504536831967202, 
        0.972518085876896, 
        0.02234550463780974, 
        0.37213627043764297, 
        0.9189388576325318
    ], 
    "pearson_correlation": [
        0.6393332249493309, 
        0.8687600756329519, 
        0.8946820379544898, 
        0.9027503910747507, 
        0.9520578112884317, 
        0.8448555537379747, 
        0.5374227505676573, 
        0.928360567958953, 
        0.7815404915921782, 
        0.9095850977850554, 
        0.9650228799962686, 
        0.6771845991786738, 
        0.8476623991294614, 
        0.33514076450609404, 
        0.6376385494474652, 
        0.9182274832737111, 
        0.817126591070069, 
        0.8144920994991632, 
        0.8746890358955257
    ], 
    "fraction of match covered by td injection": [
        7.852676690380036e-10, 
        0.23777037880877902, 
        1.2826190074338594e-06, 
        0.4565284157633917, 
        0.001636522519075826, 
        0.25168373934960797, 
        1.8349734589824113e-09, 
        0.20729572180499573, 
        0, 
        0.7841218768670173, 
        0.49468245065886834, 
        0.3641106528747987, 
        0.04199506014741065, 
        0.00011136954995027468, 
        0.11529821755416045, 
        0.4306506287750688, 
        0, 
        0.07754133501837505, 
        0.3099859848701206
    ], 
    "absolute_overlap": [
        9.458597560296766e-06, 
        872.9513100786829, 
        0.003878545993757143, 
        1344.5587197509185, 
        1.1592649843464642, 
        701.3333666033849, 
        0.008987797307781875, 
        346.50872169985263, 
        0, 
        1051.1663021567076, 
        1729.6292079958291, 
        1384.9819158033613, 
        270.53924961716586, 
        0.7765612606197578, 
        86.31908066284058, 
        1116.5331413515908, 
        0, 
        236.02841991704156, 
        1606.9110973129539
    ], 
    "distance": [
        816.5782265037441, 
        512.0546845796844, 
        679.1906948714771, 
        151.32745950421557, 
        766.9419795525604, 
        453.7620521815371, 
        773.2399368889323, 
        462.1688003316537, 
        910.8786966440701, 
        100.4987562112089, 
        500.89919145472777, 
        313.2091952673165, 
        1269.1335627111907, 
        937.923237797209, 
        381.18237105091833, 
        307.89608636681305, 
        939.8936110007345, 
        700.9279563550023, 
        133.79088160259653
    ], 
    "spearman_correlation": [
        0.6601205605731779, 
        0.793633057163213, 
        0.9060927004543049, 
        0.7435036611782327, 
        0.8789497949983598, 
        0.8200745331196343, 
        0.6566999710510116, 
        0.8387206000862388, 
        0.7429155073813261, 
        0.8132569450675499, 
        0.8238438137149595, 
        0.8051107621764682, 
        0.9098455313912583, 
        0.42801904552499204, 
        0.8155920327323932, 
        0.8850273174832952, 
        0.816642257121306, 
        0.894951863303801, 
        0.8336045212660848
    ], 
    "injection_overlap": [
        5.202258588745339e-09, 
        0.48012598289157343, 
        2.133212569753719e-06, 
        0.7395115505556186, 
        0.0006375994097436688, 
        0.38573557091604066, 
        4.943316960071984e-06, 
        0.1905808934196444, 
        0, 
        0.5781447924741643, 
        0.9513015375990672, 
        0.7617444362987519, 
        0.14879744337800774, 
        0.00042711115067457106, 
        0.04747576751079944, 
        0.6140967608767661, 
        0, 
        0.12981637783761418, 
        0.8838061883969431
    ], 
    "image_series_id": 571401645, 
    "source": "ACAd", 
    "exclusion_zone_overlap": [
        0.011030011415655568, 
        0.2414517351587752, 
        0.038571090435761235, 
        0.23436568109369413, 
        0.05345760199297674, 
        0.17252844649847449, 
        0.09781906925334119, 
        0.28154223250898214, 
        0.00569668481626728, 
        0.07566092865424164, 
        0.3259690266021763, 
        0.2839153567270389, 
        0.20873519673872867, 
        0.020560986718104714, 
        0.10551806223466774, 
        0.25429107815555363, 
        0.00405317343002903, 
        0.18628023051120624, 
        0.35056266538397957
    ]
}