{
    "match_id": [
        307297141, 
        272916202, 
        180296424, 
        307321674, 
        157062358, 
        307743253, 
        100141796, 
        304565427, 
        112373830, 
        309004492, 
        127089669, 
        307295727, 
        307296433, 
        114250546, 
        127138787, 
        640081415, 
        638314843, 
        579409876, 
        512315551, 
        232311959, 
        479981981, 
        603468246, 
        479673174, 
        530555292, 
        495562600, 
        648252402, 
        479700629, 
        590988082, 
        657172447, 
        166083557, 
        554334685, 
        576340889, 
        286417464, 
        299446445, 
        479673887, 
        298178204, 
        648050335, 
        482580380, 
        661987195, 
        479980810, 
        593277684, 
        642809043, 
        554421791
    ], 
    "fraction of match covered by td exclusion zone": [
        0.012784903200343763, 
        0.66286419782828, 
        0.3811973242974064, 
        0.03915827739883145, 
        0.03291533692153123, 
        0.003222224544369485, 
        0.7345777310795742, 
        0.3311795270867636, 
        0.7445531789480411, 
        0.18915727240152974, 
        0.07877308901053084, 
        0.33344339527694067, 
        0.023352455648452303, 
        0.9950309149723745, 
        0.42373035971031486, 
        0.002094865573012306, 
        0.01407037488096928, 
        0.13873200588289772, 
        0.027677875150053332, 
        0.0004886702074673037, 
        0.20156161779721604, 
        0.20722621502048288, 
        0.3884197562178809, 
        0.0010675977507743487, 
        0.6732768524093412, 
        0.02097819895186656, 
        0.244708401790335, 
        0.42211848031471894, 
        0.040966920182688396, 
        0.44983403949997264, 
        0.9439631246008922, 
        0.28408852025344217, 
        0.40256027490469015, 
        0.07596913381527524, 
        0.37779326000907754, 
        0.037496687617003435, 
        0.40109367370069476, 
        0.3468099438318628, 
        0.44579343919384135, 
        0.6110058217939328, 
        0.11874497601644093, 
        0.0003072403949678085, 
        0.00020351338639020992
    ], 
    "pearson_correlation": [
        0.9190895008455539, 
        0.7051382645077156, 
        0.9175634637768219, 
        0.9182802429547384, 
        0.9234055712854554, 
        0.927490977828641, 
        0.9723074637948891, 
        0.9243946907734701, 
        0.9643059479190931, 
        0.8943362412583999, 
        0.9201228819601621, 
        0.9494214264865498, 
        0.9545204792763597, 
        0.9867358954691842, 
        0.9550047428929518, 
        0.5682056066418956, 
        0.44194419923138006, 
        0.8080456509814221, 
        0.8115586754768245, 
        0.6455646842681398, 
        0.9076929101599928, 
        0.9200168870302879, 
        0.9248624740211713, 
        0.9229822372984183, 
        0.9598992763795232, 
        0.7179440757885422, 
        0.947158980745648, 
        0.9191185928710032, 
        0.8730469779556059, 
        0.8886100998078839, 
        0.8855503034218721, 
        0.8775525712068938, 
        0.7994727436594086, 
        0.5675461665006065, 
        0.9421948023641684, 
        0.7632757067813393, 
        0.8684701331443807, 
        0.9211077370654396, 
        0.8979568233076246, 
        0.9475234131376807, 
        0.9433323086022207, 
        0.2525594803246948, 
        0.6434520842278628
    ], 
    "fraction of match covered by td injection": [
        6.138089214949166e-05, 
        0.05620804083365007, 
        0.08354665268037847, 
        0.0007647330206242729, 
        0.0067077070548056264, 
        2.16606562400626e-05, 
        0.14234710220848626, 
        0.030614558287651434, 
        0.1650584459375226, 
        0.022586677098586458, 
        0.005829256783112469, 
        0.0489642107801029, 
        0.0014156548700276932, 
        0.3205555384804301, 
        0.05804955951902812, 
        0.0006517521424276561, 
        0.0004013284916361362, 
        0.02686600455508706, 
        0.0018937581112829474, 
        6.0178018456095625e-05, 
        0.008940086304989363, 
        0.05882916272259664, 
        0.05308830481655977, 
        0, 
        0.10314956153830407, 
        0.007281696478751807, 
        0.02817300055909501, 
        0.06014086412619098, 
        0.0042656763652652455, 
        0.061179167318221886, 
        0.18513251490515603, 
        0.016296277966288502, 
        0.09760126674265046, 
        0.015382764551528724, 
        0.03582991662468562, 
        0.00351282456085589, 
        0.013308880294251776, 
        0.08643572861244815, 
        0.1293304996388423, 
        0.08683640405197819, 
        0.043970185501941685, 
        0, 
        0
    ], 
    "absolute_overlap": [
        1.615181561326608, 
        97.45357226860297, 
        835.4047614964875, 
        11.867547360059461, 
        2.2779143996885978, 
        0.32463828607069445, 
        143.58953603654152, 
        57.03996986760774, 
        61.23160388891263, 
        112.18131443661471, 
        6.440102449108959, 
        122.25041940770535, 
        22.710647768241643, 
        310.50035145100577, 
        81.2279448271762, 
        2.4235339393914757, 
        6.054302828929394, 
        111.42959752995105, 
        34.60373600741116, 
        0.059096356217196444, 
        18.556599919338396, 
        1036.395427142605, 
        245.13441481455874, 
        0, 
        44.865772655421274, 
        2.019006666747373, 
        8.750540185282489, 
        5.4535272203603, 
        2.9364593633069234, 
        402.9030998566458, 
        229.29325930465666, 
        21.0691810321604, 
        19.61898014072508, 
        15.012969436874698, 
        12.52930446385335, 
        1.8406253562277755, 
        5.77473157123481, 
        78.06470549728566, 
        1089.1653820127387, 
        79.52245295620087, 
        744.7593732661833, 
        0, 
        0
    ], 
    "distance": [
        1164.6029366269004, 
        393.57337308308854, 
        635.1377803280167, 
        1382.2807240209927, 
        845.9905436823748, 
        1318.597740025365, 
        738.1734213584231, 
        684.3244844370249, 
        516.1395160225576, 
        751.3321502504734, 
        917.9869280115049, 
        634.5864795282042, 
        980.8669634563089, 
        427.3172123844299, 
        684.9817515817483, 
        1632.6665305566842, 
        2732.2335185704756, 
        1366.3454907160194, 
        1620.5246064160829, 
        910.9335870413386, 
        862.1484790916237, 
        1005.7335631269348, 
        808.0841540334769, 
        1042.928568982555, 
        875.0999942863673, 
        1116.4676439557038, 
        914.0568910084318, 
        660.9841147864297, 
        1154.036394573412, 
        614.9796744608719, 
        672.3094525588645, 
        987.2689603142601, 
        425.7933771208754, 
        1796.3017563872725, 
        1010.9896141899777, 
        891.2911982062877, 
        952.9428104561155, 
        1593.800489396336, 
        1462.5320509308506, 
        734.5066371381541, 
        820.0609733428363, 
        1591.2887858588083, 
        1486.1359291801002
    ],