{
    "match_id": [
        180709230, 
        180673746, 
        170721670, 
        112423392, 
        112306316, 
        158435116, 
        480994108, 
        287769286, 
        156741826, 
        167902586
    ], 
    "fraction of match covered by td exclusion zone": [
        0.01026056332169395, 
        0.44742836878073783, 
        0.5203433314473795, 
        0.36925863328715686, 
        0.9448960437113064, 
        0.5882504017661309, 
        0.2941946795725343, 
        0.7254937473898968, 
        0.8905742629565849, 
        0.20344282976877373
    ], 
    "pearson_correlation": [
        0.794614191760885, 
        0.7768739966906835, 
        0.7088860368901448, 
        0.8308336438955822, 
        0.8905729623834854, 
        0.5848135970020109, 
        0.6977870086690804, 
        0.9408434653941317, 
        0.9762023089583918, 
        0.6824562787753934
    ], 
    "fraction of match covered by td injection": [
        5.430971489099455e-09, 
        0.029513221135264743, 
        0.10584587803899918, 
        0.012290503211958619, 
        0.34190241159462703, 
        0.07704152814411401, 
        0.0712534610966993, 
        0.19113890945948236, 
        0.3460619904177902, 
        0.029285016827803226
    ], 
    "absolute_overlap": [
        0.0003180658786732238, 
        62.198109370870135, 
        433.49147093755204, 
        31.799696302526115, 
        1907.8383083746244, 
        147.16837665123307, 
        757.2522326933754, 
        989.3070782581341, 
        2159.4787812797854, 
        386.6497497886943
    ], 
    "distance": [
        1481.1482032531383, 
        901.1104260855047, 
        795.0471684120383, 
        673.5725647619564, 
        603.4069936618235, 
        469.5742752749558, 
        769.7402159170326, 
        383.40579025361626, 
        314.00636936215164, 
        617.4949392505173
    ], 
    "spearman_correlation": [
        0.8607108970509799, 
        0.769657474068095, 
        0.7405861144656508, 
        0.5744754971087963, 
        0.7366432474705081, 
        0.3755594157159137, 
        0.6534279881244746, 
        0.6311768445986042, 
        0.7864940605724352, 
        0.696671284497066
    ], 
    "injection_overlap": [
        1.4309034207138433e-07, 
        0.027981463410021605, 
        0.19501759547495814, 
        0.01430593385456928, 
        0.8582914876030618, 
        0.06620758392870658, 
        0.3406699312180463, 
        0.44506593675530703, 
        0.9714986052517858, 
        0.17394460917928384
    ], 
    "image_series_id": 572390577, 
    "source": "ORBl", 
    "exclusion_zone_overlap": [
        0.013708820087846147, 
        0.07414857188110088, 
        0.15612186078824072, 
        0.0657745031783322, 
        0.45708959571055346, 
        0.09838696684425494, 
        0.2142169769918581, 
        0.30234642929826927, 
        0.6159716649511953, 
        0.14426490638375467
    ]
}