{
    "match_id": [
        307297141, 
        100147853, 
        307321674, 
        126115436, 
        304586645, 
        307558646, 
        307320960, 
        307743253, 
        113887868, 
        307557934, 
        114008926, 
        309003780, 
        277616630, 
        307137980, 
        304585910, 
        309004492, 
        309113907, 
        307296433, 
        307593747, 
        100141219, 
        304564721, 
        272782668, 
        304762965, 
        309372716, 
        638314843, 
        127795906, 
        120280939, 
        500836840, 
        512315551, 
        657046319, 
        522409371, 
        502966396, 
        500837552, 
        294482052, 
        530574594, 
        530555292, 
        482578964, 
        266250195, 
        536298726, 
        479755622, 
        510417993, 
        479701339, 
        479984127, 
        596253012, 
        535692871, 
        501115762, 
        603479758, 
        536299435, 
        479983421, 
        501004474, 
        546103149, 
        517072832, 
        121510421, 
        503323656, 
        272930013, 
        482580380, 
        661987195, 
        584511827, 
        510417255, 
        593277684, 
        480069939, 
        523718075, 
        601476074, 
        479756361, 
        503069254
    ], 
    "fraction of match covered by td exclusion zone": [
        0.008653204304606527, 
        0.30907975321004855, 
        0.006088592280361604, 
        8.136085799725897e-09, 
        0.15490341014478046, 
        0.24511403289570824, 
        0.05313020592438461, 
        0.013500479151881866, 
        0.0005262459605062162, 
        0.45170448038636163, 
        0.0007914646695657673, 
        0.15332809378070927, 
        0.005844670239443273, 
        0.2519179830413712, 
        0.49510953167223853, 
        1.205665976400164e-10, 
        0.263961367929508, 
        0.02626100604149526, 
        0.7801740870289408, 
        0.8681025815671147, 
        0.0007608710247774066, 
        0.13691128948595493, 
        0.21741646048319244, 
        0.20526859326915503, 
        0.16888382151784112, 
        0.06178731589862035, 
        0.00451302914539051, 
        0.4276470830867997, 
        0.08991743130765535, 
        0.00282817657632005, 
        0.0029255694853501167, 
        4.194467622802573e-08, 
        0.0007971315166738246, 
        0.20669565125025297, 
        0.1007200935325788, 
        0.00020129642009916263, 
        0.9858067636190697, 
        0.7939562942983679, 
        0.0038445805996595453, 
        0.9948384882818969, 
        0.02143789465718773, 
        0.9144752360418177, 
        0.27964913746148623, 
        0.22109939823572156, 
        0.35467348898238266, 
        0.1830335198753852, 
        0.01095518476492416, 
        0.3366432044347711, 
        0.35859046695391944, 
        0.0011168696007987635, 
        0.5597801102425989, 
        0.9999999999999998, 
        0.9975161229748084, 
        0.1757723628825414, 
        0.012777968472523524, 
        0.00027894965605858757, 
        1.7895009110277773e-05, 
        0.05021862128650332, 
        0.006020141231740657, 
        0.0253596200401099, 
        0.008234041223742224, 
        0.0017241569547034583, 
        0.026241385658003977, 
        0.9083366740374121, 
        0.5369006666978196
    ], 
    "pearson_correlation": [
        0.8782502566202243, 
        0.9596912815723632, 
        0.8449746697445346, 
        0.9168755866176073, 
        0.9602473559370811, 
        0.9180451778147622, 
        0.9445330457729951, 
        0.8984548455821829, 
        0.9589559012587928, 
        0.9679537073706994, 
        0.8697431091025213, 
        0.9588069190249021, 
        0.9653863370351292, 
        0.9404766350742058, 
        0.9463177439179143, 
        0.8140712977064134, 
        0.9540101146123791, 
        0.8844935029359339, 
        0.9789107162120929, 
        0.9801512606312188, 
        0.9241324238809985, 
        0.9893679395915409, 
        0.9446506552898662, 
        0.9163537903519469, 
        0.49062814890727624, 
        0.3725872655476612, 
        0.9446506552898675, 
        0.9332131387212618, 
        0.7329300204003374, 
        0.9708159838995253, 
        0.8718350668664467, 
        0.8832613509399941, 
        0.9585378696938529, 
        0.9772046148602433, 
        0.9239592011408059, 
        0.8818648093426487, 
        0.9887689064604923, 
        0.9784774317662256, 
        0.9490754875144887, 
        0.9704116952330051, 
        0.9080329480970621, 
        0.9659999601212523, 
        0.9611433221193492, 
        0.966812654245611, 
        0.963658812335199, 
        0.9680970882809663, 
        0.963825609262056, 
        0.9707311931846485, 
        0.956843121139762, 
        0.9206514361253979, 
        0.9590777728518317, 
        0.9845250885879454, 
        0.9780518079511333, 
        0.9166810671771747, 
        0.9422508128836916, 
        0.8213103002200876, 
        0.7922307547787703, 
        0.8031899801055421, 
        0.7742808205553983, 
        0.8580690594863526, 
        0.9514004434923706, 
        0.5538789314638989, 
        0.8490889154356124, 
        0.962919854263297, 
        0.9441701264162115
    ], 
    "fraction of match covered by td injection": [
        0, 
        0, 
        0, 
        0, 
        0.002410713989322238, 
        0.021830967603798532, 
        0.00011312097012791095, 
        7.919144982850232e-05, 
        0, 
        0.03865475972509138, 
        0, 
        0.0035449867317221937, 
        0, 
        0.01362756184920843, 
        0.006483685908157769, 
        0, 
        0.023707797370908078, 
        1.6127710565795897e-05, 
        0.12072033181096437, 
        0.18393736198432778, 
        0, 
        0.004528969758243955, 
        0.0021638002909738357, 
        0.016995539549697736, 
        0.019871077318682512, 
        0.0020407280373490252, 
        0, 
        0.0379136712842341, 
        0.004731991405929343, 
        0, 
        0, 
        0, 
        0, 
        0.007017909241083867, 
        2.37840687268173e-08, 
        0, 
        0.4414850369874207, 
        0.19160844744534197, 
        0, 
        0.2159676902684993, 
        0, 
        0.24086273533490513, 
        0.030605707709811435, 
        0.0049417724284369375, 
        0.0004885815494223225, 
        0.004243942233081395, 
        0, 
        0.009181407834771158, 
        0.03941560328937937, 
        0, 
        0.11241225936256491, 
        0.8362424584177631, 
        0.2725575507143693, 
        2.4760285676543433e-05, 
        0, 
        0, 
        0, 
        0.007451681260390944, 
        0, 
        0.003285725193904293, 
        0, 
        0, 
        0.0001478694701903345, 
        0.1841338010550434, 
        0.022018215462610603
    ],