{
    "match_id": [
        112423392, 
        112306316, 
        158435116, 
        478376197, 
        496554237, 
        480994108, 
        287769286, 
        156741826, 
        478582494, 
        167902586
    ], 
    "fraction of match covered by td exclusion zone": [
        0.766423834220249, 
        0.214752653500672, 
        0.9187346009518833, 
        2.7939187193375683e-05, 
        0.00023861865475252153, 
        0.3406194853056795, 
        0.7534444231440549, 
        0.3224657869745937, 
        0.0037512656339727442, 
        0.34005606908349445
    ], 
    "pearson_correlation": [
        0.8425316042205127, 
        0.3165261612128993, 
        0.7171235975950223, 
        0.26463123322733034, 
        0.33337385988804574, 
        0.2966976028866452, 
        0.5210175891656127, 
        0.4367610115380493, 
        0.19853968269877992, 
        0.4263748503647305
    ], 
    "fraction of match covered by td injection": [
        0.16431142691075365, 
        0.035952035020178755, 
        0.18150979230053899, 
        0, 
        0, 
        0.04784869485230464, 
        0.11169235419592449, 
        0.05763448216486803, 
        0, 
        0.05091194269555116
    ], 
    "absolute_overlap": [
        55.55752890616122, 
        19.064925014465874, 
        55.035172987201726, 
        0, 
        0, 
        58.610524027633744, 
        64.87971315273548, 
        53.53032966314593, 
        0, 
        58.55537754534378
    ], 
    "distance": [
        977.4456506629921, 
        1039.5191195932857, 
        364.6916505762094, 
        809.9382692526635, 
        1827.8402556022231, 
        451.88494110780016, 
        497.69468552517213, 
        522.398315464359, 
        682.9348431585549, 
        417.1330722922842
    ], 
    "spearman_correlation": [
        0.8050558996336283, 
        0.36268187690881576, 
        0.8405653740763593, 
        0.5440279927086125, 
        0.5171094890415476, 
        0.7120286366391897, 
        0.8157769696747429, 
        0.720542818733423, 
        0.638029107731291, 
        0.6627319825264489
    ], 
    "injection_overlap": [
        0.8303153445357377, 
        0.2849280753409955, 
        0.8225086594048404, 
        0, 
        0, 
        0.875942800365046, 
        0.9696367430377065, 
        0.8000185572047203, 
        0, 
        0.8751186281719331
    ], 
    "image_series_id": 617900105, 
    "source": "ORBvl", 
    "exclusion_zone_overlap": [
        0.5205929080311316, 
        0.2614922398201573, 
        0.558905817850717, 
        3.342000485369148e-07, 
        0.00011689657055622965, 
        0.6991594188615587, 
        0.8473188445289512, 
        0.6092835756556471, 
        0.005342381943590906, 
        0.7686241920428024
    ]
}