{
    "match_id": [
        112595376, 
        272916915, 
        523718823, 
        249396394, 
        501006221, 
        572588941, 
        584895127, 
        482581199, 
        496113850, 
        646525997, 
        571100135, 
        592540591, 
        166054929, 
        562521707, 
        584511827, 
        303784745
    ], 
    "fraction of match covered by td exclusion zone": [
        0.6538602836826273, 
        0.07847714921720453, 
        0.09834090671289546, 
        0.5299615008232765, 
        0.030208587542007198, 
        0.12813214942071913, 
        0.0005903119278030791, 
        0.11473869186264449, 
        0.5469555497870202, 
        0.2437158737403119, 
        0.013499602698732153, 
        0.13314513448622864, 
        0.02152151732833979, 
        0.17383394214114056, 
        0.00034901213711388594, 
        0.5717005108929795
    ], 
    "pearson_correlation": [
        0.8738278553576464, 
        0.9486195581446887, 
        0.7181529565629107, 
        0.8909039274123949, 
        0.8551629864112273, 
        0.8247718297934725, 
        0.8545383343305669, 
        0.7787650863874536, 
        0.8295252077868099, 
        0.7900985233799912, 
        0.7506933139237386, 
        0.8469047777888543, 
        0.9287961592095767, 
        0.7253450091127747, 
        0.48663328155782426, 
        0.9615356958814714
    ], 
    "fraction of match covered by td injection": [
        0.3369629922949803, 
        0.009247298912992268, 
        0.005168946214948311, 
        0.282533423073082, 
        0.0012770878848491327, 
        0.035511488005897394, 
        0.0002529276839274056, 
        0.024715079812559385, 
        0.327526729284175, 
        0.123800484912908, 
        0.0003209068450375242, 
        0.04359457010999236, 
        0.0008122519930409659, 
        0.03524986678676238, 
        0, 
        0.29335362687595073
    ], 
    "absolute_overlap": [
        711.4931042462782, 
        78.16918972031772, 
        10.132086329819344, 
        1138.8856207376625, 
        14.845094292246785, 
        548.7559318030103, 
        0.14731623271546823, 
        75.49281529843995, 
        1230.8559127163849, 
        981.4950892462484, 
        1.70123476452941, 
        112.34810171553715, 
        7.194189470668353, 
        78.83389256497094, 
        0, 
        847.490966175406
    ], 
    "distance": [
        361.8010503025109, 
        377.75653535048207, 
        602.0797289396148, 
        654.5991139621257, 
        933.5952013587045, 
        912.9074432821764, 
        673.2013071882734, 
        1179.1946404220128, 
        489.2851929090027, 
        491.62994213127416, 
        912.9074432821764, 
        582.5804665451803, 
        870.976463516667, 
        621.3694553162394, 
        1128.583182578936, 
        559.4640292279746
    ], 
    "spearman_correlation": [
        0.761606431023739, 
        0.6843007967083706, 
        0.6994235407341098, 
        0.9026054103482837, 
        0.6781237137226467, 
        0.6202861904419497, 
        0.6997802089954553, 
        0.8210971769969668, 
        0.8187733131526769, 
        0.7089313218936063, 
        0.5889941853401511, 
        0.7915373373562777, 
        0.7746107850093605, 
        0.6970015113960306, 
        0.7073518143974289, 
        0.784025768319839
    ], 
    "injection_overlap": [
        0.4576159644720674, 
        0.05027662099938101, 
        0.0065167243790034005, 
        0.7325049795237856, 
        0.009548022463860486, 
        0.352947166308557, 
        9.475040518895257e-05, 
        0.04855523866264928, 
        0.7916581513752622, 
        0.6312750175784565, 
        0.0010941949864549357, 
        0.07225970935814646, 
        0.004627136838806421, 
        0.05070414254741561, 
        0, 
        0.5450866544638776
    ], 
    "image_series_id": 664716091, 
    "source": "RSPv", 
    "exclusion_zone_overlap": [
        0.24441880237337696, 
        0.0667516422417093, 
        0.035607650046408056, 
        0.43349796329035667, 
        0.03655317990510631, 
        0.25932680248726103, 
        0.00014848479561298505, 
        0.0898202346329311, 
        0.49048708133670993, 
        0.4249340492113416, 
        0.024529928343847908, 
        0.10496821724832368, 
        0.024540328548449508, 
        0.08199411895715511, 
        0.0011789266701799804, 
        0.3003824500537534
    ]
}