{
    "image_series_id": 475830603, 
    "distance": [
        262.0590769154117, 
        1765.7310444602342, 
        3392.8055911993174, 
        3371.810306378966, 
        454.0053648704875, 
        2403.1193280851417, 
        1371.078001067807, 
        2675.638450526617, 
        2588.0132864892576, 
        1169.7290147343333, 
        839.4778238842288, 
        1801.0572075752764, 
        2646.485746218489, 
        3404.0734515964386, 
        592.6273527686468, 
        1494.1984490935677, 
        1838.6706541280896, 
        1327.0120434077778, 
        1019.1446789655271, 
        2131.9739393949426, 
        1468.0125540710533, 
        1178.9220110996666, 
        1059.488695835244, 
        2701.145477691625, 
        1180.1635789498096, 
        2753.630209026533, 
        2606.0255100956915, 
        1049.1370007772587, 
        946.2707031715279, 
        2483.271412833695, 
        828.6501557847467, 
        1660.5062752734955, 
        2653.710711082462, 
        1829.9752185746406, 
        90.92186603092122, 
        2442.0953472358397, 
        1011.619459255131, 
        2638.371806373891, 
        3031.3858775617755, 
        3574.050360328281, 
        284.7457523390756, 
        1654.114417323581, 
        2784.671206288003, 
        3263.8473439762297
    ], 
    "exclusion_zone_overlap": [
        0.5640436718800261, 
        0, 
        0, 
        0, 
        0.10769015023776078, 
        0, 
        0, 
        0, 
        0, 
        0, 
        0, 
        0, 
        0, 
        0, 
        0, 
        0, 
        0, 
        0, 
        0, 
        0, 
        0, 
        0, 
        1.511208842318012e-06, 
        0, 
        0, 
        0, 
        0, 
        0, 
        0, 
        0, 
        5.735990545437824e-05, 
        0, 
        0, 
        0, 
        0.6160051112225619, 
        0, 
        0, 
        0, 
        0, 
        0, 
        0.41264631734719115, 
        0, 
        0, 
        0
    ], 
    "match_id": [
        100140949, 
        126523791, 
        126115436, 
        113887868, 
        100148142, 
        126862385, 
        112595376, 
        174361040, 
        272782668, 
        272916915, 
        112424813, 
        523718823, 
        657046319, 
        606929366, 
        501484658, 
        249396394, 
        501006221, 
        572588941, 
        584895127, 
        482581199, 
        496113850, 
        646525997, 
        576341623, 
        536298726, 
        571100135, 
        510417993, 
        479984127, 
        575782182, 
        592540591, 
        168164230, 
        166054929, 
        496151571, 
        501115762, 
        562521707, 
        159832064, 
        546103149, 
        646525156, 
        584511827, 
        510417255, 
        593277684, 
        591535205, 
        303784745, 
        523718075, 
        601476074
    ], 
    "fraction of match covered by td exclusion zone": [
        0.6238334537205261, 
        0, 
        0, 
        0, 
        0.22099380991504067, 
        0, 
        0, 
        0, 
        0, 
        0, 
        0, 
        0, 
        0, 
        0, 
        0, 
        0, 
        0, 
        0, 
        0, 
        0, 
        0, 
        0, 
        2.293310557861252e-06, 
        0, 
        0, 
        0, 
        0, 
        0, 
        0, 
        0, 
        1.0090211340735326e-05, 
        0, 
        0, 
        0, 
        0.8418501910927134, 
        0, 
        0, 
        0, 
        0, 
        0, 
        0.7834044116804725, 
        0, 
        0, 
        0
    ], 
    "source": "RSPv", 
    "pearson_correlation": [
        0.9616942979183122, 
        0.7300643005678322, 
        0.23765220610672516, 
        0.053227204277896324, 
        0.9764051988449908, 
        0.08095935731998198, 
        0.8439140951717968, 
        0.058345366007337515, 
        0.05283481174698019, 
        0.8677288436849104, 
        0.8097396632909454, 
        0.31444041203659745, 
        0.12505646785119737, 
        0.09940809625208508, 
        0.87071810160285, 
        0.5915790389155587, 
        0.5179682040970758, 
        0.6579362537162646, 
        0.5791233334561555, 
        0.3897358541173257, 
        0.49253273304402706, 
        0.5072994501751398, 
        0.7248606878320761, 
        0.11104721491666154, 
        0.5990441120763562, 
        0.06638421368982862, 
        0.2124874958485234, 
        0.8171890191145275, 
        0.7510296511922534, 
        0.21605478195825972, 
        0.8145842400922424, 
        0.7848349815896816, 
        0.13364667759169385, 
        0.3965026986875731, 
        0.976058276326418, 
        0.24114894290119035, 
        0.6752831916271813, 
        0.10282146625646099, 
        0.11713590576048369, 
        0.06060144214931209, 
        0.926477894254368, 
        0.6904066042789777, 
        0.3548781185486422, 
        0.07573484274163012
    ], 
    "spearman_correlation": [
        0.8094969667845843, 
        0.33015952423600775, 
        0.40807096046047253, 
        0.35609466632771813, 
        0.7885796688023659, 
        0.4159780632568763, 
        0.4670852460132246, 
        0.17746242881842222, 
        0.24202668035941566, 
        0.6390011434533607, 
        0.7571194070149175, 
        0.5071307211303726, 
        0.2631169128678692, 
        0.21035070042244147, 
        0.8189280540801545, 
        0.44365740174193846, 
        0.5621109125797821, 
        0.6437622536277152, 
        0.7358252905052823, 
        0.35152100434572664, 
        0.4847914118258835, 
        0.5610134692197144, 
        0.5975654264201682, 
        0.35831116122682727, 
        0.613626041939237, 
        0.14699971605871742, 
        0.45493192276157984, 
        0.6123008703565953, 
        0.7617990479744847, 
        0.3249105873704936, 
        0.7884859009306693, 
        0.7925543560060228, 
        0.3486299095499267, 
        0.25633488513446634, 
        0.8329119090438988, 
        0.64164297252124, 
        0.6180772936618463, 
        0.48750566469129136, 
        0.19826929452708747, 
        0.046088234341192115, 
        0.8209923363665262, 
        0.39422857610384937, 
        0.22538533886999312, 
        0.3322066634476098
    ], 
    "injection_overlap": [
        0.8503959266420544, 
        0, 
        0, 
        0, 
        0.07691953359991173, 
        0, 
        0, 
        0, 
        0, 
        0, 
        0, 
        0, 
        0, 
        0, 
        0, 
        0, 
        0, 
        0, 
        0, 
        0, 
        0, 
        0, 
        0, 
        0, 
        0, 
        0, 
        0, 
        0, 
        0, 
        0, 
        0, 
        0, 
        0, 
        0, 
        0.9083224281774107, 
        0, 
        0, 
        0, 
        0, 
        0, 
        0.5484735228403991, 
        0, 
        0, 
        0
    ], 
    "fraction of match covered by td injection": [
        0.31636864879479015, 
        0, 
        0, 
        0, 
        0.06122683288759724, 
        0, 
        0, 
        0, 
        0, 
        0, 
        0, 
        0, 
        0, 
        0, 
        0, 
        0, 
        0, 
        0, 
        0, 
        0, 
        0, 
        0, 
        0, 
        0, 
        0, 
        0, 
        0, 
        0, 
        0, 
        0, 
        0, 
        0, 
        0, 
        0, 
        0.4391523635929587, 
        0, 
        0, 
        0, 
        0, 
        0, 
        0.37443688677905956, 
        0, 
        0, 
        0
    ]
}