{
    "image_series_id": 479115470, 
    "distance": [
        1382.075230698853, 
        1042.4019489423163, 
        1005.3298320080929, 
        382.3807073999406, 
        526.9052211109645, 
        183.65429003697858, 
        721.6252166124802, 
        837.3504612812446, 
        673.4513707302426, 
        119.49970671603401, 
        169.62426929961347, 
        471.84811523628696, 
        454.18638940081655, 
        360.52604974257025
    ], 
    "exclusion_zone_overlap": [
        0, 
        0, 
        0, 
        0.3175285967284707, 
        0.06247701402362818, 
        0.477412510992484, 
        0, 
        7.599438793947033e-06, 
        0.0023895169184948205, 
        0.821541113277776, 
        0.7275801480634255, 
        0.31505122409290476, 
        0.010422133520960754, 
        0.757565798215193
    ], 
    "match_id": [
        180709230, 
        180673746, 
        170721670, 
        112423392, 
        112306316, 
        158435116, 
        126860974, 
        478376197, 
        496554237, 
        480994108, 
        287769286, 
        156741826, 
        478582494, 
        167902586
    ], 
    "fraction of match covered by td exclusion zone": [
        0, 
        0, 
        0, 
        0.6103199905609239, 
        0.06615098679280204, 
        0.8900554472814679, 
        0, 
        3.768732194093279e-06, 
        0.0019296831785694602, 
        0.47251317059521136, 
        0.6588093516819363, 
        0.19351384992820678, 
        0.020956194056158766, 
        0.4084779176891655
    ], 
    "source": "ORBvl", 
    "pearson_correlation": [
        0.4413946169512384, 
        0.2177286969985969, 
        0.22181032594899228, 
        0.933632012554157, 
        0.4533750657847981, 
        0.7727971912794316, 
        0.460936127991782, 
        0.45819727559556334, 
        0.49892159440947115, 
        0.4017463233568782, 
        0.6803227971940959, 
        0.5667484975528942, 
        0.30347206801248566, 
        0.6116060192753551
    ], 
    "spearman_correlation": [
        0.4678925277097506, 
        0.3754423510949885, 
        0.3731470666473962, 
        0.7554425999205863, 
        0.40572354962457813, 
        0.6610442782593338, 
        0.7736849376338599, 
        0.8005481864560758, 
        0.7904989747095011, 
        0.799601107678211, 
        0.7229516508722996, 
        0.7995080102681246, 
        0.7650628670212655, 
        0.8288660937878146
    ], 
    "injection_overlap": [
        0, 
        0, 
        0, 
        0.313024437958395, 
        0.05012056628492391, 
        0.6147152800672085, 
        0, 
        0, 
        3.4146901121562326e-05, 
        0.8753880608494315, 
        0.8373560348715594, 
        0.27288862094262234, 
        0.004407497040861048, 
        0.8577232505999172
    ], 
    "fraction of match covered by td injection": [
        0, 
        0, 
        0, 
        0.3885430742632961, 
        0.026071356996645277, 
        0.6416425874985794, 
        0, 
        0, 
        5.165052874439225e-05, 
        0.27807438212962204, 
        0.44776807360043064, 
        0.1080786811715109, 
        0.002502429378276206, 
        0.2646684221313393
    ]
}