{
    "image_series_id": 483094671, 
    "distance": [
        1170.4468994052036, 
        768.7619598335351, 
        2518.6261284252796, 
        2322.1751962498133, 
        2543.01541189206, 
        959.3775990883028, 
        2029.3767276993926, 
        2552.477675447184, 
        1602.9730973700093, 
        543.3282186249785, 
        816.6152329466116, 
        927.6491244330227, 
        1146.3537236305235, 
        1697.0832829233336, 
        1430.300282231726, 
        1813.9611849830794, 
        740.4197408881713, 
        989.9732414506311, 
        585.6083154391771, 
        2590.6261893267133, 
        1545.3284389740836, 
        1094.6052035342766, 
        3010.8223255474436, 
        1218.3202806470465, 
        845.8270336667441, 
        2111.1137748255082, 
        770.9893615102883, 
        849.6110855568586, 
        913.5375719843393, 
        481.16916237583075, 
        749.1567725506433, 
        919.8722698879407, 
        977.4432114396736, 
        425.46295430494615, 
        1108.8621774562114, 
        508.54668036341076, 
        237.90454882233252, 
        531.9510988816511, 
        465.19300214553783, 
        469.66830253461006, 
        564.5027990100043, 
        1122.8492996925736, 
        580.0555407122623, 
        658.1230693885663, 
        902.567911144308, 
        1950.3223627490966, 
        1387.6646807665231
    ], 
    "exclusion_zone_overlap": [
        0, 
        0.01072225166385711, 
        0, 
        0, 
        0, 
        0, 
        0, 
        0, 
        0, 
        0.00014958686032320696, 
        0, 
        0.0722774783855357, 
        0, 
        0.08167484395642088, 
        0, 
        0, 
        0, 
        0, 
        0.014082158195699794, 
        0, 
        0, 
        0.03208568667799132, 
        0, 
        0, 
        0, 
        0, 
        0.2316513245479586, 
        0.04577099863695109, 
        0, 
        0.5560038983137666, 
        0.2822346041049045, 
        0.04770839307476435, 
        0.006036088047628291, 
        0.9568971858791339, 
        0, 
        0.01963917674333887, 
        0.21868808994705044, 
        0.01687219825927851, 
        0.06705498521638678, 
        0.011595801539901302, 
        0.22105390216331777, 
        0.003993278819387884, 
        0.001462537255619357, 
        0, 
        0.005123102933456199, 
        0, 
        0
    ], 
    "match_id": [
        180296424, 
        142656218, 
        558580065, 
        585051446, 
        585026021, 
        640282128, 
        127139568, 
        146553971, 
        626107114, 
        157062358, 
        100141796, 
        142654100, 
        180297139, 
        113226232, 
        146984915, 
        112672974, 
        112373830, 
        558581415, 
        127089669, 
        126116848, 
        100148554, 
        642967852, 
        127397469, 
        152994878, 
        114250546, 
        114472145, 
        640081415, 
        272414403, 
        638314843, 
        579409876, 
        232311959, 
        287028480, 
        182794184, 
        603468246, 
        479673174, 
        648252402, 
        590988082, 
        657172447, 
        166083557, 
        554334685, 
        576340889, 
        299446445, 
        298178204, 
        648050335, 
        661987195, 
        286483411, 
        642809043
    ], 
    "fraction of match covered by td exclusion zone": [
        0, 
        0.003447283501743749, 
        0, 
        0, 
        0, 
        0, 
        0, 
        0, 
        0, 
        2.4851217059578875e-05, 
        0, 
        0.013792901080053169, 
        0, 
        0.001787232836566005, 
        0, 
        0, 
        0, 
        0, 
        0.0009669633588575027, 
        0, 
        0, 
        0.002508830079471795, 
        0, 
        0, 
        0, 
        0, 
        0.06402308196295252, 
        0.007227162472741863, 
        0, 
        0.07202775512668318, 
        0.10342919665356835, 
        0.0006039980676214474, 
        0.0021463081732582836, 
        0.08318224298989033, 
        0, 
        0.003205441422415035, 
        0.170406508830718, 
        0.00238973899468336, 
        0.008228894254854882, 
        0.0008382006618264313, 
        0.014321755218113108, 
        0.00040144694493846154, 
        0.00012127849595987526, 
        0, 
        0.00025612112260320097, 
        0, 
        0
    ], 
    "source": "ENTl", 
    "pearson_correlation": [
        0.5543492981411609, 
        0.6692863550830811, 
        0.5242429155149452, 
        0.5117973676616918, 
        0.45800960831324344, 
        0.18613031878676398, 
        0.44918631158807154, 
        0.47042359839952924, 
        0.3299515689781941, 
        0.49516618723424327, 
        0.4535167358326109, 
        0.6657016503754487, 
        0.5433058992104248, 
        0.48210283175296037, 
        0.47302833993714777, 
        0.5538466954331823, 
        0.5553753026647669, 
        0.44089810592551815, 
        0.4647269797898202, 
        0.5893690202793926, 
        0.33017917471263203, 
        0.6377976508227925, 
        0.5122108709695672, 
        0.15642086269361474, 
        0.5225248642116912, 
        0.5341893673831692, 
        0.709280965677812, 
        0.5813246095498389, 
        0.1599698862101369, 
        0.6642799877584663, 
        0.7549045391600447, 
        0.666300662365456, 
        0.6814046817232526, 
        0.6356253545026632, 
        0.5164587056986331, 
        0.5114484528848185, 
        0.4732235466973432, 
        0.627309755650889, 
        0.6025006984639267, 
        0.5541201109828939, 
        0.49570789973681845, 
        0.40938318173516236, 
        0.5014009450999782, 
        0.5652579887154175, 
        0.5877756316630323, 
        0.5393891302713392, 
        0.16658187755433101
    ], 
    "spearman_correlation": [
        0.7753111550969276, 
        0.7256412580359753, 
        0.24202023100354828, 
        0.33659160401580124, 
        0.23579229378435745, 
        0.07034879438861938, 
        0.2962524853920337, 
        0.13469872467963262, 
        0.2093780985741019, 
        0.6409536471567444, 
        0.7686420282779928, 
        0.5418741558994004, 
        0.43524663591793256, 
        0.3357511803944971, 
        0.09629108657229422, 
        0.05835222382719664, 
        0.726413927480462, 
        0.30130957280018555, 
        0.7579521588580125, 
        0.06459336845553446, 
        0.098480464825496, 
        0.5596154843003118, 
        0.04714761983923659, 
        0.12143870131894595, 
        0.7243757252358387, 
        0.2519159466883351, 
        0.6602173820703878, 
        0.6007604334262908, 
        0.1956904139947429, 
        0.6359397745133829, 
        0.7004953208141818, 
        0.46513684624830365, 
        0.6223011808896058, 
        0.6564539076451331, 
        0.8089336126635689, 
        0.6721762162319501, 
        0.6183291389612817, 
        0.7294577884208873, 
        0.6272201301710069, 
        0.7377392577662499, 
        0.6367371857908699, 
        0.3142705757541563, 
        0.6113669521872539, 
        0.6557552691102979, 
        0.6713963137199231, 
        0.11891613522531153, 
        0.5290663008656696
    ],