{
    "image_series_id": 484612961, 
    "distance": [
        1539.0559240856137, 
        1198.817211356622, 
        796.8419340369145, 
        1681.666756788348, 
        946.2638567503884, 
        1214.3622958081044, 
        1678.3201912427696, 
        1198.209734985682, 
        1290.6305386521194, 
        210.05982504468943, 
        1813.0422653590222, 
        1696.4712849551702, 
        1326.8826127502218, 
        1519.5951091046525, 
        1575.1454597713287, 
        1832.1873998953956, 
        1743.380852547254, 
        1619.1362966995578, 
        1805.6257356943406, 
        2112.653732132573, 
        1580.8203768188307, 
        1672.6918344207684
    ], 
    "exclusion_zone_overlap": [
        0, 
        0, 
        0.0033688686582608427, 
        0, 
        0, 
        0, 
        0, 
        0, 
        0, 
        0.9846809819816565, 
        0, 
        0, 
        0, 
        0, 
        0, 
        0, 
        0, 
        0, 
        0, 
        0, 
        0, 
        0
    ], 
    "match_id": [
        180073473, 
        142656218, 
        146553971, 
        157062358, 
        180403712, 
        142654100, 
        127089669, 
        127397469, 
        272414403, 
        180435652, 
        606100558, 
        579203888, 
        576332845, 
        648252402, 
        657172447, 
        166083557, 
        576340889, 
        298178204, 
        648050335, 
        661987195, 
        642809043, 
        554421791
    ], 
    "fraction of match covered by td exclusion zone": [
        0, 
        0, 
        0.0006919106608060293, 
        0, 
        0, 
        0, 
        0, 
        0, 
        0, 
        0.17361712691924128, 
        0, 
        0, 
        0, 
        0, 
        0, 
        0, 
        0, 
        0, 
        0, 
        0, 
        0, 
        0
    ], 
    "source": "ECT", 
    "pearson_correlation": [
        0.598844312799316, 
        0.5268287770882398, 
        0.4543751558478634, 
        0.3617123327466543, 
        0.7561635720145278, 
        0.33041073837558915, 
        0.42015774461402355, 
        0.32093294307358206, 
        0.3834574683511574, 
        0.8214612762439049, 
        0.43744746351350927, 
        0.39962884871429144, 
        0.35050804256177454, 
        0.71120980724906, 
        0.4614735157809226, 
        0.3945994450122034, 
        0.40745562130358415, 
        0.6726362518193962, 
        0.5106110307670984, 
        0.28475120554151095, 
        0.6903192890181651, 
        0.3577233120435038
    ], 
    "spearman_correlation": [
        0.27073814373919164, 
        0.3041836615271299, 
        0.6792797500239354, 
        0.3460704721882056, 
        0.3753937789925002, 
        0.5601872892771226, 
        0.34428311820894303, 
        0.5577182523178178, 
        0.5150279472728466, 
        0.7405225881169403, 
        0.24137034991817966, 
        0.283879874701749, 
        0.24599336191670237, 
        0.542479355988004, 
        0.4887679154409808, 
        0.38807951577243865, 
        0.3285138226538783, 
        0.5821110102763759, 
        0.36957781367535125, 
        0.28437285447511046, 
        0.36070340121070893, 
        0.3608349900634455
    ], 
    "injection_overlap": [
        0, 
        0, 
        0, 
        0, 
        0, 
        0, 
        0, 
        0, 
        0, 
        0.9894080714524909, 
        0, 
        0, 
        0, 
        0, 
        0, 
        0, 
        0, 
        0, 
        0, 
        0, 
        0, 
        0
    ], 
    "fraction of match covered by td injection": [
        0, 
        0, 
        0, 
        0, 
        0, 
        0, 
        0, 
        0, 
        0, 
        0.0368204650884838, 
        0, 
        0, 
        0, 
        0, 
        0, 
        0, 
        0, 
        0, 
        0, 
        0, 
        0, 
        0
    ]
}