{
    "image_series_id": 521255975, 
    "distance": [
        1492.672631319224, 
        961.5999018069149, 
        2093.00151951715, 
        1678.4448166847155, 
        297.7061029288049, 
        762.0113561999366, 
        1632.7962940145671, 
        884.8333477681946, 
        817.8591759617775, 
        393.41134608436676, 
        941.6959280440602, 
        704.7356260812916, 
        992.5469316782173, 
        1007.8811327633622, 
        616.3198267735016, 
        678.4479624999456, 
        858.1564024971258, 
        918.7538444746746, 
        996.7766754404564, 
        2602.071534597024, 
        1005.6149054370375, 
        1328.605758224664, 
        1340.4912618190938, 
        488.17459490628227, 
        2029.548218842549
    ], 
    "exclusion_zone_overlap": [
        0, 
        0.01835155421083613, 
        0, 
        0, 
        0.3126850742957865, 
        0.04948943218582687, 
        0, 
        0.00825095856210108, 
        0.0900469366784822, 
        0.12177743280019672, 
        0.01597960080662562, 
        0.3154283829824996, 
        0.0035127325917777585, 
        0.023522574738707988, 
        0.17675299139306608, 
        0.472259682739317, 
        0.2029339006832131, 
        0.018876144877660067, 
        0.0013657474081768923, 
        0, 
        0.0024257050142536445, 
        0, 
        0, 
        0.12026614096700172, 
        0
    ], 
    "match_id": [
        100140949, 
        126523791, 
        126115436, 
        100148142, 
        112595376, 
        272916915, 
        127795906, 
        523718823, 
        501484658, 
        249396394, 
        501006221, 
        572588941, 
        584895127, 
        482581199, 
        496113850, 
        646525997, 
        571100135, 
        592540591, 
        166054929, 
        496151571, 
        562521707, 
        159832064, 
        591535205, 
        303784745, 
        601476074
    ], 
    "fraction of match covered by td exclusion zone": [
        0, 
        0.014444222287002977, 
        0, 
        0, 
        0.7513906388778359, 
        0.16162733077448674, 
        0, 
        0.02271928332372605, 
        0.0836588917630784, 
        0.1663675041821982, 
        0.02099092763842192, 
        0.17813462792162296, 
        0.0047758404852198105, 
        0.032235954288990655, 
        0.2268363669963197, 
        0.2160244337752535, 
        0.10381421355526477, 
        0.023212516520641532, 
        0.0013899635657574016, 
        0, 
        0.0005312543883202771, 
        0, 
        0, 
        0.32104111643232885, 
        0
    ], 
    "source": "RSPv", 
    "pearson_correlation": [
        0.8455050670001268, 
        0.7937950126394686, 
        0.14148048696911675, 
        0.7634977272309829, 
        0.9488095933513572, 
        0.8524976768287402, 
        0.7465322005775851, 
        0.30361367967216063, 
        0.8585424495057318, 
        0.5579724868397004, 
        0.507578248711739, 
        0.6255938896095702, 
        0.4912787675346766, 
        0.38516729034213787, 
        0.533417345852875, 
        0.4844740707828705, 
        0.6075946341120214, 
        0.7433729142186712, 
        0.758762523561526, 
        0.505956325341927, 
        0.4711022734994906, 
        0.8640342911097293, 
        0.8021823296477535, 
        0.6667229087069082, 
        0.04336593940298464
    ], 
    "spearman_correlation": [
        0.5908663510352536, 
        0.33015952423600775, 
        0.46253805899651024, 
        0.5487927423481254, 
        0.8063769910652387, 
        0.7908558498529068, 
        0.3243150876911549, 
        0.6234507530401304, 
        0.7723322066634475, 
        0.6949105609492475, 
        0.6650961965633772, 
        0.6816074320406121, 
        0.6659146271558941, 
        0.6052631578947367, 
        0.650053561703117, 
        0.6819913167963272, 
        0.6604543750954611, 
        0.7629209906077314, 
        0.7169215403923913, 
        0.5953511616207419, 
        0.6205786534868032, 
        0.7130057861479152, 
        0.6461100004903316, 
        0.687047872180985, 
        0.4328826653790439
    ], 
    "injection_overlap": [
        0, 
        0.006456236198129375, 
        0, 
        0, 
        0.5461181413790863, 
        0.014841488812383072, 
        0, 
        0, 
        0.03805847864082783, 
        0.20338554048976085, 
        0, 
        0.1669754051849516, 
        0, 
        0, 
        0.3810564209507242, 
        0.5858455060403509, 
        0.08603439972099736, 
        0, 
        0, 
        0, 
        0, 
        0, 
        0, 
        0.22692167739858507, 
        0
    ], 
    "fraction of match covered by td injection": [
        0, 
        0.0006195125619426616, 
        0, 
        0, 
        0.23991517191211267, 
        0.007978645895838488, 
        0, 
        0, 
        0.003128415220023437, 
        0.013596232771237874, 
        0, 
        0.03790295895914174, 
        0, 
        0, 
        0.04614495879587277, 
        0.054030704477306055, 
        0.020751370903687654, 
        0, 
        0, 
        0, 
        0, 
        0, 
        0, 
        0.030533414708510603, 
        0
    ]
}