{
    "image_series_id": 525413115, 
    "distance": [
        1631.4783103646914, 
        1566.495756952133, 
        1635.5617349153565, 
        1687.9327348242587, 
        1717.2358322838961, 
        1594.124100372112, 
        233.49286479682442, 
        876.7707121822683, 
        1565.4412754788796, 
        1431.7199848226824, 
        1652.1605571519542, 
        1591.5989352439587, 
        1118.7084752414846, 
        1476.8811349272894, 
        681.7354172952435, 
        1336.9408469465773, 
        581.1809819842732, 
        1771.881285297058, 
        1701.1993000790208, 
        2399.2279637806173, 
        769.4378755896535, 
        1954.595259353812, 
        1810.329250527348, 
        1638.6749210653845, 
        2763.989461869276, 
        2146.2864896384235, 
        612.9547533568933, 
        3923.790471688531, 
        3619.6223741363833, 
        3655.486811155023, 
        3116.0787371955785, 
        4162.619401333251
    ], 
    "exclusion_zone_overlap": [
        0, 
        0, 
        0, 
        0, 
        0, 
        0, 
        0.3870075745584932, 
        0, 
        0, 
        1.121816101629768e-09, 
        0, 
        0, 
        0, 
        0, 
        0.10830710567171817, 
        0, 
        0.27905046802101946, 
        0, 
        0, 
        0, 
        0.3380528704632339, 
        0, 
        0, 
        0, 
        0, 
        0, 
        0.1030369968096867, 
        0, 
        0, 
        0, 
        0, 
        0
    ], 
    "match_id": [
        142656218, 
        558580065, 
        585051446, 
        585026021, 
        640282128, 
        127139568, 
        146553971, 
        180403712, 
        142654100, 
        180297139, 
        113226232, 
        112672974, 
        126116848, 
        642967852, 
        127397469, 
        152994878, 
        114472145, 
        640081415, 
        272414403, 
        638314843, 
        180435652, 
        579409876, 
        232311959, 
        182794184, 
        603468246, 
        183330908, 
        286483411, 
        485846989, 
        513775257, 
        187268452, 
        485903475, 
        513773998
    ], 
    "fraction of match covered by td exclusion zone": [
        0, 
        0, 
        0, 
        0, 
        0, 
        0, 
        0.9326485596759537, 
        0, 
        0, 
        3.692352118298645e-07, 
        0, 
        0, 
        0, 
        0, 
        0.23094174632950304, 
        0, 
        0.5536067288931681, 
        0, 
        0, 
        0, 
        0.24622720199220213, 
        0, 
        0, 
        0, 
        0, 
        0, 
        0.7679106989241444, 
        0, 
        0, 
        0, 
        0, 
        0
    ], 
    "source": "ENTl", 
    "pearson_correlation": [
        0.8513134758480213, 
        0.5414175355572726, 
        0.4467216782941945, 
        0.4241339154326474, 
        0.0713765245368386, 
        0.3764465015512007, 
        0.8517036197495225, 
        0.302314618517225, 
        0.800612951216878, 
        0.8306905776341466, 
        0.4675073252232179, 
        0.3138799407118269, 
        0.7226442829031319, 
        0.8332134683446049, 
        0.9097011322250065, 
        0.1442042277650151, 
        0.879494628858933, 
        0.8290378618415992, 
        0.7048235672096779, 
        -0.018581740002331502, 
        0.8131892701587966, 
        0.5150350280762725, 
        0.7640526827934053, 
        0.9039787419556193, 
        0.437538371353297, 
        0.39010497679226147, 
        0.9367693553243219, 
        0.6589341650539347, 
        0.6919265609260575, 
        0.7621981239967963, 
        0.649477810091773, 
        0.5920729178924007
    ], 
    "spearman_correlation": [
        0.7043142116530912, 
        0.43483212645333386, 
        0.4067137107221868, 
        0.3559596457536944, 
        0.021057796423530954, 
        0.2610260487446484, 
        0.4825693326807968, 
        0.33685832024524515, 
        0.746214198783485, 
        0.7106670671239721, 
        0.34870600893440346, 
        0.12976723894596687, 
        0.42451908537714894, 
        0.7317416816154866, 
        0.4698923381090346, 
        0.14660906245373495, 
        0.6129835862609805, 
        0.7742520647087883, 
        0.7701628405533054, 
        0.04211562978811627, 
        0.7153544105428538, 
        0.5181438894688322, 
        0.7714056635118568, 
        0.7396372502531056, 
        0.35019819452473644, 
        0.316966882633876, 
        0.558884653040775, 
        0.4151154873161758, 
        0.4108089844317973, 
        0.41996424500587515, 
        0.46140456086987575, 
        0.3650699466588756
    ], 
    "injection_overlap": [
        0, 
        0, 
        0, 
        0, 
        0, 
        0, 
        0.6429510240407761, 
        0, 
        0, 
        0, 
        0, 
        0, 
        0, 
        0, 
        0.17740536174764285, 
        0, 
        0.2632330441645722, 
        0, 
        0, 
        0, 
        0.21837976921161514, 
        0, 
        0, 
        0, 
        0, 
        0, 
        0.05459901932901406, 
        0, 
        0, 
        0, 
        0, 
        0
    ], 
    "fraction of match covered by td injection": [
        0, 
        0, 
        0, 
        0, 
        0, 
        0, 
        0.05068640721829291, 
        0, 
        0, 
        0, 
        0, 
        0, 
        0, 
        0, 
        0.004587957396746859, 
        0, 
        0.019156134736384105, 
        0, 
        0, 
        0, 
        0.005303305512481541, 
        0, 
        0, 
        0, 
        0, 
        0, 
        0.025177942151244193, 
        0, 
        0, 
        0, 
        0, 
        0
    ]
}