{
    "image_series_id": 526783792, 
    "distance": [
        998.1593794042698, 
        565.2000878695773, 
        830.4848803147772, 
        675.0020962308364, 
        473.59933583986026, 
        491.25525912083566, 
        690.9838334204327, 
        488.42586966536214, 
        1769.575141706161, 
        262.19176520980227, 
        496.45754445242267, 
        1018.3390881937316, 
        2063.3949019710803, 
        772.8260176658144, 
        162.34072644209007, 
        696.0253433798124, 
        316.52862418558294
    ], 
    "exclusion_zone_overlap": [
        0, 
        0.03870467746427749, 
        0.0025984330250749107, 
        0.08182343719336196, 
        0.04461686874605625, 
        0.3158254013973316, 
        0.3936519611671071, 
        0.3140163761420311, 
        0.002428067749304328, 
        0.33767742741438506, 
        0.11299778446470839, 
        0, 
        0, 
        0.030048190001007044, 
        0.27752075370706397, 
        0.15935650487564387, 
        0.4561698966566935
    ], 
    "match_id": [
        157556400, 
        112423392, 
        112306316, 
        157711748, 
        158435116, 
        126860974, 
        478376197, 
        496554237, 
        166055636, 
        480994108, 
        287769286, 
        286313491, 
        583747816, 
        156741826, 
        478582494, 
        263106036, 
        167902586
    ], 
    "fraction of match covered by td exclusion zone": [
        0, 
        0.3239066225317046, 
        0.014957961588366415, 
        0.6375892485814564, 
        0.4438972357996176, 
        0.9743122803674135, 
        0.8417374752396671, 
        0.894097265435245, 
        0.00900375416494515, 
        0.6633931109352862, 
        0.4274229583147042, 
        0, 
        0, 
        0.09125545911446063, 
        0.9827131888254821, 
        0.4364935138030239, 
        0.8430598702617408
    ], 
    "source": "ORBvl", 
    "pearson_correlation": [
        0.641664573580988, 
        0.6031709717054341, 
        0.3077324088407988, 
        0.5971139076581544, 
        0.5381323313160473, 
        0.8920430113775751, 
        0.7897346001227501, 
        0.8516352807975845, 
        0.1116720838737884, 
        0.6525579214976355, 
        0.5533983024474223, 
        0.6248230536386898, 
        0.6086321339725485, 
        0.4968000760086374, 
        0.6939639324079033, 
        0.6699118847753931, 
        0.878755163999844
    ], 
    "spearman_correlation": [
        0.7791605679309124, 
        0.5131011795518385, 
        0.2751351352988875, 
        0.6870838611559764, 
        0.536852924168471, 
        0.8869989798451782, 
        0.7616014519509731, 
        0.8158016638269868, 
        0.0905393424385012, 
        0.73251246669057, 
        0.5754416959290799, 
        0.8123324183252414, 
        0.653723370752177, 
        0.6845993503662644, 
        0.7495190742115492, 
        0.7042682926829268, 
        0.7791737954594197
    ], 
    "injection_overlap": [
        0, 
        0.011854169865554346, 
        0, 
        0.019248078721555872, 
        0.015053740020047512, 
        0.28679729177799695, 
        0.5432715061046172, 
        0.5849978553845602, 
        7.573060276999575e-06, 
        0.853982681422246, 
        0.10692670533410178, 
        0, 
        0, 
        0, 
        0.8082497221979359, 
        0.017235893469088756, 
        0.9534863396919385
    ], 
    "fraction of match covered by td injection": [
        0, 
        0.010629160991408624, 
        0, 
        0.06617158203853073, 
        0.019617573952719538, 
        0.12169465356555847, 
        0.14398084055779425, 
        0.21686998668356358, 
        1.1463559100081176e-05, 
        0.14401892624280244, 
        0.05569616049121036, 
        0, 
        0, 
        0, 
        0.4159378756016465, 
        0.02903240234984251, 
        0.2277890380734481
    ]
}