{
    "image_series_id": 527390805, 
    "distance": [
        516.4106000052273, 
        772.6628187492356, 
        2943.5140536831955, 
        2719.859386116055, 
        2937.835906005087, 
        1366.5981487566448, 
        2398.900943395616, 
        1908.774329935577, 
        743.07929526917, 
        1432.7952173299452, 
        2116.487418276308, 
        1602.004843480518, 
        851.2269624288496, 
        2194.7163808272635, 
        628.3846657794867, 
        1087.8462194485992, 
        875.5648977887362, 
        1774.280815159643, 
        563.1613417680903, 
        677.4137490143254, 
        1304.771408011335, 
        918.263014607152, 
        967.5394828432408, 
        1304.952415629139, 
        1274.641543766872, 
        1222.0295483347484, 
        1071.466475061496, 
        1514.6041910124325, 
        158.37392842039245, 
        927.9111045053697, 
        998.9589811451812, 
        693.8862303264035, 
        481.6264496789945, 
        970.374788740589, 
        847.0527807177729, 
        2173.794650693333, 
        1008.6538466553664, 
        1404.9563859937448
    ], 
    "exclusion_zone_overlap": [
        0.05384816127792863, 
        0.15862382140917486, 
        0, 
        0, 
        0, 
        0, 
        0, 
        0, 
        0.0009656771390653956, 
        0, 
        0, 
        0, 
        0.0013127875859953655, 
        0, 
        7.694751980406063e-06, 
        0.011635372287864846, 
        0, 
        0, 
        0.012854812918369174, 
        0.02138104588741644, 
        0, 
        0, 
        0.002380741847264503, 
        7.213569608231882e-05, 
        0, 
        0, 
        0.05492319116032195, 
        0, 
        0.8746705543268354, 
        0.0423078743827996, 
        0, 
        0.18395192879987018, 
        0.09556842318079597, 
        0, 
        0.25924524769871954, 
        0, 
        0.3370272979676215, 
        0
    ], 
    "match_id": [
        272916202, 
        180296424, 
        558580065, 
        585051446, 
        585026021, 
        640282128, 
        127139568, 
        626107114, 
        100141796, 
        113887868, 
        113226232, 
        146984915, 
        304565427, 
        112672974, 
        112373830, 
        309004492, 
        558581415, 
        100148554, 
        114250546, 
        127138787, 
        640081415, 
        638314843, 
        579409876, 
        512315551, 
        232311959, 
        606929366, 
        287028480, 
        182794184, 
        603468246, 
        479673174, 
        574941472, 
        166083557, 
        286417464, 
        593016678, 
        661987195, 
        584511827, 
        593277684, 
        601476074
    ], 
    "fraction of match covered by td exclusion zone": [
        0.1401338931033511, 
        0.03475614411486653, 
        0, 
        0, 
        0, 
        0, 
        0, 
        0, 
        0.0011246928669807587, 
        0, 
        0, 
        0, 
        0.0002549396324306642, 
        0, 
        5.705854010976043e-05, 
        0.0021045361370420996, 
        0, 
        0, 
        0.023624247338813274, 
        0.025017414148686645, 
        0, 
        0, 
        0.001158130979101954, 
        6.0591740206610064e-06, 
        0, 
        0, 
        0.0031625290451191795, 
        0, 
        0.1927356493471018, 
        0.008656554596766997, 
        0, 
        0.020466510256784337, 
        0.2758885700985909, 
        0, 
        0.05850241297160236, 
        0, 
        0.07247806616616483, 
        0
    ], 
    "source": "ENTm", 
    "pearson_correlation": [
        0.6364664646270976, 
        0.9280592546949578, 
        0.06373483687140524, 
        0.07890001098535773, 
        0.034401180499079996, 
        -0.08284879420377389, 
        0.07471171115275956, 
        0.046484674203191495, 
        0.9288467260039038, 
        0.8643613421050804, 
        0.07006521709037698, 
        0.0482189990763572, 
        0.905014621750393, 
        0.02632998723061254, 
        0.9542796386984597, 
        0.904535189273528, 
        0.11641133491947178, 
        0.04287580009173041, 
        0.9537414578148664, 
        0.9274487711773297, 
        0.1931193293420803, 
        0.014044033644776308, 
        0.33222852756285876, 
        0.7566540630351238, 
        0.41599850966973173, 
        0.833607122598934, 
        0.6029838444299637, 
        0.23927861163797118, 
        0.49123652314372657, 
        0.8684737974710063, 
        0.860768946355724, 
        0.9326434264385536, 
        0.7779685089629463, 
        0.8490437166634529, 
        0.9221893882331702, 
        0.7910928680440021, 
        0.8878703375228356, 
        0.8261692628485642
    ], 
    "spearman_correlation": [
        0.41799122730170823, 
        0.8365817528853078, 
        0.34283371855255923, 
        0.4282006045176763, 
        0.36752997570037865, 
        0.07857072314798903, 
        0.44855029017181974, 
        0.3653041428726912, 
        0.7755709641357548, 
        0.6629631878414772, 
        0.4839263804689333, 
        0.15414195522135954, 
        0.6239554749773657, 
        0.06997481453686014, 
        0.7777041573738264, 
        0.7033622498609654, 
        0.4164138254532035, 
        0.1757445940432477, 
        0.8038671062781453, 
        0.7938919686316929, 
        0.45692519130723086, 
        0.22049154267507862, 
        0.5877324338477076, 
        0.6278242363700145, 
        0.4535066375043959, 
        0.6358300827345633, 
        0.6604909204179462, 
        0.471958112905338, 
        0.7461330337865717, 
        0.8210519199567334, 
        0.6383046905130633, 
        0.7621818677249531, 
        0.7128346388232984, 
        0.6809520352398836, 
        0.7877795273869007, 
        0.5932243347242818, 
        0.7808407660841632, 
        0.6123082515254229
    ], 
    "injection_overlap": [
        0, 
        0.020836638670652174, 
        0, 
        0, 
        0, 
        0, 
        0, 
        0, 
        0, 
        0, 
        0, 
        0, 
        0, 
        0, 
        0, 
        0, 
        0, 
        0, 
        0, 
        0, 
        0, 
        0, 
        0, 
        0, 
        0, 
        0, 
        0.08251689224399322, 
        0, 
        0.9626858235269038, 
        0, 
        0, 
        0.3740525856421596, 
        4.709372300551193e-05, 
        0, 
        0.32426189324904414, 
        0, 
        0.09228867478200578, 
        0
    ], 
    "fraction of match covered by td injection": [
        0, 
        9.302336406871876e-05, 
        0, 
        0, 
        0, 
        0, 
        0, 
        0, 
        0, 
        0, 
        0, 
        0, 
        0, 
        0, 
        0, 
        0, 
        0, 
        0, 
        0, 
        0, 
        0, 
        0, 
        0, 
        0, 
        0, 
        0, 
        0.00018709781955594934, 
        0, 
        0.013520471239714232, 
        0, 
        0, 
        0.0021194255047094906, 
        3.893247194798112e-08, 
        0, 
        0.003802661789125644, 
        0, 
        0.0005929368563833572, 
        0
    ]
}