{
    "image_series_id": 527711024, 
    "distance": [
        677.8645324106062, 
        744.2917111654617, 
        239.72938185666536, 
        875.2133891699793, 
        494.9769205698204, 
        566.5886690245575, 
        1050.2569974707073, 
        1006.1770430810841, 
        624.6989940301072, 
        1164.2149717401046, 
        896.5576213428151, 
        262.9493660954464, 
        801.757722897137
    ], 
    "exclusion_zone_overlap": [
        0.05258568105893647, 
        0, 
        0.22654232529571125, 
        0.03062938744055377, 
        0.28061647313878096, 
        0.11849883103787813, 
        0.0019614839641763668, 
        0, 
        0.10074369789187886, 
        0.031369722311795085, 
        0.0010792794043600427, 
        0.4766997529147747, 
        0.0020012235868850283
    ], 
    "match_id": [
        157556400, 
        112423392, 
        157711748, 
        126860974, 
        478376197, 
        496554237, 
        166055636, 
        480994108, 
        286313491, 
        583747816, 
        478582494, 
        263106036, 
        167902586
    ], 
    "fraction of match covered by td exclusion zone": [
        0.2972190756099984, 
        0, 
        0.9882821557083391, 
        0.09034425656734418, 
        0.5170170614571805, 
        0.24265843187949473, 
        0.0013988787673239853, 
        0, 
        0.38882225928890934, 
        0.05255503421736017, 
        0.003315687495656534, 
        0.8459800525953551, 
        0.003357918758829921
    ], 
    "source": "PL", 
    "pearson_correlation": [
        0.6769631332201063, 
        0.2517654006721754, 
        0.9307627037871483, 
        0.9531768528094071, 
        0.7700771858070615, 
        0.8035460989877429, 
        0.01429541429780444, 
        0.5518743682954945, 
        0.7302207208393948, 
        0.5177550958611412, 
        0.6169328154250671, 
        0.9606928947203464, 
        0.8209200943289486
    ], 
    "spearman_correlation": [
        0.6512226997581337, 
        0.4527653787133506, 
        0.9202633501554845, 
        0.8443883320927132, 
        0.8115363776592394, 
        0.8521420983565469, 
        0.23517341281773843, 
        0.6092111265373794, 
        0.8351435042280568, 
        0.4245155779084332, 
        0.6688208522809167, 
        0.9671055089026366, 
        0.7671831996790756
    ], 
    "injection_overlap": [
        0.054916021028607896, 
        0, 
        0.4168529347988464, 
        0.0015565764984974398, 
        0.30290593624988527, 
        0.046193703226293584, 
        0, 
        0, 
        0.06642089865264966, 
        1.9958593455347989e-07, 
        0, 
        0.7286558064703167, 
        0.00013550221622878072
    ], 
    "fraction of match covered by td injection": [
        0.05270271674356862, 
        0, 
        0.6713100910693963, 
        0.0013600669060869215, 
        0.1716035646784763, 
        0.01886087410616806, 
        0, 
        0, 
        0.059105078900838444, 
        1.4853184232903577e-10, 
        0, 
        0.4536556338320182, 
        4.035700261463651e-05
    ]
}