{
    "image_series_id": 527713883, 
    "distance": [
        2313.1633106875383, 
        1315.2773677946834, 
        2076.321317451762, 
        192.57108396344896, 
        899.8733802958769, 
        637.6489045143028, 
        1301.2511918365888, 
        2109.6537842101434, 
        1146.8694374815423, 
        1636.3289622196844, 
        924.7824027801269, 
        2709.2986210069253, 
        884.0839372808483, 
        1984.868399539223, 
        1547.8316615905064, 
        1930.544152195746, 
        1141.3714115386517, 
        2127.553761688601, 
        66.40971623409102, 
        1324.257657803485, 
        1634.3498591520538, 
        1719.4814072018269, 
        1033.2883938295079, 
        3040.446235638547, 
        1037.066370109944, 
        1188.3400309117653, 
        2156.15366155077, 
        587.2324927997563, 
        1062.5464805471147
    ], 
    "exclusion_zone_overlap": [
        0, 
        0, 
        0, 
        0.3339619082918641, 
        0, 
        0.07102999870377989, 
        0, 
        0, 
        0, 
        0, 
        6.827117973981226e-05, 
        0, 
        0.021669612582924075, 
        0, 
        0, 
        0, 
        0, 
        0, 
        0.5585992440423616, 
        0, 
        0, 
        0, 
        0.0006138858316921526, 
        0, 
        0.00017357605842200459, 
        0.006097218808492739, 
        0, 
        0.38951296893350845, 
        0
    ], 
    "match_id": [
        146593590, 
        112514202, 
        139426984, 
        157556400, 
        112423392, 
        157711748, 
        112458114, 
        139520203, 
        126860974, 
        584194481, 
        478376197, 
        501483880, 
        496554237, 
        526783054, 
        166055636, 
        125833030, 
        480994108, 
        478491090, 
        286313491, 
        583747816, 
        126117554, 
        478376911, 
        286482701, 
        496151571, 
        478582494, 
        161458737, 
        496576666, 
        263106036, 
        167902586
    ], 
    "fraction of match covered by td exclusion zone": [
        0, 
        0, 
        0, 
        0.8908155650837472, 
        0, 
        0.20375603164838027, 
        0, 
        0, 
        0, 
        0, 
        0.000323586156652358, 
        0, 
        0.02579740615323104, 
        0, 
        0, 
        0, 
        0, 
        0, 
        0.969693161086676, 
        0, 
        0, 
        0, 
        0.0017669636782161858, 
        0, 
        7.155192240716433e-05, 
        0.0025554942033747855, 
        0, 
        0.3753819175427421, 
        0
    ], 
    "source": "ILA", 
    "pearson_correlation": [
        0.05974895284184448, 
        0.3254191391683693, 
        0.1853324251072827, 
        0.667823182611422, 
        -0.00461033359838701, 
        0.6097665467861603, 
        0.20480665184976551, 
        0.254806111977763, 
        0.5743538498667726, 
        0.24726374644420365, 
        0.4122407779873681, 
        0.050262405318296184, 
        0.5124228853927502, 
        0.09951016762088859, 
        -0.10627259966034498, 
        0.10982103046884557, 
        0.19914656970722922, 
        -0.028573042552408726, 
        0.79302192547886, 
        0.21252167150644902, 
        0.4049243452507517, 
        0.13516396210205323, 
        0.35285687358628365, 
        -0.07634631443914833, 
        0.34554603493888436, 
        0.36155032488060407, 
        0.058897848200678365, 
        0.658024523062595, 
        0.4154599087316331
    ], 
    "spearman_correlation": [
        0.10090163543863753, 
        0.3319470273776924, 
        0.1763951943911795, 
        0.5615912770598563, 
        0.26865034461883014, 
        0.8413506101949786, 
        0.32841528695735994, 
        0.2408398751967819, 
        0.7680951880493696, 
        0.31768680213954403, 
        0.6962496764368218, 
        0.059906523352830934, 
        0.7447139218995558, 
        0.032165990397542414, 
        0.08654898334042349, 
        0.08665364113356888, 
        0.45321993333236626, 
        0.05907881838212184, 
        0.7646138638055487, 
        0.2648751651267743, 
        0.3016644865701167, 
        0.1744761128593225, 
        0.31682959995793786, 
        -0.054024401787779536, 
        0.5390051746904005, 
        0.34434881307588894, 
        0.10983020196581783, 
        0.911407917512828, 
        0.6667019182806012
    ], 
    "injection_overlap": [
        0, 
        0, 
        0, 
        0.7844140309014868, 
        0, 
        0.0024984591979633907, 
        0, 
        0, 
        0, 
        0, 
        0, 
        0, 
        0.006872499732749552, 
        0, 
        0, 
        0, 
        0, 
        0, 
        0.9753151586165966, 
        0, 
        0, 
        0, 
        0, 
        0, 
        0, 
        0, 
        0, 
        0.4973159426073765, 
        0
    ], 
    "fraction of match covered by td injection": [
        0, 
        0, 
        0, 
        0.2766526438671086, 
        0, 
        0.0013860061558618947, 
        0, 
        0, 
        0, 
        0, 
        0, 
        0, 
        0.0008925294442955836, 
        0, 
        0, 
        0, 
        0, 
        0, 
        0.2996180751033271, 
        0, 
        0, 
        0, 
        0, 
        0, 
        0, 
        0, 
        0, 
        0.05066506390721432, 
        0
    ]
}