{
    "image_series_id": 528511967, 
    "distance": [
        1712.9842643688874, 
        1476.669736872684, 
        2106.708733864566, 
        2127.4339626545084, 
        2223.2817883352936, 
        1771.8533769733476, 
        2010.1749840703853, 
        665.7984980081683, 
        1933.6627313794404, 
        719.4294351893025, 
        1483.6206053349988, 
        1390.333889990573, 
        1962.4191299746565, 
        1949.8919699380735, 
        1925.490053132646, 
        915.7546698938662, 
        1699.7124984875468, 
        1475.8512684863379, 
        997.107879080124, 
        1428.2021013976935, 
        1912.9186796210909, 
        1248.8648767391603, 
        1001.8330346826311, 
        1711.776775143337, 
        1551.6226267237441, 
        2219.887233059176, 
        200.73236160567768, 
        1852.7619191930169, 
        1755.9991383115948, 
        1616.3346849895888, 
        2559.1345129982096, 
        1964.2318777710652, 
        1861.7901717620123, 
        1491.0618878259254, 
        1778.6757140022826, 
        1829.1996288248886, 
        2090.8191749791836, 
        1995.7683549454914, 
        1867.8343794920934, 
        2053.35476394441, 
        2350.6368000390516, 
        978.8938066899423, 
        1752.5375251238681, 
        1845.056517889643
    ], 
    "exclusion_zone_overlap": [
        0, 
        0, 
        0, 
        0, 
        0, 
        0, 
        0, 
        0.14743248483786545, 
        0, 
        0.00046446448381413425, 
        0, 
        0, 
        0, 
        0, 
        0, 
        9.973212982096042e-10, 
        0, 
        0, 
        0.01405670203189886, 
        0, 
        0, 
        0, 
        0.06747537925108443, 
        0, 
        0, 
        0, 
        0.8109397313835207, 
        0, 
        0, 
        0, 
        0, 
        0, 
        0, 
        0, 
        0, 
        0, 
        0, 
        0, 
        0, 
        0, 
        0, 
        0.019164428747672827, 
        0, 
        0
    ], 
    "match_id": [
        180073473, 
        142656218, 
        558580065, 
        585051446, 
        585026021, 
        640282128, 
        127139568, 
        146553971, 
        157062358, 
        180403712, 
        142654100, 
        180297139, 
        113226232, 
        112672974, 
        127089669, 
        112881858, 
        126116848, 
        642967852, 
        127397469, 
        152994878, 
        158314278, 
        116903230, 
        114472145, 
        640081415, 
        272414403, 
        638314843, 
        180435652, 
        579409876, 
        232311959, 
        182794184, 
        603468246, 
        606100558, 
        579203888, 
        576332845, 
        648252402, 
        657172447, 
        166083557, 
        576340889, 
        298178204, 
        648050335, 
        661987195, 
        286483411, 
        642809043, 
        554421791
    ], 
    "fraction of match covered by td exclusion zone": [
        0, 
        0, 
        0, 
        0, 
        0, 
        0, 
        0, 
        0.3841503784678981, 
        0, 
        0.0023818322793386975, 
        0, 
        0, 
        0, 
        0, 
        0, 
        6.83426630307403e-08, 
        0, 
        0, 
        0.020565097530562383, 
        0, 
        0, 
        0, 
        0.1478243712556318, 
        0, 
        0, 
        0, 
        0.5288436966783219, 
        0, 
        0, 
        0, 
        0, 
        0, 
        0, 
        0, 
        0, 
        0, 
        0, 
        0, 
        0, 
        0, 
        0, 
        0.08686079780403214, 
        0, 
        0
    ], 
    "source": "ECT", 
    "pearson_correlation": [
        0.44628352807347027, 
        0.4772378347595556, 
        0.7629012270047001, 
        0.7386231315615079, 
        0.7516513440620057, 
        -0.09114324636947901, 
        0.5870343686357813, 
        0.5622974783636294, 
        0.24189592730972895, 
        0.7646483573949353, 
        0.3308894471141518, 
        0.6124388906946753, 
        0.6160549553523551, 
        0.4317562114840585, 
        0.2885122629285771, 
        0.42133800078702954, 
        0.6745767112811051, 
        0.49177901429957377, 
        0.4455115972523179, 
        -0.004784131467480602, 
        0.09364203150733041, 
        0.264176519478547, 
        0.5802611726222329, 
        0.4787022556315684, 
        0.3661615680959072, 
        -0.12213216505772574, 
        0.7893902260496543, 
        0.15916219664373293, 
        0.2884966231305779, 
        0.4419335457681973, 
        0.13062590647733802, 
        0.27330772113809837, 
        0.24449292608647732, 
        0.19220892689695773, 
        0.5910296885806792, 
        0.3380521237598329, 
        0.2793976782830099, 
        0.2806442325267965, 
        0.5489304839478644, 
        0.36777286349336197, 
        0.1571329147819449, 
        0.6795471594960659, 
        0.5577153221451862, 
        0.1982009270330653
    ], 
    "spearman_correlation": [
        0.1590575488065972, 
        0.23127831834135287, 
        0.7054247421476607, 
        0.5561268078996601, 
        0.4940040596534363, 
        -0.23033574441539786, 
        0.26646010339939846, 
        0.7534971803771396, 
        0.13785060958895556, 
        0.4733909406175375, 
        0.484784758811623, 
        0.7332154854613897, 
        0.28363519376498036, 
        0.31281868554867237, 
        0.14468385575602152, 
        0.15245530793202164, 
        0.7772393763521974, 
        0.5842820673886809, 
        0.6978475986883559, 
        0.37789556856413986, 
        -0.07262142505214188, 
        0.13324149577953798, 
        0.7601862533721516, 
        0.47004161658325955, 
        0.4081960250817144, 
        -0.14215377985788738, 
        0.7633167381413203, 
        0.17687466542417346, 
        0.4266438543315641, 
        0.5151027077017447, 
        0.16197509253823253, 
        0.1180255886138239, 
        0.16580362092753334, 
        0.0900571407404537, 
        0.3787130059634037, 
        0.30432859582413163, 
        0.1853959149261365, 
        0.1521281499526827, 
        0.44853596040159954, 
        0.1716429737511288, 
        0.06719267098342033, 
        0.6961697063022165, 
        0.2961034219830131, 
        0.16523218637502654
    ], 
    "injection_overlap": [
        0, 
        0, 
        0, 
        0, 
        0, 
        0, 
        0, 
        0.09065876290303855, 
        0, 
        0, 
        0, 
        0, 
        0, 
        0, 
        0, 
        0, 
        0, 
        0, 
        0.012648659855947313, 
        0, 
        0, 
        0, 
        0.021416940309758534, 
        0, 
        0, 
        0, 
        0.9617142375324873, 
        0, 
        0, 
        0, 
        0, 
        0, 
        0, 
        0, 
        0, 
        0, 
        0, 
        0, 
        0, 
        0, 
        0, 
        0.0029441098502644833, 
        0, 
        0
    ], 
    "fraction of match covered by td injection": [
        0, 
        0, 
        0, 
        0, 
        0, 
        0, 
        0, 
        0.02862767513342878, 
        0, 
        0, 
        0, 
        0, 
        0, 
        0, 
        0, 
        0, 
        0, 
        0, 
        0.0007787966923965419, 
        0, 
        0, 
        0, 
        0.006871176972157112, 
        0, 
        0, 
        0, 
        0.05514418382610197, 
        0, 
        0, 
        0, 
        0, 
        0, 
        0, 
        0, 
        0, 
        0, 
        0, 
        0, 
        0, 
        0, 
        0, 
        0.000856803144429475, 
        0, 
        0
    ]
}