{
    "image_series_id": 528512680, 
    "distance": [
        1191.2291597004732, 
        1406.8791931215972, 
        894.789079593511, 
        2274.549646828786, 
        2051.8620274609702, 
        2274.006315554583, 
        760.2929446177429, 
        1754.6133535437725, 
        2604.9116709945342, 
        1306.9734531758972, 
        972.2933046171424, 
        1189.9245959779303, 
        2001.1403110995661, 
        974.0912293114675, 
        1178.0005325555749, 
        1434.7636208078602, 
        1175.1783802196667, 
        1464.1109005838866, 
        1538.9023010179037, 
        1111.3842705292536, 
        1676.6335182304367, 
        820.382179160008, 
        1021.8959729874645, 
        2442.078651344871, 
        1196.869986535365, 
        1074.5326314601755, 
        3066.5735101443465, 
        1114.872200821694, 
        1147.7274544345094, 
        1343.5342393866208, 
        2082.650647764415, 
        751.6509913315726, 
        975.3105347691777, 
        974.6051499178068, 
        459.4979760248358, 
        1935.9455094239133, 
        709.7845260126929, 
        1759.3098297375, 
        674.374875413117, 
        950.6468227624259, 
        595.3181977413149, 
        1462.4404780250188, 
        1638.6978113677817, 
        905.8783244772546, 
        682.4660752358585, 
        950.0552099300045, 
        884.6260341114647, 
        853.1343515856925, 
        980.2164494011614, 
        1133.6335949178729, 
        1577.824468282977, 
        991.1530437580157, 
        1008.9311062782313, 
        1056.888449447369, 
        1262.668693385201, 
        2719.5852311752665, 
        1587.2918018281846, 
        1917.0439920128156, 
        1967.605015177919, 
        1753.3782703678216
    ], 
    "exclusion_zone_overlap": [
        0, 
        0.005571000144385487, 
        0, 
        0, 
        0.000956008568578345, 
        0, 
        0.0011396173487254824, 
        0, 
        0, 
        0, 
        1.4865727462346447e-07, 
        0.008227170183826956, 
        0, 
        0, 
        0, 
        0.03927406844927969, 
        0, 
        0, 
        0.002582209666382881, 
        0.0038502930816085254, 
        0, 
        0.00448784041747074, 
        0.0012955006901862788, 
        0, 
        0, 
        0, 
        0, 
        0, 
        0.002973677670363882, 
        0, 
        0, 
        0.0019408208670486829, 
        0, 
        0, 
        0.11141174414803781, 
        0, 
        0.012839124991817875, 
        0, 
        0.19502378321930053, 
        0, 
        0.6612279542989808, 
        0.0052044720705821095, 
        0, 
        3.574499940354977e-06, 
        0.007090731061675527, 
        0.0005510095105385594, 
        0.03388383897581567, 
        0.03076707312636637, 
        0.01736103846081705, 
        0, 
        0, 
        0.001990701351584851, 
        5.067332474416012e-08, 
        0.00020447323081570416, 
        0.020721671087125002, 
        0, 
        0.008913376770302643, 
        0, 
        0, 
        0
    ], 
    "match_id": [
        272916202, 
        180296424, 
        142656218, 
        558580065, 
        585051446, 
        585026021, 
        640282128, 
        127139568, 
        146553971, 
        626107114, 
        157062358, 
        100141796, 
        113887868, 
        142654100, 
        180297139, 
        113226232, 
        146984915, 
        304565427, 
        112672974, 
        112373830, 
        309004492, 
        558581415, 
        127089669, 
        126116848, 
        100148554, 
        642967852, 
        127397469, 
        152994878, 
        114250546, 
        127138787, 
        114472145, 
        640081415, 
        272414403, 
        638314843, 
        579409876, 
        512315551, 
        232311959, 
        606929366, 
        287028480, 
        182794184, 
        603468246, 
        479673174, 
        574941472, 
        648252402, 
        590988082, 
        657172447, 
        166083557, 
        554334685, 
        576340889, 
        286417464, 
        593016678, 
        299446445, 
        298178204, 
        648050335, 
        661987195, 
        584511827, 
        593277684, 
        286483411, 
        601476074, 
        642809043
    ], 
    "fraction of match covered by td exclusion zone": [
        0, 
        0.006727585553702264, 
        0, 
        0, 
        0.00016373878969177456, 
        0, 
        0.0014229757825499991, 
        0, 
        0, 
        0, 
        2.8009721738653815e-08, 
        0.036731512026818965, 
        0, 
        0, 
        0, 
        0.013220660130152, 
        0, 
        0, 
        0.00038483222539800716, 
        0.04186485496194031, 
        0, 
        0.003296452991063489, 
        0.0011748683433041411, 
        0, 
        0, 
        0, 
        0, 
        0, 
        0.020176233274940048, 
        0, 
        0, 
        0.002743244120063998, 
        0, 
        0, 
        0.1100567755280578, 
        0, 
        0.030638680165830993, 
        0, 
        0.11295156031660819, 
        0, 
        0.3010131893695583, 
        0.007065969806377914, 
        0, 
        1.7560600368453344e-05, 
        0.07697124164648929, 
        0.0009565096542382158, 
        0.08574765777416447, 
        0.27772497719190253, 
        0.020668554783857023, 
        0, 
        0, 
        0.0023296262838990184, 
        8.722320974818044e-06, 
        0.0009690171792567201, 
        0.03576993230691304, 
        0, 
        0.0022599779607181537, 
        0, 
        0, 
        0
    ], 
    "source": "ENTm", 
    "pearson_correlation": [
        -0.055991664497689816, 
        -0.030371762166420582, 
        0.4003911271753153, 
        0.7175988636864311, 
        0.7704476285464177, 
        0.833348221452399, 
        0.5308834308664687, 
        0.8324045920488947, 
        0.4531868054481125, 
        0.913361790162807, 
        -0.07536162029042767, 
        -0.07380913856890085, 
        -0.04488139297059863, 
        0.4882758564747918, 
        0.48652275816215185, 
        0.8620760662545994, 
        0.4553129697594396, 
        -0.05976854191426934, 
        0.7079001532511037, 
        -0.0790756759919314, 
        -0.07859076307519126, 
        0.36733909996261255, 
        -0.05070396260424246, 
        0.6237788114325962, 
        0.25747002439002264, 
        0.4000763868850019, 
        0.2549781581125594, 
        0.7155876628522175, 
        -0.0610051497508336, 
        -0.06243756304748183, 
        0.36152207565006855, 
        0.38657168915187945, 
        0.6039122327678612, 
        0.3588829743391797, 
        0.7186978844595814, 
        -0.04587738110005467, 
        0.22720807799095494, 
        -0.049230479848353936, 
        0.573698410679257, 
        0.26488192023116786, 
        0.6864604112715669, 
        -0.025054927066637867, 
        -0.06118767051870737, 
        -0.07713248812374507, 
        -0.05030849865657338, 
        0.06932558146157385, 
        -0.04733329516868498, 
        -0.06180862987061984, 
        -0.0678259848089213, 
        -0.045616459748735294, 
        -0.03000803818572089, 
        0.6316114255564315, 
        -0.0819282041878439, 
        -0.052373293031368666, 
        -0.01537097661906666, 
        -0.0632425779256855, 
        0.08773269630940021, 
        0.13324442219356514, 
        -0.049043016882768534, 
        0.030599253669490553
    ],