{
    "image_series_id": 531233132, 
    "distance": [
        1703.0490384480595, 
        325.9372291670832, 
        142.05831477827815, 
        355.11911318576955, 
        1297.1184780173148, 
        396.1834597262706, 
        1737.4305488333691, 
        911.2428977260737, 
        1538.4221493399896, 
        1447.9912388958596, 
        580.4930166002457, 
        1527.2531665056215, 
        466.88034401050345, 
        2226.291154758909, 
        760.2419632133619, 
        1133.8533591612565, 
        1354.1038446007356, 
        2076.981150045952, 
        1159.7954421980262, 
        1121.1451049102611, 
        1559.2864186839165, 
        1741.4817277271934, 
        2342.8829909851743, 
        1743.780084661788, 
        1561.4054368886073, 
        1757.9227185486045, 
        1441.6993401433651, 
        2530.196930398274, 
        1066.8191977040406
    ], 
    "exclusion_zone_overlap": [
        0, 
        0.5555352841793868, 
        0.7005980637314401, 
        0.619235359395701, 
        0.004443652752666638, 
        0.655633853986623, 
        0, 
        0.04085548850217789, 
        0, 
        0, 
        0.47016571462985784, 
        0, 
        0.6575779300970188, 
        0, 
        0.03758796792386282, 
        0, 
        0, 
        0, 
        0, 
        0, 
        0, 
        0, 
        0.04184959786090573, 
        0, 
        0, 
        0, 
        0, 
        0, 
        0
    ], 
    "match_id": [
        142656218, 
        558580065, 
        585051446, 
        585026021, 
        640282128, 
        127139568, 
        146553971, 
        626107114, 
        142654100, 
        180297139, 
        113226232, 
        146984915, 
        112672974, 
        558581415, 
        126116848, 
        100148554, 
        642967852, 
        127397469, 
        152994878, 
        114472145, 
        640081415, 
        272414403, 
        638314843, 
        579409876, 
        232311959, 
        287028480, 
        182794184, 
        603468246, 
        286483411
    ], 
    "fraction of match covered by td exclusion zone": [
        0, 
        0.7465301634238921, 
        0.8370369415815466, 
        0.6438644710138752, 
        0.0024999091543459204, 
        0.37204539578685114, 
        0, 
        0.08086292314448623, 
        0, 
        0, 
        0.2586964556117, 
        0, 
        0.43884330778322106, 
        0, 
        0.027725944156782468, 
        0, 
        0, 
        0, 
        0, 
        0, 
        0, 
        0, 
        0.03324562780839288, 
        0, 
        0, 
        0, 
        0, 
        0, 
        0
    ], 
    "source": "ENTm", 
    "pearson_correlation": [
        0.9139299620965363, 
        0.9176143008564047, 
        0.8750543148015159, 
        0.8493764525857775, 
        0.4450030381166783, 
        0.8023326466851566, 
        0.8317099874227963, 
        0.5271016590548864, 
        0.9275621666396633, 
        0.9110730574670114, 
        0.8173395403718235, 
        0.4802789619938302, 
        0.7736709412322126, 
        0.4226565650085626, 
        0.9478058737864585, 
        0.3302554554703215, 
        0.9474775798688353, 
        0.8372031302738467, 
        0.5753916784431832, 
        0.906939199731934, 
        0.9601900688860489, 
        0.8445832743452913, 
        0.2785816790645858, 
        0.8305060926670418, 
        0.799409766029026, 
        0.5650558168073793, 
        0.8749277220092985, 
        0.6241160638180787, 
        0.8366685510508877
    ], 
    "spearman_correlation": [
        0.5660568460862878, 
        0.9278602999705692, 
        0.8567815498320709, 
        0.7932369280242374, 
        0.35772832032972207, 
        0.6993352047689507, 
        0.7142995550189194, 
        0.622792008642073, 
        0.6665841939052177, 
        0.7548961180764635, 
        0.6943659459225864, 
        0.37413857105238096, 
        0.5446597640993471, 
        0.4456097121957039, 
        0.819012548290868, 
        0.2775074557829072, 
        0.7864420872260814, 
        0.6084025493626052, 
        0.5464021470332495, 
        0.7791607433230857, 
        0.6980180152605383, 
        0.6554847302599811, 
        0.40796940792793646, 
        0.6244234484181691, 
        0.6039320800445772, 
        0.5520392907696313, 
        0.6954391503509658, 
        0.5715216719328571, 
        0.6402984164740859
    ], 
    "injection_overlap": [
        0, 
        0.6451056527677377, 
        0.9706156321483472, 
        0.916918705554349, 
        0.011378316519091283, 
        0.911917171625868, 
        0, 
        0.019501387187922888, 
        0, 
        0, 
        0.6411035280184665, 
        0, 
        0.956399034145275, 
        0, 
        0.0015211252219342905, 
        0, 
        0, 
        0, 
        0, 
        0, 
        0, 
        0, 
        0.003546121833343383, 
        0, 
        0, 
        0, 
        0, 
        0, 
        0
    ], 
    "fraction of match covered by td injection": [
        0, 
        0.08722569066361137, 
        0.15626119837202904, 
        0.08908760926627508, 
        0.0007892504922252456, 
        0.049128658926728255, 
        0, 
        0.0031008055198739333, 
        0, 
        0, 
        0.027059354956822997, 
        0, 
        0.07103260774268522, 
        0, 
        7.639970196519845e-05, 
        0, 
        0, 
        0, 
        0, 
        0, 
        0, 
        0, 
        0.0004091610980763666, 
        0, 
        0, 
        0, 
        0, 
        0, 
        0
    ]
}