{
    "image_series_id": 531443949, 
    "distance": [
        1954.709386152256, 
        1738.353087005258, 
        3150.4891750715606, 
        1895.1501916737247, 
        1639.3014722336816, 
        1474.5174126712104, 
        2200.6622808169527, 
        1453.8674507540002, 
        665.5924215148573, 
        607.2005165858457, 
        607.0631908464338, 
        2371.8130462587114, 
        874.8139450760576, 
        783.1885551361311, 
        1019.4282808893261, 
        702.0833242643611, 
        1133.889993189326, 
        182.12000701931137, 
        575.6958714208768, 
        1735.6145515172545, 
        850.4011825272123, 
        1498.631596961246, 
        1740.7676561127105, 
        916.9885275263025, 
        1267.0747454170125, 
        1289.8389315243335, 
        556.3200893048278, 
        609.1262044405169, 
        1243.9564319415017, 
        256.0791409478516, 
        688.1734225829397, 
        1973.006434231961, 
        1011.9028148223177, 
        397.9412446460018, 
        343.6968204041673, 
        802.4065047152027, 
        1197.3561986457407, 
        905.4311882394309, 
        946.6843457352077, 
        972.0299860481435, 
        820.2087063348635, 
        1246.9831608527686, 
        1426.969431774588, 
        1048.1487942494914, 
        701.0139090530046, 
        1110.419384616993, 
        1128.8420423438904, 
        3185.036583228302, 
        874.4055440847134, 
        1712.5811154763105, 
        1513.770066715747, 
        1118.5877767322675, 
        397.8605593256431, 
        1861.0963548672648, 
        769.4424136020532, 
        2022.4626941071995, 
        1416.7994912128922, 
        1503.704068526144, 
        1474.6474408063955, 
        843.8229081593203, 
        1282.0751455562734, 
        1929.4581391121228, 
        509.85118374318216, 
        1752.2733714649066, 
        423.8480577910773, 
        1286.7082569875236, 
        1038.3006078640049, 
        1562.322942109943, 
        1537.722254999048, 
        1908.139213105931, 
        2501.124248385197, 
        2609.116268562887
    ], 
    "exclusion_zone_overlap": [
        0, 
        0, 
        0, 
        0, 
        0, 
        0, 
        0, 
        0, 
        0.020722297210593377, 
        0.023284876927259866, 
        0.0010168169893906153, 
        0, 
        0, 
        0.00021486144048915592, 
        0, 
        4.3177933235887904e-05, 
        0, 
        0.36647685128673074, 
        0.08152938045383212, 
        0, 
        0, 
        0, 
        0, 
        0, 
        0, 
        0, 
        0.249734222166956, 
        0.03826320189841516, 
        0, 
        0.5082469519618585, 
        0.17027089487364785, 
        0, 
        0, 
        0.2795845566770761, 
        0.20456621403141803, 
        0.1209614308767827, 
        0, 
        0, 
        0.0025621829321308327, 
        0, 
        0.00014830198575243312, 
        0, 
        0.014280135799296384, 
        0, 
        0.0009569917145937801, 
        0, 
        0, 
        0, 
        2.2628043021070547e-06, 
        0, 
        0, 
        0, 
        0.1957741811984895, 
        0, 
        1.753086070271103e-05, 
        0, 
        0, 
        3.542027364103974e-07, 
        0, 
        0.23432381539873579, 
        0, 
        0, 
        0.12949367615180882, 
        0, 
        0.13446144926185327, 
        0, 
        0.0034287607719984906, 
        0, 
        0, 
        0, 
        0, 
        0
    ], 
    "match_id": [
        100140949, 
        126523791, 
        180720175, 
        126115436, 
        113887868, 
        112229103, 
        100148142, 
        116900714, 
        146077302, 
        126862385, 
        112595376, 
        126852363, 
        174361040, 
        272782668, 
        100141599, 
        272916915, 
        112424813, 
        523718823, 
        294481346, 
        512315551, 
        657046319, 
        598605738, 
        606929366, 
        593018150, 
        501484658, 
        518742338, 
        512314723, 
        249396394, 
        559878074, 
        501006221, 
        572588941, 
        511550172, 
        584895127, 
        482581199, 
        496113850, 
        646525997, 
        576341623, 
        536298726, 
        571100135, 
        510417993, 
        479984127, 
        575782182, 
        524667618, 
        592540591, 
        168164230, 
        502074651, 
        166054929, 
        496151571, 
        501115762, 
        603479758, 
        657042668, 
        159753308, 
        562521707, 
        159832064, 
        546103149, 
        593016678, 
        646525156, 
        597007143, 
        272930013, 
        584511827, 
        510417255, 
        593277684, 
        485237081, 
        591535205, 
        303784745, 
        562674923, 
        523718075, 
        601476074, 
        656632388, 
        580150240, 
        267493760, 
        183174303
    ], 
    "fraction of match covered by td exclusion zone": [
        0, 
        0, 
        0, 
        0, 
        0, 
        0, 
        0, 
        0, 
        0.07405342416248377, 
        0.06683740200674138, 
        0.004648265815900711, 
        0, 
        0, 
        0.0004420742422784468, 
        0, 
        0.0001293202751223172, 
        0, 
        0.9770705548910815, 
        0.2500566888944742, 
        0, 
        0, 
        0, 
        0, 
        0, 
        0, 
        0, 
        0.3285871459168811, 
        0.08665076902122398, 
        0, 
        0.7348891001704504, 
        0.1184420493068407, 
        0, 
        0, 
        0.4568777774730987, 
        0.3946523333351069, 
        0.11106117770269665, 
        0, 
        0, 
        0.0011963284328067613, 
        0, 
        0.00016359375528726133, 
        0, 
        0.0026433272691710583, 
        0, 
        0.0041788250260605024, 
        0, 
        0, 
        0, 
        3.51795727699371e-06, 
        0, 
        0, 
        0, 
        0.4601585908586202, 
        0, 
        6.150399707479353e-06, 
        0, 
        0, 
        8.180300588149635e-10, 
        0, 
        0.11692963695082213, 
        0, 
        0, 
        0.46808054733644033, 
        0, 
        0.360452182027592, 
        0, 
        0.0030397589605456465, 
        0, 
        0, 
        0, 
        0, 
        0
    ], 
    "source": "RSPv",