{
    "image_series_id": 532005897, 
    "distance": [
        555.2068623931857, 
        770.3418189800259, 
        761.7017390317235, 
        404.80735856412934, 
        567.3325977044008, 
        778.8221547775831, 
        582.6924423943376, 
        170.28315799932795, 
        420.92688701143425, 
        704.1075988746816, 
        246.67058490316654, 
        797.0891549845169, 
        339.2539699093637
    ], 
    "exclusion_zone_overlap": [
        0.056083697407046613, 
        0, 
        6.484724249517993e-05, 
        0.10098577439849636, 
        0.1274015860094066, 
        0.13259793568805947, 
        0.17955076484868476, 
        0.8438757288201196, 
        0.2650510356675289, 
        0.023826876404450293, 
        0.4539328398981054, 
        0.001433083594727917, 
        0.7929025063567757
    ], 
    "match_id": [
        112423392, 
        112306316, 
        157711748, 
        158435116, 
        126860974, 
        478376197, 
        496554237, 
        480994108, 
        287769286, 
        156741826, 
        478582494, 
        263106036, 
        167902586
    ], 
    "fraction of match covered by td exclusion zone": [
        0.1388727288555495, 
        0, 
        7.059672324814642e-05, 
        0.2643151399253626, 
        0.17848491972373773, 
        0.11312001056456489, 
        0.21341130241335632, 
        0.5106240757609172, 
        0.2656655484274095, 
        0.01590075481800204, 
        0.6240466696483641, 
        0.0023681777428204423, 
        0.5275185923266058
    ], 
    "source": "ORBvl", 
    "pearson_correlation": [
        0.7288015725551915, 
        0.11726607174425034, 
        0.2691589215322389, 
        0.7800933801995033, 
        0.5012207984272756, 
        0.40405687901485304, 
        0.41131795079710604, 
        0.39034016436083524, 
        0.41642791188536943, 
        0.30404972701349237, 
        0.3264231413070533, 
        0.2656949221864919, 
        0.5251217528824597
    ], 
    "spearman_correlation": [
        0.5089369418796365, 
        -0.04079234514017123, 
        0.4032979986747558, 
        0.8102855898405462, 
        0.6234326622181888, 
        0.5775657536727676, 
        0.6578293745530626, 
        0.789723743566461, 
        0.5727870964184055, 
        0.5930737660749524, 
        0.8200338022493173, 
        0.4062975417026657, 
        0.6715228673048896
    ], 
    "injection_overlap": [
        0.029948150637879232, 
        0, 
        0, 
        0.047568488680772576, 
        0.08105501085268553, 
        0.08645840133106125, 
        0.14361513007703008, 
        0.9421771289701466, 
        0.21083187984769394, 
        0.007222154923495205, 
        0.5223061164808281, 
        0.0014381275524988667, 
        0.8769524887986255
    ], 
    "fraction of match covered by td injection": [
        0.02035785411116372, 
        0, 
        0, 
        0.04277301206108663, 
        0.030507682124968193, 
        0.022701055986479375, 
        0.05106170393062712, 
        0.20649140694367443, 
        0.08015993790865177, 
        0.0006173876687278548, 
        0.23235314000366927, 
        0.00020453975834224274, 
        0.20216763231290263
    ]
}