{
    "image_series_id": 555012592, 
    "distance": [
        874.9320234173131, 
        1908.8288532423405, 
        3113.1521261424086, 
        2964.3476873895506, 
        1132.1953050924594, 
        1876.4832718225541, 
        1105.0034107405943, 
        2145.2627618283286, 
        2103.314687144587, 
        760.2477993248466, 
        450.96898710000806, 
        1356.6285014103194, 
        2171.002440417449, 
        3045.1953229492806, 
        424.0666246001067, 
        1129.7966173048312, 
        1402.1168373806354, 
        1059.6055404708072, 
        355.3221712832878, 
        1667.1059509510028, 
        1029.879505819975, 
        956.9950167442615, 
        1026.8871021027753, 
        2203.7774574753403, 
        1011.5800745554129, 
        2284.686920502219, 
        2151.0475226061762, 
        1023.1798512016783, 
        329.2275627489129, 
        1962.7683478214583, 
        207.90392596832658, 
        2333.7774378206764, 
        2205.3947043206367, 
        1249.0843158601228, 
        775.1784530441489, 
        2045.6436694634174, 
        1108.9855091983177, 
        2173.0926825911974, 
        2604.9291062454226, 
        3233.977824733126, 
        726.3947817310295, 
        1282.3319424637539, 
        2326.1096287496666, 
        2881.990862215338
    ], 
    "exclusion_zone_overlap": [
        0.01474706529395675, 
        0, 
        0, 
        0, 
        0, 
        0, 
        0, 
        0, 
        0, 
        0, 
        0.003614028376244509, 
        0, 
        0, 
        0, 
        0.4483377043038591, 
        0, 
        0, 
        0, 
        0.1601825307093318, 
        0, 
        0, 
        0, 
        0, 
        0, 
        0, 
        0, 
        0, 
        0, 
        0.482266446210881, 
        0, 
        0.6119552039830402, 
        0, 
        0, 
        0, 
        0.03792324821054679, 
        0, 
        0, 
        0, 
        0, 
        0, 
        0.03515499965912581, 
        0, 
        0, 
        0
    ], 
    "match_id": [
        100140949, 
        126523791, 
        126115436, 
        113887868, 
        100148142, 
        126862385, 
        112595376, 
        174361040, 
        272782668, 
        272916915, 
        112424813, 
        523718823, 
        657046319, 
        606929366, 
        501484658, 
        249396394, 
        501006221, 
        572588941, 
        584895127, 
        482581199, 
        496113850, 
        646525997, 
        576341623, 
        536298726, 
        571100135, 
        510417993, 
        479984127, 
        575782182, 
        592540591, 
        168164230, 
        166054929, 
        496151571, 
        501115762, 
        562521707, 
        159832064, 
        546103149, 
        646525156, 
        584511827, 
        510417255, 
        593277684, 
        591535205, 
        303784745, 
        523718075, 
        601476074
    ], 
    "fraction of match covered by td exclusion zone": [
        0.0069611993760070575, 
        0, 
        0, 
        0, 
        0, 
        0, 
        0, 
        0, 
        0, 
        0, 
        0.03580769482380978, 
        0, 
        0, 
        0, 
        0.4178933509137277, 
        0, 
        0, 
        0, 
        0.749484484200386, 
        0, 
        0, 
        0, 
        0, 
        0, 
        0, 
        0, 
        0, 
        0, 
        0.6075319536388906, 
        0, 
        0.5932858935665524, 
        0, 
        0, 
        0, 
        0.06927317778998193, 
        0, 
        0, 
        0, 
        0, 
        0, 
        0.06224149672401935, 
        0, 
        0, 
        0
    ], 
    "source": "RSPv", 
    "pearson_correlation": [
        0.9585764393566069, 
        0.7506732391471982, 
        0.2688552673030668, 
        0.13736307290868385, 
        0.9302829832789448, 
        0.15262934836772732, 
        0.8665370379011309, 
        0.1367598319406248, 
        0.1323351762070208, 
        0.870452523046924, 
        0.7987943340056659, 
        0.3721896838079448, 
        0.1894970341054381, 
        0.17261297929896668, 
        0.9100413526702057, 
        0.6331581064228246, 
        0.5574665317931253, 
        0.7142194932959866, 
        0.631453826722544, 
        0.44796461515600283, 
        0.548286117356023, 
        0.5676269545390044, 
        0.7703375614167213, 
        0.1815324302306546, 
        0.6684925473453089, 
        0.14051732896675279, 
        0.28300032155535587, 
        0.8724884535104432, 
        0.8113979780732941, 
        0.257794435997228, 
        0.8541253614672614, 
        0.7621418929558584, 
        0.2073853120241003, 
        0.457546248995155, 
        0.9819313438703346, 
        0.3182955684541727, 
        0.7203400422513238, 
        0.19089635597198903, 
        0.19273759240006827, 
        0.12946928164813296, 
        0.9494268936342064, 
        0.7031525679275766, 
        0.34023913335627054, 
        0.16593134781319727
    ], 
    "spearman_correlation": [
        0.7969856774024529, 
        0.3068559661170137, 
        0.4244670067891374, 
        0.6127991108591554, 
        0.7263756440555079, 
        0.5995783368308136, 
        0.7315457065129641, 
        0.5362936300889302, 
        0.5866589280085551, 
        0.8666719139889111, 
        0.9641845960198863, 
        0.7362242471401327, 
        0.5179122322888542, 
        0.583953084943873, 
        0.9112418067229405, 
        0.7553614534583858, 
        0.7686381343564027, 
        0.8080851530867381, 
        0.9032074411529477, 
        0.6644144274086744, 
        0.7398852971845673, 
        0.8221104909074117, 
        0.7806009031271185, 
        0.5679555597431237, 
        0.7807965068556249, 
        0.500235870792004, 
        0.656222379130539, 
        0.7288020596009159, 
        0.9822732012513036, 
        0.6069385733705007, 
        0.9394982879476467, 
        0.6203224328906981, 
        0.5929680205895681, 
        0.5138554473402803, 
        0.839580916319887, 
        0.8456543573266792, 
        0.691131627790973, 
        0.6869060938654457, 
        0.5828302182064528, 
        0.3683614199687186, 
        0.862059014299876, 
        0.5996754038039733, 
        0.569231054386587, 
        0.6153855343357951
    ], 
    "injection_overlap": [
        0, 
        0, 
        0, 
        0, 
        0, 
        0, 
        0, 
        0, 
        0, 
        0, 
        0.0039822476793889994, 
        0, 
        0, 
        0, 
        0.9273953656679232, 
        0, 
        0, 
        0, 
        0.1642725183955041, 
        0, 
        0, 
        0, 
        0, 
        0, 
        0, 
        0, 
        0, 
        0, 
        0.7600837770222391, 
        0, 
        0.9904605618873035, 
        0, 
        0, 
        0, 
        0, 
        0, 
        0, 
        0, 
        0, 
        0, 
        0.0006819824836383213, 
        0, 
        0, 
        0
    ], 
    "fraction of match covered by td injection": [
        0, 
        0, 
        0, 
        0, 
        0, 
        0, 
        0, 
        0, 
        0, 
        0, 
        0.004794891367549292, 
        0, 
        0, 
        0, 
        0.14136239570014844, 
        0, 
        0, 
        0, 
        0.01982871719345903, 
        0, 
        0, 
        0, 
        0, 
        0, 
        0, 
        0, 
        0, 
        0, 
        0.11155487679621885, 
        0, 
        0.14993726617628705, 
        0, 
        0, 
        0, 
        0, 
        0, 
        0, 
        0, 
        0, 
        0, 
        0.00010747717773544388, 
        0, 
        0, 
        0
    ]
}