{
    "image_series_id": 561511939, 
    "distance": [
        1247.665111924332, 
        914.9363194643208, 
        1401.705645788313, 
        677.7601217479421, 
        942.9494769060532, 
        1258.5183915375387, 
        606.8130299112123, 
        674.7687347182803, 
        1318.8271143762045, 
        984.0167699047686, 
        975.427911473018, 
        1387.6495175822374, 
        927.8966532824492, 
        898.0625303528388, 
        1048.1232124325686, 
        857.0631717522314, 
        931.7734609610131, 
        2371.6246724989637, 
        1271.5886437286908, 
        1025.234696221943, 
        1141.7857751933846, 
        866.5943390551328
    ], 
    "exclusion_zone_overlap": [
        0, 
        0.03348238526336179, 
        0, 
        0.1797248922132239, 
        0.027913962238886023, 
        0, 
        0.2951143476061792, 
        0.06992148353008609, 
        1.2373097042373328e-05, 
        0.2456459739151592, 
        0.004081976533409624, 
        0, 
        0.09705673125731626, 
        0.36834689599315507, 
        0.17422912519868963, 
        0.021763078144932706, 
        0.004716912226613413, 
        0, 
        0, 
        5.8144794145743656e-05, 
        0, 
        0.038541076254881006
    ], 
    "match_id": [
        100140949, 
        126523791, 
        100148142, 
        112595376, 
        272916915, 
        523718823, 
        501484658, 
        249396394, 
        501006221, 
        572588941, 
        584895127, 
        482581199, 
        496113850, 
        646525997, 
        571100135, 
        592540591, 
        166054929, 
        496151571, 
        562521707, 
        159832064, 
        591535205, 
        303784745
    ], 
    "fraction of match covered by td exclusion zone": [
        0, 
        0.03520596898925173, 
        0, 
        0.6415968833266579, 
        0.10911293771107405, 
        0, 
        0.33628104032009065, 
        0.123607892829789, 
        7.0056931167308595e-06, 
        0.17609064489620685, 
        0.005724478078890363, 
        0, 
        0.18272097871969734, 
        0.17064212058059444, 
        0.08948137927692153, 
        0.03990732086748966, 
        0.004722040950476749, 
        0, 
        0, 
        0.00020760270398105884, 
        0, 
        0.13528221487156558
    ], 
    "source": "RSPv", 
    "pearson_correlation": [
        0.8744296353177731, 
        0.7824581775534638, 
        0.792824374524324, 
        0.9406188832176798, 
        0.8478322899417325, 
        0.31323005553180344, 
        0.8984160493737791, 
        0.5655322268164764, 
        0.5145159955687663, 
        0.6497745496982107, 
        0.5180207821567938, 
        0.39224062910307095, 
        0.538704646128108, 
        0.5059798082695509, 
        0.6392099211542274, 
        0.7700315525700999, 
        0.782988152414489, 
        0.586540021838977, 
        0.47530349934089294, 
        0.9053120430904747, 
        0.8495012992716742, 
        0.6596037168999886
    ], 
    "spearman_correlation": [
        0.6002276066819792, 
        0.33015952423600775, 
        0.5566269719551911, 
        0.8053120452238952, 
        0.7916129602124488, 
        0.6256048277051259, 
        0.7875422501207145, 
        0.6994916143429292, 
        0.6676605711645623, 
        0.6863380793422241, 
        0.6740051787007787, 
        0.6093674553355867, 
        0.6555510806060257, 
        0.6849731651520887, 
        0.6633690016404543, 
        0.7702136177238347, 
        0.7241631721135265, 
        0.6105375683312155, 
        0.6160653541887173, 
        0.7240006382473739, 
        0.6556564230062213, 
        0.6813436001794825
    ], 
    "injection_overlap": [
        0, 
        0.0007029502224573978, 
        0, 
        0.06527597173956706, 
        0, 
        0, 
        0.7077845240605571, 
        0.027666458037393, 
        0, 
        0.07434695843236415, 
        0, 
        0, 
        0.04662900185595211, 
        0.14345495569521283, 
        0.06796466062530626, 
        0, 
        0, 
        0, 
        0, 
        0, 
        0, 
        0.03764724436101238
    ], 
    "fraction of match covered by td injection": [
        0, 
        6.0495229551305555e-06, 
        0, 
        0.03912275989777227, 
        0, 
        0, 
        0.07796548377101922, 
        0.0021885119365510856, 
        0, 
        0.012952820253009601, 
        0, 
        0, 
        0.016160729210136563, 
        0.011685597728078949, 
        0.0065725122871794165, 
        0, 
        0, 
        0, 
        0, 
        0, 
        0, 
        0.012351027280421058
    ]
}