{
    "image_series_id": 569993539, 
    "distance": [
        891.9605526856392, 
        2103.720414329947, 
        1949.2460301766607, 
        515.123339748519, 
        1372.894278948289, 
        2241.234230460247, 
        932.7731330739158, 
        2440.6655415511646, 
        2211.244141416813, 
        780.6322171956836, 
        638.3948569972185, 
        1053.8517279580285, 
        2388.847063368006, 
        2157.0282089324455, 
        1280.8907609680793, 
        1454.4147301371072, 
        1895.0519259296861, 
        2037.9743709038576, 
        946.3077188789619, 
        1021.945028585247, 
        2090.338390752555, 
        806.8459915834999, 
        1102.8699238855263, 
        1307.0307737125506, 
        950.2318502897574, 
        990.5291229501756, 
        1134.2247463484925, 
        1996.8803226310933, 
        806.2817953015356, 
        292.5048642083951, 
        1212.3391990832126, 
        1153.2412717951538, 
        1628.4753270837596, 
        1810.2885724451048, 
        1249.35094708274
    ], 
    "exclusion_zone_overlap": [
        0, 
        0, 
        0, 
        0.07880243888931697, 
        0, 
        0, 
        6.0220531816914836e-05, 
        0, 
        0, 
        0, 
        0.1051863210376496, 
        0, 
        0, 
        0, 
        0, 
        0, 
        0, 
        0, 
        0.0179106184075418, 
        0, 
        0.0010276221262656168, 
        0.10463193900697236, 
        0, 
        0, 
        0, 
        0, 
        0, 
        0, 
        0, 
        0.8356481606451288, 
        0, 
        0, 
        0, 
        0, 
        0
    ], 
    "match_id": [
        100141454, 
        272697944, 
        180720175, 
        141603190, 
        146593590, 
        180709942, 
        112514202, 
        180673746, 
        180719293, 
        141602484, 
        112952510, 
        585025284, 
        170721670, 
        112423392, 
        584903636, 
        139520203, 
        100140756, 
        157710335, 
        180916954, 
        584194481, 
        496554237, 
        166055636, 
        125833030, 
        478491090, 
        583747816, 
        182793477, 
        286482701, 
        496151571, 
        120814821, 
        168162771, 
        606785720, 
        496576666, 
        166082128, 
        263242463, 
        598604288
    ], 
    "fraction of match covered by td exclusion zone": [
        0, 
        0, 
        0, 
        0.09738656523930239, 
        0, 
        0, 
        1.6439921718827693e-05, 
        0, 
        0, 
        0, 
        0.0765714161837402, 
        0, 
        0, 
        0, 
        0, 
        0, 
        0, 
        0, 
        0.005898869903622009, 
        0, 
        3.358870819630699e-05, 
        0.0385738138635194, 
        0, 
        0, 
        0, 
        0, 
        0, 
        0, 
        0, 
        0.5337724538258674, 
        0, 
        0, 
        0, 
        0, 
        0
    ], 
    "source": "MOs", 
    "pearson_correlation": [
        0.9209177533614327, 
        0.3927390814357974, 
        0.5420684224120403, 
        0.8332803869419471, 
        0.3542161608110553, 
        0.5855563924226258, 
        0.203997928369533, 
        0.8221236898634806, 
        0.5574052007316254, 
        0.7170048476136495, 
        0.9501254434997053, 
        0.8374268458343838, 
        0.8463296903750248, 
        0.2713890213896234, 
        0.7036500104069429, 
        0.12486944137720755, 
        0.8717338116436004, 
        0.8719667738102768, 
        0.8666203875913187, 
        0.3238693441295575, 
        0.20776759031514408, 
        0.9663576315480832, 
        0.3237175985762982, 
        0.19949533762802135, 
        0.44480353567012926, 
        0.9080860177252049, 
        0.19960581518155684, 
        0.5412415777796677, 
        0.8979790569070168, 
        0.9824439156600501, 
        0.8306679881100159, 
        0.2600954120226026, 
        0.7455692221794324, 
        0.8831052651595311, 
        0.7775045805326993
    ], 
    "spearman_correlation": [
        0.7955367796545959, 
        0.24387585184169444, 
        0.5912606504499944, 
        0.5509588541191913, 
        0.02988824375728135, 
        0.37338250834448977, 
        0.10314317517739223, 
        0.3356010189470485, 
        0.3896506765265663, 
        0.6118002001995655, 
        0.8038558671727998, 
        0.5509970791606142, 
        0.471431389071927, 
        0.46529304568739455, 
        0.52920800931896, 
        -0.027308506114067006, 
        0.35941078089513673, 
        0.5190401413819489, 
        0.4928358129856516, 
        0.04994786235662149, 
        0.06352411218918388, 
        0.8085609305329725, 
        0.09033398708213475, 
        -0.022727528930464414, 
        0.17343048208284267, 
        0.6792727699195532, 
        0.07802156766275566, 
        0.2306392557573824, 
        0.6026599648166201, 
        0.7714832851908039, 
        0.5722106360792494, 
        0.08628819255212758, 
        0.49047371018687047, 
        0.49453024193799777, 
        0.5948539841473812
    ], 
    "injection_overlap": [
        0, 
        0, 
        0, 
        0.010386847845679587, 
        0, 
        0, 
        0, 
        0, 
        0, 
        0, 
        0.010115687592458214, 
        0, 
        0, 
        0, 
        0, 
        0, 
        0, 
        0, 
        0.0014908584407128975, 
        0, 
        0, 
        0.010121073416621378, 
        0, 
        0, 
        0, 
        0, 
        0, 
        0, 
        0, 
        0.9855636121529536, 
        0, 
        0, 
        0, 
        0, 
        0
    ], 
    "fraction of match covered by td injection": [
        0, 
        0, 
        0, 
        0.00564446700317378, 
        0, 
        0, 
        0, 
        0, 
        0, 
        0, 
        0.00914494929741864, 
        0, 
        0, 
        0, 
        0, 
        0, 
        0, 
        0, 
        7.212385543638544e-05, 
        0, 
        0, 
        0.0027036596777666117, 
        0, 
        0, 
        0, 
        0, 
        0, 
        0, 
        0, 
        0.23393819333049398, 
        0, 
        0, 
        0, 
        0, 
        0
    ]
}