{
    "image_series_id": 569932566, 
    "distance": [
        1151.8070804002073, 
        1033.1785320666324, 
        1562.1583094994703, 
        535.5788982349974, 
        1333.3600402732911, 
        1098.3715531418827, 
        900.3426199822603, 
        1388.1141993510091, 
        974.663135421028, 
        518.4799664793793, 
        1395.8684136840423, 
        1617.9619190301871, 
        1575.3602956525865, 
        858.1730334765582, 
        1185.550133373925, 
        1999.563581856991, 
        1283.1899176275192, 
        1242.5424396239616, 
        1123.0704237882476, 
        1163.439777493186, 
        1717.328481914122, 
        1384.4259061608757, 
        815.7020569580324, 
        541.0325213649038, 
        1595.2434467797466, 
        966.1688985416673, 
        959.8620413081318, 
        255.86940494294004, 
        2326.665876804612, 
        1604.4216707555074, 
        447.4803868347949, 
        1134.5417295194054, 
        1386.3129841907187, 
        946.9743228715257, 
        1537.7006792555667
    ], 
    "exclusion_zone_overlap": [
        0, 
        0.002568100143424376, 
        0, 
        0.21296501057515332, 
        0, 
        9.944531287480711e-05, 
        0.0025793360432136577, 
        0, 
        0, 
        0.14724472322095708, 
        0, 
        0, 
        0, 
        0.022608346542862638, 
        0, 
        0, 
        0, 
        0, 
        0, 
        3.374868560427271e-05, 
        0, 
        0, 
        0.05045058940401371, 
        0.4724860338757412, 
        0, 
        0, 
        0.008836739487087004, 
        0.42070668188709603, 
        0, 
        0, 
        0.36663334890917215, 
        0, 
        0, 
        0.01070409486417326, 
        0
    ], 
    "match_id": [
        100141454, 
        141603190, 
        146593590, 
        112514202, 
        139426984, 
        112952510, 
        157556400, 
        112423392, 
        157711748, 
        112458114, 
        139520203, 
        180916954, 
        126860974, 
        584194481, 
        478376197, 
        501483880, 
        496554237, 
        526783054, 
        166055636, 
        125833030, 
        480994108, 
        478491090, 
        286313491, 
        583747816, 
        182793477, 
        126117554, 
        478376911, 
        286482701, 
        496151571, 
        478582494, 
        161458737, 
        168162771, 
        496576666, 
        263106036, 
        167902586
    ], 
    "fraction of match covered by td exclusion zone": [
        0, 
        0.010902961758429478, 
        0, 
        0.613439524854143, 
        0, 
        0.0006756917757763986, 
        0.010865863273012661, 
        0, 
        0, 
        0.71601816815317, 
        0, 
        0, 
        0, 
        0.11226173826362687, 
        0, 
        0, 
        0, 
        0, 
        0, 
        0.000277161778144126, 
        0, 
        0, 
        0.18326049656540155, 
        0.5466509133637062, 
        0, 
        0, 
        0.03235443731805422, 
        0.9532956107840767, 
        0, 
        0, 
        0.5723846551262998, 
        0, 
        0, 
        0.02080015733978406, 
        0
    ], 
    "source": "ACAv", 
    "pearson_correlation": [
        0.12745859039503496, 
        0.2515279335739165, 
        0.5170682348854658, 
        0.8636027236479151, 
        0.690095219069126, 
        0.07997997219203405, 
        0.9269335847272716, 
        0.1644431310283614, 
        0.5467267350733354, 
        0.7195460082052375, 
        0.769541140282206, 
        0.13759169670503177, 
        0.7170717313772552, 
        0.7718412198812781, 
        0.5322909761373407, 
        0.40922757243106395, 
        0.5042927388935791, 
        0.5944760385107128, 
        0.019575815655035595, 
        0.6252221449634263, 
        0.5454260387342393, 
        0.2926752293007408, 
        0.909912449999224, 
        0.7087010876036601, 
        0.029242065898101213, 
        0.8778161845670723, 
        0.6545965548052187, 
        0.8747614086833522, 
        0.2822600368398481, 
        0.6600512372112843, 
        0.8856268315769525, 
        0.010381373420305783, 
        0.5317982093159196, 
        0.5623836897084282, 
        0.5120376819967927
    ], 
    "spearman_correlation": [
        0.3269137556420445, 
        0.34103956751274167, 
        0.5942439100227941, 
        0.752233538397537, 
        0.7386411005995954, 
        0.11856610201071359, 
        0.7917556115179091, 
        0.3771851655871614, 
        0.5181664151284973, 
        0.7280916525406322, 
        0.7899451700688523, 
        0.2908674539168594, 
        0.7401363322983686, 
        0.8578553816792441, 
        0.6267105371475387, 
        0.6208435482653154, 
        0.6417896342933977, 
        0.6064519966846681, 
        0.007785960051150901, 
        0.6029344039640463, 
        0.612632119814242, 
        0.5756949104575235, 
        0.7498598293450328, 
        0.7408011254112113, 
        0.1223587198593607, 
        0.7705022902366375, 
        0.700648789876661, 
        0.695685029300713, 
        0.49606675858490423, 
        0.6388878110594878, 
        0.8143958539043168, 
        0.022007629660219727, 
        0.6304036462859764, 
        0.5322375044260504, 
        0.6017827141601549
    ], 
    "injection_overlap": [
        0, 
        0.00018597905244140657, 
        0, 
        0.3246095051637393, 
        0, 
        0, 
        9.201406607872398e-09, 
        0, 
        0, 
        0.14142903960060396, 
        0, 
        0, 
        0, 
        0.0003708758911026784, 
        0, 
        0, 
        0, 
        0, 
        0, 
        0, 
        0, 
        0, 
        0.0006412850564430741, 
        0.6021311751321818, 
        0, 
        0, 
        0.00017488045141000045, 
        0.8798337793095325, 
        0, 
        0, 
        0.6447740151506651, 
        0, 
        0, 
        0, 
        0
    ], 
    "fraction of match covered by td injection": [
        0, 
        0.00021109533683984682, 
        0, 
        0.16076668559545487, 
        0, 
        0, 
        5.359036280360605e-07, 
        0, 
        0, 
        0.16005672719965217, 
        0, 
        0, 
        0, 
        0.001032315184922387, 
        0, 
        0, 
        0, 
        0, 
        0, 
        0, 
        0, 
        0, 
        0.0020419888573683545, 
        0.13580268627839362, 
        0, 
        0, 
        0.000210466355555249, 
        0.3953157426226421, 
        0, 
        0, 
        0.17141092536026148, 
        0, 
        0, 
        0, 
        0
    ]
}