{
    "image_series_id": 570071403, 
    "distance": [
        966.9279775101447, 
        1802.42776287084, 
        3019.182862102784, 
        2890.74272798995, 
        1211.2460198285107, 
        1827.379990887595, 
        1037.8260580460255, 
        2078.0100111110964, 
        2047.3072662720988, 
        769.536271690392, 
        555.9105702316429, 
        1321.2905681086058, 
        2102.1720364577936, 
        2967.05062033163, 
        364.63267082927405, 
        1012.8464636073978, 
        1374.9119309459365, 
        1064.9112046143443, 
        323.38982202023317, 
        1585.0477004417871, 
        976.6095772462191, 
        968.1731451481216, 
        1096.322969740777, 
        2129.5406319454823, 
        1054.3200341557417, 
        2208.467889570063, 
        2095.034085355548, 
        1104.0417467738266, 
        234.63043899782147, 
        1886.1211176575111, 
        243.3089599978368, 
        2416.354293556625, 
        2140.282098133875, 
        1171.0482866501484, 
        815.3143732872618, 
        2012.079617737138, 
        1194.5261335039706, 
        2111.5853410320524, 
        2529.7815384847318, 
        3162.180618480836, 
        829.4158551830318, 
        1188.3821735896372, 
        2238.5384618622315, 
        2810.8555857595165
    ], 
    "exclusion_zone_overlap": [
        0, 
        0, 
        0, 
        0, 
        0, 
        0, 
        0, 
        0, 
        0, 
        0, 
        0.004689471834557731, 
        0, 
        0, 
        0, 
        0.4178223674464307, 
        0, 
        0, 
        0, 
        0.19888508212228945, 
        0, 
        0, 
        0, 
        0, 
        0, 
        0, 
        0, 
        0, 
        0, 
        0.6422459734719603, 
        0, 
        0.6531369066773829, 
        0, 
        0, 
        0, 
        0.004929414028760791, 
        0, 
        0, 
        0, 
        0, 
        0, 
        7.284477441735045e-05, 
        0, 
        0, 
        0
    ], 
    "match_id": [
        100140949, 
        126523791, 
        126115436, 
        113887868, 
        100148142, 
        126862385, 
        112595376, 
        174361040, 
        272782668, 
        272916915, 
        112424813, 
        523718823, 
        657046319, 
        606929366, 
        501484658, 
        249396394, 
        501006221, 
        572588941, 
        584895127, 
        482581199, 
        496113850, 
        646525997, 
        576341623, 
        536298726, 
        571100135, 
        510417993, 
        479984127, 
        575782182, 
        592540591, 
        168164230, 
        166054929, 
        496151571, 
        501115762, 
        562521707, 
        159832064, 
        546103149, 
        646525156, 
        584511827, 
        510417255, 
        593277684, 
        591535205, 
        303784745, 
        523718075, 
        601476074
    ], 
    "fraction of match covered by td exclusion zone": [
        0, 
        0, 
        0, 
        0, 
        0, 
        0, 
        0, 
        0, 
        0, 
        0, 
        0.028086236139590628, 
        0, 
        0, 
        0, 
        0.35656514865500943, 
        0, 
        0, 
        0, 
        0.8569191112431478, 
        0, 
        0, 
        0, 
        0, 
        0, 
        0, 
        0, 
        0, 
        0, 
        0.7097436757478582, 
        0, 
        0.6175045893750322, 
        0, 
        0, 
        0, 
        0.006246640023263455, 
        0, 
        0, 
        0, 
        0, 
        0, 
        1.4735592274012405e-06, 
        0, 
        0, 
        0
    ], 
    "source": "RSPv", 
    "pearson_correlation": [
        0.9495917384932211, 
        0.8160574005653197, 
        0.2327478832256914, 
        0.08614070902408368, 
        0.885305192251175, 
        0.10969918633110712, 
        0.936103537723229, 
        0.08913248922181846, 
        0.08617278731025932, 
        0.914299851090833, 
        0.8239712714109609, 
        0.34648388579488654, 
        0.15000564443252143, 
        0.1248111429993806, 
        0.9056070104903979, 
        0.6385578849008954, 
        0.5511488810841011, 
        0.6991396223050065, 
        0.6107909312779034, 
        0.43365900931729445, 
        0.5521799203530418, 
        0.5451819032485122, 
        0.7838392453715142, 
        0.14219155258244592, 
        0.6472083734247276, 
        0.10111570909148039, 
        0.2527925761683938, 
        0.8656812718975297, 
        0.8210576123590213, 
        0.22388228052526826, 
        0.8662517294302924, 
        0.6050918358896302, 
        0.16865937358160182, 
        0.46430426491404786, 
        0.9696616885259189, 
        0.2762615520203081, 
        0.6803908187894061, 
        0.16582510146725107, 
        0.15301533921452057, 
        0.09275948923917281, 
        0.9226699946893951, 
        0.7205023572962939, 
        0.33332830960414156, 
        0.12188346575316568
    ], 
    "spearman_correlation": [
        0.7491017690637747, 
        0.33015952423600775, 
        0.4478405879629762, 
        0.5370081832192632, 
        0.6691820428921484, 
        0.5016396925079023, 
        0.6585625082867719, 
        0.44996525068029597, 
        0.49077632406214844, 
        0.7716036149959844, 
        0.884993353374123, 
        0.6289898021786904, 
        0.4310888706361965, 
        0.442045217926675, 
        0.9278126508932882, 
        0.6853960654392932, 
        0.670635245701937, 
        0.7202410516704444, 
        0.8443216612225822, 
        0.5801545147271849, 
        0.6331122279410925, 
        0.7126617570270175, 
        0.7084664199026333, 
        0.45493192276157984, 
        0.691543724908722, 
        0.4020571181325271, 
        0.5662989053050532, 
        0.6785371909234723, 
        0.8971053295440324, 
        0.49000277008521165, 
        0.8670789040218136, 
        0.6052553399101811, 
        0.5377451906737077, 
        0.4627157530378461, 
        0.8096775046073066, 
        0.7611341953379985, 
        0.6583197093550942, 
        0.6070160827171927, 
        0.45412662382202906, 
        0.2593323036810362, 
        0.808805414005816, 
        0.5488777281445876, 
        0.4605700402995512, 
        0.5330758087880251
    ], 
    "injection_overlap": [
        0, 
        0, 
        0, 
        0, 
        0, 
        0, 
        0, 
        0, 
        0, 
        0, 
        0.005838959253619386, 
        0, 
        0, 
        0, 
        0.7013203776377587, 
        0, 
        0, 
        0, 
        0.16458881143748094, 
        0, 
        0, 
        0, 
        0, 
        0, 
        0, 
        0, 
        0, 
        0, 
        0.9522530233514123, 
        0, 
        0.9999547943545312, 
        0, 
        0, 
        0, 
        0, 
        0, 
        0, 
        0, 
        0, 
        0, 
        0, 
        0, 
        0, 
        0
    ], 
    "fraction of match covered by td injection": [
        0, 
        0, 
        0, 
        0, 
        0, 
        0, 
        0, 
        0, 
        0, 
        0, 
        0.0024569091674278643, 
        0, 
        0, 
        0, 
        0.07721902571722047, 
        0, 
        0, 
        0, 
        0.13321002812922447, 
        0, 
        0, 
        0, 
        0, 
        0, 
        0, 
        0, 
        0, 
        0, 
        0.15192075979741926, 
        0, 
        0.14247471638354084, 
        0, 
        0, 
        0, 
        0, 
        0, 
        0, 
        0, 
        0, 
        0, 
        0, 
        0, 
        0, 
        0
    ]
}