{
    "image_series_id": 573977678, 
    "distance": [
        1948.7841538308285, 
        2995.1217996080472, 
        1200.3434515475521, 
        906.0992245972461, 
        310.5694436774329, 
        3238.506257642428, 
        1186.5305225454556, 
        3531.5540133428917, 
        3286.08216857967, 
        500.42852793069136, 
        1646.1438650122957, 
        1695.1276596929126, 
        2144.287420205535, 
        3475.4887042178066, 
        2956.020278360797, 
        1198.9883322519117, 
        2280.5668743506553, 
        603.8396984313428, 
        3063.2901993275555, 
        3209.461983036551, 
        401.49863751447947, 
        830.7202698226349, 
        2700.581420852251, 
        688.435280485148, 
        2857.060579042454, 
        561.3951636940803, 
        1892.030887754662, 
        538.2833185237446, 
        453.5330798666012, 
        1178.7398267750882, 
        598.7567689699453, 
        999.4367501641675, 
        753.6369313150443, 
        1462.6947714010164, 
        881.8513243238348, 
        1771.8851752199475, 
        1280.5021039717833, 
        1157.7904578002658, 
        2240.6609354843777, 
        314.1235597743509, 
        2564.3672549409666, 
        2678.1967494428955, 
        2997.652340205762, 
        2267.709714019987
    ], 
    "exclusion_zone_overlap": [
        0, 
        0, 
        0, 
        0, 
        0.44123013076206813, 
        0, 
        0, 
        0, 
        0, 
        0.3479752681902774, 
        0, 
        0, 
        0, 
        0, 
        0, 
        0, 
        0, 
        0.24291639383786304, 
        0, 
        0, 
        0.29159852905026024, 
        0.033291185618860575, 
        0, 
        0, 
        0, 
        0.11258919549038993, 
        0, 
        0.3239552807282951, 
        0.4401458578239356, 
        0.012743675594653147, 
        0.04365608063812322, 
        0.028815542907636996, 
        0.14689440345574845, 
        0, 
        0, 
        0, 
        0.04004733028068931, 
        0, 
        0, 
        0.5290886625964636, 
        0, 
        0, 
        0, 
        0
    ], 
    "match_id": [
        100141454, 
        272697944, 
        180720175, 
        141603190, 
        146593590, 
        180709942, 
        112514202, 
        180673746, 
        180719293, 
        139426984, 
        141602484, 
        112952510, 
        585025284, 
        170721670, 
        112423392, 
        112458114, 
        584903636, 
        139520203, 
        100140756, 
        157710335, 
        180916954, 
        584194481, 
        478376197, 
        501483880, 
        496554237, 
        526783054, 
        166055636, 
        125833030, 
        478491090, 
        583747816, 
        182793477, 
        126117554, 
        478376911, 
        286482701, 
        496151571, 
        120814821, 
        161458737, 
        168162771, 
        606785720, 
        496576666, 
        263106036, 
        166082128, 
        263242463, 
        598604288
    ], 
    "fraction of match covered by td exclusion zone": [
        0, 
        0, 
        0, 
        0, 
        0.8361147079199162, 
        0, 
        0, 
        0, 
        0, 
        0.901731152741592, 
        0, 
        0, 
        0, 
        0, 
        0, 
        0, 
        0, 
        0.5284458555159911, 
        0, 
        0, 
        0.1959470108689456, 
        0.0680416201497337, 
        0, 
        0, 
        0, 
        0.9469769882069979, 
        0, 
        0.6637532563388638, 
        0.837119205689091, 
        0.007938641560220594, 
        0.01882009401239402, 
        0.11547149258226988, 
        0.37661078740067444, 
        0, 
        0, 
        0, 
        0.029885872495126125, 
        0, 
        0, 
        0.8140930179797794, 
        0, 
        0, 
        0, 
        0
    ], 
    "source": "MOs", 
    "pearson_correlation": [
        0.6478301827578309, 
        0.10590632034751567, 
        0.334185455783185, 
        0.8439882976621241, 
        0.8744623621301552, 
        0.1997023974417962, 
        0.7724053422027086, 
        0.45273156754660515, 
        0.19454151976955783, 
        0.7968688674610186, 
        0.2876375243051106, 
        0.6157997561156598, 
        0.38027031097179065, 
        0.4425906693223945, 
        0.23192736044851497, 
        0.8549884060690215, 
        0.29581073528211704, 
        0.7082175690569751, 
        0.4410338872105811, 
        0.42242032761663845, 
        0.7928728127603388, 
        0.8386815689042787, 
        0.5710841772737143, 
        0.6452004246838374, 
        0.3710095701196787, 
        0.7773087182829912, 
        0.5103062360428869, 
        0.930540420672099, 
        0.6202017751887835, 
        0.7977314322967735, 
        0.560640765732568, 
        0.45321807839587575, 
        0.8619093754564725, 
        0.7007081405066758, 
        0.8322540747855037, 
        0.38319350969492594, 
        0.660931994318331, 
        0.5092035126890117, 
        0.3836615081985928, 
        0.7871277859796276, 
        0.0038089863148354185, 
        0.31706716984589667, 
        0.4161809021773214, 
        0.3446158492066217
    ], 
    "spearman_correlation": [
        0.28825555345701104, 
        -0.09307071748308512, 
        0.3790988166503432, 
        0.7076964506103604, 
        0.9530411531566014, 
        -0.25833124210640884, 
        0.8312141574804777, 
        -0.05997554680894313, 
        -0.2490095005486344, 
        0.7975127831128052, 
        -0.2471749195924295, 
        0.23014020213724248, 
        -0.2784054558523931, 
        -0.1299376854542411, 
        0.5147323729549256, 
        0.8425858895065085, 
        -0.2339065820005707, 
        0.7451056303517193, 
        -0.19420570025968698, 
        -0.25292101052564825, 
        0.8063157023822853, 
        0.7155459094816564, 
        0.3655284671050863, 
        0.7702323670453922, 
        0.3499887286830186, 
        0.9265580448065173, 
        0.008036303139242277, 
        0.9095394517541115, 
        0.9074692159009656, 
        0.8214286666986358, 
        0.4815182224615972, 
        0.7172308937109049, 
        0.889065720265711, 
        0.8554816393504814, 
        0.8474423900651561, 
        -0.30938146053517906, 
        0.758214137558829, 
        0.2592543219211578, 
        -0.2658123788169121, 
        0.9033819681646602, 
        0.06395037365486296, 
        -0.297901372415805, 
        -0.3405722532128579, 
        -0.21003668744006673
    ], 
    "injection_overlap": [
        0, 
        0, 
        0, 
        0, 
        0.9360139480718993, 
        0, 
        0, 
        0, 
        0, 
        0.17004129016218802, 
        0, 
        0, 
        0, 
        0, 
        0, 
        0, 
        0, 
        0.3293162954925988, 
        0, 
        0, 
        0.8169502535397809, 
        0.0002925439072610033, 
        0, 
        0, 
        0, 
        0.026593586232845048, 
        0, 
        0.24715585814670757, 
        0.8529753720380714, 
        5.8169059459710184e-05, 
        0.001417032371611904, 
        0.0005231076036401496, 
        0.02801322503478614, 
        0, 
        0, 
        0, 
        0.0016633040721365107, 
        0, 
        0, 
        0.8135774030316978, 
        0, 
        0, 
        0, 
        0
    ],