{
    "image_series_id": 575683857, 
    "distance": [
        1180.4892038711478, 
        1723.981520423596, 
        2420.591552124479, 
        1325.1871579695076, 
        2199.5470219083677, 
        1319.1003885737755, 
        686.0493380632229, 
        742.8458608434269, 
        175.9771761260895, 
        1308.8564410229067, 
        2275.1398550139666, 
        2396.2101511103156, 
        703.2847382930474, 
        1692.7542447782012, 
        382.79004894321673, 
        2876.6712605051544, 
        409.8181357691698, 
        2111.5321762180693, 
        1209.488707075133, 
        2010.1909639567418, 
        903.3112257153379, 
        2250.467624468611, 
        616.8277279887642, 
        1327.637373630423, 
        2379.7054342306583, 
        1847.3296663881467, 
        1820.4307902461958, 
        1054.8983167406882, 
        3196.8331006291296, 
        730.874302949729, 
        1326.2687856327132, 
        1709.0080265639522, 
        2223.820253663879, 
        64.02801540364219, 
        694.6992425153533
    ], 
    "exclusion_zone_overlap": [
        0.023931884690877734, 
        0, 
        0, 
        0, 
        0, 
        0.006481751081583307, 
        0.06902034008582186, 
        0, 
        0.1970876098381034, 
        0, 
        0, 
        0, 
        0.01930115252871228, 
        0, 
        0.2823914471619723, 
        0, 
        0.1850559004926355, 
        0, 
        0.05265350591352085, 
        0, 
        0, 
        0, 
        0.10873332426699414, 
        0, 
        0, 
        0, 
        0, 
        0, 
        0, 
        0.008007538720146581, 
        0, 
        0, 
        0, 
        0.5477090178721516, 
        0.011689994214780279
    ], 
    "match_id": [
        100141454, 
        141603190, 
        146593590, 
        112514202, 
        139426984, 
        112952510, 
        157556400, 
        112423392, 
        157711748, 
        112458114, 
        139520203, 
        180916954, 
        126860974, 
        584194481, 
        478376197, 
        501483880, 
        496554237, 
        526783054, 
        166055636, 
        125833030, 
        480994108, 
        478491090, 
        286313491, 
        583747816, 
        182793477, 
        126117554, 
        478376911, 
        286482701, 
        496151571, 
        478582494, 
        161458737, 
        168162771, 
        496576666, 
        263106036, 
        167902586
    ], 
    "fraction of match covered by td exclusion zone": [
        0.19628894297581204, 
        0, 
        0, 
        0, 
        0, 
        0.01814367351966003, 
        0.37322923012754183, 
        0, 
        0.8851454687329351, 
        0, 
        0, 
        0, 
        0.04661205111432318, 
        0, 
        0.47375684915101796, 
        0, 
        0.3599367050928165, 
        0, 
        0.09459295397647506, 
        0, 
        0, 
        0, 
        0.4210372999729558, 
        0, 
        0, 
        0, 
        0, 
        0, 
        0, 
        0.019805766838146614, 
        0, 
        0, 
        0, 
        0.8516858572648135, 
        0.015252485652465377
    ], 
    "source": "PL", 
    "pearson_correlation": [
        -0.04032673557906609, 
        -0.055542067168165586, 
        -0.1599875836407176, 
        0.10225722226361281, 
        -0.08733261362169888, 
        -0.0666609124639683, 
        0.39051208910472557, 
        0.10585540631254732, 
        0.8938930993979651, 
        0.11018976362715845, 
        -0.08552793571736678, 
        -0.13306346950425071, 
        0.7718030320062885, 
        0.09757132104729892, 
        0.58790400803555, 
        -0.15833072391543115, 
        0.7028843632633656, 
        -0.13904223121017426, 
        -0.07116784535804005, 
        -0.08898095269071422, 
        0.30470531526502204, 
        -0.12332284674235412, 
        0.5446353344661787, 
        0.16197738587300212, 
        -0.1367508482692892, 
        -0.009629413174391687, 
        0.003460672273720304, 
        0.18935866163088452, 
        -0.18378199579174015, 
        0.3660695837672994, 
        0.09590141814227325, 
        -0.06814077563082663, 
        -0.06505480262892581, 
        0.942061604774086, 
        0.6857147034960923
    ], 
    "spearman_correlation": [
        0.024817949887765405, 
        -0.041034705398905615, 
        -0.09518151777661026, 
        0.14389254508613597, 
        -0.09319870122558492, 
        0.07244856639741198, 
        0.3753344340724167, 
        0.2222389860150829, 
        0.7309429997173795, 
        0.13370702305650733, 
        -0.03769135173496617, 
        -0.14608858716077391, 
        0.6153653047491895, 
        0.039549861751353, 
        0.5927582198421614, 
        -0.21983655960383988, 
        0.6422603073569642, 
        -0.16988145162881357, 
        0.09630518072308038, 
        -0.11586404063112035, 
        0.35887810978202156, 
        -0.09763772590851517, 
        0.6105799624152355, 
        0.07589697666822244, 
        -0.24448057795127368, 
        0.10242513906621299, 
        -0.006441077833356935, 
        0.15065030603880486, 
        -0.2914961033528877, 
        0.43507837412608674, 
        0.08088955680783323, 
        0.10502479069764627, 
        -0.07665086729911894, 
        0.7963079535063797, 
        0.5772055078729051
    ], 
    "injection_overlap": [
        0.004094611442499533, 
        0, 
        0, 
        0, 
        0, 
        0.00044102924097363315, 
        0.05055835765855083, 
        0, 
        0.3560066156568749, 
        0, 
        0, 
        0, 
        0.013102813713034586, 
        0, 
        0.3900656002093619, 
        0, 
        0.23344481748301232, 
        0, 
        0.013758304062615627, 
        0, 
        0, 
        0, 
        0.06862385105377396, 
        0, 
        0, 
        0, 
        0, 
        0, 
        0, 
        0.00323865056655584, 
        0, 
        0, 
        0, 
        0.8774265506797664, 
        0.010737485684457367
    ], 
    "fraction of match covered by td injection": [
        0.013280755341403019, 
        0, 
        0, 
        0, 
        0, 
        0.00024685242640006997, 
        0.1544648849878337, 
        0, 
        0.590634697567206, 
        0, 
        0, 
        0, 
        0.010717961770617254, 
        0, 
        0.23887747084462585, 
        0, 
        0.16932887020926296, 
        0, 
        0.01087252772554533, 
        0, 
        0, 
        0, 
        0.14103799210020987, 
        0, 
        0, 
        0, 
        0, 
        0, 
        0, 
        0.001929574065875302, 
        0, 
        0, 
        0, 
        0.6379504941856718, 
        0.003601307214010819
    ]
}