{
    "image_series_id": 591394174, 
    "distance": [
        474.8056238065073, 
        462.5582420087775, 
        882.3739370455564, 
        875.1630803209481, 
        913.6137172127261, 
        1129.6389668138272, 
        741.8698568789476, 
        730.3195057489299, 
        921.0690189097448, 
        438.56064199669123, 
        554.765686119149, 
        754.4780657073971, 
        1073.0836297450287, 
        546.1598940390265, 
        1066.7598317654492, 
        835.7061917481761, 
        922.8487801216072, 
        845.8139483334697, 
        390.74955251233524, 
        576.4427014025576, 
        563.522584145299, 
        794.1224703480722, 
        421.0248942368424, 
        641.1764453010404, 
        251.96055026527264, 
        795.3402218130063, 
        920.8001723363589, 
        237.09743755671525, 
        827.768217676341, 
        488.2555559990458, 
        2559.8759402570304, 
        2257.4786457435744, 
        2213.3547560413917
    ], 
    "exclusion_zone_overlap": [
        0.17867802773583338, 
        0.06838184686224194, 
        0, 
        0, 
        0.04739833969100306, 
        0, 
        0.0023962228128556213, 
        0.03735562872237751, 
        0, 
        0.3209015049484068, 
        0.07773474069203329, 
        0.057047903447640325, 
        0, 
        0.25432298867234887, 
        0, 
        0, 
        0.0005881207980971747, 
        0.01747662157595965, 
        0.26395218720571856, 
        0.128972162116996, 
        0.05467976189521417, 
        0.0012344412408954052, 
        0.1240480655559529, 
        0.0194362628358296, 
        0.567315870904676, 
        0, 
        0.057146808091033605, 
        0.8007089215235627, 
        2.0897992349819642e-07, 
        0.054745838693749986, 
        0.03605434242235636, 
        0.033582302137381635, 
        0.13610065662045012
    ], 
    "match_id": [
        126861679, 
        100148503, 
        112229103, 
        116900714, 
        126907302, 
        126852363, 
        100141599, 
        598605738, 
        593018150, 
        518742338, 
        559878074, 
        540145406, 
        572588941, 
        511550172, 
        646525997, 
        576341623, 
        571100135, 
        575782182, 
        524667618, 
        657334568, 
        502074651, 
        272929308, 
        657042668, 
        159753308, 
        656959718, 
        646525156, 
        524874308, 
        597007143, 
        562674923, 
        656632388, 
        525796603, 
        267493760, 
        298003295
    ], 
    "fraction of match covered by td exclusion zone": [
        0.24938487751405233, 
        0.178415689987053, 
        0, 
        0, 
        0.02200104839665895, 
        0, 
        0.002142678684873959, 
        0.01700526422890399, 
        0, 
        0.2607143267419418, 
        0.11499152583497015, 
        0.044279530224795395, 
        0, 
        0.2347348306507506, 
        0, 
        0, 
        0.0003199038290969862, 
        0.010044896200402288, 
        0.4657529436355825, 
        0.18094360769984588, 
        0.065987875238757, 
        0.0025553310927323115, 
        0.22617005707692867, 
        0.027828248684475494, 
        0.7956595405689223, 
        0, 
        0.033791818275118124, 
        0.5053510606955568, 
        2.411553876475724e-08, 
        0.1413185658438729, 
        0.005547985373078305, 
        0.011412828659151924, 
        0.026765511610243743
    ], 
    "source": "VISa", 
    "pearson_correlation": [
        0.5665252113359995, 
        0.554602906043888, 
        0.22189449989063484, 
        0.19256752777054315, 
        0.5686281251096165, 
        0.4651078031570517, 
        0.3425884425624212, 
        0.537164809103643, 
        0.11532649211160902, 
        0.43428276061036636, 
        0.33662358585006713, 
        0.6630708865015602, 
        0.18048916048135832, 
        0.6598480851389931, 
        0.163204212870116, 
        0.1400706816107289, 
        0.18224310591759219, 
        0.16997522008116314, 
        0.42727583438550837, 
        0.6141083000146594, 
        0.4061173180317852, 
        0.5810495134679086, 
        0.5437731046532398, 
        0.26164150748184467, 
        0.6705726146917895, 
        0.2762350798747892, 
        0.6709028751544207, 
        0.4871968027572624, 
        0.18777762343021115, 
        0.6205965051342732, 
        0.10836731821797861, 
        0.0007254027520120017, 
        0.0989413310940433
    ], 
    "spearman_correlation": [
        0.7414604407736142, 
        0.7296421559891876, 
        0.5247555976032797, 
        0.4349024981760647, 
        0.7714115706236988, 
        0.6639016685139448, 
        0.7016328601738636, 
        0.7169853297204951, 
        0.30566226124507767, 
        0.7077647516326979, 
        0.3808130915839283, 
        0.8279072943636083, 
        0.48823817720358087, 
        0.8102328989844556, 
        0.40587588332234165, 
        0.3542306718007405, 
        0.46928518652598955, 
        0.5119476846245312, 
        0.7003880025820716, 
        0.8459018774011843, 
        0.6553157718379874, 
        0.7835164542741234, 
        0.817547480769231, 
        0.5903108499899674, 
        0.7925259836005697, 
        0.5735681354182439, 
        0.728232951798948, 
        0.760327972248502, 
        0.44874256863088907, 
        0.794652061708138, 
        0.29126564555453827, 
        0.15682045805276212, 
        0.31705825999989534
    ], 
    "injection_overlap": [
        0.22522231710047183, 
        0.03961852322345892, 
        0, 
        0, 
        0.000216282520336175, 
        0, 
        0, 
        0, 
        0, 
        0.44605046134688453, 
        0.153492437799613, 
        0.04601849610665912, 
        0, 
        0.2965928241120786, 
        0, 
        0, 
        9.092028465105039e-07, 
        2.8886596011276673e-05, 
        0.34003844610391776, 
        0.044499615599836645, 
        0.1158534170828405, 
        0, 
        0.03228360825414276, 
        0.021231304578791, 
        0.7230747591915877, 
        0, 
        0.009423757747946815, 
        0.989542726597088, 
        0, 
        0.0007213547002452481, 
        0, 
        0.06952334103643762, 
        0.16679739262974497
    ], 
    "fraction of match covered by td injection": [
        0.05381133792299109, 
        0.017114265320177503, 
        0, 
        0, 
        2.693755333288747e-06, 
        0, 
        0, 
        0, 
        0, 
        0.0830121514844729, 
        0.03605052257543667, 
        0.0006506872003462257, 
        0, 
        0.03938046100754833, 
        0, 
        0, 
        1.0158701095397768e-09, 
        1.4395614885440317e-06, 
        0.1294182328620072, 
        0.00924251639907155, 
        0.014850471204312618, 
        0, 
        0.007671889372898175, 
        0.0020741748152771898, 
        0.20103919646617122, 
        0, 
        0.00046670122262381617, 
        0.14601853080603372, 
        0, 
        0.00045903941402594846, 
        0, 
        0.0021357250336916135, 
        0.008207171559108311
    ]
}