{
    "image_series_id": 601904029, 
    "distance": [
        761.9421739630657, 
        1802.0443736239015, 
        1021.941622504775, 
        791.919743975764, 
        900.9109346360542, 
        1567.1612254993397, 
        276.94781749830514, 
        331.2210992198328, 
        1220.8234531641929, 
        1684.799408504215, 
        1023.5846452067328, 
        998.5840015202247, 
        1654.0591358800823, 
        1360.8367730953714, 
        1422.5381437290962, 
        978.4113158456825, 
        868.3199345764234, 
        1424.8288023963262, 
        1621.236378922992, 
        1372.651021468345, 
        1102.6881038183953, 
        803.6972915784077, 
        1847.267616831992, 
        896.6396184077712, 
        1441.547935677957, 
        3060.308130415028, 
        2704.934833588611
    ], 
    "exclusion_zone_overlap": [
        7.3367511686256e-05, 
        0, 
        0.0030023637526627503, 
        0, 
        0.00033815005404823546, 
        0, 
        0.31069981643768524, 
        0.6539660826804045, 
        0, 
        0, 
        0, 
        0, 
        0, 
        0, 
        0.02199377187113058, 
        0.008490226123080272, 
        0, 
        0, 
        0, 
        0, 
        0, 
        0.00029505329248202946, 
        0, 
        0.011032251554193457, 
        0, 
        0, 
        0
    ], 
    "match_id": [
        126861679, 
        180601025, 
        180720175, 
        100148503, 
        100147861, 
        126907302, 
        100141495, 
        126852363, 
        100142655, 
        598605738, 
        518742338, 
        559878074, 
        540145406, 
        511550172, 
        646525997, 
        575782182, 
        524667618, 
        657334568, 
        272929308, 
        657042668, 
        656959718, 
        646525156, 
        524874308, 
        597007143, 
        656632388, 
        525796603, 
        298003295
    ], 
    "fraction of match covered by td exclusion zone": [
        0.0006283979649702968, 
        0, 
        0.0009326683592661993, 
        0, 
        0.00025446872147714494, 
        0, 
        0.7434274341638237, 
        0.5662180036935863, 
        0, 
        0, 
        0, 
        0, 
        0, 
        0, 
        0.005359851232446159, 
        0.004228024858505927, 
        0, 
        0, 
        0, 
        0, 
        0, 
        0.0008019241443607186, 
        0, 
        0.009748897814814233, 
        0, 
        0, 
        0
    ], 
    "source": "SSp-tr", 
    "pearson_correlation": [
        0.1750301736791284, 
        0.14829503826452317, 
        0.5573862315346132, 
        0.09937656956328844, 
        0.6510835327353817, 
        0.20447622396521772, 
        0.7793906747664464, 
        0.7026954832759611, 
        0.2365208530014385, 
        0.03384629178273701, 
        0.03942850338012799, 
        -0.09168586672802687, 
        0.08935428518103382, 
        0.05446734186384733, 
        -0.05440786284300396, 
        -0.06689296438849048, 
        0.03363861757699554, 
        0.11666130682381122, 
        0.10857646202266204, 
        0.06290607085588241, 
        0.15238874242824613, 
        -0.011052066448001887, 
        0.03927422066678551, 
        0.08024771188087411, 
        0.05022245788400511, 
        0.09092234007335812, 
        0.05417491009521178
    ], 
    "spearman_correlation": [
        0.5217522713583151, 
        0.45879459539792883, 
        0.7680621373570008, 
        0.4568280785102032, 
        0.5516501418551188, 
        0.6565291887383575, 
        0.7812947285948066, 
        0.7720984998486784, 
        0.6868273985519691, 
        0.33617637592532995, 
        0.4100602637795056, 
        0.051295362245360826, 
        0.4484672955707036, 
        0.37444337789153315, 
        0.06625244589558814, 
        0.32053422301524576, 
        0.4063663396245269, 
        0.5817270524145891, 
        0.48288166957783224, 
        0.48786817917148523, 
        0.4402788572245982, 
        0.417842062174852, 
        0.40942202873744177, 
        0.4422020162861796, 
        0.38882518825606244, 
        0.45537854461854294, 
        0.34673852261365556
    ], 
    "injection_overlap": [
        0, 
        0, 
        0, 
        0, 
        0, 
        0, 
        0.5320611664732043, 
        0.8863568469102036, 
        0, 
        0, 
        0, 
        0, 
        0, 
        0, 
        0, 
        0.00014173271224798858, 
        0, 
        0, 
        0, 
        0, 
        0, 
        0, 
        0, 
        0.0009618029253709827, 
        0, 
        0, 
        0
    ], 
    "fraction of match covered by td injection": [
        0, 
        0, 
        0, 
        0, 
        0, 
        0, 
        0.26417813335000795, 
        0.13830032032213938, 
        0, 
        0, 
        0, 
        0, 
        0, 
        0, 
        0, 
        2.6355955106642693e-06, 
        0, 
        0, 
        0, 
        0, 
        0, 
        0, 
        0, 
        8.439461409730363e-05, 
        0, 
        0, 
        0
    ]
}