{
    "image_series_id": 604100536, 
    "distance": [
        472.8634385695569, 
        2008.3129577997079, 
        467.32343005894967, 
        2680.1618634070687, 
        273.6848525677949, 
        852.4933403181075, 
        603.8735090365348, 
        1728.662749550149, 
        952.1054233335203, 
        1242.4567265353958, 
        2050.7988963728035, 
        1892.8590991216774, 
        425.4556691670014, 
        610.833342989787, 
        1119.69508316437, 
        2541.6553304327363, 
        1997.0387057386388, 
        2731.611361579139, 
        351.1559398821906, 
        518.9795559674945, 
        897.6282670044263, 
        398.7390205313665, 
        1113.3758317961165, 
        580.6756938591105, 
        1599.4349287473678, 
        964.1811282905796, 
        490.00077766898545, 
        162.681580050386, 
        2083.476799017325, 
        320.20751928607496, 
        2127.104510682973, 
        1894.9872758757394, 
        107.6401202178208, 
        522.7106793866596, 
        1912.1823915921086, 
        672.6719649551138, 
        1975.6960892590578, 
        2621.2687486252034, 
        1103.7697453198748, 
        416.803019546346, 
        1423.8360699757168, 
        1637.006843903081, 
        2960.3701669836923, 
        265.8962892218882, 
        675.2229324682056, 
        2463.7738547057893, 
        1952.4052329172134, 
        2367.6490151338166, 
        2865.4882870484576, 
        1260.4375103989673, 
        115.25167443039037, 
        2208.7362746411177, 
        2563.199934429499, 
        1190.5459457997633, 
        2886.311975154505, 
        2632.3496451140873, 
        2651.8509143696874, 
        2304.9897531818124
    ], 
    "exclusion_zone_overlap": [
        0.09393584662978995, 
        0, 
        0.02866502420725018, 
        0, 
        0.16046829803776538, 
        0.1843160633687123, 
        0.004264519080766508, 
        0, 
        0, 
        0, 
        0, 
        0, 
        0.05459762141537126, 
        0.012422503080591448, 
        0, 
        0, 
        0, 
        0, 
        0.2778575542974492, 
        0.07853119182863039, 
        0, 
        0.10134156106706392, 
        0, 
        0.15214520080212685, 
        0, 
        0, 
        0.540578415398899, 
        0.5798603859099445, 
        0, 
        0.6437639169097231, 
        0, 
        0, 
        0.8366008964423987, 
        0.25521443513714476, 
        0, 
        0, 
        0, 
        0, 
        0, 
        0.06226931701053666, 
        0, 
        0, 
        0, 
        0.4930620236464095, 
        0.11270076396535708, 
        0, 
        0, 
        0, 
        0, 
        0, 
        0.6443135238054717, 
        0, 
        0, 
        0, 
        0, 
        0, 
        0, 
        0
    ], 
    "match_id": [
        126861679, 
        180720175, 
        100148503, 
        113887868, 
        112229103, 
        116900714, 
        146077302, 
        126862385, 
        112595376, 
        126852363, 
        174361040, 
        272782668, 
        100141599, 
        272916915, 
        523718823, 
        512315551, 
        657046319, 
        606929366, 
        593018150, 
        518742338, 
        512314723, 
        559878074, 
        501006221, 
        572588941, 
        482581199, 
        496113850, 
        646525997, 
        576341623, 
        536298726, 
        571100135, 
        510417993, 
        479984127, 
        575782182, 
        524667618, 
        168164230, 
        502074651, 
        501115762, 
        603479758, 
        657042668, 
        159753308, 
        562521707, 
        546103149, 
        593016678, 
        646525156, 
        597007143, 
        272930013, 
        584511827, 
        510417255, 
        593277684, 
        303784745, 
        562674923, 
        523718075, 
        601476074, 
        656632388, 
        580150240, 
        267493760, 
        298003295, 
        183174303
    ], 
    "fraction of match covered by td exclusion zone": [
        0.12798447914160557, 
        0, 
        0.07589249322578152, 
        0, 
        0.7225807250003643, 
        0.1250496100987314, 
        0.013053723030689919, 
        0, 
        0, 
        0, 
        0, 
        0, 
        0.11204907670413386, 
        0.02358840916787974, 
        0, 
        0, 
        0, 
        0, 
        0.3977160005349819, 
        0.08729637074039605, 
        0, 
        0.30250893259734635, 
        0, 
        0.07624723865570757, 
        0, 
        0, 
        0.22950578024242344, 
        0.6716238102494511, 
        0, 
        0.31180205983707004, 
        0, 
        0, 
        0.7119576439960036, 
        0.15239483833165945, 
        0, 
        0, 
        0, 
        0, 
        0, 
        0.11985124793778604, 
        0, 
        0, 
        0, 
        0.5911387997483469, 
        0.042597977415431205, 
        0, 
        0, 
        0, 
        0, 
        0, 
        0.9019717790926274, 
        0, 
        0, 
        0, 
        0, 
        0, 
        0, 
        0
    ], 
    "source": "RSPagl", 
    "pearson_correlation": [
        0.6368335539283396, 
        -0.032403777207897576, 
        0.6803905196848649, 
        0.6753196077573672, 
        0.840773882454454, 
        0.539347116770966, 
        0.8728338934461654, 
        0.7930145540560237, 
        0.32269611619240485, 
        0.08094069916333597, 
        0.7974443236191547, 
        0.7646963897387014, 
        0.8542337625613329, 
        0.35639401006495147, 
        0.8378098547315738, 
        0.6259986929734239, 
        0.8157103447465566, 
        0.6912092115813415, 
        0.8527150683988033, 
        0.7441889667238869, 
        0.808397160685161, 
        0.7842386908988573, 
        0.8047075908001452, 
        0.7013213972642931, 
        0.7817479849770547, 
        0.801743492021178, 
        0.7894614603339621, 
        0.7121580883752431, 
        0.7660028705527087, 
        0.75832446044478, 
        0.766827286286657, 
        0.7859458072355403, 
        0.5917468219173864, 
        0.7356301061779668, 
        0.8219126316878975, 
        0.699309851397408, 
        0.7898190951661904, 
        0.703208260737581, 
        0.6412617665569215, 
        0.8357617518082343, 
        0.7407003996602142, 
        0.8026729347890151, 
        0.598466608014155, 
        0.8099604348757917, 
        0.6304042654731423, 
        0.6122121339982036, 
        0.6632928798885113, 
        0.6684292218924123, 
        0.6845496574342518, 
        0.5957990387446158, 
        0.7521021974408415, 
        0.6676807783582387, 
        0.6078990257115633, 
        0.6490979274458276, 
        0.5654408249574021, 
        -0.142688457747353, 
        0.46796722865029483, 
        0.11848597985991656
    ],