{
    "image_series_id": 605092364, 
    "distance": [
        706.7262195030765, 
        974.7512052006318, 
        1158.5588912471708, 
        1701.9932949913289, 
        277.99089827705683, 
        1185.6838900365558, 
        478.328157141742, 
        1013.0368484353636, 
        838.4534298189462, 
        1089.9136840280642, 
        804.3515125336756, 
        535.1728685792998, 
        855.1993880858283, 
        820.2937579947254, 
        1510.2951664799882, 
        431.63797540245974, 
        631.2334783352601, 
        932.2118879225616, 
        504.2499358191804, 
        527.9343585412621, 
        514.9714586144183, 
        852.5030702556991, 
        960.4883982482731, 
        1381.329576797845, 
        1751.0588253442786, 
        695.9004243139823, 
        993.1447805841659, 
        748.5322741521727, 
        734.3232162719135, 
        823.9038919839415, 
        559.531579356561, 
        81.00418262102475, 
        741.1467153530059, 
        1196.7420079053068, 
        2210.955951791231, 
        869.4450141729395, 
        348.27181085097186, 
        438.0913966735018, 
        424.41678919080283, 
        183.42351708663702, 
        1103.5251859981925, 
        927.7874497489486, 
        1085.8737190078523
    ], 
    "exclusion_zone_overlap": [
        9.641474541150273e-05, 
        0.00027387663084586176, 
        0, 
        0, 
        0.4192011980953008, 
        0.0009193072781338227, 
        0.09135760729809177, 
        0, 
        0.02007083661851069, 
        0, 
        0.01255147069719093, 
        0.023391489719042886, 
        0.00026374886322786084, 
        0, 
        0, 
        0.4498395893208304, 
        0.01495499001735309, 
        0, 
        0.09617842554155846, 
        0.37397683718683594, 
        0.021098422345954427, 
        0.0017458881135801458, 
        0, 
        0.25085365780401253, 
        0, 
        0, 
        6.077556235160306e-05, 
        0.03720766502804391, 
        0, 
        0, 
        0.0063176554890941, 
        0.654962646248166, 
        0.022062561691716127, 
        0, 
        0, 
        0, 
        0.23969224214649446, 
        0.29220035326797134, 
        0.027134020604113202, 
        0.5609045117475406, 
        0, 
        0.005126669268466895, 
        0
    ], 
    "match_id": [
        484504171, 
        175740500, 
        267929554, 
        298004028, 
        292478008, 
        204832205, 
        300237470, 
        159432479, 
        166264185, 
        510124187, 
        159331462, 
        506947040, 
        266839077, 
        183071513, 
        292960052, 
        267610466, 
        287446625, 
        176897793, 
        182805965, 
        267609756, 
        309702727, 
        267928844, 
        268205344, 
        170784358, 
        292320572, 
        573035760, 
        538834292, 
        480703321, 
        305125123, 
        167373923, 
        171064488, 
        292321278, 
        181895006, 
        171065200, 
        267538006, 
        310193233, 
        286553311, 
        167571459, 
        514333422, 
        479267539, 
        301877386, 
        278500868, 
        287447332
    ], 
    "fraction of match covered by td exclusion zone": [
        0.0005094967406402951, 
        0.0002662601298262801, 
        0, 
        0, 
        0.8515667030304259, 
        0.0006524441790478062, 
        0.22437822954295356, 
        0, 
        0.006322491657866964, 
        0, 
        0.01353067582508275, 
        0.07008575668294506, 
        0.00033572037673919113, 
        0, 
        0, 
        0.2309551603418597, 
        0.040201688015552586, 
        0, 
        0.370096104536796, 
        0.3638664548296953, 
        0.43124935906910206, 
        0.0018988651344211903, 
        0, 
        0.1285718226363305, 
        0, 
        0, 
        2.2109790562115556e-05, 
        0.015249336570868473, 
        0, 
        0, 
        0.0080377857190099, 
        0.8749949197644091, 
        0.012298632957392698, 
        0, 
        0, 
        0, 
        0.9490507540470937, 
        0.23491661031056274, 
        0.16138076454451528, 
        0.6862737509787635, 
        0, 
        0.005404312542316895, 
        0
    ], 
    "source": "AV", 
    "pearson_correlation": [
        0.20256195426612636, 
        0.700304684446287, 
        0.2878096613531389, 
        0.026524720818271126, 
        0.8152767945576528, 
        0.4599085965658816, 
        0.32943751767857204, 
        0.15761180722613527, 
        0.48377256564932797, 
        -0.06691547530575323, 
        0.3121237594632545, 
        0.12172311824871919, 
        0.1758051729302374, 
        0.17896109949215627, 
        0.034942731249701195, 
        0.5712882562835209, 
        0.10355893038228983, 
        -0.009658780499732959, 
        0.8455220561174391, 
        0.9052340651075438, 
        0.7975642228611669, 
        0.48352603278973205, 
        0.3550378805916378, 
        0.4122000735188294, 
        0.0050295188407988925, 
        0.23223073935516808, 
        0.4576180718642292, 
        0.4157411519694753, 
        -0.06521994064638038, 
        -0.07135478640401305, 
        NaN, 
        0.7507374543579987, 
        0.4156233255029715, 
        NaN, 
        NaN, 
        0.4933478153510534, 
        0.7844708844381364, 
        0.5264207058941696, 
        0.39040635729296286, 
        0.8791808118705762, 
        0.3337704779592103, 
        0.3918135438020085, 
        -0.10899072188662737
    ], 
    "spearman_correlation": [
        0.4707280470737328, 
        0.7087552040735169, 
        -0.044664762566331805, 
        0.5013962244749344, 
        0.7811468677948789, 
        0.6438578463788736, 
        0.4415019389799631, 
        0.4314155086842034, 
        0.2828500575150601, 
        -0.12761416375237275, 
        0.6278221164368406, 
        0.46705517308973415, 
        0.4613065271144792, 
        0.04478718554510948, 
        -0.0317666327619267, 
        0.5448254332233222, 
        0.4472907036466358, 
        0.1416342626659832, 
        0.7159306435798042, 
        0.6683061731802642, 
        0.6556634690247299, 
        0.620238341384652, 
        0.219566354611773, 
        0.5410740498158542, 
        0.37331712602038525, 
        0.5756291730868002, 
        0.21332629776450776, 
        0.39086402146795907, 
        -0.020450262112260306, 
        0.041508641092029126, 
        NaN, 
        0.6349756803457778, 
        0.5657430075803047, 
        NaN, 
        NaN, 
        0.18271536747927414, 
        0.6232319625115879, 
        0.7140960040541174, 
        0.6172316384180792, 
        0.6786563729185777, 
        0.3936755281367243, 
        0.5832021261795676, 
        0.018595857097390388
    ], 
    "injection_overlap": [
        0, 
        0, 
        0, 
        0, 
        0.44953071039113995, 
        0, 
        0.010361308886212823, 
        0, 
        0, 
        0, 
        0, 
        0, 
        0, 
        0, 
        0, 
        0.5857978694964606, 
        0, 
        0, 
        0.21269287649774118, 
        0.45216300102113466, 
        0.022096146721316556, 
        0, 
        0, 
        0.24894533016430906, 
        0, 
        0, 
        0, 
        0, 
        0, 
        0, 
        0, 
        0.7256860040038081, 
        2.5272167536840285e-05, 
        0, 
        0, 
        0, 
        0.40605768521679897, 
        0.3564324896913651, 
        0, 
        0.8268271443634736, 
        0, 
        0, 
        0
    ],