{
    "image_series_id": 614738437, 
    "distance": [
        1241.1043964708717, 
        1913.9886399687214, 
        2645.1137165652335, 
        1543.970023060927, 
        2427.773941602059, 
        1419.196406455376, 
        883.9347557987693, 
        736.6981242336058, 
        258.4850981360463, 
        1526.8091708012043, 
        2512.583478483052, 
        2599.478474132249, 
        446.16542048258907, 
        1912.777079771274, 
        195.7426980679279, 
        3110.2022479938987, 
        172.0237924192503, 
        2342.160601870176, 
        1290.0509732114049, 
        2232.2915961965787, 
        764.7116304356922, 
        2480.157738568102, 
        826.455213506363, 
        1543.8117053013311, 
        2592.995359328869, 
        2095.7965895779857, 
        2049.2447126876937, 
        1283.4057601521824, 
        3429.7093068306867, 
        537.3856876383176, 
        1569.556797292987, 
        1881.7415823999897, 
        2440.9418695236855, 
        204.96446654128624, 
        518.3809575503855
    ], 
    "exclusion_zone_overlap": [
        0.0004850215995223558, 
        0, 
        0, 
        0, 
        0, 
        0, 
        0.000694577591882193, 
        0, 
        0.3335510053520216, 
        0, 
        0, 
        0, 
        0.1518095796349373, 
        0, 
        0.5799247948276713, 
        0, 
        0.4536323211015653, 
        0, 
        0.010489973201991755, 
        0, 
        0.003675060325309355, 
        0, 
        0.0008982428861993874, 
        0, 
        0, 
        0, 
        0, 
        0, 
        0, 
        0.07698468405954854, 
        0, 
        0, 
        0, 
        0.5826112828242203, 
        0.07537773963019108
    ], 
    "match_id": [
        100141454, 
        141603190, 
        146593590, 
        112514202, 
        139426984, 
        112952510, 
        157556400, 
        112423392, 
        157711748, 
        112458114, 
        139520203, 
        180916954, 
        126860974, 
        584194481, 
        478376197, 
        501483880, 
        496554237, 
        526783054, 
        166055636, 
        125833030, 
        480994108, 
        478491090, 
        286313491, 
        583747816, 
        182793477, 
        126117554, 
        478376911, 
        286482701, 
        496151571, 
        478582494, 
        161458737, 
        168162771, 
        496576666, 
        263106036, 
        167902586
    ], 
    "fraction of match covered by td exclusion zone": [
        0.0037346435389517267, 
        0, 
        0, 
        0, 
        0, 
        0, 
        0.0015846309768833761, 
        0, 
        0.8823638096818506, 
        0, 
        0, 
        0, 
        0.22704328473189647, 
        0, 
        0.6512854304575918, 
        0, 
        0.6306880449275456, 
        0, 
        0.010797780057680947, 
        0, 
        0.004898476934606732, 
        0, 
        0.0030302831812017107, 
        0, 
        0, 
        0, 
        0, 
        0, 
        0, 
        0.16183094299778703, 
        0, 
        0, 
        0, 
        0.6825105765530346, 
        0.06893609795897679
    ], 
    "source": "PL", 
    "pearson_correlation": [
        0.15893166785159668, 
        0.20782282100250105, 
        0.09064063340852781, 
        0.3770338045887041, 
        0.17491121181249344, 
        0.11674404838846728, 
        0.5545517363298024, 
        0.22176327104840732, 
        0.9123187974456461, 
        0.4151218066853193, 
        0.15206704315135747, 
        0.09905079150081636, 
        0.8900481168218096, 
        0.39342556133695494, 
        0.776115029954465, 
        0.01784938200391035, 
        0.7859811023218636, 
        0.10363799778220878, 
        0.07264795009660119, 
        0.21106577048755296, 
        0.5065415545008749, 
        0.015183709442409687, 
        0.6172065198369617, 
        0.4277355582173209, 
        0.026266705636454935, 
        0.14676783179150021, 
        0.2910536700058102, 
        0.40701746021617696, 
        0.053443979633934956, 
        0.5511268278796452, 
        0.31634325671707053, 
        0.06464884774662438, 
        0.178839311588066, 
        0.9389651045739763, 
        0.7835292419359509
    ], 
    "spearman_correlation": [
        0.25678326503393256, 
        0.18086242061964894, 
        0.14684603272498345, 
        0.3985263272456119, 
        0.19014599715040648, 
        0.2464564033649019, 
        0.5928526240169039, 
        0.3702963901716095, 
        0.8888443017656499, 
        0.3780690223007069, 
        0.2630417335473515, 
        0.07368599089742242, 
        0.7717846689568512, 
        0.36227239197013233, 
        0.7769275001578496, 
        0.05707474582649211, 
        0.821762127990983, 
        0.08425606011742325, 
        0.2460293773938078, 
        0.11640907591994475, 
        0.5590305042842953, 
        0.09478673131806284, 
        0.7465097380572604, 
        0.35686294298494925, 
        -0.018422581903778434, 
        0.35721788286413214, 
        0.2561861345612066, 
        0.3672292866696308, 
        0.014446227929373997, 
        0.6197984766265461, 
        0.34731139646869985, 
        0.2546954576713133, 
        0.1486209869459385, 
        0.8902616868461527, 
        0.699854954626173
    ], 
    "injection_overlap": [
        0.0006697072550615311, 
        0, 
        0, 
        0, 
        0, 
        0, 
        0, 
        0, 
        0.5892786793183985, 
        0, 
        0, 
        0, 
        0.18012154032550381, 
        0, 
        0.8261861540780947, 
        0, 
        0.6051576098354975, 
        0, 
        0.005212972647900192, 
        0, 
        0, 
        0, 
        0, 
        0, 
        0, 
        0, 
        0, 
        0, 
        0, 
        0.09333191738586988, 
        0, 
        0, 
        0, 
        0.8609350446063511, 
        0.09631652339677564
    ], 
    "fraction of match covered by td injection": [
        0.0002730764861843327, 
        0, 
        0, 
        0, 
        0, 
        0, 
        0, 
        0, 
        0.35619562514130737, 
        0, 
        0, 
        0, 
        0.032140764486440876, 
        0, 
        0.1878404772814693, 
        0, 
        0.1537168189688255, 
        0, 
        0.0006040289807250487, 
        0, 
        0, 
        0, 
        0, 
        0, 
        0, 
        0, 
        0, 
        0, 
        0, 
        0.01575028305901885, 
        0, 
        0, 
        0, 
        0.25044344349094755, 
        0.00628504325002891
    ]
}