{
    "image_series_id": 617900105, 
    "distance": [
        1294.656312244448, 
        1020.2338176765057, 
        979.9962589550647, 
        185.3619159770386, 
        381.90854293150335, 
        136.0782402119517, 
        843.9344323932602, 
        843.9312664242985, 
        715.1786957462149, 
        334.889601378611, 
        149.88213193661684, 
        390.4680630623966, 
        612.8234561392832, 
        450.1837883718677
    ], 
    "exclusion_zone_overlap": [
        0, 
        0, 
        0, 
        0.5205929080311316, 
        0.2614922398201573, 
        0.558905817850717, 
        0, 
        3.342000485369148e-07, 
        0.00011689657055622965, 
        0.6991594188615587, 
        0.8473188445289512, 
        0.6092835756556471, 
        0.005342381943590906, 
        0.7686241920428024
    ], 
    "match_id": [
        180709230, 
        180673746, 
        170721670, 
        112423392, 
        112306316, 
        158435116, 
        126860974, 
        478376197, 
        496554237, 
        480994108, 
        287769286, 
        156741826, 
        478582494, 
        167902586
    ], 
    "fraction of match covered by td exclusion zone": [
        0, 
        0, 
        0, 
        0.766423834220249, 
        0.214752653500672, 
        0.9187346009518833, 
        0, 
        2.7939187193375683e-05, 
        0.00023861865475252153, 
        0.3406194853056795, 
        0.7534444231440549, 
        0.3224657869745937, 
        0.0037512656339727442, 
        0.34005606908349445
    ], 
    "source": "ORBvl", 
    "pearson_correlation": [
        0.34567525967817814, 
        0.10469176261917013, 
        0.12847814857621978, 
        0.8977688550376108, 
        0.3365412070006064, 
        0.7086727973769684, 
        0.32278815999743704, 
        0.31436788845078906, 
        0.35483654162929623, 
        0.22498473749951511, 
        0.5644973011458291, 
        0.436281999368976, 
        0.11273691736570321, 
        0.4661343051853546
    ], 
    "spearman_correlation": [
        0.19037545421106486, 
        0.09903369587747313, 
        0.08662628241831845, 
        0.7198076006623189, 
        0.220939237602146, 
        0.8346873235146721, 
        0.4152708598480051, 
        0.4812362030905077, 
        0.46289642932256175, 
        0.6350892068278639, 
        0.7887922870025197, 
        0.6935899236518246, 
        0.578634270459607, 
        0.5958784618690423
    ], 
    "injection_overlap": [
        0, 
        0, 
        0, 
        0.8303153445357377, 
        0.2849280753409955, 
        0.8225086594048404, 
        0, 
        0, 
        0, 
        0.875942800365046, 
        0.9696367430377065, 
        0.8000185572047203, 
        0, 
        0.8751186281719331
    ], 
    "fraction of match covered by td injection": [
        0, 
        0, 
        0, 
        0.16431142691075365, 
        0.035952035020178755, 
        0.18150979230053899, 
        0, 
        0, 
        0, 
        0.04784869485230464, 
        0.11169235419592449, 
        0.05763448216486803, 
        0, 
        0.05091194269555116
    ]
}