{
    "image_series_id": 900249720,
    "match_id": [
        272404772,
        127866392,
        112951804,
        112882565,
        126907302,
        112514915,
        100142655,
        100141473,
        521600943,
        647806688,
        266249483,
        120916102,
        540145406,
        648253235,
        272735030,
        511550172,
        657041814,
        518606617,
        583748537,
        298179622,
        657334568,
        272929308,
        120875816,
        656959718,
        183171679,
        524874308,
        513826657
    ],
    "distance": [
        923.0671096538906,
        378.31327802160524,
        343.99804337831023,
        755.5274030134295,
        915.0655932777324,
        1557.831228581549,
        986.0793911219145,
        757.8902289832554,
        1189.121010226658,
        665.0954937701595,
        1120.0151881369457,
        827.5042458587728,
        1317.96260220847,
        572.8213131110825,
        860.483644121087,
        1225.1422800349226,
        275.2949660087659,
        1130.7583682499865,
        428.15785234045677,
        762.0978104381162,
        1251.2969182698616,
        1124.8005200391556,
        1088.8768694360779,
        1480.4770581689452,
        925.525750209339,
        1393.616430737914,
        2624.8667378177865
    ],
    "injection_overlap": [
        0,
        0.36884508300366786,
        0.974914523762761,
        0,
        0,
        0,
        0,
        0,
        0,
        0,
        0,
        0,
        0,
        0,
        0,
        0,
        0.9362660084535998,
        0,
        0.729466382987656,
        0,
        0,
        0,
        0,
        0,
        0,
        0,
        0
    ],
    "exclusion_zone_overlap": [
        0,
        0.1583848534304065,
        0.36413656515966336,
        0,
        0.009971605994779273,
        0,
        0,
        0,
        0,
        0.0014543040145332021,
        0,
        0,
        0,
        9.84424336316442e-06,
        0,
        0.002368381005313518,
        0.4134130534041685,
        0,
        0.29706819168816695,
        0,
        0,
        0,
        0,
        0,
        0,
        0,
        0
    ],
    "fraction of match covered by td injection": [
        0,
        0.019529801221991494,
        0.06786702949950899,
        0,
        0,
        0,
        0,
        0,
        0,
        0,
        0,
        0,
        0,
        0,
        0,
        0,
        0.08239452254217695,
        0,
        0.012910415696961861,
        0,
        0,
        0,
        0,
        0,
        0,
        0,
        0
    ],
    "fraction of match covered by td exclusion zone": [
        0,
        0.18271837991166312,
        0.2468846000018675,
        0,
        0.0033297684070218124,
        0,
        0,
        0,
        0,
        0.0024608866275895674,
        0,
        0,
        0,
        5.856097675555562e-06,
        0,
        0.0002839769905872154,
        0.46579271362331154,
        0,
        0.09415228870987508,
        0,
        0,
        0,
        0,
        0,
        0,
        0,
        0
    ],
    "spearman_correlation": [
        0.27313629725902444,
        0.6151849562834436,
        0.7100266401630443,
        0.45459501816821135,
        0.39640608889338175,
        0.5325205859781056,
        0.5762663493113971,
        0.3917932236209793,
        0.2718252463300461,
        0.49367398397618106,
        0.6973430522515168,
        0.38418919402075524,
        0.2812756378527495,
        0.4531850922735271,
        0.4225872035700542,
        0.2955726334723899,
        0.6603754687586654,
        0.21120805771470597,
        0.5379283151520916,
        0.5096727321123248,
        0.2915271417380433,
        0.28389888665838525,
        0.6389630865869025,
        0.3410396049778131,
        0.5685076899550274,
        0.1859686876691584,
        0.293959819921397
    ],
    "pearson_correlation": [
        0.983053660958901,
        0.8401931985567616,
        0.8793416090803197,
        0.6542835237055044,
        0.8530591676835768,
        0.3323729125215828,
        0.80057468699229,
        0.6985265904054124,
        0.7850321312382822,
        0.8604948551614396,
        0.6168229388019295,
        0.5005739567754676,
        0.6191963396831917,
        0.883244914549859,
        0.9616968254361402,
        0.42070589542312564,
        0.9493444688233903,
        0.7085831014068071,
        0.5302370059847393,
        0.6202305430347052,
        0.73444909532263,
        0.7114438471249643,
        0.34150632825833477,
        0.5430697487161193,
        0.9680433243149555,
        0.4463486508380779,
        0.08764874009654117
    ],
    "source": "SSp-bfd"
}