{
    "sum_NPV_A": [
        21.927851042000704, 
        21.927851042000704, 
        21.927851042000704, 
        21.927851042000704, 
        21.927851042000704, 
        21.927851042000704, 
        21.927851042000704, 
        21.927851042000704, 
        14.378468572563175, 
        14.378468572563175, 
        14.378468572563175, 
        14.378468572563175, 
        14.378468572563175, 
        14.378468572563175, 
        14.378468572563175, 
        8.685877813952763, 
        8.685877813952763, 
        8.685877813952763, 
        8.685877813952763, 
        8.685877813952763, 
        8.685877813952763, 
        9.89291085511203, 
        9.89291085511203, 
        9.89291085511203, 
        9.89291085511203, 
        9.89291085511203, 
        12.938949705084301, 
        12.938949705084301, 
        12.938949705084301, 
        12.938949705084301, 
        9.476572967550068, 
        9.476572967550068, 
        9.476572967550068, 
        19.968089330059314
    ], 
    "sum_NPV_B": [
        14.378468572563175, 
        8.685877813952763, 
        9.89291085511203, 
        12.938949705084301, 
        9.476572967550068, 
        6.896447413110575, 
        19.968089330059314, 
        10.566244004525666, 
        8.685877813952763, 
        9.89291085511203, 
        12.938949705084301, 
        9.476572967550068, 
        6.896447413110575, 
        19.968089330059314, 
        10.566244004525666, 
        9.89291085511203, 
        12.938949705084301, 
        9.476572967550068, 
        6.896447413110575, 
        19.968089330059314, 
        10.566244004525666, 
        12.938949705084301, 
        9.476572967550068, 
        6.896447413110575, 
        19.968089330059314, 
        10.566244004525666, 
        9.476572967550068, 
        6.896447413110575, 
        19.968089330059314, 
        10.566244004525666, 
        6.896447413110575, 
        19.968089330059314, 
        10.566244004525666, 
        10.566244004525666
    ], 
    "pearson_correlation": [
        0.9140611286405915, 
        0.9375339484250818, 
        0.929643333022955, 
        0.9226615420701165, 
        0.8017880159965187, 
        0.779755827713113, 
        0.8396414480485768, 
        0.8200417699813229, 
        0.9674783999537357, 
        0.8579844791394544, 
        0.8496894392903889, 
        0.7504830081517264, 
        0.8024485711876488, 
        0.797544332365753, 
        0.8662332356372695, 
        0.9478791706443883, 
        0.9342377308689354, 
        0.8512492173116272, 
        0.7679870607351137, 
        0.8395630548012469, 
        0.8210808171211689, 
        0.9617728858426551, 
        0.8569267145291052, 
        0.6885520186821453, 
        0.8223683921807862, 
        0.7215951499251442, 
        0.9389688504689792, 
        0.6866501030589551, 
        0.9250074783155418, 
        0.7336835253514439, 
        0.6208784908817697, 
        0.8825806052582746, 
        0.6509565979323164, 
        0.8074694555444756
    ], 
    "match_A": [
        146858006, 
        146858006, 
        146858006, 
        146858006, 
        146858006, 
        146858006, 
        146858006, 
        146858006, 
        112881858, 
        112881858, 
        112881858, 
        112881858, 
        112881858, 
        112881858, 
        112881858, 
        116903230, 
        116903230, 
        116903230, 
        116903230, 
        116903230, 
        116903230, 
        120491896, 
        120491896, 
        120491896, 
        120491896, 
        120491896, 
        100149109, 
        100149109, 
        100149109, 
        100149109, 
        139519496, 
        139519496, 
        139519496, 
        182090318
    ], 
    "fraction of match covered by td injection": [
        0.00023122436108614946, 
        0.00072069212472371, 
        0, 
        0, 
        0, 
        0.352661062965061, 
        0, 
        0.4402566682464606, 
        0.5053985899888788, 
        0.016722594553923914, 
        0, 
        0, 
        0.037310391295952976, 
        0, 
        0.04549477284136518, 
        0.1859081527490493, 
        0, 
        0.00974645877276565, 
        0.024114761599176162, 
        0.01685961199334042, 
        0.07651283599085433, 
        0.44304632439296837, 
        0.02954739759977919, 
        0, 
        0.14350240516152826, 
        5.808952140737561e-06, 
        0.18340897012816673, 
        0, 
        0.5686483119022431, 
        0.00034352739861273656, 
        0, 
        0.6369069736573516, 
        0.016336648427234143, 
        0.02243763293044767
    ], 
    "absolute_overlap": [
        4.9572746470876154, 
        9.836553511951934, 
        0, 
        0, 
        0, 
        6562.227320129914, 
        0, 
        6483.534293455601, 
        3258.285172858742, 
        91.93471549153855, 
        0, 
        0, 
        1120.3590984955063, 
        0, 
        365.30613094089995, 
        933.4633274300044, 
        0, 
        23.142925072615526, 
        860.8490146407523, 
        37.77055921672945, 
        329.2977560191224, 
        2005.992515149875, 
        292.7772279117646, 
        0, 
        914.256093007021, 
        1.398443450259947, 
        961.6085266993101, 
        0, 
        2863.823432680282, 
        21.532454821874126, 
        0, 
        2721.295431611133, 
        481.3802888178559, 
        531.4308911486959
    ], 
    "distance": [
        1063.8608931622593, 
        998.2484660644362, 
        760.3288762108144, 
        716.2401831787993, 
        522.1110992882645, 
        934.826187052973, 
        613.0252849597641, 
        214.7091055358389, 
        376.9615364994153, 
        803.8034585643434, 
        916.1877536837087, 
        1074.988372030135, 
        868.3893136145792, 
        961.0411021387171, 
        1241.7326604386308, 
        864.0601830891179, 
        852.936105461599, 
        975.9610647971567, 
        815.4753215150046, 
        865.8521813797087, 
        1140.7892005098927, 
        286.53097563788805, 
        483.4252786108728, 
        1301.9216566291536, 
        380.13155617496426, 
        844.393273303382, 
        285.3068523537421, 
        1326.6876045248935, 
        136.38181696985856, 
        744.1102068914255, 
        1289.3796958227626, 
        162.48076809271922, 
        489.38737212968624, 
        621.85207244167
    ], 
    "absolute_overlap_lg_over_small": [
        1.7651614764561145, 
        4.118096536931034, 
        0, 
        0, 
        0, 
        8663.58082615479, 
        0, 
        8541.139912141625, 
        2887.890836882566, 
        94.01839131348004, 
        0, 
        0, 
        916.5786206456683, 
        0, 
        882.6151836766073, 
        1045.2197114008834, 
        0, 
        68.74136754041672, 
        592.4106972892969, 
        82.79302390343628, 
        1484.3769201169525, 
        1884.9416808918563, 
        208.39656388275023, 
        0, 
        704.7017490931597, 
        0.11269578987773343, 
        1293.5758227408007, 
        0, 
        2792.4790498481125, 
        6.6645568070371155, 
        0, 
        3127.678994932232, 
        316.9369369650587, 
        435.298261170109
    ],