{
    "sum_NPV_A": [
        6.525892774978701, 
        6.525892774978701, 
        6.525892774978701, 
        6.525892774978701, 
        6.525892774978701, 
        6.525892774978701, 
        6.525892774978701, 
        6.525892774978701, 
        15.053005508767912, 
        15.053005508767912, 
        15.053005508767912, 
        15.053005508767912, 
        15.053005508767912, 
        15.053005508767912, 
        15.053005508767912, 
        4.958935417045138, 
        4.958935417045138, 
        4.958935417045138, 
        4.958935417045138, 
        4.958935417045138, 
        4.958935417045138, 
        1.6493787185833562, 
        1.6493787185833562, 
        1.6493787185833562, 
        17.34548649518344, 
        17.34548649518344, 
        11.516025687322447
    ], 
    "sum_NPV_B": [
        15.053005508767912, 
        4.958935417045138, 
        1.6205343600291275, 
        10.870936908572302, 
        1.6493787185833562, 
        17.34548649518344, 
        11.516025687322447, 
        14.900770516951917, 
        4.958935417045138, 
        1.6205343600291275, 
        10.870936908572302, 
        1.6493787185833562, 
        17.34548649518344, 
        11.516025687322447, 
        14.900770516951917, 
        1.6205343600291275, 
        10.870936908572302, 
        1.6493787185833562, 
        17.34548649518344, 
        11.516025687322447, 
        14.900770516951917, 
        17.34548649518344, 
        11.516025687322447, 
        14.900770516951917, 
        11.516025687322447, 
        14.900770516951917, 
        14.900770516951917
    ], 
    "pearson_correlation": [
        0.5091634872474673, 
        0.9985179026868606, 
        0.9876070831836994, 
        0.6162398894489499, 
        0.9899268780456894, 
        0.3289413790485274, 
        0.9985105109508761, 
        0.6509432508914641, 
        0.5409242518267815, 
        0.5946228859671453, 
        0.9710267468043146, 
        0.5394972087256236, 
        0.9376018154325839, 
        0.49844229241456656, 
        0.8754640726687767, 
        0.993028801678614, 
        0.6426980836707824, 
        0.9877821943171514, 
        0.3671740897914943, 
        0.9969097778786312, 
        0.679690250849274, 
        0.33436258366205407, 
        0.9909633332960692, 
        0.6422661805219008, 
        0.3065569100526741, 
        0.8941161529872848, 
        0.6248202001681912
    ], 
    "match_A": [
        114427219, 
        114427219, 
        114427219, 
        114427219, 
        114427219, 
        114427219, 
        114427219, 
        114427219, 
        100142569, 
        100142569, 
        100142569, 
        100142569, 
        100142569, 
        100142569, 
        100142569, 
        292478008, 
        292478008, 
        292478008, 
        292478008, 
        292478008, 
        292478008, 
        309702727, 
        309702727, 
        309702727, 
        292321278, 
        292321278, 
        286553311
    ], 
    "fraction of match covered by td injection": [
        0.5837327606739925, 
        0.9296357324259993, 
        0.3152324163739938, 
        0.47163892280344355, 
        0.29440905663667405, 
        0.5474224399012104, 
        0.9989340473378068, 
        0.608867659095756, 
        0.8510373813836128, 
        0.4248982081187996, 
        0.4569294990825444, 
        0.8034054359076872, 
        0.5536433428321069, 
        0.870513587907678, 
        0.39116452260404366, 
        0.524280841964584, 
        0.4759080042693471, 
        0.4311329033500423, 
        0.4594138832061894, 
        0.9848725901197884, 
        0.4321767212368416, 
        0.002481746009776809, 
        0.029026085280591477, 
        7.802506734081595e-05, 
        0.563976035799776, 
        0.7451577590680372, 
        0.24692208808089192
    ], 
    "absolute_overlap": [
        4994.674410305188, 
        6268.717762547316, 
        1032.8975845261787, 
        5739.273907538676, 
        186.7309039949132, 
        4877.815057878409, 
        4158.572571756511, 
        6502.513603064141, 
        6083.727114976303, 
        1495.614295374124, 
        5843.849982466816, 
        774.1487666477648, 
        5478.327149352446, 
        3229.9181644317478, 
        4041.2952587007176, 
        1629.838529128827, 
        5308.19608274389, 
        312.7759486652192, 
        3917.1506176551925, 
        3693.5452740228125, 
        4114.000528629671, 
        19.49950658282488, 
        40.77515263393525, 
        0.20186021737390547, 
        1428.8557604850157, 
        5768.586164133723, 
        1858.3542195623654
    ], 
    "distance": [
        746.7931440499437, 
        607.5360071633614, 
        415.33119314590374, 
        300.9983388658482, 
        644.5153217728807, 
        434.6262762420146, 
        456.17978911828175, 
        187.88294228055935, 
        258.0697580112788, 
        700.713921654194, 
        702.2107945624305, 
        528.4884104689525, 
        617.73780845922, 
        577.9273310719956, 
        567.097875150313, 
        502.19518117958876, 
        501.2983143797713, 
        287.92360097775935, 
        567.9788728465171, 
        383.40579025361626, 
        420.7136793592526, 
        631.5853069855251, 
        444.6346815083142, 
        489.18299234540035, 
        695.4135460285484, 
        374.16573867739413, 
        345.83232931581165
    ], 
    "absolute_overlap_lg_over_small": [
        5501.485244174222, 
        5495.771766036679, 
        680.7708746816631, 
        5826.168369887958, 
        95.19759849967221, 
        3692.354619175691, 
        2503.8727166830636, 
        4802.066957714475, 
        5031.118156618571, 
        917.6033610976373, 
        5644.462460815441, 
        259.78232121568124, 
        3734.3144987825344, 
        2181.9811108378717, 
        3085.0681604877645, 
        1132.228504506409, 
        5878.904448702827, 
        139.407454043663, 
        3098.7384698295123, 
        2468.6270473830405, 
        3408.526503159909, 
        16.73933268879864, 
        72.75517658035304, 
        0.615374444928193, 
        1413.6310727074413, 
        5876.970799236407, 
        1947.4452002658181
    ], 
    "spearman_correlation": [
        0.5369385216558556, 
        0.9147762676889906, 
        0.81278928136419, 
        0.5565285556017551, 
        0.6732908788451871, 
        0.525513202442999, 
        0.9052560017726656, 
        0.5537780181164456, 
        0.6133298598400884, 
        0.5653941184093884, 
        0.991774383078731, 
        0.5291612279523061, 
        0.9577016363365483, 
        0.4833532410549423, 
        0.9045201016315366, 
        0.9226545081833593, 
        0.6275994903576949, 
        0.805131134833306, 
        0.6010806385269857, 
        0.8359638280758415, 
        0.6188226446357857, 
        0.49876385126013706, 
        0.7497027348394769, 
        0.5157197460328349, 
        0.4797808194749139, 
        0.9490436543430021, 
        0.5088725315411498
    ], 
    "injection_overlap": [
        0.5020093106269513, 
        0.6300620268657343, 
        0.10381541653373696, 
        0.5768481989292857, 
        0.018768120739527046, 
        0.4902639037930162, 
        0.41797362118986925, 
        0.6535605933555024, 
        0.6455112876605361, 
        0.1586915210700105, 
        0.6200592261593985, 
        0.08214072685302569, 
        0.5812755808357697, 
        0.34270909821513484, 
        0.42879992099554926, 
        0.27569487949377813, 
        0.8979064203026625, 
        0.05290752791437649, 
        0.662604514614506, 
        0.6247806153968056, 
        0.695902606121447, 
        0.06030437141699383, 
        0.12610164973031968, 
        0.0006242749513237994, 
        0.21183981154178205, 
        0.8552411234691835, 
        0.7414008266338331
    ], 
    "source": "AV",