{
    "sum_NPV_A": [
        6.463631746534782, 
        6.463631746534782, 
        6.463631746534782, 
        6.463631746534782, 
        6.463631746534782, 
        6.463631746534782, 
        10.571966614796004, 
        10.571966614796004, 
        10.571966614796004, 
        10.571966614796004, 
        10.571966614796004, 
        8.289609747153595, 
        8.289609747153595, 
        8.289609747153595, 
        8.289609747153595, 
        5.70247444032176, 
        5.70247444032176, 
        5.70247444032176, 
        13.541819765839147, 
        13.541819765839147, 
        7.376470964559635
    ], 
    "sum_NPV_B": [
        10.571966614796004, 
        8.289609747153595, 
        5.70247444032176, 
        13.541819765839147, 
        7.376470964559635, 
        3.1846991776094016, 
        8.289609747153595, 
        5.70247444032176, 
        13.541819765839147, 
        7.376470964559635, 
        3.1846991776094016, 
        5.70247444032176, 
        13.541819765839147, 
        7.376470964559635, 
        3.1846991776094016, 
        13.541819765839147, 
        7.376470964559635, 
        3.1846991776094016, 
        7.376470964559635, 
        3.1846991776094016, 
        3.1846991776094016
    ], 
    "pearson_correlation": [
        0.6588818397249513, 
        0.8066944959880781, 
        0.7496474719435836, 
        0.8150380780500364, 
        0.7716934531851194, 
        0.7961832382988369, 
        0.8462177481906827, 
        0.7526956125641661, 
        0.8666004850700958, 
        0.8711504588432387, 
        0.7679683997403594, 
        0.8272444406958865, 
        0.9865111344391346, 
        0.9643283019056019, 
        0.9224177646932705, 
        0.8323392080520353, 
        0.7968188893301112, 
        0.736529858063588, 
        0.9798001356018984, 
        0.9142620726499386, 
        0.9113530046106494
    ], 
    "match_A": [
        122641784, 
        122641784, 
        122641784, 
        122641784, 
        122641784, 
        122641784, 
        100147861, 
        100147861, 
        100147861, 
        100147861, 
        100147861, 
        116900714, 
        116900714, 
        116900714, 
        116900714, 
        127649005, 
        127649005, 
        127649005, 
        120436274, 
        120436274, 
        120494729
    ], 
    "fraction of match covered by td injection": [
        0, 
        0, 
        0.0969306171192225, 
        0, 
        0, 
        0, 
        0.00033784732259853323, 
        0, 
        0.09598995186039962, 
        0, 
        0, 
        0, 
        0.4642690185645534, 
        0, 
        0, 
        0, 
        0, 
        0, 
        0, 
        0, 
        0
    ], 
    "absolute_overlap": [
        0, 
        0, 
        2472.7140964461937, 
        0, 
        0, 
        0, 
        0.621666586507672, 
        0, 
        546.4752194003842, 
        0, 
        0, 
        0, 
        2349.7547667063673, 
        0, 
        0, 
        0, 
        0, 
        0, 
        0, 
        0, 
        0
    ], 
    "distance": [
        4393.358624105253, 
        5367.336397134057, 
        1041.633332799983, 
        4643.156254101298, 
        3797.3280079550673, 
        2678.3950418114205, 
        1477.3963584630903, 
        3990.5638699311653, 
        1013.1633629380802, 
        1152.0850663036997, 
        3388.6575513025805, 
        4731.014690317501, 
        847.7027781009097, 
        1776.6823013696062, 
        3788.6805090954817, 
        4035.2571169629327, 
        3282.209621581169, 
        2005.2929960482084, 
        1379.130160644745, 
        3382.735579379506, 
        2295.844071360248
    ], 
    "absolute_overlap_lg_over_small": [
        0, 
        0, 
        3571.4874736528764, 
        0, 
        0, 
        0, 
        3.5991206272738054, 
        0, 
        520.5426607852542, 
        0, 
        0, 
        0, 
        2517.678419041402, 
        0, 
        0, 
        0, 
        0, 
        0, 
        0, 
        0, 
        0
    ], 
    "spearman_correlation": [
        0.09873076083916768, 
        0.2817385877722105, 
        0.6667214848864333, 
        0.4909386612827452, 
        0.40535411169068714, 
        0.5911679382392686, 
        0.4737881092047637, 
        0.39682910545291755, 
        0.4821286432340288, 
        0.5426417847240643, 
        0.32720597721767436, 
        0.5765148749951174, 
        0.7418635643123426, 
        0.5862901766223736, 
        0.5603121295503088, 
        0.8069943071181471, 
        0.7370314609730011, 
        0.7422925938658316, 
        0.6435277242427211, 
        0.6941210750804292, 
        0.6027489616181291
    ], 
    "injection_overlap": [
        0, 
        0, 
        0.6126545621400692, 
        0, 
        0, 
        0, 
        7.712590220788202e-05, 
        0, 
        0.06779742589556846, 
        0, 
        0, 
        0, 
        0.2205700888931317, 
        0, 
        0, 
        0, 
        0, 
        0, 
        0, 
        0, 
        0
    ], 
    "source": "CA1", 
    "match_B": [
        100147861, 
        116900714, 
        127649005, 
        120436274, 
        120494729, 
        100148443, 
        116900714, 
        127649005, 
        120436274, 
        120494729, 
        100148443, 
        127649005, 
        120436274, 
        120494729, 
        100148443, 
        120436274, 
        120494729, 
        100148443, 
        120494729, 
        100148443, 
        100148443
    ]
}