{
    "sum_NPV_A": [
        15.32049781693574, 
        15.32049781693574, 
        15.32049781693574, 
        15.32049781693574, 
        15.32049781693574, 
        15.32049781693574, 
        15.32049781693574, 
        15.32049781693574, 
        15.32049781693574, 
        15.32049781693574, 
        15.32049781693574, 
        15.32049781693574, 
        8.028874565420967, 
        8.028874565420967, 
        8.028874565420967, 
        8.028874565420967, 
        8.028874565420967, 
        8.028874565420967, 
        8.028874565420967, 
        8.028874565420967, 
        8.028874565420967, 
        8.028874565420967, 
        8.028874565420967, 
        31.463992615337947, 
        31.463992615337947, 
        31.463992615337947, 
        31.463992615337947, 
        31.463992615337947, 
        31.463992615337947, 
        31.463992615337947, 
        31.463992615337947, 
        31.463992615337947, 
        31.463992615337947, 
        31.36932798414177, 
        31.36932798414177, 
        31.36932798414177, 
        31.36932798414177, 
        31.36932798414177, 
        31.36932798414177, 
        31.36932798414177, 
        31.36932798414177, 
        31.36932798414177, 
        5.70247444032176, 
        5.70247444032176, 
        5.70247444032176, 
        5.70247444032176, 
        5.70247444032176, 
        5.70247444032176, 
        5.70247444032176, 
        5.70247444032176, 
        13.159116001332606, 
        13.159116001332606, 
        13.159116001332606, 
        13.159116001332606, 
        13.159116001332606, 
        13.159116001332606, 
        13.159116001332606, 
        12.982088166155771, 
        12.982088166155771, 
        12.982088166155771, 
        12.982088166155771, 
        12.982088166155771, 
        12.982088166155771, 
        16.861342523073546, 
        16.861342523073546, 
        16.861342523073546, 
        16.861342523073546, 
        16.861342523073546, 
        68.21810493565133, 
        68.21810493565133, 
        68.21810493565133, 
        68.21810493565133, 
        17.884453738527107, 
        17.884453738527107, 
        17.884453738527107, 
        10.50873238094169, 
        10.50873238094169, 
        20.435382676702368
    ], 
    "sum_NPV_B": [
        8.028874565420967, 
        31.463992615337947, 
        31.36932798414177, 
        5.70247444032176, 
        13.159116001332606, 
        12.982088166155771, 
        16.861342523073546, 
        68.21810493565133, 
        17.884453738527107, 
        10.50873238094169, 
        20.435382676702368, 
        1.5762030442320512, 
        31.463992615337947, 
        31.36932798414177, 
        5.70247444032176, 
        13.159116001332606, 
        12.982088166155771, 
        16.861342523073546, 
        68.21810493565133, 
        17.884453738527107, 
        10.50873238094169, 
        20.435382676702368, 
        1.5762030442320512, 
        31.36932798414177, 
        5.70247444032176, 
        13.159116001332606, 
        12.982088166155771, 
        16.861342523073546, 
        68.21810493565133, 
        17.884453738527107, 
        10.50873238094169, 
        20.435382676702368, 
        1.5762030442320512, 
        5.70247444032176, 
        13.159116001332606, 
        12.982088166155771, 
        16.861342523073546, 
        68.21810493565133, 
        17.884453738527107, 
        10.50873238094169, 
        20.435382676702368, 
        1.5762030442320512, 
        13.159116001332606, 
        12.982088166155771, 
        16.861342523073546, 
        68.21810493565133, 
        17.884453738527107, 
        10.50873238094169, 
        20.435382676702368, 
        1.5762030442320512, 
        12.982088166155771, 
        16.861342523073546, 
        68.21810493565133, 
        17.884453738527107, 
        10.50873238094169, 
        20.435382676702368, 
        1.5762030442320512, 
        16.861342523073546, 
        68.21810493565133, 
        17.884453738527107, 
        10.50873238094169, 
        20.435382676702368, 
        1.5762030442320512, 
        68.21810493565133, 
        17.884453738527107, 
        10.50873238094169, 
        20.435382676702368, 
        1.5762030442320512, 
        17.884453738527107, 
        10.50873238094169, 
        20.435382676702368, 
        1.5762030442320512, 
        10.50873238094169, 
        20.435382676702368, 
        1.5762030442320512, 
        20.435382676702368, 
        1.5762030442320512, 
        1.5762030442320512
    ], 
    "pearson_correlation": [
        0.5330484226761079, 
        0.9840541186811937, 
        0.7101338321892945, 
        0.9663231677885076, 
        0.9760625156725523, 
        0.9282730471592331, 
        0.6908945569763929, 
        0.997776762987839, 
        0.2425483169131459, 
        0.3474237643358697, 
        0.9920211948715248, 
        0.8113810428732411, 
        0.5565254291244828, 
        0.9731243567757518, 
        0.6426503250269958, 
        0.6870236406491327, 
        0.5152452062088134, 
        0.9756290786309133, 
        0.523484061629219, 
        0.9433796092929715, 
        0.977148551747013, 
        0.5636012227569774, 
        0.7110715592175618, 
        0.7296570370908776, 
        0.9870071405360543, 
        0.9837856172624302, 
        0.978262165894311, 
        0.7210905256435598, 
        0.9910323535053879, 
        0.28759236643643266, 
        0.3732271734194275, 
        0.9984574794648098, 
        0.8943626290033396, 
        0.7948730819109641, 
        0.8342653380480627, 
        0.6846111271193603, 
        0.9980103628739937, 
        0.7025854210557445, 
        0.8513033464706525, 
        0.9054782789622444, 
        0.7362950386720395, 
        0.8194369122101903, 
        0.9877536072747536, 
        0.9612254982313579, 
        0.7888338745637483, 
        0.9703857889568529, 
        0.39943552945124666, 
        0.4709343158059734, 
        0.985700754672612, 
        0.9145648122641783, 
        0.944319081864957, 
        0.8234957076494379, 
        0.9769179376494026, 
        0.4328019360985352, 
        0.5219323231026683, 
        0.9872210439717053, 
        0.9007153316218758, 
        0.6880205422170974, 
        0.9476655699907172, 
        0.2704985706258525, 
        0.3358727801684763, 
        0.9656770554465319, 
        0.9395499841766384, 
        0.6865313059403328, 
        0.8647097345876612, 
        0.9110109246883501, 
        0.7245481078260969, 
        0.8357374621464325, 
        0.23349434396533264, 
        0.33529070136681477, 
        0.996044248163628, 
        0.834006078523419, 
        0.9854622210409565, 
        0.28873328251895386, 
        0.5459257466139432, 
        0.3803465417495818, 
        0.5792576331896209, 
        0.8757676897712539
    ],