{
    "sum_NPV_A": [
        4.729847953604325
    ], 
    "sum_NPV_B": [
        7.5826051458507875
    ], 
    "pearson_correlation": [
        0.6357548474675399
    ], 
    "match_A": [
        180403712
    ], 
    "fraction of match covered by td injection": [
        0.014414126897992244
    ], 
    "absolute_overlap": [
        550.1352477852663
    ], 
    "distance": [
        886.5100112237876
    ], 
    "absolute_overlap_lg_over_small": [
        900.0135321247794
    ], 
    "spearman_correlation": [
        0.6712588780845175
    ], 
    "injection_overlap": [
        0.19853048211783078
    ], 
    "source": "ECT", 
    "match_B": [
        180435652
    ]
}