{
    "sum_NPV_A": [
        3.585003064885662, 
        3.585003064885662, 
        3.585003064885662, 
        3.585003064885662, 
        3.585003064885662, 
        1.0678361486559131, 
        1.0678361486559131, 
        1.0678361486559131, 
        0.957672588948084, 
        0.957672588948084, 
        3.4256400329441172
    ], 
    "sum_NPV_B": [
        5.687625911961768, 
        1.0678361486559131, 
        0.957672588948084, 
        3.4256400329441172, 
        10.109184193186971, 
        0.957672588948084, 
        3.4256400329441172, 
        10.109184193186971, 
        3.4256400329441172, 
        10.109184193186971, 
        10.109184193186971
    ], 
    "pearson_correlation": [
        0.8892984445282855, 
        0.7656180322259234, 
        0.48412957007291507, 
        0.920975330720606, 
        0.6514527654567392, 
        0.8261915483282698, 
        0.8743226711893797, 
        0.49291051850320716, 
        0.6212637854236606, 
        0.534733061574587, 
        0.6721458556072463
    ], 
    "match_A": [
        146984915, 
        146984915, 
        146984915, 
        146984915, 
        146984915, 
        100148554, 
        100148554, 
        100148554, 
        127711098, 
        127711098, 
        120280939
    ], 
    "fraction of match covered by td injection": [
        7.851509355530032e-05, 
        0.21318718447319784, 
        0, 
        0.037730414843617624, 
        0.20930690161762047, 
        0, 
        1.1833055634197573e-05, 
        0.009188984204411367, 
        0.015447940289522923, 
        0, 
        0.07003720867123812
    ], 
    "absolute_overlap": [
        0.3391298926944728, 
        340.87666395429613, 
        0, 
        157.45275261092493, 
        3521.7069123841334, 
        0, 
        0.001371727206816331, 
        118.35362628549122, 
        70.86396922726885, 
        0, 
        1056.596407973484
    ], 
    "distance": [
        554.7972602672079, 
        1151.7378173872733, 
        824.8030067840442, 
        703.2069396699666, 
        350.14282800023193, 
        1516.3772617656862, 
        849.7058314499201, 
        871.837140755084, 
        677.4953874381729, 
        848.351342310484, 
        462.709412050371
    ], 
    "absolute_overlap_lg_over_small": [
        0.08722071472061543, 
        219.45996084291215, 
        0, 
        114.57728042997257, 
        3299.2923169656965, 
        0, 
        0.03593385705835317, 
        144.84541480490446, 
        46.911304684940276, 
        0, 
        1103.9923800166096
    ], 
    "spearman_correlation": [
        0.7843711530254225, 
        0.47126483147947396, 
        0.37724874457638846, 
        0.6773869646716645, 
        0.5709185073057179, 
        0.6379721279808916, 
        0.5583453822417566, 
        0.2934760273532126, 
        0.5028183530039476, 
        0.39175150230931366, 
        0.5343922917375813
    ], 
    "injection_overlap": [
        2.5428216281628564e-05, 
        0.025559190514057365, 
        0, 
        0.01180592667817516, 
        0.26406025236261804, 
        0, 
        1.3325194261552803e-06, 
        0.11497075030491526, 
        0.04815440855882468, 
        0, 
        0.3479382705324467
    ], 
    "source": "PAR", 
    "match_B": [
        558581415, 
        100148554, 
        127711098, 
        120280939, 
        287028480, 
        127711098, 
        120280939, 
        287028480, 
        120280939, 
        287028480, 
        287028480
    ]
}