{
    "sum_NPV_A": [
        24.32795425033684
    ], 
    "sum_NPV_B": [
        13.85101310168069
    ], 
    "pearson_correlation": [
        0.9424178178826942
    ], 
    "match_A": [
        100142655
    ], 
    "fraction of match covered by td injection": [
        0.17484431865045913
    ], 
    "absolute_overlap": [
        2695.803486165654
    ], 
    "distance": [
        821.7663901620704
    ], 
    "absolute_overlap_lg_over_small": [
        2511.6682388101963
    ], 
    "spearman_correlation": [
        0.8389735189566524
    ], 
    "injection_overlap": [
        0.2639464830761771
    ], 
    "source": "SSp-un", 
    "match_B": [
        266249483
    ]
}