{
    "sum_NPV_A": [
        10.181567573115684, 
        10.181567573115684, 
        10.181567573115684, 
        10.181567573115684, 
        10.181567573115684, 
        10.181567573115684, 
        10.181567573115684, 
        10.834918710671428, 
        10.834918710671428, 
        10.834918710671428, 
        10.834918710671428, 
        10.834918710671428, 
        10.834918710671428, 
        27.433445482362057, 
        27.433445482362057, 
        27.433445482362057, 
        27.433445482362057, 
        2.9059583528240025, 
        2.9059583528240025
    ], 
    "sum_NPV_B": [
        10.834918710671428, 
        8.144725036941509, 
        27.433445482362057, 
        18.4471054878489, 
        2.9059583528240025, 
        12.959202176270285, 
        5.703554690000663, 
        8.144725036941509, 
        27.433445482362057, 
        18.4471054878489, 
        2.9059583528240025, 
        12.959202176270285, 
        5.703554690000663, 
        18.4471054878489, 
        2.9059583528240025, 
        12.959202176270285, 
        5.703554690000663, 
        12.959202176270285, 
        5.703554690000663
    ], 
    "pearson_correlation": [
        0.5809895312618764, 
        0.7937650037100569, 
        0.849667910045347, 
        0.7154468113956957, 
        0.5255133829289944, 
        0.733071719648578, 
        0.8120922830804888, 
        0.5312591775920457, 
        0.8514697736543617, 
        0.8451360397515564, 
        0.5129062066900237, 
        0.7465467354452352, 
        0.864898378712475, 
        0.908118086785086, 
        0.7031717384247684, 
        0.8838340677886065, 
        0.8654577203713807, 
        0.43306605539625936, 
        0.6195627464063374
    ], 
    "match_A": [
        127139568, 
        127139568, 
        127139568, 
        127139568, 
        127139568, 
        127139568, 
        127139568, 
        640285199, 
        640285199, 
        640285199, 
        640285199, 
        640285199, 
        640285199, 
        152994878, 
        152994878, 
        152994878, 
        152994878, 
        638314843, 
        638314843
    ], 
    "fraction of match covered by td injection": [
        0.0002981754903771398, 
        0.12737962340323064, 
        0.12209449026625521, 
        0, 
        0.4121057313508051, 
        0, 
        0.4727454726772983, 
        0.04690653900301306, 
        0.0788987036818852, 
        0, 
        0.0006428170863714571, 
        0, 
        0.1049415053296418, 
        0, 
        0, 
        0, 
        0.5762536292187663, 
        0.020363944038452222, 
        0
    ], 
    "absolute_overlap": [
        0.056518663206588826, 
        3502.663060068832, 
        765.9870249910441, 
        0, 
        8164.581509502277, 
        0, 
        3243.4289982748387, 
        933.1926767083835, 
        422.5469965528476, 
        0, 
        2.059006837396282, 
        0, 
        860.9878516947676, 
        0, 
        0, 
        0, 
        4773.736500756391, 
        52.45583451734467, 
        0
    ], 
    "distance": [
        2041.396580775034, 
        1673.2602905704778, 
        1631.2571838922274, 
        3411.832352270551, 
        516.6236541235796, 
        3166.322788346128, 
        1498.4325143295578, 
        758.485332752058, 
        601.5812497078014, 
        1801.9156473042794, 
        1598.937146982332, 
        1911.6746585127921, 
        567.2741841473133, 
        2365.6288804459587, 
        1229.8373876248843, 
        2421.445849074474, 
        335.4101966249685, 
        2731.098680018721, 
        1048.2366145102926
    ], 
    "absolute_overlap_lg_over_small": [
        0.4986158198225894, 
        3656.6113605494365, 
        885.3256147756904, 
        0, 
        5028.974587171558, 
        0, 
        1871.0588593448676, 
        1346.5182171210804, 
        572.1064332210547, 
        0, 
        7.844372319126705, 
        0, 
        415.34344506360827, 
        0, 
        0, 
        0, 
        2280.72931523429, 
        376.2071260387372, 
        0
    ], 
    "spearman_correlation": [
        0.7636523942195975, 
        0.7562476724393129, 
        0.7813103262870281, 
        0.7026234886103584, 
        0.7427054818351512, 
        0.7180659370242412, 
        0.8238409721542375, 
        0.8304531213962317, 
        0.812654335233891, 
        0.8080691341523132, 
        0.729698540426599, 
        0.7519370780711024, 
        0.7113207643290158, 
        0.8493373937139258, 
        0.749249214979361, 
        0.8556833176248823, 
        0.7902375976486712, 
        0.7903953180301165, 
        0.8297834395158945
    ], 
    "injection_overlap": [
        1.7186880863958856e-06, 
        0.10651322820560731, 
        0.023293062848529316, 
        0, 
        0.24827850084666964, 
        0, 
        0.09863012431893559, 
        0.5580552660621214, 
        0.25268584127427424, 
        0, 
        0.0012312994273807152, 
        0, 
        0.514876312948097, 
        0, 
        0, 
        0, 
        0.6583418744446254, 
        0.004298560207985732, 
        0
    ], 
    "source": "SUB", 
    "match_B": [
        640285199, 
        127222723, 
        152994878, 
        157063781, 
        638314843, 
        127795906, 
        299446445, 
        127222723, 
        152994878, 
        157063781, 
        638314843, 
        127795906, 
        299446445, 
        157063781, 
        638314843, 
        127795906, 
        299446445, 
        127795906, 
        299446445
    ]
}