{
    "sum_NPV_A": [
        25.337934615813968, 
        25.337934615813968, 
        25.337934615813968, 
        25.337934615813968, 
        25.337934615813968, 
        25.337934615813968, 
        6.089213521476942, 
        6.089213521476942, 
        6.089213521476942
    ], 
    "sum_NPV_B": [
        25.522783637592443, 
        8.701158784616382, 
        6.089213521476942, 
        17.686082825897206, 
        12.58851564832393, 
        34.67613760143165, 
        17.686082825897206, 
        12.58851564832393, 
        34.67613760143165
    ], 
    "pearson_correlation": [
        0.2265778757518931, 
        0.9439252613263315, 
        0.8198800123570845, 
        0.8872922216980661, 
        0.9794994237618734, 
        0.8672568470838014, 
        0.9055741216414769, 
        0.8216820589375283, 
        0.914308914786918
    ], 
    "match_A": [
        146858755, 
        146858755, 
        146858755, 
        146858755, 
        146858755, 
        146858755, 
        510834706, 
        510834706, 
        510834706
    ], 
    "fraction of match covered by td injection": [
        0, 
        0.22304824486496685, 
        0.025607821234704377, 
        0.03794240999355746, 
        0.4849247712109926, 
        0.31746850602602417, 
        0.5951770270115395, 
        0.1231988114718641, 
        0.853693648685966
    ], 
    "absolute_overlap": [
        0, 
        2036.7398322889032, 
        209.7704389619429, 
        456.43933065040164, 
        3348.1565423587804, 
        776.2654710450555, 
        4882.254908268208, 
        800.5301093238738, 
        2056.2039435005454
    ], 
    "distance": [
        599.1660871578097, 
        822.2530024268686, 
        770.0, 
        961.3012014972206, 
        703.846574190711, 
        458.9117562233506, 
        597.1599450733446, 
        611.4736298484179, 
        353.41194094144583
    ], 
    "absolute_overlap_lg_over_small": [
        0, 
        2475.433756460079, 
        145.31228448070544, 
        468.61840660952384, 
        4092.681093919585, 
        774.3872228522795, 
        7350.901276331673, 
        1039.7766343119565, 
        2082.378066561231
    ], 
    "spearman_correlation": [
        0.650186143399243, 
        0.9322933138913658, 
        0.8927894289616521, 
        0.8954207622829033, 
        0.9800450595429676, 
        0.9232454594254724, 
        0.9297860750792891, 
        0.8772981055367469, 
        0.9286710326729921
    ], 
    "injection_overlap": [
        0, 
        0.531088981437612, 
        0.054698576125365626, 
        0.11901858811823067, 
        0.8730467286912545, 
        0.20241467850078768, 
        0.8603808780515797, 
        0.14107432145756457, 
        0.362356859197597
    ], 
    "source": "VISal", 
    "match_B": [
        120437703, 
        500836105, 
        510834706, 
        518605900, 
        167794131, 
        524666904, 
        518605900, 
        167794131, 
        524666904
    ]
}