{
    "match_A": [
        113887868, 
        113887868, 
        113887868, 
        113887868, 
        113887868, 
        113887868, 
        113887868, 
        113887868, 
        113887868, 
        113887868, 
        113887868, 
        113887868, 
        113887868, 
        113887868, 
        113887868, 
        113887868, 
        112229103, 
        112229103, 
        112229103, 
        112229103, 
        112229103, 
        112229103, 
        112229103, 
        112229103, 
        112229103, 
        112229103, 
        112229103, 
        112229103, 
        112229103, 
        112229103, 
        112229103, 
        174361040, 
        174361040, 
        174361040, 
        174361040, 
        174361040, 
        174361040, 
        174361040, 
        174361040, 
        174361040, 
        174361040, 
        174361040, 
        174361040, 
        174361040, 
        174361040, 
        496113850, 
        496113850, 
        496113850, 
        496113850, 
        496113850, 
        496113850, 
        496113850, 
        496113850, 
        496113850, 
        496113850, 
        646525156, 
        646525156, 
        646525156, 
        646525156, 
        562674923, 
        562674923, 
        523718075
    ], 
    "pearson_correlation": [
        0.3993214155542509, 
        0.9599729595340224, 
        0.27851944469581663, 
        0.9620833736735932, 
        0.736434633745944, 
        0.7741680376990113, 
        0.8380918259882542, 
        0.448816995050882, 
        0.7404047497147477, 
        0.3884170944254818, 
        0.880323625874265, 
        0.5437884328970318, 
        0.8575112857849192, 
        0.4725367101885315, 
        0.5363063248358233, 
        0.03218411280332824, 
        0.5474628779065417, 
        0.5493650572647668, 
        0.45621890847073165, 
        0.7244347903313557, 
        0.7135457654149892, 
        0.6505472459361489, 
        0.7760960137051741, 
        0.643170564796415, 
        0.6527798005854868, 
        0.6582866098812663, 
        0.8256264197132813, 
        0.5422642018869019, 
        0.7921290566510056, 
        0.7035100078733203, 
        0.25432753014944764, 
        0.32739818455967284, 
        0.92131557993484, 
        0.7678568087366913, 
        0.8135025135813712, 
        0.8537548688268276, 
        0.5093145954700676, 
        0.7431066757798829, 
        0.41985410550977376, 
        0.9374433127671431, 
        0.6161759306913208, 
        0.8511697309869894, 
        0.5344932639122214, 
        0.6447819906689923, 
        0.08065116031694726, 
        0.9736021697464822, 
        0.85398198619569, 
        0.9350940316905118, 
        0.775688392713147, 
        0.894434927445888, 
        0.865505833024445, 
        0.7656692976954176, 
        0.8245998890520861, 
        0.7602716578290507, 
        0.059220831220620516, 
        0.5899642076043469, 
        0.9731985360407858, 
        0.6877179875767951, 
        0.26310169390510113, 
        0.601565229844599, 
        0.21190942018249292, 
        0.1260540407276627
    ], 
    "sum_NPD_B": [
        0.7607700200562438, 
        0.369280602104711, 
        0.852980346134974, 
        0.48910596029831954, 
        1.2634558113129402, 
        0.7693691674360499, 
        1.7020118515459768, 
        1.4079251925657443, 
        4.851570786099559, 
        3.263439475699128, 
        0.5708963021147883, 
        2.9343081105976117, 
        0.24344990686247647, 
        2.633641870673478, 
        0.06873843665990072, 
        0.037820787982307515, 
        0.369280602104711, 
        0.852980346134974, 
        0.48910596029831954, 
        1.2634558113129402, 
        0.7693691674360499, 
        1.7020118515459768, 
        1.4079251925657443, 
        4.851570786099559, 
        3.263439475699128, 
        0.5708963021147883, 
        2.9343081105976117, 
        0.24344990686247647, 
        2.633641870673478, 
        0.06873843665990072, 
        0.037820787982307515, 
        0.852980346134974, 
        0.48910596029831954, 
        1.2634558113129402, 
        0.7693691674360499, 
        1.7020118515459768, 
        1.4079251925657443, 
        4.851570786099559, 
        3.263439475699128, 
        0.5708963021147883, 
        2.9343081105976117, 
        0.24344990686247647, 
        2.633641870673478, 
        0.06873843665990072, 
        0.037820787982307515, 
        1.7020118515459768, 
        1.4079251925657443, 
        4.851570786099559, 
        3.263439475699128, 
        0.5708963021147883, 
        2.9343081105976117, 
        0.24344990686247647, 
        2.633641870673478, 
        0.06873843665990072, 
        0.037820787982307515, 
        0.24344990686247647, 
        2.633641870673478, 
        0.06873843665990072, 
        0.037820787982307515, 
        0.06873843665990072, 
        0.037820787982307515, 
        0.037820787982307515
    ], 
    "fraction of match covered by td injection": [
        0, 
        0, 
        0, 
        0.8290247421926481, 
        0, 
        0, 
        0, 
        0, 
        0, 
        0, 
        0, 
        0, 
        0.40691370937420773, 
        0, 
        0.0013086030997103326, 
        0, 
        0, 
        0, 
        0, 
        0.002884917743446628, 
        0, 
        0.09753065594248603, 
        0.2068025832335557, 
        0.035789922036937795, 
        0.19159319012309417, 
        0, 
        0.33241870422848135, 
        0, 
        0.27740421558296435, 
        0, 
        0, 
        0, 
        0, 
        0, 
        0, 
        0, 
        0, 
        0, 
        0, 
        0.4933524850866053, 
        0, 
        0.006817707486616988, 
        0, 
        0.2665963792971756, 
        0, 
        0.3591173973724055, 
        0, 
        0.04167447084741023, 
        0, 
        0, 
        0, 
        0, 
        0, 
        0, 
        0, 
        0, 
        0.7955005232237188, 
        0, 
        0, 
        0, 
        0, 
        0
    ], 
    "sum_NPD_A": [
        2.185400066472649, 
        2.185400066472649, 
        2.185400066472649, 
        2.185400066472649, 
        2.185400066472649, 
        2.185400066472649, 
        2.185400066472649, 
        2.185400066472649, 
        2.185400066472649, 
        2.185400066472649, 
        2.185400066472649, 
        2.185400066472649, 
        2.185400066472649, 
        2.185400066472649, 
        2.185400066472649, 
        2.185400066472649, 
        0.7607700200562438, 
        0.7607700200562438, 
        0.7607700200562438, 
        0.7607700200562438, 
        0.7607700200562438, 
        0.7607700200562438, 
        0.7607700200562438, 
        0.7607700200562438, 
        0.7607700200562438, 
        0.7607700200562438, 
        0.7607700200562438, 
        0.7607700200562438, 
        0.7607700200562438, 
        0.7607700200562438, 
        0.7607700200562438, 
        0.369280602104711, 
        0.369280602104711, 
        0.369280602104711, 
        0.369280602104711, 
        0.369280602104711, 
        0.369280602104711, 
        0.369280602104711, 
        0.369280602104711, 
        0.369280602104711, 
        0.369280602104711, 
        0.369280602104711, 
        0.369280602104711, 
        0.369280602104711, 
        0.369280602104711, 
        0.7693691674360499, 
        0.7693691674360499, 
        0.7693691674360499, 
        0.7693691674360499, 
        0.7693691674360499, 
        0.7693691674360499, 
        0.7693691674360499, 
        0.7693691674360499, 
        0.7693691674360499, 
        0.7693691674360499, 
        2.9343081105976117, 
        2.9343081105976117, 
        2.9343081105976117, 
        2.9343081105976117, 
        2.633641870673478, 
        2.633641870673478, 
        0.06873843665990072
    ],