{
    "match_A": [
        479673174
    ], 
    "pearson_correlation": [
        0.7782289334870246
    ], 
    "sum_NPD_B": [
        0.9606229482365759
    ], 
    "fraction of match covered by td injection": [
        0.30913024770581726
    ], 
    "sum_NPD_A": [
        6.860643630951553
    ], 
    "distance": [
        749.7332859090625
    ], 
    "absolute_overlap": [
        1354.125837849339
    ], 
    "absolute_overlap_lg_over_small": [
        1603.8674262756
    ], 
    "spearman_correlation": [
        0.8614651634511062
    ], 
    "injection_overlap": [
        0.03853651835292812
    ], 
    "source": "VISli", 
    "match_B": [
        648050335
    ]
}