{
    "match_A": [
        146077302, 
        146077302, 
        146077302, 
        146077302, 
        146077302, 
        146077302, 
        146077302, 
        146077302, 
        146077302, 
        100141599, 
        100141599, 
        100141599, 
        100141599, 
        100141599, 
        100141599, 
        100141599, 
        100141599, 
        523718823, 
        523718823, 
        523718823, 
        523718823, 
        523718823, 
        523718823, 
        523718823, 
        294481346, 
        294481346, 
        294481346, 
        294481346, 
        294481346, 
        294481346, 
        512314723, 
        512314723, 
        512314723, 
        512314723, 
        512314723, 
        502074651, 
        502074651, 
        159753308
    ], 
    "pearson_correlation": [
        0.9175651664547996, 
        0.946301783819763, 
        0.9293949774441181, 
        0.9490675296164326, 
        0.9594673400129011, 
        0.8854400855814025, 
        0.8008552474261098, 
        0.9372073228015166, 
        0.9497758925778621, 
        0.892432125813002, 
        0.96650289501446, 
        0.8983355246217972, 
        0.852204197583407, 
        0.821802668681047, 
        0.8757576842151087, 
        0.9833553201339887, 
        0.9280161913946273, 
        0.9399786030081747, 
        0.9578406970612655, 
        0.9547397249521868, 
        0.8912786585828971, 
        0.7964833588357524, 
        0.9248167149288019, 
        0.9778713948603421, 
        0.9071728308151502, 
        0.8662653392228009, 
        0.8231079558320382, 
        0.8130298606747067, 
        0.9745068197200731, 
        0.9597803908411079, 
        0.9677953755481591, 
        0.9490637203511981, 
        0.8689959000338513, 
        0.9334377114931739, 
        0.9775227963814119, 
        0.8769572599455351, 
        0.8460281527604586, 
        0.9598734883723324
    ], 
    "sum_NPD_B": [
        4.439912391162538, 
        0.9623518387305703, 
        2.10317564102182, 
        5.40895137096448, 
        1.997795335615961, 
        3.638469773873025, 
        2.5249633846404094, 
        1.9170990996192965, 
        1.5873538563020744, 
        0.9623518387305703, 
        2.10317564102182, 
        5.40895137096448, 
        1.997795335615961, 
        3.638469773873025, 
        2.5249633846404094, 
        1.9170990996192965, 
        1.5873538563020744, 
        2.10317564102182, 
        5.40895137096448, 
        1.997795335615961, 
        3.638469773873025, 
        2.5249633846404094, 
        1.9170990996192965, 
        1.5873538563020744, 
        5.40895137096448, 
        1.997795335615961, 
        3.638469773873025, 
        2.5249633846404094, 
        1.9170990996192965, 
        1.5873538563020744, 
        1.997795335615961, 
        3.638469773873025, 
        2.5249633846404094, 
        1.9170990996192965, 
        1.5873538563020744, 
        1.9170990996192965, 
        1.5873538563020744, 
        1.5873538563020744
    ], 
    "fraction of match covered by td injection": [
        0.1914029716403216, 
        0.020411051729643897, 
        0.12602544362552992, 
        0.11369485332098175, 
        0.017310282262810627, 
        0.23451661368173746, 
        0.02631675237281367, 
        0.0721434217318385, 
        0.08224737875028701, 
        0, 
        0.04551721349096691, 
        0.02751219705819462, 
        0, 
        0.25014441777531315, 
        0.3655163351144405, 
        0.8513268321675437, 
        0.0019559650883248215, 
        0.2677909540938238, 
        0.26495004387624266, 
        0.4887376645247915, 
        0.04075354453074232, 
        0, 
        0, 
        0.5083848429688913, 
        0.6422000020125936, 
        0.34067970356796884, 
        0.12527502026421458, 
        0.06565092852987858, 
        0.009385307169221282, 
        0.9122725458979463, 
        0.6438906922055216, 
        0.2292526914785392, 
        0.07387948562645709, 
        0.005167199496877202, 
        0.9979420040189402, 
        0.45279003768616827, 
        0.023730010779273912, 
        0.0018987556197062744
    ], 
    "sum_NPD_A": [
        1.385220505137237, 
        1.385220505137237, 
        1.385220505137237, 
        1.385220505137237, 
        1.385220505137237, 
        1.385220505137237, 
        1.385220505137237, 
        1.385220505137237, 
        1.385220505137237, 
        4.439912391162538, 
        4.439912391162538, 
        4.439912391162538, 
        4.439912391162538, 
        4.439912391162538, 
        4.439912391162538, 
        4.439912391162538, 
        4.439912391162538, 
        0.9623518387305703, 
        0.9623518387305703, 
        0.9623518387305703, 
        0.9623518387305703, 
        0.9623518387305703, 
        0.9623518387305703, 
        0.9623518387305703, 
        2.10317564102182, 
        2.10317564102182, 
        2.10317564102182, 
        2.10317564102182, 
        2.10317564102182, 
        2.10317564102182, 
        5.40895137096448, 
        5.40895137096448, 
        5.40895137096448, 
        5.40895137096448, 
        5.40895137096448, 
        2.5249633846404094, 
        2.5249633846404094, 
        1.9170990996192965
    ], 
    "distance": [
        514.0038910358559, 
        660.4543890383347, 
        610.4096984812742, 
        310.322412983658, 
        490.81564767232106, 
        247.1841418861655, 
        674.9074010558782, 
        703.2780389006897, 
        539.0732788777422, 
        911.1531155629114, 
        782.1764506810467, 
        587.2818744010409, 
        812.0960534321048, 
        297.4894956128703, 
        242.69322199023193, 
        230.65125189341592, 
        808.8263101556477, 
        400.74929819027756, 
        576.6281297335398, 
        520.8646657242167, 
        696.6347680097513, 
        918.7491496594704, 
        951.945376584182, 
        128.84098726725125, 
        355.6683848755748, 
        283.0194339616981, 
        564.71231613982, 
        739.2563831310488, 
        830.0602387778853, 
        400.4996878900157, 
        232.80893453645632, 
        308.54497241083027, 
        643.1174076325411, 
        727.5300681071539, 
        494.064773081425, 
        147.30919862656236, 
        841.9619943916708, 
        869.1375035056305
    ], 
    "absolute_overlap": [
        1251.106220205832, 
        64.44099120552971, 
        899.658035456978, 
        1479.8006932418018, 
        141.45176945529613, 
        3492.0597175395405, 
        85.5651272774885, 
        474.5667101327492, 
        434.0624591289122, 
        0, 
        400.2602897744704, 
        364.0199979541643, 
        0, 
        5306.107629172785, 
        3120.0036516475207, 
        6317.404159490021, 
        15.541900604121793, 
        1495.7879291216504, 
        2761.1671153753205, 
        3837.21270697846, 
        1203.7347339616126, 
        0, 
        0, 
        2281.3030718359714, 
        7494.982356915196, 
        4523.818789078098, 
        3017.1016288176284, 
        548.8126889288844, 
        120.50638897457611, 
        5732.70132451748, 
        8536.96313322159, 
        6469.928195043068, 
        818.3581475592312, 
        105.58313523166626, 
        8133.985737275118, 
        3316.295425127757, 
        158.0202634823895, 
        1.9591601491247275
    ],