{
    "match_A": [
        272916202, 
        272916202, 
        272916202, 
        272916202, 
        114250546, 
        114250546, 
        114250546, 
        286417464
    ], 
    "pearson_correlation": [
        0.6663943849469386, 
        0.5574080162167352, 
        0.9498356670974495, 
        0.6495465695339812, 
        0.9496081436481573, 
        0.7642675280025726, 
        0.9599066793602158, 
        0.7617698206294956
    ], 
    "sum_NPD_B": [
        3.6453633261205414, 
        4.736512608107329, 
        0.16914141900716612, 
        1.9440076894890055, 
        4.736512608107329, 
        0.16914141900716612, 
        1.9440076894890055, 
        1.9440076894890055
    ], 
    "fraction of match covered by td injection": [
        0.06805092313875381, 
        0.06181972767758642, 
        0.2672791421500439, 
        0.057703970790458595, 
        0.027929005642579097, 
        0.0012962090817408931, 
        0.04783404928303743, 
        0.09074351427565264
    ], 
    "sum_NPD_A": [
        0.11373923047916938, 
        0.11373923047916938, 
        0.11373923047916938, 
        0.11373923047916938, 
        3.6453633261205414, 
        3.6453633261205414, 
        3.6453633261205414, 
        0.16914141900716612
    ], 
    "distance": [
        549.4542747126461, 
        1358.7494250228774, 
        385.22720568516445, 
        749.5331880577404, 
        980.8669634563089, 
        758.0897044545586, 
        1022.7903010881556, 
        488.05737367649715
    ], 
    "absolute_overlap": [
        299.8477841377625, 
        1647.7399372827633, 
        427.5705256636452, 
        1146.093349717121, 
        1646.800937964744, 
        18.427688582487775, 
        2894.732462935274, 
        992.959656243155
    ], 
    "absolute_overlap_lg_over_small": [
        516.8023385918445, 
        3276.8077757576675, 
        306.8690853938634, 
        1067.3410787352327, 
        1480.4009382908368, 
        1.4882062707674777, 
        884.7787260157404, 
        1678.4682074464106
    ], 
    "spearman_correlation": [
        0.5016934761073636, 
        0.5139582055757347, 
        0.7288585728585875, 
        0.4719939619793386, 
        0.9255813953488372, 
        0.5082905245140025, 
        0.875050709939148, 
        0.5546325516951736
    ], 
    "injection_overlap": [
        0.16498346055715277, 
        0.9066261327655404, 
        0.2352595839888519, 
        0.6306081183878137, 
        0.2168456210156069, 
        0.0024265006670996436, 
        0.38116935940965274, 
        0.8648554635917073
    ], 
    "source": "VISpl", 
    "match_B": [
        114250546, 
        603468246, 
        286417464, 
        593277684, 
        603468246, 
        286417464, 
        593277684, 
        593277684
    ]
}