{
    "match_A": [
        521600943, 
        521600943, 
        521600943, 
        521600943, 
        521600943, 
        540145406, 
        540145406, 
        540145406, 
        540145406, 
        518606617, 
        518606617, 
        518606617, 
        272929308
    ], 
    "pearson_correlation": [
        0.9477723895947584, 
        0.98633245140424, 
        0.9829116524851587, 
        0.9310650507799278, 
        0.8204756070047161, 
        0.9627392100881336, 
        0.9691791893956595, 
        0.887494682409724, 
        0.9359037264170337, 
        0.9748718015437549, 
        0.9179257338890553, 
        0.8629020224523952, 
        0.7304967577736954
    ], 
    "sum_NPD_B": [
        2.484926777111088, 
        3.476752266710868, 
        2.494116288567676, 
        1.5274203796450925, 
        3.174454610320082, 
        3.476752266710868, 
        2.494116288567676, 
        1.5274203796450925, 
        3.174454610320082, 
        2.494116288567676, 
        1.5274203796450925, 
        3.174454610320082, 
        3.174454610320082
    ], 
    "fraction of match covered by td injection": [
        0.41415655530877993, 
        0.6936901097714427, 
        0.4198286541210787, 
        0.7597561892713346, 
        0.18575792463657376, 
        0.7172688546307494, 
        0.6057150647803814, 
        0.8455318309042014, 
        0.6674458331878474, 
        0.5317577830229094, 
        0.9107640790373376, 
        0.3198991919733514, 
        0.24168379283603056
    ], 
    "sum_NPD_A": [
        3.320210510301677, 
        3.320210510301677, 
        3.320210510301677, 
        3.320210510301677, 
        3.320210510301677, 
        2.484926777111088, 
        2.484926777111088, 
        2.484926777111088, 
        2.484926777111088, 
        3.476752266710868, 
        3.476752266710868, 
        3.476752266710868, 
        1.5274203796450925
    ], 
    "distance": [
        187.88294228055935, 
        122.47448713915891, 
        790.0632886041473, 
        550.0, 
        651.9969325081215, 
        286.18176042508367, 
        829.5179322956195, 
        614.3289021363067, 
        726.7736924242649, 
        874.8714191239762, 
        617.4949392505173, 
        720.0694410957876, 
        458.9117562233506
    ], 
    "absolute_overlap": [
        5100.95057458678, 
        5700.68724115367, 
        3422.2517712422273, 
        4609.185118199637, 
        3017.7004193022967, 
        6520.59946627434, 
        4805.776031477558, 
        5181.674222975238, 
        9034.29263245018, 
        5102.8292699520625, 
        7029.020164181132, 
        5400.76943376862, 
        3749.782115964468
    ], 
    "absolute_overlap_lg_over_small": [
        4813.857334477683, 
        7208.3262739744405, 
        3985.578595609471, 
        4711.318692047444, 
        3012.7434345391644, 
        7453.339549618056, 
        5750.262573861044, 
        5243.221412227805, 
        10825.072770280596, 
        5048.1605227775335, 
        5647.73264134813, 
        5188.334183952987, 
        3919.7857185680105
    ], 
    "spearman_correlation": [
        0.9505448370206141, 
        0.9547714514835605, 
        0.9703948299448086, 
        0.9623944525685173, 
        0.9362422755790367, 
        0.9330534459172601, 
        0.9535261097221566, 
        0.9474880890608046, 
        0.9545827633378932, 
        0.9483371857163073, 
        0.9255059200905703, 
        0.9550733525166281, 
        0.930260861361385
    ], 
    "injection_overlap": [
        0.8084848270978449, 
        0.9035412265049002, 
        0.5424162792995113, 
        0.7305415292426094, 
        0.478296146190429, 
        0.5609948168090998, 
        0.41346128655019687, 
        0.445801401622255, 
        0.777258496945679, 
        0.49106853128975453, 
        0.6764346651290029, 
        0.5197406719626092, 
        0.6046969770548217
    ], 
    "source": "VISrl", 
    "match_B": [
        540145406, 
        518606617, 
        657334568, 
        272929308, 
        524874308, 
        518606617, 
        657334568, 
        272929308, 
        524874308, 
        657334568, 
        272929308, 
        524874308, 
        524874308
    ]
}