{
    "image_series_id": 475616836, 
    "distance": [
        476.7598976424087, 
        1155.7681428383462, 
        1251.2393855693642, 
        585.6620185738528, 
        1418.238343861849, 
        154.27248620541513, 
        1181.5667564721005, 
        945.0396817065408, 
        781.8567643756752, 
        1035.0845376103346
    ], 
    "exclusion_zone_overlap": [
        0.36754363676842045, 
        0.00010237881306809514, 
        1.5337785560741994e-06, 
        0.394312673586784, 
        0.00069156584726924, 
        0.867617516574511, 
        0.5657251225997099, 
        1.417663881423238e-05, 
        3.8515076283221594e-05, 
        0.04283100570273792
    ], 
    "match_id": [
        112596790, 
        180709230, 
        272737914, 
        166153483, 
        272928602, 
        296048512, 
        296047806, 
        485846989, 
        513775257, 
        513773998
    ], 
    "fraction of match covered by td exclusion zone": [
        0.15305504145805873, 
        1.1309911287856055e-05, 
        2.821276732068725e-07, 
        0.12782121412184816, 
        0.0003783212960958103, 
        0.3432219870891883, 
        0.1239649723686621, 
        1.7533823991940424e-05, 
        8.999876564455437e-06, 
        0.016256366307509592
    ], 
    "source": "AIv", 
    "pearson_correlation": [
        0.5028911861027131, 
        0.7728086257466283, 
        0.4421254264982281, 
        0.8624939951616409, 
        0.21565354392119743, 
        0.9249564261729375, 
        0.59138011818154, 
        0.6092611684193284, 
        0.6916381389048576, 
        0.8694803882305426
    ], 
    "spearman_correlation": [
        0.7615461847596665, 
        0.9163142766979706, 
        0.693160101151918, 
        0.8618955227012582, 
        0.6923683683679054, 
        0.9079947364975876, 
        0.7309705786486081, 
        0.6484173216313904, 
        0.6400976410127639, 
        0.752314994206843
    ], 
    "injection_overlap": [
        0.2969432022811495, 
        3.617515274076959e-05, 
        4.739522570687888e-09, 
        0.4353393333527308, 
        1.1213537674351186e-05, 
        0.9666495935667136, 
        0.5823464532334967, 
        0, 
        5.2799644828885573e-05, 
        0.009495835860860958
    ], 
    "fraction of match covered by td injection": [
        0.05167560662882934, 
        2.401043410198525e-06, 
        1.770153086441087e-07, 
        0.06990150535761774, 
        1.113344511589593e-06, 
        0.19956008856824092, 
        0.06328124798680619, 
        0, 
        4.2773820486893315e-06, 
        0.005994467405829409
    ]
}