{
    "image_series_id": 475828414, 
    "distance": [
        691.3754406977442, 
        277.48873851023217, 
        307.571129984594, 
        760.7233399863579
    ], 
    "exclusion_zone_overlap": [
        0.4797622927387807, 
        0.49816980395071675, 
        0.39902466164418937, 
        0.04856649964428417
    ], 
    "match_id": [
        100140949, 
        100148142, 
        159832064, 
        591535205
    ], 
    "fraction of match covered by td exclusion zone": [
        0.4612147996758182, 
        0.7039462750899355, 
        0.40950975468277445, 
        0.08692013973215526
    ], 
    "source": "RSPv", 
    "pearson_correlation": [
        0.8606060837216065, 
        0.891502134919214, 
        0.9094208054237372, 
        0.7802096843277364
    ], 
    "spearman_correlation": [
        0.792464504783727, 
        0.8161172381694558, 
        0.802332084910661, 
        0.7902107826571159
    ], 
    "injection_overlap": [
        0.7835294645096227, 
        0.7612236864748925, 
        0.8011958603133494, 
        0.013944638416252358
    ], 
    "fraction of match covered by td injection": [
        0.1572731251921638, 
        0.19879781761650434, 
        0.1695371848964579, 
        0.006880728809114663
    ]
}