{
    "image_series_id": 479115470, 
    "distance": [
        1138.8151737661385, 
        1227.5585525749882, 
        306.75723300355935, 
        934.5052166788583, 
        1941.6745350341287, 
        248.39484696748443, 
        520.3844732503075, 
        563.5601121442148, 
        595.3990258641678, 
        257.0992026436488
    ], 
    "exclusion_zone_overlap": [
        0.3175285967284707, 
        0.06247701402362818, 
        0.477412510992484, 
        7.599438793947033e-06, 
        0.0023895169184948205, 
        0.821541113277776, 
        0.7275801480634255, 
        0.31505122409290476, 
        0.010422133520960754, 
        0.757565798215193
    ], 
    "match_id": [
        112423392, 
        112306316, 
        158435116, 
        478376197, 
        496554237, 
        480994108, 
        287769286, 
        156741826, 
        478582494, 
        167902586
    ], 
    "fraction of match covered by td exclusion zone": [
        0.6103199905609239, 
        0.06615098679280204, 
        0.8900554472814679, 
        3.768732194093279e-06, 
        0.0019296831785694602, 
        0.47251317059521136, 
        0.6588093516819363, 
        0.19351384992820678, 
        0.020956194056158766, 
        0.4084779176891655
    ], 
    "source": "ORBvl", 
    "pearson_correlation": [
        0.9553715271960294, 
        0.4702554500542501, 
        0.788211763856288, 
        0.32348586823096254, 
        0.42136154692393285, 
        0.7793872988018236, 
        0.7527906706639359, 
        0.6944833342929116, 
        0.4785059029580757, 
        0.5940788525360595
    ], 
    "spearman_correlation": [
        0.8184408405785598, 
        0.4101874652829894, 
        0.7582859246771789, 
        0.6741294237611942, 
        0.6864509921688485, 
        0.7842121650938971, 
        0.8308944931804768, 
        0.7780796846459835, 
        0.7110186523017212, 
        0.7453228044688198
    ], 
    "injection_overlap": [
        0.313024437958395, 
        0.05012056628492391, 
        0.6147152800672085, 
        0, 
        3.4146901121562326e-05, 
        0.8753880608494315, 
        0.8373560348715594, 
        0.27288862094262234, 
        0.004407497040861048, 
        0.8577232505999172
    ], 
    "fraction of match covered by td injection": [
        0.3885430742632961, 
        0.026071356996645277, 
        0.6416425874985794, 
        0, 
        5.165052874439225e-05, 
        0.27807438212962204, 
        0.44776807360043064, 
        0.1080786811715109, 
        0.002502429378276206, 
        0.2646684221313393
    ]
}