{
    "image_series_id": 496964969, 
    "distance": [
        1092.1538353180838, 
        660.0, 
        396.3584236521283, 
        788.7331614684398, 
        939.095309327014, 
        810.4936767180852, 
        755.9100475585703, 
        1011.2368664165681, 
        660.3786792439622, 
        1050.8092119885512, 
        250.19992006393608, 
        442.49293779675173, 
        384.0572873934304, 
        648.228354825674, 
        1111.125555461668
    ], 
    "exclusion_zone_overlap": [
        0, 
        0, 
        0, 
        0, 
        0, 
        0, 
        0, 
        0, 
        0, 
        0, 
        0, 
        0, 
        0, 
        0, 
        0
    ], 
    "match_id": [
        484504171, 
        204832205, 
        265286700, 
        159432479, 
        159331462, 
        266839077, 
        278067445, 
        305449231, 
        184158290, 
        176897793, 
        538833505, 
        170784358, 
        265947058, 
        278500868, 
        277849256
    ], 
    "fraction of match covered by td exclusion zone": [
        0, 
        0, 
        0, 
        0, 
        0, 
        0, 
        0, 
        0, 
        0, 
        0, 
        0, 
        0, 
        0, 
        0, 
        0
    ], 
    "source": "RE", 
    "pearson_correlation": [
        0.8757479755365393, 
        0.7816360785609132, 
        0.9620938495088753, 
        0.9273979412577384, 
        0.8138324074217466, 
        0.9424795658995846, 
        0.11500883039651166, 
        0.919104095894039, 
        0.9682438676234106, 
        0.9591199747388138, 
        0.8572939471626335, 
        0.9336914483790903, 
        0.4763108758011472, 
        0.8118698275862558, 
        0.2603031471521867
    ], 
    "spearman_correlation": [
        0.8456656684913925, 
        0.8437994374403929, 
        0.8180001637762098, 
        0.7873664772346147, 
        0.8569028920355474, 
        0.5921024807502513, 
        0.5868485419262804, 
        0.45236136101712476, 
        0.7305869174663282, 
        0.7616600483669397, 
        0.8330132920080777, 
        0.796190684595102, 
        0.859609434070592, 
        0.6995312109994586, 
        0.7376071458960421
    ], 
    "injection_overlap": [
        1.1430029168070791e-05, 
        0.6253371003271836, 
        0.7132343648221867, 
        0.11961165958667033, 
        0.001856652573541349, 
        0.017750004320118362, 
        0.0006201754862826113, 
        0.006294976784137838, 
        0.7115329745760782, 
        2.2327385642445544e-05, 
        0.8699769888871824, 
        0.9353373140044016, 
        0.7585883285918138, 
        0.08861082830723895, 
        0.010493006678172847
    ], 
    "fraction of match covered by td injection": [
        1.3758887642765851e-10, 
        0.16070489180306252, 
        0.40389334933215604, 
        0.022854673377626835, 
        0.0007804540222810904, 
        0.0066532485779568695, 
        0.0002239087827996111, 
        0.003190458444138183, 
        0.1972008952219829, 
        6.424550864760654e-05, 
        0.5940070559097133, 
        0.3362988041644489, 
        0.26156761594249184, 
        0.03505395951636705, 
        0.002996958400497819
    ]
}