{
    "image_series_id": 501785691, 
    "distance": [
        875.7853618324526, 
        478.1213235152768, 
        283.0194339616981, 
        967.987603226405, 
        832.4662155306964, 
        463.24939287601876, 
        1059.9528291391084, 
        326.49655434629017, 
        2072.510554858527, 
        454.86261662176634, 
        626.8971207462992, 
        352.9872518944558, 
        835.3442404182841, 
        380.6573262134856, 
        365.10272527057367, 
        3045.094415613414, 
        802.3714850367004, 
        1639.9390232566575, 
        1010.8412338245804, 
        543.323108288245, 
        1357.1293232407884, 
        481.7675788178362, 
        589.576118919347, 
        245.15301344262525, 
        484.7679857416329, 
        714.5628033979939, 
        673.6467917239717, 
        884.6468221838588, 
        2070.217379890334, 
        540.0, 
        989.3937537704592, 
        902.7181176868004, 
        453.2107677449864, 
        962.9122493768579, 
        996.4436762808022
    ], 
    "exclusion_zone_overlap": [
        0.07358566377669956, 
        0.05995700646768644, 
        0.8600040322441312, 
        0.201473660929412, 
        0.10914691532077121, 
        0.33188421456984957, 
        0.006114918482575226, 
        0.3714583591148052, 
        0.004486764919456235, 
        0.15338995404143432, 
        0.843172990804955, 
        0.8157169362819351, 
        0.140810939019906, 
        0.4009214766134997, 
        0.26394156986402595, 
        0.15431910738186805, 
        0.00022072286171194677, 
        0.1788410357811446, 
        0.3027327089628044, 
        0.25322520208706006, 
        0.08735041395186766, 
        0.8129781272969178, 
        0.006569508808500197, 
        0.30417983661806064, 
        0.2273132686320161, 
        0.0016735449139375562, 
        0.0061154014033013675, 
        0.0006440141108462539, 
        0.049282775467482776, 
        0.3420344197731624, 
        0.38913676192073093, 
        0.3729487359665386, 
        0.5547360576276786, 
        0.1453807510264476, 
        2.4678585973453977e-09
    ], 
    "match_id": [
        307297141, 
        272916202, 
        180296424, 
        307321674, 
        307743253, 
        100141796, 
        116903968, 
        304565427, 
        127222723, 
        112373830, 
        309004492, 
        307295727, 
        307296433, 
        114250546, 
        127138787, 
        638314843, 
        500836105, 
        579409876, 
        512315551, 
        479981981, 
        603468246, 
        479673174, 
        530555292, 
        495562600, 
        479700629, 
        518605900, 
        479982715, 
        562520963, 
        299446445, 
        479673887, 
        482580380, 
        661987195, 
        479980810, 
        593277684, 
        524666904
    ], 
    "fraction of match covered by td exclusion zone": [
        0.043174767936617946, 
        0.4095940928005375, 
        0.39882009951883607, 
        0.09284875977409825, 
        0.06900256634410601, 
        0.5633352712498552, 
        0.014370391129233636, 
        0.5373911839102422, 
        0.0010413408692016325, 
        0.5715475569917136, 
        0.30085736948557684, 
        0.5199814784546287, 
        0.04782361845676729, 
        0.8552823448266036, 
        0.412221403757725, 
        0.026591272182856264, 
        0.0009992570129109958, 
        0.05559784066823644, 
        0.06435170707898939, 
        0.456595647508573, 
        0.02718481361529438, 
        0.4230744007436437, 
        0.03517885063965243, 
        0.9910837597629466, 
        0.7264399529076249, 
        0.0017880529709090912, 
        0.04660448920361483, 
        0.004686929434974915, 
        0.033402740775430345, 
        0.857447394242928, 
        0.5400822095749731, 
        0.25348565334090034, 
        0.9539940536949086, 
        0.05803570180632512, 
        1.497135045500365e-07
    ], 
    "source": "VISl", 
    "pearson_correlation": [
        0.8243786035497414, 
        0.34106724559098467, 
        0.7543179707270883, 
        0.8811608761777472, 
        0.8295418941539939, 
        0.7604589128865888, 
        0.8258312142478931, 
        0.875332073020586, 
        0.23311355020142385, 
        0.609653759123294, 
        0.7889845431002599, 
        0.8688322255533847, 
        0.82505011126705, 
        0.71464564569832, 
        0.7614841237403235, 
        0.5448096066843062, 
        0.657677202541781, 
        0.5243836816101559, 
        0.8530802430174307, 
        0.7975210646833913, 
        0.503570373801959, 
        0.838435028442816, 
        0.7067443077385896, 
        0.8600913476460624, 
        0.790074685740831, 
        0.5830623037267076, 
        0.855520359030666, 
        0.6899287297026436, 
        0.530401884441441, 
        0.8495076076279787, 
        0.9552124485144956, 
        0.775224719357751, 
        0.850907869934187, 
        0.3914655657949688, 
        0.5398788687723323
    ], 
    "spearman_correlation": [
        0.7405705891958781, 
        0.5886578064622848, 
        0.8537680074029774, 
        0.7699904809824345, 
        0.779053246973943, 
        0.8278239012868915, 
        0.7774446517976864, 
        0.7530214212586667, 
        0.37192439371893893, 
        0.8504454109908713, 
        0.8063030981151279, 
        0.8139996330259115, 
        0.8044599307613568, 
        0.864844092467506, 
        0.8336633147417006, 
        0.1296627425840489, 
        0.7619028054567542, 
        0.7124581809539738, 
        0.8148220045485003, 
        0.7594962042176263, 
        0.8013625047114357, 
        0.8470034398573723, 
        0.6560038856285182, 
        0.8334146174054653, 
        0.8302008194345183, 
        0.7866097787259465, 
        0.8136121995311538, 
        0.7560100584755323, 
        0.42851080269754366, 
        0.7959707464618504, 
        0.8152578404648831, 
        0.8257547394494121, 
        0.8077888438797606, 
        0.7878440803721883, 
        0.7617300972089486
    ], 
    "injection_overlap": [
        0.008966412180866041, 
        0.0074442151399144755, 
        0.9869607878563311, 
        0.11281089732403556, 
        0.010756055915464741, 
        0.3817159132000931, 
        0.00015818327710154166, 
        0.3095280167137671, 
        0.0003184231375102548, 
        0.03252354376870461, 
        0.9848675450452312, 
        0.9951080064548812, 
        0.05726479245790905, 
        0.6954453584680036, 
        0.25343835287371763, 
        0.04426692396139617, 
        0, 
        0.4993417567727582, 
        0.21077684451965736, 
        0.13284222012416494, 
        0.0763182118538236, 
        0.9538667629567666, 
        0, 
        0.7617865806881953, 
        0.34348619997984514, 
        0.0007646049060212634, 
        0.00019119829936048777, 
        0, 
        0.09426055691347031, 
        0.5053012169167925, 
        0.8501892071072514, 
        0.5208915910012474, 
        0.9627467833323894, 
        0.23515227333793368, 
        0
    ],