{
    "image_series_id": 501786400, 
    "distance": [
        685.054742338158, 
        1411.5594213493105, 
        860.5230967266364, 
        691.4477565225011, 
        994.4847912361455, 
        733.7574531137657, 
        512.54268114958, 
        573.9337940912698, 
        968.9685237405805, 
        812.0960534321048, 
        512.54268114958, 
        733.9618518697004, 
        615.223536610881, 
        1064.189832689638, 
        1025.9629622944485, 
        1081.711606667877, 
        932.4162160752032, 
        695.3416426476988, 
        434.6262762420146, 
        361.52454965050435, 
        832.0456718233681, 
        170.5872210923198, 
        964.8315915225828, 
        740.9453421137082, 
        934.9331526906082, 
        934.2911751697112, 
        512.54268114958, 
        3608.337567357023, 
        1230.690862889621, 
        2142.475204057214, 
        330.4542328371661, 
        855.219270129012, 
        1011.2368664165681, 
        1390.0719405843713, 
        570.4384278780665, 
        1398.8924190229927, 
        640.0781202322104, 
        659.1661399070799, 
        1341.1562175973386, 
        655.5913361233505, 
        826.1355820929153, 
        1209.1732712891069, 
        662.1933252457321, 
        310.16124838541646, 
        455.85085280165924, 
        893.7001734362593, 
        508.9204259999789, 
        368.37480912787726, 
        519.4227565288221, 
        182.20867158288598, 
        475.3945729601885, 
        796.3667496825818, 
        492.9503017546495, 
        256.3201123595259, 
        583.09518948453, 
        430.92922852830486, 
        648.3826030978931, 
        898.2761268117949, 
        858.4287972802404, 
        477.179211617606, 
        343.3656942677879, 
        578.2732917920384, 
        530.0, 
        690.5794668247819, 
        1839.7825958520207, 
        1174.5637488020818, 
        512.8352561983233, 
        1142.1471008587291, 
        982.5477087653302, 
        789.6201618499872, 
        688.9121859859935, 
        809.814793641114, 
        150.66519173319364, 
        656.048778674269
    ], 
    "exclusion_zone_overlap": [
        0.002527243739469647, 
        0.004233624509074527, 
        0.03406064028559651, 
        0.0004913269081306018, 
        0.001568998464762709, 
        0.0673599634996043, 
        0.30081116240251093, 
        0.030840698741424033, 
        2.0074448062011475e-05, 
        0.0016041155533586975, 
        0.2577404088863716, 
        0.005769527870356699, 
        0.02093501009400615, 
        0.0010829867721066735, 
        0.04547427839814628, 
        7.083267178866505e-06, 
        0.0846643114168325, 
        0.08858893895882533, 
        0.32165182751295845, 
        0.010080161316810447, 
        0.023555563891035865, 
        0.5273362960691459, 
        0.008295447966126055, 
        0.2842735892345538, 
        0.13491987925459265, 
        0.034970426565358, 
        0.2282224563709978, 
        0.313332796862443, 
        0.018899050722504352, 
        0.008525583044235294, 
        0.22175476080053239, 
        0.00019043627597247655, 
        0.00016394644683450643, 
        0.22728112449663465, 
        0.006495972603653999, 
        0.00059876235088498, 
        2.0816728503784114e-05, 
        0.046433898213916934, 
        0.0009444345107810222, 
        2.728184500105473e-08, 
        0.03305633577545894, 
        9.909082470849315e-08, 
        0.006100815989748187, 
        0.1356677627469192, 
        0.21631267969660656, 
        1.3254599540976956e-07, 
        0.02602492495400608, 
        0.2916385892572453, 
        0.014610603140836991, 
        0.2434030099505904, 
        0.23329291093899357, 
        0.035231476003348444, 
        0.0578040695313258, 
        0.12345244702830403, 
        0.0005821787044822176, 
        0.04804244484633421, 
        0.13323858661745763, 
        0.04656389249295529, 
        0.0006322934224922364, 
        0.2809745049121525, 
        0.04134422292288132, 
        0.09325567437134717, 
        0.01566448796097134, 
        0.004051181958210281, 
        0.00023530009558020212, 
        0.19518706963315152, 
        0.0075543197295792576, 
        0.07018088396763794, 
        2.5182295818738605e-05, 
        0.00045568944482413635, 
        0.005286892865045519, 
        0.036865937378341755, 
        0.2805796956206379, 
        0.037341637736094654
    ], 
    "match_id": [
        307297141, 
        113887162, 
        100147853, 
        307321674, 
        126115436, 
        304586645, 
        307558646, 
        307320960, 
        307743253, 
        113887868, 
        307557934, 
        114008926, 
        309003780, 
        277712166, 
        277616630, 
        277714322, 
        307137980, 
        304585910, 
        309113907, 
        126862385, 
        307296433, 
        307593747, 
        174361040, 
        100141219, 
        272782668, 
        304762965, 
        309372716, 
        638314843, 
        127795906, 
        120280939, 
        500836840, 
        523718823, 
        294481346, 
        512315551, 
        657046319, 
        598605738, 
        522409371, 
        502966396, 
        512314723, 
        500837552, 
        294482052, 
        501006221, 
        530574594, 
        482578964, 
        266250195, 
        503809372, 
        536298726, 
        479755622, 
        510417993, 
        479701339, 
        479984127, 
        596253012, 
        535692871, 
        501115762, 
        603479758, 
        536299435, 
        479983421, 
        501004474, 
        562061175, 
        546103149, 
        517072832, 
        121510421, 
        503323656, 
        272930013, 
        661987195, 
        584511827, 
        510417255, 
        593277684, 
        485237081, 
        480069939, 
        523718075, 
        601476074, 
        479756361, 
        503069254
    ],