{
    "image_series_id": 502592260, 
    "distance": [
        922.4424101265075, 
        928.8164511893617, 
        836.3611660042568, 
        725.3275122315436, 
        442.04072210600685, 
        420.5948168962618, 
        918.5858696931931, 
        896.0468737739114, 
        420.5948168962618, 
        436.0045871318328, 
        615.8733636065128, 
        458.3666654546336, 
        438.4062043356595, 
        479.4788837894741, 
        838.6894538504702, 
        759.012516365837, 
        1342.2741895752895, 
        424.6174749112429, 
        680.5879810869422, 
        1154.8592987892507, 
        578.3597496368502, 
        279.64262908219126, 
        517.20402163943, 
        1325.9336333316235, 
        536.9357503463519, 
        420.5948168962618, 
        3934.0691402160182, 
        1437.358688706476, 
        423.0839160261236, 
        821.8272324521743, 
        762.6270385975048, 
        1051.52270541344, 
        1008.1170566953026, 
        871.4929718592113, 
        701.78344238091, 
        1101.8620603324175, 
        946.6784036831093, 
        237.69728648009425, 
        284.42925306655786, 
        986.458311334037, 
        396.73668849754745, 
        1473.0580436629102, 
        395.72717874818755, 
        1876.459432015518, 
        397.61790704142084, 
        415.8124577258358, 
        489.2851929090027, 
        1006.8763578513501, 
        438.63424398922615, 
        465.61786907291264, 
        893.4203937676821, 
        831.9254774317228, 
        891.4033879226621, 
        364.5545226711637, 
        369.0528417449187, 
        574.8912940721924, 
        504.8762224545735, 
        817.9853299418028, 
        386.91084244306205, 
        553.3534132902769, 
        724.4998274671982, 
        850.235261559999, 
        1087.4741376235115, 
        1333.1916591398253, 
        1544.8948184261608, 
        912.3595782365635, 
        1098.2258419833327, 
        1353.2922818075924, 
        514.6843692983108, 
        314.6426544510455
    ], 
    "exclusion_zone_overlap": [
        0.016781749378930084, 
        0.0892924173479336, 
        0.03246353084450222, 
        0.011049997797359526, 
        0.26321889882812993, 
        0.600854028084329, 
        0.02430673561070346, 
        0.016760935813051617, 
        0.4682425151857876, 
        0.07946527361403649, 
        0.09212713162022318, 
        0.04801858204992139, 
        0.14613188385014292, 
        0.013352869945982802, 
        0.22652471859195722, 
        0.09792267725411136, 
        5.7692212286231334e-06, 
        0.7092138768819262, 
        0.006355314241881574, 
        0.021764928176319434, 
        0.6055116146742369, 
        0.4287805899923304, 
        0.006941734815347878, 
        0.011362586109455257, 
        0.12249687208245338, 
        0.5668672856415317, 
        0.3369028505274894, 
        0.11960574701932862, 
        0.5126523919316253, 
        7.31518561335548e-05, 
        5.0739644557628316e-05, 
        0.1219517481469641, 
        0.04083992244674402, 
        0.0006257091122660197, 
        0.014651974233150369, 
        0.0006364979073432248, 
        4.2434982454842e-05, 
        0.14079856986737418, 
        0.05744951296457577, 
        0.00039318323125680577, 
        0.1751126361351562, 
        0.0015867896003092235, 
        0.3727839724568652, 
        1.167049844552375e-05, 
        0.006173367431674549, 
        0.37153151297207787, 
        0.2718703186281521, 
        0.04743715762240839, 
        0.1355738144181932, 
        0.004435374220530414, 
        0.017916956778318446, 
        0.008199224360247004, 
        0.0003110797664046865, 
        0.201463513766698, 
        0.3465595453182805, 
        0.12575542648698218, 
        0.020686697027546098, 
        0.17352437015498356, 
        0.053560609489018605, 
        0.09003169545792325, 
        0.009017536893185157, 
        0.0036134097429556785, 
        0.0018288215512625497, 
        0.053213644270239856, 
        0.023519787292013834, 
        1.7691149447510928e-06, 
        0.00440900351322558, 
        0.001298937004059222, 
        0.37048841114601155, 
        0.10802441845478576
    ], 
    "match_id": [
        307297141, 
        113887162, 
        100147853, 
        307321674, 
        304586645, 
        307558646, 
        307320960, 
        307743253, 
        307557934, 
        114008926, 
        309003780, 
        277712166, 
        277616630, 
        277714322, 
        307137980, 
        304585910, 
        309004492, 
        309113907, 
        277713580, 
        307296433, 
        307593747, 
        100141219, 
        304564721, 
        272782668, 
        304762965, 
        309372716, 
        638314843, 
        127795906, 
        500836840, 
        523718823, 
        294481346, 
        512315551, 
        598605738, 
        522409371, 
        502966396, 
        512314723, 
        500837552, 
        294482052, 
        530574594, 
        530555292, 
        482578964, 
        540145406, 
        266250195, 
        511550172, 
        503809372, 
        479755622, 
        479701339, 
        479984127, 
        596253012, 
        566992832, 
        535692871, 
        501115762, 
        603479758, 
        536299435, 
        479983421, 
        501004474, 
        562061175, 
        546103149, 
        517072832, 
        121510421, 
        503323656, 
        524874308, 
        482580380, 
        584511827, 
        593277684, 
        485237081, 
        480069939, 
        601476074, 
        479756361, 
        503069254
    ], 
    "fraction of match covered by td exclusion zone": [
        0.02634065459310867, 
        0.13166546895853984, 
        0.3329147126380211, 
        0.015782366150033717, 
        0.7106168414601767, 
        0.3864842323288685, 
        0.041959649585823294, 
        0.022837240825691198, 
        0.5584272043333873, 
        0.2078332286808951, 
        0.20963018507093786, 
        0.5623651355478623, 
        0.9445847405830543, 
        0.10499106191332884, 
        0.29940357912487464, 
        0.42634913405376335, 
        6.088419926008626e-06, 
        0.5846312397962484, 
        0.010221880754900301, 
        0.02666625305854392, 
        0.7899699437273385, 
        0.980119942723402, 
        0.06059651626883099, 
        0.02452495719591081, 
        0.30877210336988936, 
        0.40158321725532137, 
        0.15391186664442597, 
        0.12200741627992714, 
        0.7886650249525853, 
        0.00030455063830831967, 
        0.0005814119868017649, 
        0.05805243852794777, 
        0.03796367951999986, 
        0.012036324171032198, 
        0.12611330022957434, 
        0.003251764606570789, 
        0.0003256014954660875, 
        0.9751686194841239, 
        0.30514458269303824, 
        0.0007470170256069845, 
        0.9955177189357676, 
        0.00029415853489006457, 
        0.9752213174872727, 
        1.8903662297170396e-06, 
        0.13191679531495104, 
        0.9850810371290536, 
        0.9509162494674374, 
        0.0949366901502897, 
        0.9414544716492249, 
        0.2927340997047602, 
        0.14577916009544561, 
        0.02574950708152044, 
        0.001500700313914411, 
        0.7465591893129763, 
        0.7987111511266994, 
        0.46033667536463324, 
        0.1352491269729322, 
        0.5146347941048474, 
        0.9999999999999998, 
        0.9058550952969209, 
        0.09325150040960242, 
        0.004182768757845226, 
        0.00286823083761989, 
        0.025174471101840106, 
        0.005382510551266123, 
        7.618573670024194e-05, 
        0.013225337375589412, 
        0.0019949797564728674, 
        0.9764544645824605, 
        0.7089298856146717
    ], 
    "source": "VISp",