{
    "image_series_id": 518013943, 
    "distance": [
        588.3026432033091, 
        680.7348970047003, 
        859.0692637965811, 
        914.6037393319579, 
        490.40799340956914, 
        2659.5300336713626, 
        871.1486669908874, 
        758.814865431615, 
        264.76404589747455, 
        671.863081289633, 
        871.1486669908874, 
        596.9087032369356, 
        781.6009211867653, 
        2020.5444810743465, 
        318.74754901018457, 
        949.1575211733825, 
        637.730350540101, 
        1183.7651794169315, 
        677.4215821775979, 
        725.8787777583802, 
        877.8382538941897, 
        773.950902835574, 
        1264.9505919204908, 
        1324.3866504914643, 
        895.1536181013848, 
        871.1486669908874, 
        3120.336520313154, 
        1267.990536242286, 
        1179.9152511939153, 
        295.4657340538831, 
        1910.261762167688, 
        553.9855593785817, 
        602.4118192731613, 
        1679.4344286098221, 
        394.0812099047606, 
        1812.649993793617, 
        446.31827208842793, 
        672.3094525588645, 
        681.9090848492928, 
        280.89143810376277, 
        998.6991538997116, 
        854.4588931013592, 
        474.3416490252569, 
        296.8164415931166, 
        422.49260348555214, 
        688.9121859859935, 
        111.80339887498948, 
        866.8333173107734, 
        837.4962686484042, 
        1135.4734695271395, 
        331.5116890850155, 
        2212.2612865572637, 
        313.8470965295043, 
        731.7786550590281, 
        528.7721626560914, 
        728.4229540589726, 
        2256.7675999092153, 
        504.0833264451424, 
        1052.853266129711, 
        703.4912934784624, 
        639.2182725798755, 
        1241.370210694618, 
        811.2952606788728
    ], 
    "exclusion_zone_overlap": [
        0.7368357329787818, 
        0.5329430272552107, 
        0.026970557728621086, 
        0.005709714342423916, 
        0.7529900992136218, 
        0.2476588650969133, 
        0.3766591434146137, 
        0.21411554494077, 
        0.8236293368743021, 
        0.20133117303021164, 
        0.0822689891711391, 
        0.1734312366582732, 
        0.2673470148591375, 
        0.056866501178353006, 
        0.2855235239527506, 
        0.00480923252070688, 
        0.9993737106379291, 
        0.016058268719201532, 
        0.7149052442465125, 
        0.39036867243364487, 
        0.003511635866863713, 
        0.05289606290651953, 
        0.013185857093553455, 
        9.180069630089226e-06, 
        0.039679928542805915, 
        0.032084531074090955, 
        0.6732274247177082, 
        4.0317901421374e-06, 
        9.000536441393883e-06, 
        0.04624736118221199, 
        0.02204993869529458, 
        0.7212958414011379, 
        0.008826974787224754, 
        0.02335302125739398, 
        0.4073638776031452, 
        0.011117217087653886, 
        0.2701934299348405, 
        0.05979347496357213, 
        0.000883007119923445, 
        0.29678086010650334, 
        3.6840555617297024e-07, 
        0.0006751336857947728, 
        0.07848183215375602, 
        0.12860463511671072, 
        0.013306237209449017, 
        0.022724360329276654, 
        0.23156288878481163, 
        0.00023338069467255908, 
        0.0009087735230007379, 
        0.0016061752904096439, 
        0.13246182597724498, 
        2.5801958288014338e-08, 
        0.18225203054402064, 
        0.020679539327214745, 
        0.33313137991986214, 
        0.1362806026011941, 
        0.0014115894151283245, 
        0.20199253195536312, 
        0.014747863639450727, 
        0.17953856731072615, 
        0.007398330897180632, 
        0.00013573807735719164, 
        0.0004465304126610165
    ], 
    "match_id": [
        307297141, 
        180296424, 
        146858755, 
        100147853, 
        307321674, 
        626107114, 
        307558646, 
        307320960, 
        307743253, 
        116903968, 
        307557934, 
        309003780, 
        304565427, 
        127222723, 
        307137980, 
        304585910, 
        309004492, 
        309113907, 
        307295727, 
        307296433, 
        114250546, 
        127138787, 
        307593747, 
        100141219, 
        304762965, 
        309372716, 
        638314843, 
        127795906, 
        500836840, 
        500836105, 
        579409876, 
        512315551, 
        522409371, 
        287028480, 
        479981981, 
        603468246, 
        479673174, 
        500837552, 
        574941472, 
        530555292, 
        266250195, 
        510834706, 
        495562600, 
        479700629, 
        518605900, 
        167794131, 
        479982715, 
        535692871, 
        603479758, 
        286417464, 
        562520963, 
        299446445, 
        479673887, 
        503323656, 
        482580380, 
        661987195, 
        584511827, 
        479980810, 
        593277684, 
        480069939, 
        524666904, 
        601476074, 
        503069254
    ], 
    "fraction of match covered by td exclusion zone": [
        0.5387641014821741, 
        0.3011741207234215, 
        0.17649096188596375, 
        0.05209418831000062, 
        0.45508419506276654, 
        0.05278034855446811, 
        0.1653263800586717, 
        0.2165971431875617, 
        0.6902009609155483, 
        0.4856934829426354, 
        0.07206577649580886, 
        0.3033117145299396, 
        0.48918219273739666, 
        0.015366913940146967, 
        0.28954104101361, 
        0.035835112648878974, 
        0.5310175853091175, 
        0.010124495209621245, 
        0.606536735294883, 
        0.23637009611999732, 
        0.014760803044228147, 
        0.10526014598838528, 
        0.021133520946861006, 
        6.708374181813277e-06, 
        0.023456998856703805, 
        0.01880256786718379, 
        0.2635296602771377, 
        4.229208037655452e-06, 
        4.546812959342918e-06, 
        0.10847844127538606, 
        0.007115049568183027, 
        0.2384633559014541, 
        0.07934986336497452, 
        0.006524744546306831, 
        0.7306254279981006, 
        0.004260818743849915, 
        0.15096615509500347, 
        0.1746204619279971, 
        0.003510648292356491, 
        0.9183788747222251, 
        6.734731222764379e-09, 
        0.001148076712552169, 
        0.3990260857495746, 
        0.5491815190566491, 
        0.028090721872017856, 
        0.07516177634022682, 
        0.892083272014878, 
        0.0023446276642047977, 
        0.007148820033073414, 
        0.0040222528959675975, 
        0.6806542751559858, 
        8.600618139206661e-08, 
        0.5399711221312113, 
        0.14103214130536634, 
        0.5641694994065946, 
        0.07158129863489392, 
        0.0006362167749670619, 
        0.4604253639821544, 
        0.0034542686733885428, 
        0.4603610972718993, 
        0.046451074862657316, 
        0.00015248600820459688, 
        0.0025594544587823364
    ], 
    "source": "VISl",