{
    "image_series_id": 521954271, 
    "distance": [
        894.4830909525344, 
        498.09637621649085, 
        1270.1181047445941, 
        553.1726674375732, 
        1127.563745426395, 
        765.5716818169283, 
        607.3713855624086, 
        1158.9650555560336, 
        1088.6689120205463, 
        485.59242168715934, 
        1293.986089569745
    ], 
    "exclusion_zone_overlap": [
        0.1196978921076275, 
        0.16760081112003022, 
        0.01732561919559115, 
        0.13361719078920317, 
        0.10655515208892692, 
        0.2374440078698569, 
        0.0005612826065252785, 
        0.00011342064472015764, 
        0.010591670688671414, 
        0.47432953082727974, 
        0.01103568682021937
    ], 
    "match_id": [
        157556400, 
        157711748, 
        126860974, 
        478376197, 
        496554237, 
        286313491, 
        583747816, 
        286482701, 
        478582494, 
        263106036, 
        167902586
    ], 
    "fraction of match covered by td exclusion zone": [
        0.5612787369035013, 
        0.70815323567053, 
        0.032862732968341565, 
        0.2235007709173343, 
        0.20547735573209341, 
        0.7269443598466684, 
        0.0005569574193202842, 
        0.00025862623734190955, 
        0.02767955143481539, 
        0.7038014900789412, 
        0.01451757454346941
    ], 
    "source": "ILA", 
    "pearson_correlation": [
        0.7649090680262529, 
        0.8295572814849722, 
        0.5949720451404898, 
        0.6941706588269495, 
        0.68914881879976, 
        0.882861072298623, 
        0.12588359773029612, 
        0.1651395111969571, 
        0.3905238525815116, 
        0.8569630916530403, 
        0.5030471629374499
    ], 
    "spearman_correlation": [
        0.6049627114830154, 
        0.8071621265924471, 
        0.790894838228951, 
        0.8022876588022316, 
        0.8154984613030608, 
        0.7422923123384269, 
        0.5725211638009899, 
        0.43288258345148867, 
        0.6949697842698943, 
        0.8546434220265264, 
        0.7320953226231277
    ], 
    "injection_overlap": [
        0.07125789401190043, 
        0.169904006802889, 
        0, 
        0.019470315614219285, 
        0.14132309997879097, 
        0.21239827989030294, 
        0, 
        0, 
        0.0028557299056504257, 
        0.8198119441648142, 
        0
    ], 
    "fraction of match covered by td injection": [
        0.09575902933356532, 
        0.06174715709651459, 
        0, 
        0.004721497306200529, 
        0.025189844005533427, 
        0.12634720550353928, 
        0, 
        0, 
        6.668611529249303e-05, 
        0.16689913301217732, 
        0
    ]
}