{
    "image_series_id": 521955016, 
    "distance": [
        1107.564896518484, 
        877.8382538941897, 
        357.0714214271425, 
        588.3026432033091, 
        875.4998572244315, 
        1812.9258120507855, 
        368.1032463861192, 
        597.8294071054049, 
        616.9278726074872, 
        314.48370387032776, 
        883.2326986700617, 
        172.33687939614086
    ], 
    "exclusion_zone_overlap": [
        0.04598059865019477, 
        0.0023528166753948223, 
        0.08405774271324234, 
        0.27868337660546494, 
        0.24890335217061363, 
        0.2744415868723223, 
        0.7346276814917401, 
        0.2306772537117314, 
        0.011871647357626334, 
        0.5452236380547736, 
        0.00905167919949307, 
        0.7651548154599841
    ], 
    "match_id": [
        112423392, 
        157711748, 
        158435116, 
        126860974, 
        478376197, 
        496554237, 
        480994108, 
        287769286, 
        156741826, 
        478582494, 
        263106036, 
        167902586
    ], 
    "fraction of match covered by td exclusion zone": [
        0.13939941105922266, 
        0.007286395529179299, 
        0.282728449571824, 
        0.3638974231091082, 
        0.2066966332598906, 
        0.37728281712133627, 
        0.5489752344598285, 
        0.3063358682869411, 
        0.011775734713607685, 
        0.8374367237600969, 
        0.016322981343675262, 
        0.5341266060528699
    ], 
    "source": "ORBvl", 
    "pearson_correlation": [
        0.8131353894290473, 
        0.3783365616088814, 
        0.724300988648246, 
        0.5596886919654075, 
        0.47328186916312964, 
        0.5360356058535806, 
        0.7595631793725502, 
        0.5771028507293197, 
        0.49312784200957727, 
        0.6401182697958138, 
        0.28566188186488434, 
        0.6407931316795187
    ], 
    "spearman_correlation": [
        0.8558105838674052, 
        0.6782112279819289, 
        0.8040058548084522, 
        0.720845476702265, 
        0.6939060547811104, 
        0.6983312879011804, 
        0.7949980469462652, 
        0.8150787714600052, 
        0.8223754891824316, 
        0.7318647210999331, 
        0.6007008114210582, 
        0.7718884962081218
    ], 
    "injection_overlap": [
        0.0032109365470286877, 
        0, 
        0.02147915822616517, 
        0.16843679910374235, 
        0.13830187078501863, 
        0.18100509145012558, 
        0.930189901085482, 
        0.20275771823756328, 
        0, 
        0.6681129903045198, 
        0.00651049847254597, 
        0.9748202081991721
    ], 
    "fraction of match covered by td injection": [
        0.0007153589901354137, 
        0, 
        0.006092455454695826, 
        0.018638401690948568, 
        0.016318233263391872, 
        0.030891935326716902, 
        0.09223164561855446, 
        0.032656200732012385, 
        0, 
        0.12976485711000804, 
        0.0005420090400957598, 
        0.09781819897540114
    ]
}