{
    "image_series_id": 523481517, 
    "distance": [
        853.4635317340748, 
        1039.6634070698074, 
        862.2064717919949, 
        896.0468737739114, 
        841.7244204607587, 
        690.3622237637283, 
        1160.344776348823, 
        1399.928569606321, 
        998.6991538997116, 
        979.642792042079, 
        831.0836299675262, 
        426.49736224272243, 
        1120.535586226515, 
        971.4936952960632, 
        783.6453279386026, 
        768.6351540230254
    ], 
    "exclusion_zone_overlap": [
        0.01391506171382898, 
        0.15729225491473955, 
        0.007361906794227675, 
        0.022100026714294636, 
        0.0005409095580047683, 
        0.12850642022434222, 
        0.01974559707755855, 
        0.0016692458393204772, 
        3.811404817769919e-05, 
        2.1748987853945016e-06, 
        0.047316316665141904, 
        0.40437349549186735, 
        0.0004084394834980247, 
        0.29761322511682314, 
        0.19296087438487894, 
        0.042095072690946006
    ], 
    "match_id": [
        141603190, 
        112514202, 
        112952510, 
        157556400, 
        157711748, 
        112458114, 
        584194481, 
        496554237, 
        166055636, 
        125833030, 
        286313491, 
        583747816, 
        478376911, 
        286482701, 
        161458737, 
        263106036
    ], 
    "fraction of match covered by td exclusion zone": [
        0.09170652617915687, 
        0.6384649747777172, 
        0.037385171595795984, 
        0.13225533009026566, 
        0.007189190138286639, 
        0.8732479236956798, 
        0.1140753405466799, 
        0.00025753807571293844, 
        0.00011916071134120338, 
        5.1470255004907036e-05, 
        0.24123674087632688, 
        0.6321142410067773, 
        0.001756575108060874, 
        0.9226465768031294, 
        0.3967377187430304, 
        0.11136326343312787
    ], 
    "source": "PL", 
    "pearson_correlation": [
        0.36232757872561044, 
        0.7606179266960397, 
        0.24107317598595676, 
        0.5549915202793054, 
        0.6240442237253836, 
        0.7435121187075935, 
        0.7313811828474938, 
        0.6103178962408621, 
        0.0323006715432065, 
        0.5264736617325572, 
        0.5690532651569342, 
        0.8107571220885558, 
        0.6685475139183965, 
        0.8031520812709512, 
        0.7089595274252554, 
        0.6181431220419348
    ], 
    "spearman_correlation": [
        0.6556765485100512, 
        0.8845334547600604, 
        0.5194170971426646, 
        0.7788899003941238, 
        0.8005171887969542, 
        0.8754986347082349, 
        0.8010463814190398, 
        0.7959241735823231, 
        0.35361491828363895, 
        0.7197519459487307, 
        0.7795914009282047, 
        0.8373936195942593, 
        0.8006305965800316, 
        0.8348986483665584, 
        0.8358755371532672, 
        0.7655686903119635
    ], 
    "injection_overlap": [
        0, 
        0.07525436970437412, 
        0, 
        0.009449882680857058, 
        0, 
        0.029483110082444326, 
        0, 
        4.581050501081014e-05, 
        0, 
        0, 
        0.007939151938537396, 
        0.4566922870958969, 
        0, 
        0.47127662382714564, 
        0.2173258827552687, 
        0.0022988259498448425
    ], 
    "fraction of match covered by td injection": [
        0, 
        0.058848112580016584, 
        0, 
        0.0016732505350155614, 
        0, 
        0.08372850416355931, 
        0, 
        1.8483054862062296e-06, 
        0, 
        0, 
        0.004522174213570601, 
        0.13503601632881793, 
        0, 
        0.32150924204873055, 
        0.08046534359930653, 
        0.0028488646876574358
    ]
}