{
    "image_series_id": 527713163, 
    "distance": [
        867.4099376880577, 
        553.5341001239219, 
        801.5609770940698, 
        616.1980201201559, 
        1528.0379576437228, 
        874.3569065318807, 
        668.2813778641449, 
        543.0469592954186, 
        480.9365862564419, 
        711.9691004531026
    ], 
    "exclusion_zone_overlap": [
        0.029888021560988815, 
        0.2565336685772937, 
        0.20895899678268326, 
        0.41644738506828094, 
        0.3952517080084401, 
        0.02961300034453059, 
        0.09600848574966879, 
        0.1590066766609375, 
        0.6016587129607686, 
        0.14009399284494356
    ], 
    "match_id": [
        157556400, 
        157711748, 
        126860974, 
        478376197, 
        496554237, 
        480994108, 
        286313491, 
        478582494, 
        263106036, 
        167902586
    ], 
    "fraction of match covered by td exclusion zone": [
        0.11870801947685997, 
        0.8370257755104278, 
        0.36314697683203195, 
        0.5191850511727136, 
        0.6527798253585768, 
        0.03381288494754937, 
        0.2685058134941023, 
        0.4687723079592019, 
        0.7973725449753076, 
        0.1559201828040964
    ], 
    "source": "ILA", 
    "pearson_correlation": [
        0.7971862632081298, 
        0.8426710612523239, 
        0.6225606625219993, 
        0.6524867556126578, 
        0.7061084820156858, 
        0.23102882017348858, 
        0.8211275856336139, 
        0.4702835008314005, 
        0.7638784858915759, 
        0.5116561508533652
    ], 
    "spearman_correlation": [
        0.8110825393267538, 
        0.8198163980681754, 
        0.8511864829848114, 
        0.8237615438671726, 
        0.8865818559201045, 
        0.7892367990520247, 
        0.8589052995564298, 
        0.8295754429393791, 
        0.8593339230930592, 
        0.8273291637523903
    ], 
    "injection_overlap": [
        0.0191521204934405, 
        0.2717541446515041, 
        0.09987772448406806, 
        0.6290199732566244, 
        0.7366705457267517, 
        7.90521834034456e-06, 
        0.09739846921455253, 
        0.02332668978424488, 
        0.9791928178844513, 
        0.08899093436654454
    ], 
    "fraction of match covered by td injection": [
        0.012227104416922636, 
        0.1891222368316372, 
        0.01638430957231923, 
        0.08018485540418561, 
        0.12707996962086393, 
        1.0107764832472776e-11, 
        0.047372865828446915, 
        0.005408014929017387, 
        0.20894919955678734, 
        0.005286225619661814
    ]
}