{
    "image_series_id": 527713883, 
    "distance": [
        620.4836822995428, 
        547.5399528801529, 
        760.0657866263946, 
        1464.0696704733693, 
        480.6245936279166, 
        1356.5028566132842, 
        1150.8692367076287, 
        1224.2548754242312, 
        401.1234224026316
    ], 
    "exclusion_zone_overlap": [
        0.3339619082918641, 
        0.07102999870377989, 
        6.827117973981226e-05, 
        0.021669612582924075, 
        0.5585992440423616, 
        0.0006138858316921526, 
        0.00017357605842200459, 
        0.006097218808492739, 
        0.38951296893350845
    ], 
    "match_id": [
        157556400, 
        157711748, 
        478376197, 
        496554237, 
        286313491, 
        286482701, 
        478582494, 
        161458737, 
        263106036
    ], 
    "fraction of match covered by td exclusion zone": [
        0.8908155650837472, 
        0.20375603164838027, 
        0.000323586156652358, 
        0.02579740615323104, 
        0.969693161086676, 
        0.0017669636782161858, 
        7.155192240716433e-05, 
        0.0025554942033747855, 
        0.3753819175427421
    ], 
    "source": "ILA", 
    "pearson_correlation": [
        0.823366901378722, 
        0.7501448547593123, 
        0.5291757369228308, 
        0.5611681815669967, 
        0.8645489269007668, 
        0.18226028511711323, 
        0.2830740707333185, 
        0.1578189244596025, 
        0.7039477670567489
    ], 
    "spearman_correlation": [
        0.6193955051383995, 
        0.7477843212848712, 
        0.7546799038810829, 
        0.7378570601334283, 
        0.7370943784140769, 
        0.514047849144316, 
        0.6748060721416306, 
        0.5117259996134699, 
        0.7756440601649678
    ], 
    "injection_overlap": [
        0.7844140309014868, 
        0.0024984591979633907, 
        0, 
        0.006872499732749552, 
        0.9753151586165966, 
        0, 
        0, 
        0, 
        0.4973159426073765
    ], 
    "fraction of match covered by td injection": [
        0.2766526438671086, 
        0.0013860061558618947, 
        0, 
        0.0008925294442955836, 
        0.2996180751033271, 
        0, 
        0, 
        0, 
        0.05066506390721432
    ]
}