{
    "image_series_id": 528328648, 
    "distance": [
        861.6843969807043, 
        631.9018911191831, 
        814.9233092751734, 
        1389.3883546366726, 
        1161.1201488218176, 
        1351.628647225265, 
        1324.4244032786469, 
        511.5662224971465, 
        944.986772394196, 
        712.6008700527947, 
        1030.824912388132, 
        751.398695766768, 
        581.7215828899594, 
        920.3260291874831, 
        957.7577981932593, 
        1213.7133104650372, 
        1671.8253497300489, 
        1732.1951391226105, 
        770.8436936240706
    ], 
    "exclusion_zone_overlap": [
        0.09278756934017746, 
        0.08460247573878729, 
        0.06593514850308446, 
        0.08850042340517941, 
        0.07762292734265504, 
        1.40951979513988e-08, 
        4.044984705136896e-06, 
        0.5556992499572018, 
        0.25227545702713966, 
        0.01232545276183528, 
        0.00882949208254221, 
        0.061642160485918904, 
        0.0011335783457879019, 
        0.008464384613305648, 
        0.00018667237823239335, 
        0.0018824312227810503, 
        1.307995894903569e-06, 
        8.728521741663198e-05, 
        0.000335444375852736
    ], 
    "match_id": [
        558580065, 
        585051446, 
        585026021, 
        640282128, 
        127139568, 
        142654100, 
        180297139, 
        113226232, 
        112672974, 
        126116848, 
        642967852, 
        152994878, 
        114472145, 
        640081415, 
        638314843, 
        579409876, 
        232311959, 
        182794184, 
        286483411
    ], 
    "fraction of match covered by td exclusion zone": [
        0.0864187871833006, 
        0.10915013800510208, 
        0.03187038583503996, 
        0.023472352942579, 
        0.04329977576989836, 
        7.049447552364061e-07, 
        1.7354881105960444e-05, 
        0.28967412838500217, 
        0.11484096893985189, 
        0.009793975841148807, 
        0.02405859867852714, 
        0.07742567897421382, 
        0.0011814180746894593, 
        0.008622204799238736, 
        0.0001004200233906025, 
        0.0009999378439090592, 
        6.067216234178307e-05, 
        0.0006300054470519349, 
        0.0005446127233885505
    ], 
    "source": "ENTl", 
    "pearson_correlation": [
        0.8160505862240558, 
        0.7569327802096402, 
        0.6446734860616449, 
        0.3027818177218036, 
        0.5584125000252069, 
        0.7472692885264334, 
        0.7432758223143011, 
        0.761266177868685, 
        0.6025326282830528, 
        0.8885813936726396, 
        0.8356877002955609, 
        0.4230330312699034, 
        0.7760042866737242, 
        0.8128033222392732, 
        0.17825915569941064, 
        0.6123642659402053, 
        0.5841695081147544, 
        0.6894769992190574, 
        0.6768175737117554
    ], 
    "spearman_correlation": [
        0.625025115892313, 
        0.551734521456406, 
        0.5472202804507724, 
        0.4510124154932915, 
        0.534436946969391, 
        0.5526130696221881, 
        0.6009438962120542, 
        0.5393398042223622, 
        0.25434092128681457, 
        0.6244863544316565, 
        0.6757326314451703, 
        0.4642969863394706, 
        0.6272565611431679, 
        0.6267580219150235, 
        0.2940263670280474, 
        0.594529619843646, 
        0.6144751144751527, 
        0.6438771524184678, 
        0.5827923577007206
    ], 
    "injection_overlap": [
        0.033004857695788564, 
        0.025278647279487698, 
        0.053249389563313744, 
        0.12932280451467487, 
        0.0161081448370746, 
        0, 
        0, 
        0.6211757020524782, 
        0.1941886843928087, 
        0, 
        0, 
        0.02812459357549145, 
        0, 
        0.002326875639766282, 
        0, 
        0.0022160712321956815, 
        0, 
        0, 
        0
    ], 
    "fraction of match covered by td injection": [
        0.0025780435539710955, 
        0.004765485732634906, 
        0.0026033889115135347, 
        0.0034817139093796354, 
        0.0006461509053544997, 
        0, 
        0, 
        0.04158119158815438, 
        0.010008298601273464, 
        0, 
        0, 
        0.006573801708407621, 
        0, 
        4.5806320520038416e-05, 
        0, 
        6.516666165403667e-05, 
        0, 
        0, 
        0
    ]
}