{
    "image_series_id": 528511967, 
    "distance": [
        1131.812705353673, 
        918.4225606985054, 
        517.3006862551025, 
        1398.4634424967999, 
        1411.984419177492, 
        269.0724809414742, 
        1189.327541092024
    ], 
    "exclusion_zone_overlap": [
        0.14743248483786545, 
        0.00046446448381413425, 
        9.973212982096042e-10, 
        0.01405670203189886, 
        0.06747537925108443, 
        0.8109397313835207, 
        0.019164428747672827
    ], 
    "match_id": [
        146553971, 
        180403712, 
        112881858, 
        127397469, 
        114472145, 
        180435652, 
        286483411
    ], 
    "fraction of match covered by td exclusion zone": [
        0.3841503784678981, 
        0.0023818322793386975, 
        6.83426630307403e-08, 
        0.020565097530562383, 
        0.1478243712556318, 
        0.5288436966783219, 
        0.08686079780403214
    ], 
    "source": "ECT", 
    "pearson_correlation": [
        0.6764773385869076, 
        0.8005186072280859, 
        0.29461174136952956, 
        0.6083936883223329, 
        0.7046558348703029, 
        0.892526743812548, 
        0.8116240381737247
    ], 
    "spearman_correlation": [
        0.6352226640920114, 
        0.47594963099697085, 
        0.6837816307887804, 
        0.694866255891251, 
        0.869670982592394, 
        0.8800946845626901, 
        0.6484033596993786
    ], 
    "injection_overlap": [
        0.09065876290303855, 
        0, 
        0, 
        0.012648659855947313, 
        0.021416940309758534, 
        0.9617142375324873, 
        0.0029441098502644833
    ], 
    "fraction of match covered by td injection": [
        0.02862767513342878, 
        0, 
        0, 
        0.0007787966923965419, 
        0.006871176972157112, 
        0.05514418382610197, 
        0.000856803144429475
    ]
}