{
    "image_series_id": 532005897, 
    "distance": [
        952.5754563287887, 
        683.7397165588671, 
        351.8522417151836, 
        675.4257916307313, 
        715.9608927867499, 
        1701.9400694501555, 
        441.13490000225556, 
        574.543296888929, 
        582.8378848359122, 
        369.5943722515266, 
        700.713921654194, 
        258.0697580112788
    ], 
    "exclusion_zone_overlap": [
        0.056083697407046613, 
        6.484724249517993e-05, 
        0.10098577439849636, 
        0.1274015860094066, 
        0.13259793568805947, 
        0.17955076484868476, 
        0.8438757288201196, 
        0.2650510356675289, 
        0.023826876404450293, 
        0.4539328398981054, 
        0.001433083594727917, 
        0.7929025063567757
    ], 
    "match_id": [
        112423392, 
        157711748, 
        158435116, 
        126860974, 
        478376197, 
        496554237, 
        480994108, 
        287769286, 
        156741826, 
        478582494, 
        263106036, 
        167902586
    ], 
    "fraction of match covered by td exclusion zone": [
        0.1388727288555495, 
        7.059672324814642e-05, 
        0.2643151399253626, 
        0.17848491972373773, 
        0.11312001056456489, 
        0.21341130241335632, 
        0.5106240757609172, 
        0.2656655484274095, 
        0.01590075481800204, 
        0.6240466696483641, 
        0.0023681777428204423, 
        0.5275185923266058
    ], 
    "source": "ORBvl", 
    "pearson_correlation": [
        0.7784844654878667, 
        0.27824942679387854, 
        0.7596704904172199, 
        0.44156733352726363, 
        0.3663603783685425, 
        0.4148985550421166, 
        0.6595088093918764, 
        0.5018648577060796, 
        0.43997904383870284, 
        0.5265386280920061, 
        0.19631187456305849, 
        0.5187756923673709
    ], 
    "spearman_correlation": [
        0.6537209671979686, 
        0.3905492531667184, 
        0.6565457945493682, 
        0.484398792465149, 
        0.41273330687173754, 
        0.43416535875624745, 
        0.5316845691979113, 
        0.5840740293600468, 
        0.6351426658118009, 
        0.4807894716278131, 
        0.34770443149566027, 
        0.46885385298947596
    ], 
    "injection_overlap": [
        0.029948150637879232, 
        0, 
        0.047568488680772576, 
        0.08105501085268553, 
        0.08645840133106125, 
        0.14361513007703008, 
        0.9421771289701466, 
        0.21083187984769394, 
        0.007222154923495205, 
        0.5223061164808281, 
        0.0014381275524988667, 
        0.8769524887986255
    ], 
    "fraction of match covered by td injection": [
        0.02035785411116372, 
        0, 
        0.04277301206108663, 
        0.030507682124968193, 
        0.022701055986479375, 
        0.05106170393062712, 
        0.20649140694367443, 
        0.08015993790865177, 
        0.0006173876687278548, 
        0.23235314000366927, 
        0.00020453975834224274, 
        0.20216763231290263
    ]
}