{
    "image_series_id": 539511058, 
    "distance": [
        837.8544026261364, 
        1010.6433594498111, 
        1658.7043136134903, 
        748.1978348003955, 
        666.9332800213226, 
        474.23622805517505, 
        3354.5491500349194, 
        396.73668849754745, 
        824.3178998420451, 
        856.971411425142, 
        396.73668849754745, 
        478.9572005931219, 
        563.382640840131, 
        539.1660226683429, 
        803.0566605165541, 
        660.1514977639603, 
        1257.6963067449947, 
        420.7136793592526, 
        1666.97330512519, 
        1062.3558725775465, 
        519.4227565288221, 
        1330.7140940111817, 
        320.1562118716424, 
        565.1548460377917, 
        1261.5070352558482, 
        510.88159097779203, 
        396.73668849754745, 
        3877.8344472140634, 
        1419.3308282426617, 
        394.0812099047606, 
        1058.5839598255775, 
        785.4934754662193, 
        855.3946457629952, 
        290.8607914449797, 
        294.6183972531247, 
        917.0605214488301, 
        299.833287011299, 
        378.81393849751623, 
        361.93922141707714, 
        426.7317658670374, 
        934.2911751697112, 
        494.064773081425, 
        1020.0, 
        793.6623967405789, 
        755.2483035399682, 
        786.9561614219689, 
        340.58772731852804, 
        408.53396431630995, 
        653.1462317123172, 
        579.1372894228103, 
        775.4998388136519, 
        302.32432915661946, 
        460.10868281309365, 
        624.3396511515186, 
        1092.0164833920778, 
        1311.5258289488622, 
        885.4942122905152, 
        1447.4114826130128, 
        1004.8880534666536, 
        1256.1448961007643, 
        450.111097397076, 
        313.2091952673165
    ], 
    "exclusion_zone_overlap": [
        0.11162425218602012, 
        0.00017275415141627758, 
        0.003943973065260869, 
        0.10941418146649311, 
        0.11956998670852845, 
        0.13011917522723698, 
        0.0014846324666527044, 
        0.869774544977594, 
        0.14301684725972424, 
        0.14282454935096134, 
        0.8107294412766064, 
        0.0029956731760283784, 
        0.3418066955355342, 
        3.8301000485394925e-05, 
        0.5755371893306257, 
        0.21300663798779795, 
        0.0417316407309021, 
        0.7200236313049854, 
        0.0019753296061673408, 
        0.11765801462488071, 
        0.9583048978557558, 
        1.3756791041330989e-08, 
        0.7580324885584501, 
        3.1547086656000626e-08, 
        0.0026457837046293627, 
        0.30690377798297824, 
        0.7237867949640137, 
        0.5076845099496036, 
        0.11724969005933077, 
        0.6755149868399329, 
        0.2974452350829826, 
        0.03577225928039044, 
        0.024098750190502238, 
        0.030675426740812074, 
        0.05510109998711763, 
        0.016172563093650862, 
        0.3320538512607584, 
        0.6381449768573243, 
        0.5995190119320513, 
        0.24722545363901766, 
        0.04006228379305294, 
        0.03835857659785993, 
        1.8153436983136317e-06, 
        0.04404035677676258, 
        0.0061833170537309344, 
        0.007622101834111713, 
        0.25451205022236717, 
        0.37173733882717125, 
        5.033457499702087e-05, 
        4.156686343824728e-06, 
        0.11842412439952217, 
        0.11810731520864422, 
        0.13426957051660024, 
        0.06596500707798811, 
        0.023570495976159678, 
        0.019632914525601505, 
        0, 
        0.02351516912497956, 
        0.07895385230587015, 
        0.01695004760052941, 
        0.4322973098855507, 
        0.30176025002665124
    ], 
    "match_id": [
        307297141, 
        113887162, 
        180296424, 
        100147853, 
        307321674, 
        304586645, 
        626107114, 
        307558646, 
        307320960, 
        307743253, 
        307557934, 
        114008926, 
        309003780, 
        277616630, 
        307137980, 
        304585910, 
        309004492, 
        309113907, 
        307295727, 
        307296433, 
        307593747, 
        174361040, 
        100141219, 
        304564721, 
        272782668, 
        304762965, 
        309372716, 
        638314843, 
        127795906, 
        500836840, 
        512315551, 
        522409371, 
        500837552, 
        294482052, 
        530574594, 
        530555292, 
        482578964, 
        266250195, 
        479755622, 
        479701339, 
        479984127, 
        596253012, 
        479982715, 
        535692871, 
        501115762, 
        603479758, 
        536299435, 
        479983421, 
        501004474, 
        562061175, 
        546103149, 
        517072832, 
        121510421, 
        503323656, 
        482580380, 
        584511827, 
        510417255, 
        593277684, 
        480069939, 
        601476074, 
        479756361, 
        503069254
    ], 
    "fraction of match covered by td exclusion zone": [
        0.052858295279065236, 
        3.104244398008418e-05, 
        0.001573821187516837, 
        0.25186334410712835, 
        0.04568091752430524, 
        0.10599820757014781, 
        0.0008072765921232771, 
        0.22273494297060142, 
        0.07481018666425497, 
        0.06154560946069622, 
        0.3981807235317691, 
        0.002950151159884346, 
        0.27381228289549503, 
        0.00013155956004127006, 
        0.3257999986862939, 
        0.2987016700185398, 
        0.01454718080671234, 
        0.23726642302299603, 
        0.0018650784649393063, 
        0.04189385331967911, 
        0.5227917129891201, 
        1.1462970390187134e-06, 
        0.728139699352945, 
        1.6798785300074252e-09, 
        0.0013938177308195645, 
        0.41449454544436326, 
        0.20430219922341153, 
        0.10848333673741428, 
        0.053630872277725464, 
        0.3928495620322743, 
        0.04311045156661343, 
        0.1448755212413209, 
        0.04415269237026477, 
        0.07828614704481954, 
        0.08260419282506004, 
        0.06160658062917333, 
        0.8083975730791996, 
        0.6854733999954107, 
        0.6574140351389451, 
        0.45301466139582647, 
        0.026495161794241218, 
        0.10151377742790024, 
        2.5171442224886704e-06, 
        0.09208109563273627, 
        0.005405819638499178, 
        0.006997009610486246, 
        0.3231162163505713, 
        0.302873475092198, 
        2.5541607681047878e-05, 
        2.7756061371130562e-05, 
        0.1517806513272588, 
        0.9660028357434525, 
        0.4673382909860242, 
        0.14288803297016373, 
        0.013691817650011961, 
        0.0022735989908551518, 
        0, 
        0.001007944849140355, 
        0.10787557359304403, 
        0.00435162256222403, 
        0.6341069793461224, 
        0.5945729324624034
    ], 
    "source": "VISp",