{
    "image_series_id": 561307215, 
    "distance": [
        953.5722311393091, 
        733.9618518697004, 
        691.8092222571191, 
        938.3496150156401, 
        824.0145629781066, 
        915.0409826887537, 
        1098.8175462741756, 
        439.089968002003, 
        1565.9182609574486, 
        828.854631404084, 
        869.0799733051039, 
        1098.8175462741756, 
        290.8607914449797, 
        461.08567533594015, 
        747.5961476626268, 
        1103.8568747804218, 
        486.41546028061236
    ], 
    "exclusion_zone_overlap": [
        0.022522733365429627, 
        0.08222549179558888, 
        0.00019345481932507748, 
        0.002280825414910186, 
        0.010830706510473105, 
        0.15756661169776603, 
        0.021892312450635523, 
        0.062093062964804394, 
        0.006937115538031789, 
        0.11006616306027119, 
        0.047825829197757304, 
        0.030874310089155827, 
        0.20690765297790348, 
        0.128193335154881, 
        0.03627681027594308, 
        0.007072356091247761, 
        0.03658960522075918
    ], 
    "match_id": [
        112595376, 
        272916915, 
        112424813, 
        593018150, 
        501484658, 
        249396394, 
        572588941, 
        584895127, 
        482581199, 
        496113850, 
        646525997, 
        571100135, 
        592540591, 
        166054929, 
        562521707, 
        584511827, 
        303784745
    ], 
    "fraction of match covered by td exclusion zone": [
        0.08429446897009979, 
        0.39251459526153426, 
        0.005966853177096193, 
        0.0011239842649791146, 
        0.016163937859394305, 
        0.334918386357124, 
        0.01846172511108025, 
        0.5343790456804741, 
        0.009132570449605932, 
        0.27636298928093506, 
        0.038607973016265534, 
        0.027396985590929145, 
        0.3853686884288487, 
        0.20043755063316063, 
        0.12448433631211998, 
        0.00036990319050653187, 
        0.13990694410152704
    ], 
    "source": "RSPv", 
    "pearson_correlation": [
        0.6703392033769968, 
        0.7590578223246823, 
        0.7988156344472431, 
        0.6424381167222194, 
        0.6321595580377761, 
        0.9374567252722887, 
        0.7692678967701563, 
        0.852196554604934, 
        0.8083314570469677, 
        0.7984311097077434, 
        0.8407402641018112, 
        0.7036889690534383, 
        0.7476516031512925, 
        0.8267624779978174, 
        0.6965921030867355, 
        0.6253823790385983, 
        0.8231515607858072
    ], 
    "spearman_correlation": [
        0.7961192003518598, 
        0.5619875593440034, 
        0.661514319182757, 
        0.7192162780115975, 
        0.7301866667819813, 
        0.7006627653149878, 
        0.7040976592666507, 
        0.5364416496680521, 
        0.633267183079834, 
        0.6897035737419709, 
        0.6946171329729101, 
        0.7026241056807219, 
        0.7022206992746601, 
        0.6837143122221965, 
        0.7082137065055828, 
        0.7080822698461267, 
        0.45442020376773684
    ], 
    "injection_overlap": [
        0.032016691991828536, 
        0.1126249978224781, 
        3.52981396493271e-06, 
        0.005328159768924797, 
        0.00014891967228849008, 
        0.41404765022046214, 
        0.0434960790158177, 
        0.0019261724981688882, 
        0.006683541035369811, 
        0.22622939262925418, 
        0.021178817765720184, 
        0.04564352238581695, 
        0.08304167795477707, 
        0.058793687924823514, 
        0.020207156866079302, 
        0.01800406375327569, 
        0.023672712335818736
    ], 
    "fraction of match covered by td injection": [
        0.022678344754638428, 
        0.11068706105579715, 
        0.0003854794756601203, 
        0.0002026214246765086, 
        9.30185334378423e-06, 
        0.13128877664817318, 
        0.0004987785059204789, 
        0.021747581769581602, 
        0.00045661672447998617, 
        0.08909734029000925, 
        0.003733787889742179, 
        0.006241738510719649, 
        0.02257296650443215, 
        0.01359506562806075, 
        0.012620762176579921, 
        5.301035736637611e-05, 
        0.03184977006516262
    ]
}