{
    "image_series_id": 563205064, 
    "distance": [
        570.4384278780665, 
        539.351462406472, 
        3353.654722835969, 
        677.2001181334805, 
        728.285658241325, 
        677.2001181334805, 
        583.9520528262573, 
        706.1161377563892, 
        528.3937925449162, 
        638.983567863838, 
        564.0921910468181, 
        677.4215821775979, 
        1027.7159140540737, 
        1367.845020461017, 
        878.7491109526086, 
        668.2065548915245, 
        1105.16967023168, 
        776.4663547121665, 
        328.93768406797057, 
        551.5432893255071, 
        677.2001181334805, 
        3851.1297043854547, 
        1494.2891286494726, 
        919.4019795497505, 
        546.4430436925701, 
        1034.5047124107266, 
        1293.8701635017326, 
        486.8264577855234, 
        454.7526800360829, 
        813.0805618141416, 
        1062.9205050237765, 
        752.2632517942106, 
        1636.0317845323177, 
        647.3020933072903, 
        776.273147803014, 
        971.6480844420988, 
        529.2447448959697, 
        498.09637621649085, 
        584.5511098270193, 
        746.7261881037788, 
        640.7027391856539, 
        805.3570636680354, 
        670.3730304837748, 
        1398.2131454109563, 
        935.4143466934853, 
        618.869937870632, 
        594.7268280479702, 
        1915.1240168720144, 
        852.8774824088158, 
        1029.8543586352394, 
        460.5431575867782
    ], 
    "exclusion_zone_overlap": [
        0.3465613285665331, 
        0.5151899667937809, 
        4.906296049679091e-06, 
        0.8330815623731163, 
        0.0797006969872965, 
        0.339689796718459, 
        0.19126129373150422, 
        0.058431635118951934, 
        0.1652486834613618, 
        0.14393725437085825, 
        0.11584250642624462, 
        0.17776325760138, 
        0.00043188560446587917, 
        0.00046324408971817, 
        0.9206781239402407, 
        0.06990519207373261, 
        0.1794855549291942, 
        0.13199584763553282, 
        0.24760705916799247, 
        0.2652716555877089, 
        0.9137307995351273, 
        0.07936869352312076, 
        0.1487278275297854, 
        0.5343847562610212, 
        0.002037361294333273, 
        0.1875043720761709, 
        1.534107132982733e-07, 
        0.1826825199499817, 
        0.2687972962210566, 
        0.02202419372508075, 
        0.024627810526257454, 
        0.15326162433040347, 
        0.0028866029580477035, 
        0.030394773490557032, 
        0.028531877311957877, 
        0.016788944043263986, 
        0.1941240219333893, 
        0.03910262695818096, 
        0.025494787021061654, 
        0.3044821929237912, 
        0.40601141861207446, 
        0.044597884747835034, 
        0.08442780254260186, 
        0.0026667693273104308, 
        0.00045274408172405817, 
        0.11156673784687754, 
        0.015794426828832937, 
        0.00019470275170690204, 
        0.01230000879240577, 
        0.07346496327672529, 
        0.10930669074638495
    ], 
    "match_id": [
        113887162, 
        304586645, 
        626107114, 
        307558646, 
        307743253, 
        307557934, 
        114008926, 
        309003780, 
        277712166, 
        277616630, 
        277714322, 
        307137980, 
        304585910, 
        309004492, 
        309113907, 
        277713580, 
        307593747, 
        100141219, 
        304564721, 
        304762965, 
        309372716, 
        638314843, 
        127795906, 
        500836840, 
        512315551, 
        598605738, 
        479673174, 
        294482052, 
        530574594, 
        482578964, 
        540145406, 
        266250195, 
        511550172, 
        503809372, 
        479755622, 
        479701339, 
        596253012, 
        167794131, 
        566992832, 
        536299435, 
        479983421, 
        501004474, 
        562061175, 
        546103149, 
        517072832, 
        524874308, 
        482580380, 
        584511827, 
        183173527, 
        479756361, 
        503069254
    ], 
    "fraction of match covered by td exclusion zone": [
        0.4458344420822681, 
        0.990610251045793, 
        5.308522033934452e-06, 
        0.4459081558135778, 
        0.08029086351245297, 
        0.36250429840122383, 
        0.34730696265263566, 
        0.12125171724674287, 
        0.9982200835866702, 
        0.8567886773913684, 
        0.8044708957158946, 
        0.22547571089979157, 
        0.0002454831411139058, 
        0.0003428691998847888, 
        0.708179554878347, 
        0.4838312219392453, 
        0.20263240056953621, 
        0.3379977222527058, 
        0.9905631971795258, 
        0.6190773034580747, 
        0.629101117588018, 
        0.021252595335854007, 
        0.13961906281979902, 
        0.7028151524712016, 
        0.0005265834753628996, 
        0.19292383681001105, 
        3.4491572125123487e-08, 
        0.9999236419535612, 
        0.9949504851503211, 
        0.14398035837410378, 
        0.013833775582644777, 
        0.4324709009974069, 
        0.0004871637097197019, 
        0.7076740121715821, 
        0.07166291317458236, 
        0.07407821357049514, 
        0.9989978339826047, 
        0.16010746488222602, 
        0.9942273096209499, 
        0.925620741700072, 
        0.8489373489871794, 
        0.12900520164244014, 
        0.6773404414203982, 
        0.012213191978697907, 
        0.010234959015355875, 
        0.15757338260463633, 
        0.02817765611123609, 
        6.69344888461656e-05, 
        0.09681479852596556, 
        0.24266566076533486, 
        0.6621868827550487
    ], 
    "source": "VISp", 
    "pearson_correlation": [
        0.7596810619520363, 
        0.891826253907631, 
        0.3528156334647341, 
        0.8935792729594245, 
        0.7573021218307994, 
        0.9278271545306777, 
        0.6306710271850859, 
        0.8857383217671123, 
        0.9258326413766077, 
        0.9142304627586346, 
        0.8359118754036936, 
        0.8751924563843803, 
        0.7238326547975502, 
        0.7221775880337831, 
        0.9206122362821956, 
        0.49576161773746263, 
        0.915712763904984, 
        0.9440236536924355, 
        0.7098510477575827, 
        0.8265557282909853, 
        0.8986709521091659, 
        0.41901706812555284, 
        0.23560119639889468, 
        0.8696989245976089, 
        0.7781669716628778, 
        0.69360426834481, 
        0.7466854338867321, 
        0.9319137719140073, 
        0.8911809444577564, 
        0.89686724127813, 
        0.49608627972082164, 
        0.9139442108815962, 
        0.49561484227694896, 
        0.7645788303589225, 
        0.8966157496607076, 
        0.8782302047371505, 
        0.8903458431533552, 
        0.7484193720392788, 
        0.7909480118119253, 
        0.9060028813768505, 
        0.8865842980059065, 
        0.8049200209169237, 
        0.7558219478783449, 
        0.8755204815137935, 
        0.8875715859520129, 
        0.3878111201156224, 
        0.6554855382796024, 
        0.8043554765301099, 
        0.8086336045981176, 
        0.8919574617148758, 
        0.9044400468367672
    ],