{
    "image_series_id": 568502684, 
    "distance": [
        631.5853069855251, 
        699.5712972957081, 
        1071.354283138869, 
        755.3145040312678, 
        1935.226084983354, 
        872.8688332160795, 
        514.1984052872976, 
        956.0857702110203, 
        1063.0616162763097, 
        924.4998647917695, 
        465.40305112880384, 
        893.0845424706442, 
        1413.5062787267696, 
        1162.626337221035, 
        696.7065379340142, 
        1400.89257261219, 
        856.6796367370944, 
        753.3259586659682, 
        929.4084139924709, 
        946.2029380635003, 
        423.4383071948026, 
        977.4456506629921, 
        585.3204250664759, 
        622.5752966509352, 
        968.039255402383, 
        657.6473218982952, 
        1641.5541416596652, 
        889.2693630166284, 
        1518.7494855966206, 
        1030.5823596394418
    ], 
    "exclusion_zone_overlap": [
        0.019840202719060385, 
        0.0802052453759642, 
        5.15347669838937e-07, 
        0.006074278310088802, 
        0.026351203846031828, 
        2.9207209562509622e-05, 
        0.0012570559193537277, 
        0.005619989849452072, 
        4.455548946433837e-07, 
        0.004645779071192193, 
        0.02759881759712884, 
        0.007258040081845299, 
        0.011257284797189786, 
        0.06417565884908262, 
        0.0075314136945131725, 
        0.09205718568662409, 
        2.1722343072702415e-05, 
        0.9644235048774942, 
        0.030715437515379137, 
        1.640264805192501e-08, 
        0.05490020831204962, 
        0.012455901831627203, 
        0.126387674740515, 
        0.0527958866529001, 
        0.02621037367556101, 
        0.014392427499473753, 
        5.6313580146705714e-05, 
        0.0013893718222196458, 
        0.14309640985794067, 
        0.1298355911926444
    ], 
    "match_id": [
        272916202, 
        180296424, 
        640282128, 
        100141796, 
        113226232, 
        304565427, 
        112373830, 
        309004492, 
        558581415, 
        127089669, 
        114250546, 
        127138787, 
        640081415, 
        579409876, 
        232311959, 
        287028480, 
        182794184, 
        603468246, 
        479673174, 
        648252402, 
        590988082, 
        657172447, 
        166083557, 
        554334685, 
        576340889, 
        286417464, 
        299446445, 
        298178204, 
        661987195, 
        593277684
    ], 
    "fraction of match covered by td exclusion zone": [
        0.11304519586159843, 
        0.036496682493429584, 
        3.372589799021888e-07, 
        0.013458647505189984, 
        0.004015978772602009, 
        1.4743169236958394e-05, 
        0.007590539717274149, 
        0.0012992245661461869, 
        9.42393198945866e-06, 
        0.00524833477341539, 
        0.08307362338799373, 
        0.013855551509905806, 
        0.007628867540730686, 
        0.046528911473722664, 
        0.011119466717304882, 
        0.016247614969702364, 
        4.872441497836089e-06, 
        0.4411022229963674, 
        0.014348061682713204, 
        3.8152560185075e-06, 
        0.406073156371034, 
        0.011494735738849024, 
        0.09561390894191811, 
        0.25831816292817766, 
        0.01216433499408294, 
        0.03915203456545863, 
        3.2679181180207674e-05, 
        0.003022124270490373, 
        0.07623387412180375, 
        0.04608414003699531
    ], 
    "source": "VISpl", 
    "pearson_correlation": [
        0.7057898951099402, 
        0.8565761234214956, 
        0.00917356900365865, 
        0.8337181837201819, 
        0.7738668162858858, 
        0.7113097278563483, 
        0.9511252294543553, 
        0.7700857045430551, 
        0.7323414521916372, 
        0.8855909048281841, 
        0.9126227190407145, 
        0.840658201702561, 
        0.5730110205870123, 
        0.7990489283811563, 
        0.6230886950338052, 
        0.8618406502407996, 
        0.5683582777879179, 
        0.9186459365738674, 
        0.7671175931308034, 
        0.8608851671089659, 
        0.9560382375404862, 
        0.9084888638906035, 
        0.9125226780366424, 
        0.8418439742758485, 
        0.9106467063753616, 
        0.7869606894674789, 
        0.842842716406515, 
        0.8669706661803287, 
        0.730575910998239, 
        0.8114913747424636
    ], 
    "spearman_correlation": [
        0.5509630162873991, 
        0.8351753374328326, 
        0.12820690680199273, 
        0.8444000267568472, 
        0.5832800097164103, 
        0.7727509834543206, 
        0.827447055617231, 
        0.7953777497035762, 
        0.10849798815401937, 
        0.8467298764218447, 
        0.8274320169245655, 
        0.8013830463567708, 
        0.4853379922064968, 
        0.6569513089941195, 
        0.5665986024734837, 
        0.5740887797239391, 
        0.5632269501127555, 
        0.8230525424279674, 
        0.8297579634150334, 
        0.7953974163231187, 
        0.808827200164446, 
        0.835440523573564, 
        0.819643006332849, 
        0.7754895139010667, 
        0.8169911449255348, 
        0.5420601707179743, 
        0.45804542715637603, 
        0.7942419624242175, 
        0.8303641031652768, 
        0.7988725623325806
    ], 
    "injection_overlap": [
        0.0006780452025636633, 
        0.07060194237036493, 
        0, 
        0, 
        0.013487196511584087, 
        0, 
        0, 
        0, 
        0, 
        0.0009031888548022547, 
        0.011760419402030722, 
        0, 
        0, 
        0.03230961709146109, 
        1.8868930279005872e-07, 
        0.06752800794466056, 
        0, 
        0.9984355509730719, 
        0.006716114124967499, 
        0, 
        0.020899466676162198, 
        0.0006514802047171052, 
        0.2705020786098462, 
        0.08533669491734058, 
        0.009693337117385575, 
        0, 
        4.8442485953694665e-05, 
        0, 
        0.436882014193335, 
        0.1963349049472277
    ], 
    "fraction of match covered by td injection": [
        1.4128471601728619e-06, 
        0.003773665270400231, 
        0, 
        0, 
        0.0006403395822232768, 
        0, 
        0, 
        0, 
        0, 
        0.00018911654639085386, 
        0.006374968685218923, 
        0, 
        0, 
        0.002902257657725135, 
        7.973264279413139e-11, 
        0.00288368281041834, 
        0, 
        0.08392539767449236, 
        0.00021787530047463245, 
        0, 
        0.01627256761544507, 
        3.848279888189106e-05, 
        0.013228875239110326, 
        0.03417371610043386, 
        0.0013982192358612015, 
        0, 
        1.4120730856885396e-05, 
        0, 
        0.02449379590455414, 
        0.006121241544667773
    ]
}