{
    "image_series_id": 569904687, 
    "distance": [
        402.49223594996215, 
        396.23225512317896, 
        542.4020648928247, 
        952.6279441628825, 
        674.9814812274482, 
        876.6413177577247, 
        895.488693395958, 
        703.2069396699666, 
        1124.8999955551606, 
        439.65895873961216, 
        474.76309881876875, 
        895.488693395958, 
        600.7495318350236, 
        910.2197536858888, 
        547.7225575051662, 
        510.7837115648854
    ], 
    "exclusion_zone_overlap": [
        0.2872010100949738, 
        0.08963198004860783, 
        0.008610638644946666, 
        0.005205246343897661, 
        0.36300445636786344, 
        0.015266376406268604, 
        0.27866844985078176, 
        0.0019347408777740896, 
        0.014939435788513842, 
        0.38978873340585635, 
        0.44665772211392185, 
        0.03667827964801316, 
        0.048944195013290136, 
        0.0255543820364462, 
        0.009375351354948647, 
        0.1959754134220997
    ], 
    "match_id": [
        112595376, 
        272916915, 
        523718823, 
        501484658, 
        249396394, 
        501006221, 
        572588941, 
        584895127, 
        482581199, 
        496113850, 
        646525997, 
        571100135, 
        592540591, 
        166054929, 
        562521707, 
        303784745
    ], 
    "fraction of match covered by td exclusion zone": [
        0.7211863584447189, 
        0.12390651220385276, 
        0.02809937177847075, 
        0.004882024634221553, 
        0.49556462376632343, 
        0.012391931084623825, 
        0.14317358608467, 
        0.014609696350332015, 
        0.018418192762259422, 
        0.46635400881716127, 
        0.24604966707440418, 
        0.012661399314805028, 
        0.06521141408108304, 
        0.022583424145954132, 
        0.006743069679804023, 
        0.4278427967077917
    ], 
    "source": "RSPv", 
    "pearson_correlation": [
        0.8613144059972819, 
        0.7942687311062772, 
        0.5939776376046896, 
        0.6245069953338629, 
        0.9117228720656464, 
        0.5812152982833735, 
        0.691599896007888, 
        0.6889925670835796, 
        0.7996432776603326, 
        0.7460870794670288, 
        0.7955838909930242, 
        0.6518320304205295, 
        0.7114844680021669, 
        0.785819767809912, 
        0.7702515178304569, 
        0.8756820721355371
    ], 
    "spearman_correlation": [
        0.8200008691504432, 
        0.8033789666075738, 
        0.7819136705103974, 
        0.8071750155923034, 
        0.7283561362580725, 
        0.8248175593463495, 
        0.8072265587162867, 
        0.613945380015233, 
        0.7880319760234774, 
        0.7963601580034564, 
        0.8171591566946503, 
        0.7916168812817707, 
        0.8046670108791273, 
        0.8273047419651496, 
        0.7874620770074922, 
        0.5463066748770025
    ], 
    "injection_overlap": [
        0.4982499057185032, 
        0.12015487852076662, 
        0.00014050518721418979, 
        0, 
        0.8207802116075763, 
        0.002840745089095483, 
        0.4575302978236701, 
        1.8307936395559185e-08, 
        0.004068785194298534, 
        0.8855560207252562, 
        0.7991827459766015, 
        0.004039338585136113, 
        0.001651710299256104, 
        0.004577979945544852, 
        0.0032534549608279795, 
        0.37586982844222167
    ], 
    "fraction of match covered by td injection": [
        0.3715215084004704, 
        0.0253705779564096, 
        0.00046770536011013736, 
        0, 
        0.2406468262385686, 
        0.00014845402044526496, 
        0.04403704458383001, 
        9.22385895441525e-07, 
        0.0008069079942341054, 
        0.295075152487921, 
        0.13196696303010186, 
        0.0007993740002534093, 
        0.002058611831916119, 
        0.0014947538050931275, 
        0.00013864251868257982, 
        0.20547716300699953
    ]
}