{
    "image_series_id": 571653937, 
    "distance": [
        668.2065548915245, 
        681.7624219623725, 
        733.8937252763509, 
        587.2818744010409, 
        2834.8015803579624, 
        936.5361712181757, 
        818.4130986244049, 
        412.91645644125157, 
        595.1470406546604, 
        936.5361712181757, 
        680.6614430096654, 
        653.9877674696982, 
        2197.2255232451676, 
        447.88391353117385, 
        717.0076708097341, 
        1238.2649151130788, 
        711.125867902441, 
        793.6623967405789, 
        780.5767098754612, 
        936.5361712181757, 
        3283.1235127542795, 
        1460.3424255975035, 
        433.0127018922193, 
        2004.7194317410106, 
        542.125446737192, 
        518.555686498567, 
        570.4384278780665, 
        735.5270219373317, 
        316.3858403911275, 
        886.6228059327145, 
        369.8648401781386, 
        436.0045871318328, 
        539.9073994677235, 
        750.5997601918082, 
        315.75306807693886, 
        450.0, 
        449.5553358597804, 
        533.8539126015655, 
        727.1863585079137, 
        610.9828148156051, 
        761.7742447733449, 
        612.2091146005587, 
        835.7032966310471
    ], 
    "exclusion_zone_overlap": [
        0.37982909413213556, 
        0.1590717647717244, 
        0.1776825631125638, 
        0.32417479391775905, 
        0.07120358920171313, 
        0.48296551308348934, 
        0.004535951147343016, 
        0.9743104440841421, 
        0.5088767948737749, 
        0.07811529242776354, 
        0.12416517039938385, 
        0.019663473205001728, 
        0.16320295992190273, 
        0.25665019818858553, 
        0.9489657372677942, 
        0.011909476075896161, 
        0.2891744514021812, 
        0.08332341878962488, 
        0.09661016071102521, 
        0.18276652443552402, 
        0.4898265328841773, 
        0.0001269088536621176, 
        0.13478621520365072, 
        2.2394252919716864e-05, 
        0.6534119092212044, 
        0.12319602845691965, 
        0.22461609239316163, 
        4.60704798011867e-07, 
        0.10770475429995165, 
        0.008874031570508884, 
        0.027120714774936563, 
        0.0643381106507687, 
        0.04684297548249308, 
        0.17596894419528464, 
        0.2947952304401913, 
        0.394557909094527, 
        0.1018209322026221, 
        0.32234067303221065, 
        0.24713350604660006, 
        0.07428763446919008, 
        0.008432137778796315, 
        0.03675015719916374, 
        8.4431797359476e-05
    ], 
    "match_id": [
        307297141, 
        180296424, 
        146858755, 
        307321674, 
        626107114, 
        307558646, 
        307320960, 
        307743253, 
        116903968, 
        307557934, 
        309003780, 
        304565427, 
        127222723, 
        307137980, 
        309004492, 
        309113907, 
        307295727, 
        307296433, 
        304762965, 
        309372716, 
        638314843, 
        127795906, 
        500836105, 
        579409876, 
        512315551, 
        479981981, 
        479673174, 
        500837552, 
        530555292, 
        510834706, 
        495562600, 
        479700629, 
        518605900, 
        167794131, 
        479982715, 
        562520963, 
        479673887, 
        482580380, 
        661987195, 
        479980810, 
        480069939, 
        524666904, 
        503069254
    ], 
    "fraction of match covered by td exclusion zone": [
        0.15466855454885542, 
        0.05898495105364742, 
        0.5645635583163887, 
        0.11228729948019324, 
        0.010671964939962881, 
        0.11516440411428248, 
        0.0031576414155649545, 
        0.5444735872606145, 
        0.7048493166061482, 
        0.040216681424186954, 
        0.11211751278739214, 
        0.02984404342488074, 
        0.020679649284233083, 
        0.14544471384472812, 
        0.2549727548320651, 
        0.002902797320417526, 
        0.1525891090182974, 
        0.030080225156442108, 
        0.031124525565658086, 
        0.05336465693080321, 
        0.11032668544376259, 
        0.00011646493293737333, 
        0.18434895969697493, 
        8.138241002090767e-07, 
        0.11159450644841933, 
        0.14458392466681486, 
        0.05269380203000567, 
        7.638786406415732e-08, 
        0.23479895537232848, 
        0.011690397707201903, 
        0.07085602339178103, 
        0.1513816012622705, 
        0.058641854001142156, 
        0.2792603097398978, 
        0.7823397426631135, 
        0.9595893397752667, 
        0.19348227781418592, 
        0.37517382562805723, 
        0.07242524925574789, 
        0.10945506251075082, 
        0.015048344534015545, 
        0.18198655065533412, 
        0.00025066895431714815
    ], 
    "source": "VISl", 
    "pearson_correlation": [
        0.9542189503581987, 
        0.8883110934415683, 
        0.9388236536678287, 
        0.9338721658854588, 
        0.42446750899701025, 
        0.9469122362068458, 
        0.9140432813531933, 
        0.9143715891849266, 
        0.9128863485144595, 
        0.9508352631826698, 
        0.9473238797815228, 
        0.9118479752068772, 
        0.2120609054759638, 
        0.9659542358432657, 
        0.8984666703105205, 
        0.9149077345348708, 
        0.9021948154742071, 
        0.9015865528849049, 
        0.6683225918145889, 
        0.933652012807221, 
        0.5296953356084498, 
        0.28974341940099174, 
        0.8733237767729606, 
        0.7161295560526716, 
        0.9416109426649193, 
        0.9134827788404967, 
        0.8996817837505179, 
        0.9248555315466781, 
        0.8757531474605549, 
        0.7207048029091577, 
        0.9299795239091768, 
        0.9302561906024988, 
        0.8112342625804962, 
        0.87573951993433, 
        0.9515696804956056, 
        0.9169855081711805, 
        0.9430111878157706, 
        0.8922449690951095, 
        0.6905117202567271, 
        0.9518963886861135, 
        0.9323978854571896, 
        0.8143248819714715, 
        0.9623490615677988
    ], 
    "spearman_correlation": [
        0.8972112497823942, 
        0.9314337069247013, 
        0.9141745791677958, 
        0.9137429093263445, 
        0.42938005650193994, 
        0.9384694992555137, 
        0.9188439459750615, 
        0.9392277971702321, 
        0.9227623721865144, 
        0.9299600738075666, 
        0.8405616378719434, 
        0.8650775798827706, 
        0.40837168848810385, 
        0.9215198971313332, 
        0.9393794567531758, 
        0.9377339186784912, 
        0.9352046606762128, 
        0.9193838615513386, 
        0.4535654099537958, 
        0.924353768190814, 
        0.10431361815912706, 
        0.6007615229356663, 
        0.8981991954094994, 
        0.7790681177868585, 
        0.9332439723841022, 
        0.8702612597842856, 
        0.9027727501224595, 
        0.8888723910002151, 
        0.8344091649985942, 
        0.8535394515215884, 
        0.8777986690464322, 
        0.9350414797168298, 
        0.8868026071952846, 
        0.919415818953391, 
        0.9398876256919648, 
        0.8887266066102499, 
        0.9441624321182893, 
        0.897557460137737, 
        0.8518673271777375, 
        0.9183353463755286, 
        0.7920337887212059, 
        0.8887360844398804, 
        0.7935308078313724
    ],