{
    "image_series_id": 571816813, 
    "distance": [
        1226.4990827554661, 
        955.928867646542, 
        876.6983517721475, 
        785.4934754662193, 
        459.78255730290596, 
        848.8816171881683, 
        1780.3932149949349, 
        666.4833081180653, 
        396.3584236521283, 
        392.3009049186606, 
        859.4184079946159, 
        621.1280061307814
    ], 
    "exclusion_zone_overlap": [
        0.12260849294334496, 
        0.007617890814708798, 
        0.12386441440876216, 
        0.34157992432819523, 
        0.17631520598053757, 
        6.979063656359202e-05, 
        6.407194327915961e-08, 
        0.28645837681951825, 
        0.3831192105063396, 
        0.38877384557302747, 
        0.002162525627371965, 
        0.23650600475484784
    ], 
    "match_id": [
        180709230, 
        170721670, 
        112423392, 
        112306316, 
        158435116, 
        478376197, 
        496554237, 
        480994108, 
        287769286, 
        156741826, 
        478582494, 
        167902586
    ], 
    "fraction of match covered by td exclusion zone": [
        0.14512678417066568, 
        0.027391967694272837, 
        0.6627867738351254, 
        0.7371571136574796, 
        0.9207397851323632, 
        0.0005596702272482626, 
        4.343098420231006e-05, 
        0.4392642059074734, 
        0.9297082747702238, 
        0.6408132997235324, 
        0.01254722955474076, 
        0.37372168434423153
    ], 
    "source": "ORBl", 
    "pearson_correlation": [
        0.7044080889624585, 
        0.4652270846595185, 
        0.9220658871861133, 
        0.8220781389340789, 
        0.6049274091168365, 
        0.27554736166759425, 
        0.4033005843327301, 
        0.7083557669404347, 
        0.908093322758951, 
        0.9284474139716524, 
        0.39294060375576956, 
        0.5909978604444796
    ], 
    "spearman_correlation": [
        0.704998127050652, 
        0.6144109868555827, 
        0.48019423822274215, 
        0.7820915454389468, 
        0.34775104696793907, 
        0.6593631295552739, 
        0.5716079050076696, 
        0.4899564027420242, 
        0.575986662296901, 
        0.7068375781738018, 
        0.4905345503494768, 
        0.56497342426641
    ], 
    "injection_overlap": [
        0.004596510259083062, 
        0, 
        0.1501109396508798, 
        0.7439116887056695, 
        0.2233955579061104, 
        0, 
        0, 
        0.42460362174829175, 
        0.5747689431493213, 
        0.6707933931702855, 
        0, 
        0.20976876172077955
    ], 
    "fraction of match covered by td injection": [
        0.0011610890345220678, 
        0, 
        0.08272999932706875, 
        0.1294700604161364, 
        0.09759222792669367, 
        0, 
        0, 
        0.04658270752918823, 
        0.12019236434062318, 
        0.08863415656675215, 
        0, 
        0.028185389950270746
    ]
}