{
    "image_series_id": 572595932, 
    "distance": [
        833.6066218546971, 
        1206.8968472906042, 
        841.486779456457, 
        1205.7362895757929, 
        622.4146527838175, 
        704.3436661176133, 
        815.6592425762121, 
        406.201920231798, 
        1198.70763741623, 
        893.2524839036273, 
        1480.6079832285113, 
        1236.4465212858986, 
        1370.9485767161364, 
        1026.8885041717042, 
        1054.9881515922348, 
        802.7452896155792, 
        1266.412255152326, 
        700.9992867328754, 
        1026.8885041717042, 
        2710.14759745664
    ], 
    "exclusion_zone_overlap": [
        0.014957142742721937, 
        5.1713261573908e-05, 
        0.00516233244997584, 
        0.014558352935539946, 
        0.022884195443654033, 
        0.017669349359960305, 
        0.03746609032271339, 
        0.27181503555323744, 
        0.000186113757003233, 
        0.0028705029928554, 
        0.11623214747837358, 
        0.038628963637379596, 
        0.001198236776319994, 
        0.053220417101318224, 
        0.018576939083070284, 
        0.1075984049277492, 
        0.06141236701360734, 
        1.6330677954744815e-08, 
        0.01765440920029249, 
        0.024832436769588642
    ], 
    "match_id": [
        126861679, 
        180720175, 
        100148503, 
        100147861, 
        112229103, 
        116900714, 
        100141495, 
        126852363, 
        518742338, 
        559878074, 
        646525997, 
        576341623, 
        571100135, 
        575782182, 
        524667618, 
        646525156, 
        597007143, 
        591535205, 
        562674923, 
        183174303
    ], 
    "fraction of match covered by td exclusion zone": [
        0.09516167100397643, 
        2.4488603952540282e-05, 
        0.06692986716027512, 
        0.03135310124464104, 
        0.41156582587508406, 
        0.04389486331426367, 
        0.2013493999606351, 
        0.45500634273729307, 
        0.0005294338405391141, 
        0.015858209694368647, 
        0.08905897486145885, 
        0.10775127160931129, 
        0.0016434239033630135, 
        0.1165833647857191, 
        0.028661612673122415, 
        0.3855389452434599, 
        0.08806263519808752, 
        4.983609414807567e-06, 
        0.08923759410188056, 
        0.2131662785352279
    ], 
    "source": "RSPagl", 
    "pearson_correlation": [
        0.664934797197904, 
        0.41154355596351333, 
        0.639244039123282, 
        0.47051847483005915, 
        0.6836129385190689, 
        0.6799884577643109, 
        0.44603001634450173, 
        0.5538516035063454, 
        0.5343888811497235, 
        0.473510793718796, 
        0.5439716866090081, 
        0.6113229602814099, 
        0.5126386233647725, 
        0.6040772432582755, 
        0.5478877095799435, 
        0.65665264497714, 
        0.6218692517141514, 
        0.6630301068984532, 
        0.567615241994908, 
        0.6578921175180005
    ], 
    "spearman_correlation": [
        0.6886667169029099, 
        0.6260754901860978, 
        0.6977495977855768, 
        0.6361844518018456, 
        0.7122994881132033, 
        0.7272150621464222, 
        0.5912445669068135, 
        0.6993818279653371, 
        0.6206795292388899, 
        0.7219025052840617, 
        0.5148438041124256, 
        0.5871227970138156, 
        0.5536044702047359, 
        0.6497236250846264, 
        0.7258335582314542, 
        0.6585184653473355, 
        0.7383345211376191, 
        0.7501921933258786, 
        0.6017168550916734, 
        0.602261991260727
    ], 
    "injection_overlap": [
        0, 
        0, 
        0, 
        0.034524299165578705, 
        0.001789552719977029, 
        0.0006581350876895014, 
        0.025162343927983735, 
        0.2204481591750991, 
        0, 
        0, 
        0.21748699625151474, 
        0.016859833449755408, 
        0, 
        0.005105240607789507, 
        0.006740448075091294, 
        0.09186823978089564, 
        0.014891728533432146, 
        0, 
        7.208212919916767e-05, 
        0.2181020808831899
    ], 
    "fraction of match covered by td injection": [
        0, 
        0, 
        0, 
        0.00561238504145012, 
        0.0017774070516938672, 
        5.54559305646517e-05, 
        0.006484953549987402, 
        0.038970205727608384, 
        0, 
        0, 
        0.01600098047879605, 
        0.003691045980799586, 
        0, 
        0.00018178021286426344, 
        0.0008691703792492992, 
        0.03535421655394633, 
        0.0006963189444636905, 
        0, 
        3.102029775333421e-05, 
        0.16331024813156592
    ]
}