{
    "image_series_id": 573977678, 
    "distance": [
        431.161222746202, 
        422.1374183841087, 
        254.1653005427767, 
        974.5768312452333, 
        751.5982969645421, 
        459.34736311423404, 
        899.4442728707544, 
        403.732584763727, 
        1655.234122412899, 
        723.8784428341543, 
        747.6630257007498, 
        744.3789357578571, 
        1095.9014554237986, 
        574.2821606144491
    ], 
    "exclusion_zone_overlap": [
        0.44123013076206813, 
        0.3479752681902774, 
        0.24291639383786304, 
        0.29159852905026024, 
        0.033291185618860575, 
        0.11258919549038993, 
        0.3239552807282951, 
        0.4401458578239356, 
        0.012743675594653147, 
        0.04365608063812322, 
        0.028815542907636996, 
        0.14689440345574845, 
        0.04004733028068931, 
        0.5290886625964636
    ], 
    "match_id": [
        146593590, 
        139426984, 
        139520203, 
        180916954, 
        584194481, 
        526783054, 
        125833030, 
        478491090, 
        583747816, 
        182793477, 
        126117554, 
        478376911, 
        161458737, 
        496576666
    ], 
    "fraction of match covered by td exclusion zone": [
        0.8361147079199162, 
        0.901731152741592, 
        0.5284458555159911, 
        0.1959470108689456, 
        0.0680416201497337, 
        0.9469769882069979, 
        0.6637532563388638, 
        0.837119205689091, 
        0.007938641560220594, 
        0.01882009401239402, 
        0.11547149258226988, 
        0.37661078740067444, 
        0.029885872495126125, 
        0.8140930179797794
    ], 
    "source": "MOs", 
    "pearson_correlation": [
        0.8558657883589682, 
        0.7804309127719566, 
        0.6816722915248804, 
        0.7739876366866717, 
        0.7787120094222596, 
        0.8117027876977371, 
        0.89887254103653, 
        0.7229752238537728, 
        0.7286724992681637, 
        0.4702358408297216, 
        0.43938252156307894, 
        0.7974999753566543, 
        0.5847730497031055, 
        0.8481248966801272
    ], 
    "spearman_correlation": [
        0.8992331301186596, 
        0.8341605268765574, 
        0.8481872341254271, 
        0.7939291916451882, 
        0.7930262601641928, 
        0.8709267365435258, 
        0.8929638021220322, 
        0.8973164530353532, 
        0.8441499079314245, 
        0.5283986024145386, 
        0.8258887209802998, 
        0.8813315549957598, 
        0.9021812697222126, 
        0.8906788964365142
    ], 
    "injection_overlap": [
        0.9360139480718993, 
        0.17004129016218802, 
        0.3293162954925988, 
        0.8169502535397809, 
        0.0002925439072610033, 
        0.026593586232845048, 
        0.24715585814670757, 
        0.8529753720380714, 
        5.8169059459710184e-05, 
        0.001417032371611904, 
        0.0005231076036401496, 
        0.02801322503478614, 
        0.0016633040721365107, 
        0.8135774030316978
    ], 
    "fraction of match covered by td injection": [
        0.28374373820703797, 
        0.09474855744813486, 
        0.10736025433452467, 
        0.0496092531531933, 
        0.00020735347973855608, 
        0.13948894724929023, 
        0.11485529504399503, 
        0.23341364235312392, 
        1.746176018288453e-07, 
        3.805658574520841e-05, 
        0.00607407920457678, 
        0.027044927838653244, 
        0.0012414486534569195, 
        0.21516794940224837
    ]
}