{
    "image_series_id": 592698087, 
    "distance": [
        772.72245987806, 
        616.6846844214634, 
        1239.112585683803, 
        962.1850133939938, 
        864.0601830891179, 
        727.4613391789285, 
        565.4201977290871, 
        473.9198244429114, 
        833.8465086573187, 
        774.2092740338364, 
        999.0495483208027, 
        897.8307190111062, 
        606.4651680022522, 
        760.920495189872, 
        546.3515351859094, 
        467.8675026115834, 
        703.7044834303672, 
        934.3982020530648, 
        980.2040603874277, 
        667.3829485385434, 
        826.8615361715648, 
        1055.2724766618335, 
        769.7402159170326, 
        657.4191965557441
    ], 
    "exclusion_zone_overlap": [
        0.4221296172698623, 
        0.32659807767688076, 
        0.0015105496322427325, 
        0.13906231522292548, 
        0.43390675974882426, 
        0.33076499389358915, 
        0.26641239120378096, 
        0.1137496986512592, 
        0.5523449730991716, 
        0.03401839778174045, 
        0.11224222151950071, 
        0.10779641168797906, 
        0.27034068086546303, 
        0.2203168388478995, 
        0.07325706981032956, 
        0.031135580659821752, 
        0.1784623022304309, 
        0.005222720866565424, 
        0.07552167773553795, 
        0.7603279965099751, 
        0.2221913987427433, 
        0.21543398499258332, 
        0.5023256097556729, 
        0.1970405266665743
    ], 
    "match_id": [
        484504171, 
        204832205, 
        278510903, 
        159432479, 
        166264185, 
        159331462, 
        506947040, 
        266839077, 
        267610466, 
        184158290, 
        538833505, 
        170784358, 
        573035760, 
        480703321, 
        305125123, 
        167373923, 
        292321278, 
        181895006, 
        265947058, 
        167571459, 
        514333422, 
        479267539, 
        278500868, 
        264707643
    ], 
    "fraction of match covered by td exclusion zone": [
        0.3399822843705922, 
        0.11484433021590341, 
        0.0008724163677401869, 
        0.06278729217264849, 
        0.18733085250798331, 
        0.17476472931743642, 
        0.37555535646014865, 
        0.10949206545191814, 
        0.22438586426585613, 
        0.01570426907266311, 
        0.040941889316481295, 
        0.03681114202503881, 
        0.5352839337268207, 
        0.07199658488065293, 
        0.12049689358454618, 
        0.04576121653270972, 
        0.2422389507938426, 
        0.0023359375763869626, 
        0.02949827611870171, 
        0.5204238171758747, 
        0.5562228403818447, 
        0.22247034642513627, 
        0.2846432462140719, 
        0.33513444322463004
    ], 
    "source": "AM", 
    "pearson_correlation": [
        0.625319181819352, 
        0.8343835210406874, 
        0.23145505470657024, 
        0.5863508117254201, 
        0.4087924684210956, 
        0.7622586027142226, 
        0.7023159548150295, 
        0.4325623666027789, 
        0.7604540722269288, 
        0.5240524691596586, 
        0.49477720888508386, 
        0.6700520607152002, 
        0.8487866244916585, 
        0.3193543924180265, 
        0.3458524307257744, 
        0.2871846009382016, 
        0.8057483741151287, 
        0.7420579106916086, 
        0.1506295073400526, 
        0.9168698024682, 
        0.848361265177917, 
        0.8199675023056565, 
        0.746538192486195, 
        0.5101815894334333
    ], 
    "spearman_correlation": [
        0.790258643561997, 
        0.8118570021468421, 
        0.28274067255049623, 
        0.7065892428975453, 
        0.7522600330077125, 
        0.8573496480561318, 
        0.6707150206032001, 
        0.48513096666356487, 
        0.7283294502043496, 
        0.6191913193691083, 
        0.7989903604991022, 
        0.7532139892602064, 
        0.6569918500615595, 
        0.7428623355473368, 
        0.5369868260744652, 
        0.5023696590697649, 
        0.8420425699270121, 
        0.8588702774361643, 
        0.7667353262654502, 
        0.8904571734672794, 
        0.774357041612064, 
        0.8447238611762784, 
        0.6735925911251228, 
        0.1583366756988626
    ], 
    "injection_overlap": [
        0.17421125808995505, 
        0.5182815712056363, 
        2.0347431136432673e-05, 
        0.09670809643325404, 
        0.2780478871282287, 
        0.4726084436327823, 
        0.15355445049659, 
        0.1701345498722716, 
        0.5378883617077804, 
        0.014659842443384299, 
        0.04160516934423, 
        0.1634372362993111, 
        0.10800291878913983, 
        0.07389305887841088, 
        0.04477366647312769, 
        0.004444934555704899, 
        0.227462442093715, 
        0, 
        0.014689032574455828, 
        0.905666201063126, 
        0.17458562949003895, 
        0.2879942749638716, 
        0.3641055746922498, 
        0.09583340021755446
    ], 
    "fraction of match covered by td injection": [
        0.027913797320483096, 
        0.01865639126944488, 
        7.387056466081929e-06, 
        0.0065061302976168935, 
        0.01427256105755506, 
        0.021192086167891734, 
        0.037856787449619775, 
        0.015417685161188964, 
        0.03069085704294954, 
        0.00036793129040558163, 
        0.010051473972953012, 
        0.0024207161650385786, 
        0.04624091751512063, 
        0.006237136207813583, 
        0.005639244473332785, 
        0.0016273081532093944, 
        0.049362187564474316, 
        0, 
        0.0027414745519386235, 
        0.08183275664838505, 
        0.06413133248181155, 
        0.06146463497356145, 
        0.034472149138287105, 
        0.02547923112174286
    ]
}