{
    "image_series_id": 601904029, 
    "distance": [
        759.2101158440922, 
        1190.5040949110592, 
        959.7395480024776, 
        554.4366510251645, 
        393.3192087859427, 
        1601.5929570274714, 
        1145.600279329575, 
        864.9277426467485, 
        1135.7376457615553
    ], 
    "exclusion_zone_overlap": [
        7.3367511686256e-05, 
        0.0030023637526627503, 
        0.00033815005404823546, 
        0.31069981643768524, 
        0.6539660826804045, 
        0.02199377187113058, 
        0.008490226123080272, 
        0.00029505329248202946, 
        0.011032251554193457
    ], 
    "match_id": [
        126861679, 
        180720175, 
        100147861, 
        100141495, 
        126852363, 
        646525997, 
        575782182, 
        646525156, 
        597007143
    ], 
    "fraction of match covered by td exclusion zone": [
        0.0006283979649702968, 
        0.0009326683592661993, 
        0.00025446872147714494, 
        0.7434274341638237, 
        0.5662180036935863, 
        0.005359851232446159, 
        0.004228024858505927, 
        0.0008019241443607186, 
        0.009748897814814233
    ], 
    "source": "SSp-tr", 
    "pearson_correlation": [
        0.1963917589156125, 
        0.6218413126243888, 
        0.6158193828655297, 
        0.7540555679498182, 
        0.896095312137927, 
        -0.027217217223533912, 
        0.03050879932778215, 
        0.050574112252683406, 
        0.14431189240226036
    ], 
    "spearman_correlation": [
        0.704805464978375, 
        0.7754418896368201, 
        0.713939702732605, 
        0.78279075009997, 
        0.8619778866772587, 
        0.4181124625563021, 
        0.533027731988605, 
        0.5764374379275586, 
        0.7042291881421886
    ], 
    "injection_overlap": [
        0, 
        0, 
        0, 
        0.5320611664732043, 
        0.8863568469102036, 
        0, 
        0.00014173271224798858, 
        0, 
        0.0009618029253709827
    ], 
    "fraction of match covered by td injection": [
        0, 
        0, 
        0, 
        0.26417813335000795, 
        0.13830032032213938, 
        0, 
        2.6355955106642693e-06, 
        0, 
        8.439461409730363e-05
    ]
}