{
    "image_series_id": 605496542, 
    "distance": [
        940.7443861113389, 
        459.34736311423404, 
        1405.0622761998843, 
        550.0909015790027, 
        1004.8382954485761
    ], 
    "exclusion_zone_overlap": [
        0.3118964110949969, 
        0.2937944478383809, 
        0.0010913705425798013, 
        0.36059307505902277, 
        0.07053763291511193
    ], 
    "match_id": [
        100140949, 
        100148142, 
        501484658, 
        159832064, 
        591535205
    ], 
    "fraction of match covered by td exclusion zone": [
        0.713244526445289, 
        0.9251390155152541, 
        0.001681170185273611, 
        0.9033451651740739, 
        0.2715774049286114
    ], 
    "source": "RSPv", 
    "pearson_correlation": [
        0.9100402358943704, 
        0.9641276297751127, 
        0.8189200417887822, 
        0.9519348372374618, 
        0.8219016125796905
    ], 
    "spearman_correlation": [
        0.8764910552878893, 
        0.8853753148165098, 
        0.8020188552166223, 
        0.8923889090042223, 
        0.8296700894002831
    ], 
    "injection_overlap": [
        0.5049855464453123, 
        0.4345704053063453, 
        7.554307172585073e-05, 
        0.5883826526446387, 
        0.023082810955090575
    ], 
    "fraction of match covered by td injection": [
        0.3619783502161353, 
        0.5011881005827719, 
        1.2124738285714846e-06, 
        0.4725368373135627, 
        0.023950294024564216
    ]
}