{
    "image_series_id": 609157409, 
    "distance": [
        1081.3417591122613, 
        983.107318658548, 
        700.713921654194, 
        645.3681120105022, 
        110.45361017187261, 
        1185.1160280748886, 
        399.6248240537617, 
        1290.310040261642, 
        1022.0078277586723, 
        1179.3642355099632, 
        860.9297300012354, 
        962.2889378975527, 
        946.6255859631093, 
        216.1018278497431, 
        1032.9085148259744
    ], 
    "exclusion_zone_overlap": [
        0.04390492386634381, 
        0.02200572218120559, 
        0.03155158403651186, 
        0.005298117900155169, 
        0.18863743988550333, 
        0.10081534261229881, 
        0.35943743224065255, 
        0.23907705387529246, 
        0.08684773948967137, 
        0.007994003314963758, 
        0.053716512571888086, 
        0.0008893141017202521, 
        0.044569277896255234, 
        0.42461454850709085, 
        0.05884661849956333
    ], 
    "match_id": [
        100141454, 
        112952510, 
        157556400, 
        112423392, 
        157711748, 
        126860974, 
        478376197, 
        496554237, 
        166055636, 
        480994108, 
        286313491, 
        583747816, 
        478582494, 
        263106036, 
        167902586
    ], 
    "fraction of match covered by td exclusion zone": [
        0.5321686446443722, 
        0.10608845886282527, 
        0.23433242356527206, 
        0.06695517716645824, 
        1.0000000000000002, 
        0.4014230154682224, 
        0.852201173584638, 
        0.6857508028672346, 
        0.24766878089784497, 
        0.022882337085381566, 
        0.30453512698535945, 
        0.0014926939195910355, 
        0.26968457827254666, 
        0.9799345793912252, 
        0.171940445210987
    ], 
    "source": "PL", 
    "pearson_correlation": [
        0.21316373361010715, 
        0.09539920145275162, 
        0.6194830713876553, 
        0.10615184195792028, 
        0.8923456772944063, 
        0.7896480849994942, 
        0.8958273305913923, 
        0.8003403222073454, 
        0.03069097859997413, 
        0.3492278476871463, 
        0.762401918822364, 
        0.31168117326196804, 
        0.5627039650075185, 
        0.9465586971378606, 
        0.6928208885753371
    ], 
    "spearman_correlation": [
        0.598450550857856, 
        0.604300133372161, 
        0.7590168794884631, 
        0.6509238190111302, 
        0.9440397184332245, 
        0.9415901570818551, 
        0.9111021573240867, 
        0.890535111263697, 
        0.5115260029147563, 
        0.7205848677936744, 
        0.8121578739320192, 
        0.6989672271117001, 
        0.7559359570875336, 
        0.9206048330004012, 
        0.841857560463612
    ], 
    "injection_overlap": [
        0.00804868846947301, 
        0.001816842457506743, 
        0.014926097010773336, 
        0, 
        0.4341881255501865, 
        0.0088087614839782, 
        0.5776890438832021, 
        0.16127098386736155, 
        0.018065467977764534, 
        0, 
        0.006453927466762897, 
        0, 
        1.2629430531046084e-07, 
        0.7589281313221713, 
        3.893816736881809e-05
    ], 
    "fraction of match covered by td injection": [
        0.13366175547546696, 
        0.01012304613578126, 
        0.022720160077839193, 
        0, 
        0.7343510061492422, 
        0.013747924075333, 
        0.35885537598023065, 
        0.10426135323726551, 
        0.06611416037026595, 
        0, 
        0.008841641064317928, 
        0, 
        1.9357813694242016e-07, 
        0.5046408908551031, 
        1.172649947778552e-05
    ]
}