{
    "image_series_id": 617898760, 
    "distance": [
        781.4089838234521, 
        908.0748867797192, 
        680.0735254367721, 
        310.16124838541646, 
        613.5144660071187, 
        620.0, 
        1561.6017418023073, 
        550.8175741568165, 
        450.8880127038198, 
        426.7317658670374, 
        368.23905279043936, 
        767.7239087067694, 
        331.058907144937
    ], 
    "exclusion_zone_overlap": [
        0.1621009211785201, 
        0.003794869048061089, 
        0.0558759874795397, 
        0.11792476165737509, 
        0.1950929953581217, 
        0.343490038319075, 
        0.29564403955274504, 
        0.5402338722876959, 
        0.26438267304517205, 
        0.07008240025991115, 
        0.44981970953678957, 
        0.037220174699155444, 
        0.8311903892889732
    ], 
    "match_id": [
        112423392, 
        112306316, 
        157711748, 
        158435116, 
        126860974, 
        478376197, 
        496554237, 
        480994108, 
        287769286, 
        156741826, 
        478582494, 
        263106036, 
        167902586
    ], 
    "fraction of match covered by td exclusion zone": [
        0.35948516344829456, 
        0.005317498098476613, 
        0.10445993852197732, 
        0.34468190810956384, 
        0.20619898187746288, 
        0.22174640268696247, 
        0.32241083305088064, 
        0.31958736468907245, 
        0.30096559259547984, 
        0.06496125917184371, 
        0.5294432285077627, 
        0.03937746451870895, 
        0.5089867293803072
    ], 
    "source": "ORBvl", 
    "pearson_correlation": [
        0.8312185098682469, 
        0.3012502485737953, 
        0.24050288713498252, 
        0.7270935542327459, 
        0.42617468159657035, 
        0.3566010247243103, 
        0.4179474565615465, 
        0.6609140096515355, 
        0.5601534515761986, 
        0.5055761055238145, 
        0.48565399207683474, 
        0.1780226901598962, 
        0.5393206100701682
    ], 
    "spearman_correlation": [
        0.5792461626958474, 
        0.48206483910874626, 
        0.6884722469413337, 
        0.54804151018462, 
        0.7211956896372295, 
        0.6636476914102598, 
        0.6503778737280357, 
        0.5932412141361841, 
        0.5815002676197111, 
        0.6451738314907676, 
        0.6167035062567489, 
        0.621976151687352, 
        0.621466527965435
    ], 
    "injection_overlap": [
        0.14866218204954423, 
        0.00023196069256785826, 
        0.02897439189191787, 
        0.0860875653312999, 
        0.10685195053356716, 
        0.34137921343953875, 
        0.2648093425937344, 
        0.6564408249226421, 
        0.3368483491546873, 
        0.03134807125077131, 
        0.4350179593604765, 
        0.00906885135447677, 
        0.9332328836606406
    ], 
    "fraction of match covered by td injection": [
        0.1313784155942113, 
        7.012784059084566e-05, 
        0.02076728019616056, 
        0.109984671283284, 
        0.07178215582670062, 
        0.10379219205587213, 
        0.1403296603385711, 
        0.11833147779028644, 
        0.1123106226204795, 
        0.010962980573187578, 
        0.2604977366660814, 
        0.00520663318329539, 
        0.24082986165563475
    ]
}