{
    "image_series_id": 664716091, 
    "distance": [
        361.8010503025109, 
        377.75653535048207, 
        602.0797289396148, 
        654.5991139621257, 
        933.5952013587045, 
        912.9074432821764, 
        673.2013071882734, 
        1179.1946404220128, 
        489.2851929090027, 
        491.62994213127416, 
        912.9074432821764, 
        582.5804665451803, 
        870.976463516667, 
        621.3694553162394, 
        1128.583182578936, 
        559.4640292279746
    ], 
    "exclusion_zone_overlap": [
        0.24441880237337696, 
        0.0667516422417093, 
        0.035607650046408056, 
        0.43349796329035667, 
        0.03655317990510631, 
        0.25932680248726103, 
        0.00014848479561298505, 
        0.0898202346329311, 
        0.49048708133670993, 
        0.4249340492113416, 
        0.024529928343847908, 
        0.10496821724832368, 
        0.024540328548449508, 
        0.08199411895715511, 
        0.0011789266701799804, 
        0.3003824500537534
    ], 
    "match_id": [
        112595376, 
        272916915, 
        523718823, 
        249396394, 
        501006221, 
        572588941, 
        584895127, 
        482581199, 
        496113850, 
        646525997, 
        571100135, 
        592540591, 
        166054929, 
        562521707, 
        584511827, 
        303784745
    ], 
    "fraction of match covered by td exclusion zone": [
        0.6538602836826273, 
        0.07847714921720453, 
        0.09834090671289546, 
        0.5299615008232765, 
        0.030208587542007198, 
        0.12813214942071913, 
        0.0005903119278030791, 
        0.11473869186264449, 
        0.5469555497870202, 
        0.2437158737403119, 
        0.013499602698732153, 
        0.13314513448622864, 
        0.02152151732833979, 
        0.17383394214114056, 
        0.00034901213711388594, 
        0.5717005108929795
    ], 
    "source": "RSPv", 
    "pearson_correlation": [
        0.7354258148806401, 
        0.9151599388343293, 
        0.7659018771108604, 
        0.8774598159811595, 
        0.8300613098813908, 
        0.8366746762098266, 
        0.8470652312630802, 
        0.7632576481767698, 
        0.8346027215687869, 
        0.8148287255364759, 
        0.7062065151268939, 
        0.8073864503119345, 
        0.8626667064940918, 
        0.6011285917236011, 
        0.48830484667860585, 
        0.8079890339203314
    ], 
    "spearman_correlation": [
        0.74243222330754, 
        0.7059954364204585, 
        0.7428093459550634, 
        0.723185859389629, 
        0.7407603029896324, 
        0.7408778750703343, 
        0.6036427053166599, 
        0.729638804441422, 
        0.7348830933048762, 
        0.7185767289646601, 
        0.7380098554263068, 
        0.7559179794623759, 
        0.7658857081275917, 
        0.7152771129392492, 
        0.7194865348777278, 
        0.5134138974459976
    ], 
    "injection_overlap": [
        0.4576159644720674, 
        0.05027662099938101, 
        0.0065167243790034005, 
        0.7325049795237856, 
        0.009548022463860486, 
        0.352947166308557, 
        9.475040518895257e-05, 
        0.04855523866264928, 
        0.7916581513752622, 
        0.6312750175784565, 
        0.0010941949864549357, 
        0.07225970935814646, 
        0.004627136838806421, 
        0.05070414254741561, 
        0, 
        0.5450866544638776
    ], 
    "fraction of match covered by td injection": [
        0.3369629922949803, 
        0.009247298912992268, 
        0.005168946214948311, 
        0.282533423073082, 
        0.0012770878848491327, 
        0.035511488005897394, 
        0.0002529276839274056, 
        0.024715079812559385, 
        0.327526729284175, 
        0.123800484912908, 
        0.0003209068450375242, 
        0.04359457010999236, 
        0.0008122519930409659, 
        0.03524986678676238, 
        0, 
        0.29335362687595073
    ]
}