{
    "image_series_id": 666090944, 
    "distance": [
        458.1484475582123, 
        436.4630568559039, 
        478.0167361086848, 
        706.7531393633848, 
        816.9455306200041, 
        885.6635930193811, 
        751.9308478842985, 
        1061.1785900591851, 
        394.715087119811, 
        471.6990566028302, 
        885.6635930193811, 
        638.9053137985316, 
        966.5402216152207, 
        465.0806381693394, 
        469.6807426326951
    ], 
    "exclusion_zone_overlap": [
        0.26660053732564143, 
        0.08333126164379631, 
        0.13500295881038846, 
        0.4747186393508558, 
        0.1255938599726183, 
        0.3081578728402246, 
        0.005127369157763038, 
        0.1938736965453678, 
        0.5452718619978174, 
        0.48509286764379395, 
        0.008808344337265241, 
        0.09081945405578039, 
        0.028171194691146866, 
        0.12028573047173972, 
        0.3926177201832293
    ], 
    "match_id": [
        112595376, 
        272916915, 
        523718823, 
        249396394, 
        501006221, 
        572588941, 
        584895127, 
        482581199, 
        496113850, 
        646525997, 
        571100135, 
        592540591, 
        166054929, 
        562521707, 
        303784745
    ], 
    "fraction of match covered by td exclusion zone": [
        0.6263423494213125, 
        0.06833509550866615, 
        0.19898067124701455, 
        0.47060799993793034, 
        0.07625092035971857, 
        0.11296345128598251, 
        0.03864527234334696, 
        0.22683066779204725, 
        0.516027690933309, 
        0.2271261635793753, 
        0.0024223787661900795, 
        0.0790665517444479, 
        0.022592397303696495, 
        0.21043936594671367, 
        0.584817409742401
    ], 
    "source": "RSPv", 
    "pearson_correlation": [
        0.8619255337058804, 
        0.8935735496851869, 
        0.6312203930288145, 
        0.9564476291582558, 
        0.6703033111823463, 
        0.7493112380975819, 
        0.7885152272154672, 
        0.7996651298455808, 
        0.7998854309331996, 
        0.8488602136514507, 
        0.7029369318569402, 
        0.7881017364102745, 
        0.8727647457475048, 
        0.739441215666377, 
        0.9210199793104752
    ], 
    "spearman_correlation": [
        0.8512033384045421, 
        0.7419926864597893, 
        0.7727696599288156, 
        0.7265269615164964, 
        0.8179245959158231, 
        0.813638504918384, 
        0.5719556831179171, 
        0.7656067934430644, 
        0.7753264598804233, 
        0.7937134106491743, 
        0.7870024895567845, 
        0.7616019005386182, 
        0.8151719094621278, 
        0.8008944275124187, 
        0.5027321515553673
    ], 
    "injection_overlap": [
        0.327784027909159, 
        0.13437299076516396, 
        0.09891280389785968, 
        0.7148655663084907, 
        0.10413697165770713, 
        0.4555871320630569, 
        0, 
        0.09623218594974407, 
        0.7415408578772993, 
        0.6749366298960808, 
        0.0010931186350324736, 
        0.03712031177574108, 
        0.005965192212700272, 
        0.05892326681009885, 
        0.529878158243803
    ], 
    "fraction of match covered by td injection": [
        0.3447162171771326, 
        0.01799858967288482, 
        0.11743597900683544, 
        0.2763342962220024, 
        0.02100637900725363, 
        0.04191315032984263, 
        0, 
        0.0824160850849748, 
        0.31292283764671985, 
        0.1432365343258369, 
        0.00019766078567545135, 
        0.00866620864461492, 
        0.0006036217028261311, 
        0.05813145875512188, 
        0.35610876193442254
    ]
}