{
    "distance": [
        399.7499218261337, 
        283.3725463060951, 
        539.7221507405454
    ], 
    "spearman_correlation": [
        0.9641727352035079, 
        0.938995651140242, 
        0.9070140603467317
    ], 
    "source": "RSPv", 
    "match_A": [
        100140949, 
        100140949, 
        159832064
    ], 
    "pearson_correlation": [
        0.9786084600322618, 
        0.9732959152382635, 
        0.9460501136901601
    ], 
    "fraction of match covered by td injection": [
        0.6215659803892633, 
        0.7088249726941016, 
        0.22965117450106418
    ], 
    "td_group": 475830603, 
    "injection_overlap": [
        0.500810040933384, 
        0.4333559411912153, 
        0.21960778609534165
    ], 
    "match_B": [
        159832064, 
        591535205, 
        591535205
    ]
}