{
    "distance": [
        402.6164427839479, 
        177.2004514666935, 
        478.9572005931219, 
        695.1978135753881, 
        284.7806173179628, 
        492.44289008980525, 
        670.9694478886502, 
        371.2142238654117, 
        565.0663677834666, 
        264.76404589747455
    ], 
    "spearman_correlation": [
        0.8189594753058329, 
        0.5042372867057997, 
        0.806509792870893, 
        0.8921276500002281, 
        0.3600638507246124, 
        0.799866737047619, 
        0.7750496290074169, 
        0.36269318878928447, 
        0.40801132998518763, 
        0.8326178929967442
    ], 
    "source": "VISp", 
    "match_A": [
        100147853, 
        100147853, 
        100147853, 
        100147853, 
        121510421, 
        121510421, 
        121510421, 
        304585910, 
        304585910, 
        503323656
    ], 
    "pearson_correlation": [
        0.9935916897930516, 
        0.9791234942599945, 
        0.9510063184252623, 
        0.9768215450757507, 
        0.989367217271892, 
        0.9323786487378908, 
        0.9681707525321863, 
        0.8794787849661233, 
        0.9251361183714996, 
        0.9849479624519628
    ], 
    "fraction of match covered by td injection": [
        0.20198032121371856, 
        0.7546464734551811, 
        0.2498419573576939, 
        0.4363932960581778, 
        0.22636508033393477, 
        0.07139099995190362, 
        0.13677962164920962, 
        0.46533396951517125, 
        0.5804026746453165, 
        0.5319381819823688
    ], 
    "td_group": 495346667, 
    "injection_overlap": [
        0.16162894241930958, 
        0.8975486284520091, 
        0.2618010864186754, 
        0.5779551027991163, 
        0.41629429311415517, 
        0.09110446569030367, 
        0.24135277117020487, 
        0.34555633237994504, 
        0.6446475833623811, 
        0.5796170754027247
    ], 
    "match_B": [
        121510421, 
        304585910, 
        503323656, 
        535692871, 
        304585910, 
        503323656, 
        535692871, 
        503323656, 
        535692871, 
        535692871
    ]
}