{
    "distance": [
        634.8228099241551, 
        645.445582524197, 
        653.834841531101, 
        634.1135544995076, 
        430.0, 
        284.60498941515414, 
        144.5683229480096, 
        361.24783736376884, 
        488.7739763939975, 
        232.59406699226014, 
        86.60254037844386, 
        329.0896534380867, 
        314.00636936215164, 
        426.38011210655685, 
        294.6183972531247
    ], 
    "spearman_correlation": [
        0.937359769756938, 
        0.8786528581228608, 
        0.8658701870602677, 
        0.8936693377584534, 
        0.5839090906189411, 
        0.9033845561793868, 
        0.8687868834216337, 
        0.8991337575195784, 
        0.5577615803019713, 
        0.937013569495923, 
        0.9470235962580016, 
        0.4680318835442027, 
        0.9424897921834259, 
        0.48875028537968057, 
        0.5088567293278552
    ], 
    "source": "VISp", 
    "match_A": [
        100141219, 
        100141219, 
        100141219, 
        100141219, 
        100141219, 
        266250195, 
        266250195, 
        266250195, 
        266250195, 
        479701339, 
        479701339, 
        479701339, 
        479755622, 
        479755622, 
        479756361
    ], 
    "pearson_correlation": [
        0.9983650658487777, 
        0.9624801698574038, 
        0.9798803451559898, 
        0.9585258665747112, 
        0.9933483222026485, 
        0.950714688658755, 
        0.9702844880166854, 
        0.9457927379179187, 
        0.9914374751501605, 
        0.9937267595813516, 
        0.998621144914391, 
        0.9681592955563649, 
        0.9931359149558612, 
        0.9825343507638306, 
        0.9636943404483084
    ], 
    "fraction of match covered by td injection": [
        0.9070953556873572, 
        0.5640793225005082, 
        0.7367219912607526, 
        0.8166585528646015, 
        0.9919118473251656, 
        0.5441789250449149, 
        0.527775594318033, 
        0.6649924973854712, 
        0.9718357318861269, 
        0.3431677797654045, 
        0.5924372889204552, 
        0.9173859522863916, 
        0.7090768806370704, 
        0.9996822621090787, 
        0.9824885505802974
    ], 
    "td_group": 501787135, 
    "injection_overlap": [
        0.8168740294857488, 
        0.3890435035372523, 
        0.6828883622645445, 
        0.7009826727016468, 
        0.13444687992794904, 
        0.4261994699708999, 
        0.552192381354656, 
        0.6986298593917291, 
        0.14231043271569216, 
        0.487771099143926, 
        0.7481820165323814, 
        0.15710091611833857, 
        0.7137983936754615, 
        0.16252772336289809, 
        0.14740140209246763
    ], 
    "match_B": [
        266250195, 
        479701339, 
        479755622, 
        479756361, 
        517072832, 
        479701339, 
        479755622, 
        479756361, 
        517072832, 
        479755622, 
        479756361, 
        517072832, 
        479756361, 
        517072832, 
        517072832
    ]
}