{
    "distance": [
        641.0928169929842, 
        260.1922366251537, 
        574.978260458602, 
        663.4003316248794, 
        516.2363799656123, 
        568.8585061331157, 
        702.2107945624305, 
        769.0253571892152, 
        755.9761901012491, 
        738.3088784512888, 
        488.87626246321264, 
        364.5545226711637, 
        444.52221541785735, 
        325.5764119219941, 
        461.41087980237313, 
        151.32745950421557, 
        75.49834435270749, 
        536.842621258782, 
        216.33307652783935, 
        475.49973711874964, 
        542.3098745182499
    ], 
    "spearman_correlation": [
        0.9548662038776968, 
        0.8939130903252159, 
        0.9377188163714862, 
        0.9168114887090347, 
        0.9359302438897646, 
        0.9293720682641518, 
        0.9233985242860302, 
        0.9232181539426735, 
        0.9463106970597299, 
        0.9307978508620072, 
        0.9528549820648472, 
        0.9280107700501851, 
        0.9422595652673612, 
        0.9300572301068836, 
        0.925215525111052, 
        0.9308853948369572, 
        0.9523125732620805, 
        0.9422388230805007, 
        0.9176271739563616, 
        0.9402628393915714, 
        0.9400817805496595
    ], 
    "source": "VISl", 
    "match_A": [
        114250546, 
        114250546, 
        114250546, 
        114250546, 
        114250546, 
        114250546, 
        127138787, 
        127138787, 
        127138787, 
        127138787, 
        127138787, 
        307295727, 
        307295727, 
        307295727, 
        307295727, 
        479673174, 
        479673174, 
        479673174, 
        479700629, 
        479700629, 
        479980810
    ], 
    "pearson_correlation": [
        0.9674364600993441, 
        0.9667596782300826, 
        0.9382908707886882, 
        0.9513946751677507, 
        0.9612025580919487, 
        0.9632595274531086, 
        0.9753452532419411, 
        0.898742071224643, 
        0.9325553919716422, 
        0.9568903691733073, 
        0.9562434580404804, 
        0.9431719357562186, 
        0.9641995739122985, 
        0.9913685896353892, 
        0.9702894365339687, 
        0.9682202158919726, 
        0.9735025604363297, 
        0.94714733266181, 
        0.9804820774389775, 
        0.9791273270962768, 
        0.9727962724517596
    ], 
    "fraction of match covered by td injection": [
        0.20671372876325936, 
        0.1512949084039347, 
        0.1745910440873971, 
        0.016906017419974818, 
        0.2346182635568649, 
        0.22137579376836042, 
        0.20769621040753303, 
        0.19199650108760946, 
        0.0012278266921123648, 
        0.13336288007788744, 
        0.038086048238587966, 
        0.34838055565190595, 
        0.8449359127713996, 
        0.9962545083372952, 
        0.989921980930429, 
        0.9197095192461554, 
        0.889365376390731, 
        0.9840160175978605, 
        0.5188159861430676, 
        0.7192762728132631, 
        0.9858858944362899
    ], 
    "td_group": 502956560, 
    "injection_overlap": [
        0.3556746848759317, 
        0.5548225644037701, 
        0.7853345733627549, 
        0.019225758258543942, 
        0.3268769065569568, 
        0.16382567561914413, 
        0.43237827999132544, 
        0.7193468690318717, 
        0.001088405837923171, 
        0.11741503933719108, 
        0.016743635729144564, 
        0.5128151117242677, 
        0.19554556170605794, 
        0.42123144356937275, 
        0.20645847823163763, 
        0.1776119418716228, 
        0.23670919866079676, 
        0.1569590266213983, 
        0.7923474252328899, 
        0.5373795008957889, 
        0.6003315358966687
    ], 
    "match_B": [
        127138787, 
        307295727, 
        479673174, 
        479700629, 
        479980810, 
        495562600, 
        307295727, 
        479673174, 
        479700629, 
        479980810, 
        495562600, 
        479673174, 
        479700629, 
        479980810, 
        495562600, 
        479700629, 
        479980810, 
        495562600, 
        479980810, 
        495562600, 
        495562600
    ]
}