{
    "distance": [
        489.2851929090027, 
        188.67962264113208, 
        553.9855593785817, 
        304.3024810940588, 
        382.88379438153294, 
        914.3850392476902, 
        669.1786009728644, 
        543.0469592954186, 
        292.9163703175362, 
        299.833287011299
    ], 
    "spearman_correlation": [
        0.944932256059472, 
        0.9509430399419752, 
        0.9413187680477136, 
        0.885732485882428, 
        0.9246733617190944, 
        0.9817072854418246, 
        0.8750954212871492, 
        0.920697479279664, 
        0.8850112066856395, 
        0.8763859668538834
    ], 
    "source": "VISl", 
    "match_A": [
        307743253, 
        307743253, 
        307743253, 
        307743253, 
        479981981, 
        479981981, 
        479981981, 
        479982715, 
        479982715, 
        482580380
    ], 
    "pearson_correlation": [
        0.9552309586972587, 
        0.9914276316863858, 
        0.9554951934674067, 
        0.9761371200652307, 
        0.9680221234755811, 
        0.979101168517162, 
        0.945477280415197, 
        0.9595804423678521, 
        0.9703636483016637, 
        0.9466489440134581
    ], 
    "fraction of match covered by td injection": [
        0.4150854372816453, 
        0.9087186643833007, 
        0.6088532150519674, 
        0.9339355313289668, 
        0.2919981385453623, 
        0.3499952128697893, 
        0.0027099608366195935, 
        0.08039286803281127, 
        0.14591311192118575, 
        0.37902778086715394
    ], 
    "td_group": 518013943, 
    "injection_overlap": [
        0.1720635846117781, 
        0.18356065838803612, 
        0.2934476924206947, 
        0.163617682598541, 
        0.10484518602422253, 
        0.3729001516524896, 
        0.0005890759648558571, 
        0.2048299747239475, 
        0.1589899962883661, 
        0.13520430605483383
    ], 
    "match_B": [
        479981981, 
        479982715, 
        482580380, 
        562520963, 
        479982715, 
        482580380, 
        562520963, 
        482580380, 
        562520963, 
        562520963
    ]
}