{
    "distance": [
        401.7461885320133, 
        427.3172123844299, 
        165.5294535724685
    ], 
    "spearman_correlation": [
        0.6904528052850112, 
        0.8755771355804599, 
        0.6199363014670534
    ], 
    "source": "RSPd", 
    "match_A": [
        166054929, 
        166054929, 
        584895127
    ], 
    "pearson_correlation": [
        0.9237119767217244, 
        0.9444511199685637, 
        0.8762682894566237
    ], 
    "fraction of match covered by td injection": [
        0.9785844126415872, 
        0.8093564362670187, 
        0.3954277653832528
    ], 
    "td_group": 518605181, 
    "injection_overlap": [
        0.272475547952112, 
        0.6670110259438192, 
        0.9993609959763482
    ], 
    "match_B": [
        584895127, 
        592540591, 
        592540591
    ]
}