{
    "distance": [
        532.9165037789691, 
        343.6568055487917, 
        447.88391353117385, 
        554.7972602672079, 
        429.53463189829057, 
        276.76705006196096, 
        124.09673645990857, 
        184.11952639521968, 
        380.6573262134856, 
        211.18712081942877
    ], 
    "spearman_correlation": [
        0.7979964149627423, 
        0.9297854720644588, 
        0.9714303937135649, 
        0.9306680254080087, 
        0.8865911585013231, 
        0.8024200404222933, 
        0.7728728502355287, 
        0.9474757722570414, 
        0.8796610804521491, 
        0.9130563288929658
    ], 
    "source": "ACAd", 
    "match_A": [
        125833030, 
        125833030, 
        125833030, 
        125833030, 
        139426984, 
        139426984, 
        139426984, 
        478376911, 
        478376911, 
        496576666
    ], 
    "pearson_correlation": [
        0.9413290869410801, 
        0.9334853930546044, 
        0.9088775568459189, 
        0.9369953520770704, 
        0.8972114049696525, 
        0.8530227922587006, 
        0.9516222373979246, 
        0.9452065974706129, 
        0.9440861054707681, 
        0.947428024030501
    ], 
    "fraction of match covered by td injection": [
        0.5917447730737059, 
        0.7601186335712518, 
        0.6648403964645039, 
        0.9961063557443902, 
        0.2316381511896194, 
        0.3762824175268318, 
        0.99538844665873, 
        0.3172995211844412, 
        0.6151629317464274, 
        0.9858311526806786
    ], 
    "td_group": 528741104, 
    "injection_overlap": [
        0.4035086559584952, 
        0.6150269046191499, 
        0.7694939519224564, 
        0.27600934324151954, 
        0.28964955241866164, 
        0.6524666082324454, 
        0.42958522895100626, 
        0.44538643823102725, 
        0.16359291544901636, 
        0.21554007176442946
    ], 
    "match_B": [
        139426984, 
        478376911, 
        496576666, 
        526783054, 
        478376911, 
        496576666, 
        526783054, 
        496576666, 
        526783054, 
        526783054
    ]
}