{
    "distance": [
        659.7726881282674, 
        693.1810730249348, 
        806.2257748298549
    ], 
    "spearman_correlation": [
        0.3955863659605611, 
        0.3619941946977241, 
        0.9533342402853762
    ], 
    "source": "ENTm", 
    "match_A": [
        112672974, 
        112672974, 
        113226232
    ], 
    "pearson_correlation": [
        0.500565889675511, 
        0.5395227047140135, 
        0.9498826346387681
    ], 
    "fraction of match covered by td injection": [
        0.33220311406078595, 
        0.8592958667192625, 
        0.3336730511737815
    ], 
    "td_group": 530000865, 
    "injection_overlap": [
        0.3524351873518093, 
        0.5450804127065919, 
        0.14479181714943287
    ], 
    "match_B": [
        113226232, 
        585051446, 
        585051446
    ]
}