{
    "distance": [
        164.31676725154983, 
        323.4192325759246, 
        471.6990566028302, 
        216.33307652783935, 
        475.49973711874964, 
        542.3098745182499
    ], 
    "spearman_correlation": [
        0.9546024609310857, 
        0.9594322393921194, 
        0.9417780874870623, 
        0.9176271739563616, 
        0.9402628393915714, 
        0.9400817805496595
    ], 
    "source": "VISl", 
    "match_A": [
        479673887, 
        479673887, 
        479673887, 
        479700629, 
        479700629, 
        479980810
    ], 
    "pearson_correlation": [
        0.9896583206048389, 
        0.9964156025972901, 
        0.9729016937193561, 
        0.9804820774389775, 
        0.9791273270962768, 
        0.9727962724517596
    ], 
    "fraction of match covered by td injection": [
        0.8939986758194264, 
        0.7455798811120842, 
        0.9144481604673906, 
        0.5188159861430676, 
        0.7192762728132631, 
        0.9858858944362899
    ], 
    "td_group": 531397136, 
    "injection_overlap": [
        0.7726214204913786, 
        0.9037458299976063, 
        0.6392006086440462, 
        0.7923474252328899, 
        0.5373795008957889, 
        0.6003315358966687
    ], 
    "match_B": [
        479700629, 
        479980810, 
        495562600, 
        479980810, 
        495562600, 
        495562600
    ]
}