{
    "distance": [
        773.6278174936576, 
        230.65125189341592, 
        198.2422760159901, 
        402.49223594996215, 
        680.6614430096654, 
        772.269383052313, 
        566.8333088307355, 
        141.77446878757826, 
        241.66091947189145, 
        273.67864366808016
    ], 
    "spearman_correlation": [
        0.9618076179226539, 
        0.9422923015067254, 
        0.9615280324999237, 
        0.9358454119948214, 
        0.9124965829054501, 
        0.9800851476041812, 
        0.948126527158463, 
        0.9165981901671812, 
        0.911480353495753, 
        0.9419272824087066
    ], 
    "source": "VISam", 
    "match_A": [
        100141599, 
        100141599, 
        100141599, 
        100141599, 
        100148503, 
        100148503, 
        100148503, 
        159753308, 
        159753308, 
        518742338
    ], 
    "pearson_correlation": [
        0.8736937216216121, 
        0.983400907260004, 
        0.8852991872434165, 
        0.8920910689658831, 
        0.8518587063682383, 
        0.869048861770238, 
        0.8544825837614031, 
        0.882084007331853, 
        0.8866923805098031, 
        0.9719233305469293
    ], 
    "fraction of match covered by td injection": [
        0.08595444254994869, 
        0.8513268321675437, 
        0.3444852226018799, 
        0.1560316876740045, 
        0.20248685650115608, 
        0.31808701142223506, 
        0.5153060824737332, 
        0.5274878240471941, 
        0.34854073797802887, 
        0.7476539728295092
    ], 
    "td_group": 560045081, 
    "injection_overlap": [
        0.05547768828651317, 
        0.866375791271305, 
        0.513105037422893, 
        0.2864263729850362, 
        0.28018506834260815, 
        0.6503158367449284, 
        0.6703543145334441, 
        0.7267451554793745, 
        0.44370887111605867, 
        0.5415001282932479
    ], 
    "match_B": [
        100148503, 
        159753308, 
        518742338, 
        524667618, 
        159753308, 
        518742338, 
        524667618, 
        518742338, 
        524667618, 
        524667618
    ]
}