{
    "distance": [
        865.0433515148244, 
        266.45825188948453, 
        528.4884104689525, 
        672.3838189605696, 
        472.65209192385896, 
        299.833287011299
    ], 
    "spearman_correlation": [
        0.9371068334404055, 
        0.8819665640741488, 
        0.8593959362539851, 
        0.911293464115645, 
        0.9168576857109465, 
        0.8763859668538834
    ], 
    "source": "VISl", 
    "match_A": [
        116903968, 
        116903968, 
        116903968, 
        479673887, 
        479673887, 
        482580380
    ], 
    "pearson_correlation": [
        0.9831573721065479, 
        0.916522559371353, 
        0.961321464835079, 
        0.9473512141279288, 
        0.9701552906287847, 
        0.9466489440134581
    ], 
    "fraction of match covered by td injection": [
        0.05748566061718577, 
        0.24505318636358547, 
        0.9698801196394918, 
        0.39500808233492274, 
        0.01447915813370068, 
        0.37902778086715394
    ], 
    "td_group": 560965104, 
    "injection_overlap": [
        0.05703453145030476, 
        0.36607992336221645, 
        0.6095356697134362, 
        0.631113836610943, 
        0.00857425916091613, 
        0.13520430605483383
    ], 
    "match_B": [
        479673887, 
        482580380, 
        562520963, 
        482580380, 
        562520963, 
        562520963
    ]
}