{
    "distance": [
        78.74007874011811, 
        680.6614430096654, 
        772.269383052313, 
        566.8333088307355, 
        707.4602462329598, 
        726.9800547470336, 
        815.4753215150046, 
        592.3681287847954, 
        729.5889253545452, 
        141.77446878757826, 
        241.66091947189145, 
        254.1653005427767, 
        273.67864366808016, 
        302.82007859453444, 
        214.94185260204677
    ], 
    "spearman_correlation": [
        0.979441557383704, 
        0.9124965829054501, 
        0.9800851476041812, 
        0.948126527158463, 
        0.9459429749972448, 
        0.89124729776224, 
        0.9658604590340777, 
        0.9363152295558059, 
        0.9593388135399354, 
        0.9165981901671812, 
        0.911480353495753, 
        0.8725263882347379, 
        0.9419272824087066, 
        0.9321287958129104, 
        0.9317654679036539
    ], 
    "source": "VISam", 
    "match_A": [
        100148503, 
        100148503, 
        100148503, 
        100148503, 
        100148503, 
        126861679, 
        126861679, 
        126861679, 
        126861679, 
        159753308, 
        159753308, 
        159753308, 
        518742338, 
        518742338, 
        524667618
    ], 
    "pearson_correlation": [
        0.9819092050192163, 
        0.8518587063682383, 
        0.869048861770238, 
        0.8544825837614031, 
        0.832747586835504, 
        0.8081979014120724, 
        0.8733936855054318, 
        0.8362387457713906, 
        0.849548126126695, 
        0.882084007331853, 
        0.8866923805098031, 
        0.7838066770904366, 
        0.9719233305469293, 
        0.9537115218504622, 
        0.9446938353341849
    ], 
    "fraction of match covered by td injection": [
        0.6961839423188428, 
        0.20248685650115608, 
        0.31808701142223506, 
        0.5153060824737332, 
        0.3010430984646015, 
        0.28731276696380154, 
        0.413861492052109, 
        0.7351567196049974, 
        0.4560081521351133, 
        0.5274878240471941, 
        0.34854073797802887, 
        0.19914605251285358, 
        0.7476539728295092, 
        0.5061178306415568, 
        0.45453475156934087
    ], 
    "td_group": 591168591, 
    "injection_overlap": [
        0.983598588123029, 
        0.28018506834260815, 
        0.6503158367449284, 
        0.6703543145334441, 
        0.8830370124622938, 
        0.1956969234789877, 
        0.4663541990117317, 
        0.5667350310187705, 
        0.7923798376350671, 
        0.7267451554793745, 
        0.44370887111605867, 
        0.5676223358528616, 
        0.5415001282932479, 
        0.7951725712341645, 
        0.8810864867587722
    ], 
    "match_B": [
        126861679, 
        159753308, 
        518742338, 
        524667618, 
        597007143, 
        159753308, 
        518742338, 
        524667618, 
        597007143, 
        518742338, 
        524667618, 
        597007143, 
        524667618, 
        597007143, 
        597007143
    ]
}