{
    "distance": [
        0.0, 
        498.09637621649085, 
        291.37604568666933, 
        498.09637621649085, 
        291.37604568666933, 
        602.9925372672534
    ], 
    "spearman_correlation": [
        0.9673606901071081, 
        0.9465930817165981, 
        0.9674428584826884, 
        0.9618202377096862, 
        0.9702431915353552, 
        0.943684229175418
    ], 
    "source": "RSPagl", 
    "match_A": [
        562674923, 
        562674923, 
        562674923, 
        575782182, 
        575782182, 
        576341623
    ], 
    "pearson_correlation": [
        0.9521629959935275, 
        0.966439910930519, 
        0.9732103869467802, 
        0.9478872769959121, 
        0.9167786607803421, 
        0.953890805357447
    ], 
    "fraction of match covered by td injection": [
        0.5876400764418883, 
        0.6566111207631186, 
        0.6877862297435644, 
        0.8910715108043818, 
        0.7953187454163895, 
        0.7696205367660387
    ], 
    "td_group": 604100536, 
    "injection_overlap": [
        0.93357101830327, 
        0.8062613212334329, 
        0.7955005232237188, 
        0.7088113437928546, 
        0.5370967764400919, 
        0.6199714505028945
    ], 
    "match_B": [
        575782182, 
        576341623, 
        646525156, 
        576341623, 
        646525156, 
        646525156
    ]
}