{
    "distance": [
        230.65125189341592, 
        242.69322199023193, 
        147.30919862656236
    ], 
    "spearman_correlation": [
        0.9422923015067254, 
        0.9618826957704264, 
        0.9289472966065839
    ], 
    "source": "VISpm", 
    "match_A": [
        100141599, 
        100141599, 
        159753308
    ], 
    "pearson_correlation": [
        0.983400907260004, 
        0.8757910218565974, 
        0.8770640529523623
    ], 
    "fraction of match covered by td injection": [
        0.8513268321675437, 
        0.3655163351144405, 
        0.38194137340125167
    ], 
    "td_group": 605093074, 
    "injection_overlap": [
        0.866375791271305, 
        0.42788075041944, 
        0.45279003768616827
    ], 
    "match_B": [
        159753308, 
        502074651, 
        502074651
    ]
}