{
    "distance": [
        695.4135460285484, 
        383.40579025361626, 
        345.83232931581165, 
        567.9788728465171, 
        374.16573867739413, 
        420.7136793592526
    ], 
    "spearman_correlation": [
        0.6123316479655653, 
        0.8094550089056459, 
        0.6000913032484373, 
        0.6319180412926778, 
        0.9395594125362098, 
        0.6511257743612593
    ], 
    "source": "AV", 
    "match_A": [
        286553311, 
        286553311, 
        286553311, 
        292321278, 
        292321278, 
        292478008
    ], 
    "pearson_correlation": [
        0.3279390587275148, 
        0.9968567774491028, 
        0.627046779422932, 
        0.38998123579717053, 
        0.9043642703322182, 
        0.6819871907595807
    ], 
    "fraction of match covered by td injection": [
        0.21183981154178205, 
        0.6247806153968056, 
        0.24692208808089192, 
        0.662604514614506, 
        0.7451577590680372, 
        0.4321767212368416
    ], 
    "td_group": 614435699, 
    "injection_overlap": [
        0.563976035799776, 
        0.9848725901197884, 
        0.7414008266338331, 
        0.4594138832061894, 
        0.8552411234691835, 
        0.695902606121447
    ], 
    "match_B": [
        292321278, 
        292478008, 
        479267539, 
        292478008, 
        479267539, 
        479267539
    ]
}