{
    "distance": [
        197.48417658131498, 
        246.77925358506133, 
        307.89608636681305, 
        438.7482193696061, 
        254.1653005427767, 
        493.65980188789933
    ], 
    "spearman_correlation": [
        0.7531956079897225, 
        0.8443386448919116, 
        0.8539091470290731, 
        0.8590433069281238, 
        0.9452373438565219, 
        0.8921692394440432
    ], 
    "source": "ORBvl", 
    "match_A": [
        158435116, 
        158435116, 
        158435116, 
        167902586, 
        167902586, 
        287769286
    ], 
    "pearson_correlation": [
        0.5271874774275348, 
        0.6773576622655882, 
        0.681756464781587, 
        0.7277692393154725, 
        0.8176747238037568, 
        0.7938135492619133
    ], 
    "fraction of match covered by td injection": [
        0.1999644321249871, 
        0.4988545988470553, 
        0.2621216092589618, 
        0.6386259341887379, 
        0.6522413530556642, 
        0.4451435002519288
    ], 
    "td_group": 617900105, 
    "injection_overlap": [
        0.8629945512157787, 
        0.9546058754318134, 
        0.8991617895552517, 
        0.34501549044207985, 
        0.6925881460246489, 
        0.7887186595804865
    ], 
    "match_B": [
        167902586, 
        287769286, 
        480994108, 
        287769286, 
        480994108, 
        480994108
    ]
}