{
    "distance": [
        606.3827174318212, 
        606.3827174318212, 
        440.6812907306141, 
        0.0, 
        291.37604568666933, 
        291.37604568666933
    ], 
    "spearman_correlation": [
        0.9356733308007921, 
        0.9478901115069425, 
        0.9483995684640925, 
        0.9673606901071081, 
        0.9674428584826884, 
        0.9702431915353552
    ], 
    "source": "RSPagl", 
    "match_A": [
        112229103, 
        112229103, 
        112229103, 
        562674923, 
        562674923, 
        575782182
    ], 
    "pearson_correlation": [
        0.7922444358747183, 
        0.652972990535508, 
        0.8257177605876336, 
        0.9521629959935275, 
        0.9732103869467802, 
        0.9167786607803421
    ], 
    "fraction of match covered by td injection": [
        0.27740421558296435, 
        0.19159319012309417, 
        0.33241870422848135, 
        0.5876400764418883, 
        0.6877862297435644, 
        0.7953187454163895
    ], 
    "td_group": 617901499, 
    "injection_overlap": [
        0.8562140414639718, 
        0.9588867432020702, 
        0.9312272452673329, 
        0.93357101830327, 
        0.7955005232237188, 
        0.5370967764400919
    ], 
    "match_B": [
        562674923, 
        575782182, 
        646525156, 
        575782182, 
        646525156, 
        646525156
    ]
}