{
    "distance": [
        406.32499307820086, 
        550.6359959174482, 
        374.56641600656087
    ], 
    "spearman_correlation": [
        0.9625302577756318, 
        0.9215611705150168, 
        0.9296689058599257
    ], 
    "source": "ACAd", 
    "match_A": [
        112458114, 
        112458114, 
        112514202
    ], 
    "pearson_correlation": [
        0.946594737517373, 
        0.8781223016400379, 
        0.9418167530754126
    ], 
    "fraction of match covered by td injection": [
        0.4995285143061053, 
        0.30916806024783794, 
        0.48639459640179167
    ], 
    "td_group": 649362978, 
    "injection_overlap": [
        0.8852690974985362, 
        0.528205300865539, 
        0.46819938573812336
    ], 
    "match_B": [
        112514202, 
        286482701, 
        286482701
    ]
}