{
    "image_series_id": 475616836,
    "match_id": [
        296047806,
        485846989,
        513775257,
        187268452,
        485902743,
        485903475,
        513773998,
        513826657
    ],
    "distance": [
        954.6799281396059,
        820.491578444077,
        1135.3425889164278,
        1087.5499037376203,
        2221.774308040978,
        1670.4629615810145,
        722.8914391597489,
        2229.3496396003893
    ],
    "injection_overlap": [
        0.5823464532334967,
        0,
        5.2799644828885573e-05,
        0,
        0,
        0,
        0.009495835860860958,
        0
    ],
    "exclusion_zone_overlap": [
        0.5657251225997099,
        1.417663881423238e-05,
        3.8515076283221594e-05,
        0,
        0,
        0,
        0.04283100570273792,
        0
    ],
    "fraction of match covered by td injection": [
        0.06328124798680619,
        0,
        4.2773820486893315e-06,
        0,
        0,
        0,
        0.005994467405829409,
        0
    ],
    "fraction of match covered by td exclusion zone": [
        0.1239649723686621,
        1.7533823991940424e-05,
        8.999876564455437e-06,
        0,
        0,
        0,
        0.016256366307509592,
        0
    ],
    "dice_coefficient": [
        0.12199767599286802,
        0.0,
        8.012344779901785e-06,
        0.0,
        0.0,
        0.0,
        0.01108531722052652,
        0.0
    ],
    "spearman_correlation": [
        0.6085356906456942,
        0.4807764102872924,
        0.5216156783031335,
        0.7035429344976875,
        0.5679363341852941,
        0.46683140135123413,
        0.6829152277318044,
        0.5472774994006658
    ],
    "pearson_correlation": [
        0.5434872153591546,
        0.695180623148234,
        0.7501048693473265,
        0.7124022518227301,
        0.5496211827255175,
        0.6594629127338372,
        0.8866762724175932,
        0.5720325411210893
    ],
    "source": "AIv"
}