{
    "image_series_id": 475616128,
    "match_id": [
        146593590,
        112514202,
        139426984,
        157556400,
        112423392,
        157711748,
        112458114,
        139520203,
        126860974,
        584194481,
        478376197,
        501483880,
        496554237,
        526783054,
        166055636,
        125833030,
        480994108,
        478491090,
        286313491,
        583747816,
        126117554,
        478376911,
        286482701,
        496151571,
        478582494,
        161458737,
        496576666,
        263106036,
        167902586
    ],
    "distance": [
        2521.1362874065603,
        1519.1370436258305,
        2294.800122194901,
        195.82663455186494,
        676.3936547232383,
        660.0898647857689,
        1512.6771889780878,
        2312.9655164477667,
        1134.4543486233551,
        1856.8673818732736,
        965.8590767027847,
        2916.7567391490425,
        882.8791493996619,
        2197.2673594539424,
        1633.1909823490892,
        2141.1808258474266,
        954.559811943593,
        2331.226028374774,
        318.87657499300826,
        1537.5561693114266,
        1830.2111397557767,
        1931.9835497006225,
        1251.9873466534907,
        3221.694067076609,
        947.2049705812675,
        1397.9246187888543,
        2365.1965775882795,
        667.8054507993629,
        946.9399226675916
    ],
    "injection_overlap": [
        0,
        0,
        0,
        0.6052376090180955,
        0,
        0.10428452358967694,
        0,
        0,
        0,
        0,
        0.00017096289766922,
        0,
        0.017213808304840195,
        0,
        0,
        0,
        0,
        0,
        0.5013430235620978,
        0,
        0,
        0,
        0,
        0,
        6.719695345300786e-07,
        6.156683474371588e-06,
        0,
        0.34203237396836267,
        0
    ],
    "exclusion_zone_overlap": [
        0,
        0,
        0,
        0.541833854163961,
        0,
        0.0894643171724561,
        0,
        0,
        0,
        0,
        0.00013208196521655538,
        0,
        0.02047755461496729,
        0,
        0,
        0,
        0,
        0,
        0.5625198212260385,
        0,
        0,
        0,
        0,
        0,
        3.52212922957687e-07,
        0.00175397348417181,
        0,
        0.3239588093818988,
        0
    ],
    "fraction of match covered by td injection": [
        0,
        0,
        0,
        0.661876423779338,
        0,
        0.1530118254876324,
        0,
        0,
        0,
        0,
        0.0002353881550813121,
        0,
        0.014422968010130403,
        0,
        0,
        0,
        0,
        0,
        0.4532983751782225,
        0,
        0,
        0,
        0,
        0,
        1.1720487050218522e-07,
        3.856250350808405e-07,
        0,
        0.22109128796339586,
        0
    ],
    "fraction of match covered by td exclusion zone": [
        0,
        0,
        0,
        0.914801518090629,
        0,
        0.1867254522107029,
        0,
        0,
        0,
        0,
        0.0002594057525411642,
        0,
        0.024154009294933606,
        0,
        0,
        0,
        0,
        0,
        0.8207837804833487,
        0,
        0,
        0,
        0,
        0,
        1.1720487050218522e-07,
        0.0003022021729666569,
        0,
        0.29010638306069714,
        0
    ],
    "dice_coefficient": [
        0.0,
        0.0,
        0.0,
        0.6472293011524899,
        0.0,
        0.15516739433407647,
        0.0,
        0.0,
        0.0,
        0.0,
        0.0003678342911086834,
        0.0,
        0.019670832386427216,
        0.0,
        0.0,
        0.0,
        0.0,
        0.0,
        0.5486432072556918,
        0.0,
        0.0,
        0.0,
        0.0,
        0.0,
        5.402259405537676e-07,
        3.1360981394998876e-06,
        0.0,
        0.3295518215793089,
        0.0
    ],
    "spearman_correlation": [
        0.3573943247405235,
        0.523161815045392,
        0.4116932396669381,
        0.6907754483730661,
        0.42086173678351396,
        0.6718103320325417,
        0.5150081169506178,
        0.4433491605805464,
        0.6489636293398902,
        0.5537920206931739,
        0.6242035421792904,
        0.30752375791305436,
        0.5988068238530473,
        0.35548542553507717,
        0.2437308082100314,
        0.38992093154949325,
        0.5062567269256648,
        0.3594559958117187,
        0.6161182593903083,
        0.4992177010537123,
        0.5186889853531512,
        0.43250253869294536,
        0.5020181562606404,
        0.30525160761711945,
        0.5204340173211317,
        0.5594002768163701,
        0.40743306276943925,
        0.6112264708850979,
        0.5665307311878099
    ],
    "pearson_correlation": [
        0.408992635740312,
        0.6290965687920046,
        0.4605861261079465,
        0.8584343769170867,
        0.45827806568786816,
        0.7830942332976414,
        0.5692284085102728,
        0.47614257343982763,
        0.742870787098791,
        0.5513203373991789,
        0.6093189407885025,
        0.26324763468338164,
        0.5755835892071354,
        0.3645561452610092,
        0.2704526656312558,
        0.4748136889555944,
        0.4454928045702599,
        0.27632421293554515,
        0.7839325954158933,
        0.56234297313396,
        0.4742639646238388,
        0.4611377292729122,
        0.6099978324075368,
        0.3201225923465898,
        0.5568603256050919,
        0.577221332483614,
        0.39202892670320055,
        0.6318445280229926,
        0.5938332812949725
    ],
    "source": "ILA"
}