{
    "image_series_id": 475830603,
    "match_id": [
        100140949,
        126523791,
        126115436,
        113887868,
        100148142,
        126862385,
        112595376,
        174361040,
        272782668,
        272916915,
        112424813,
        523718823,
        657046319,
        606929366,
        501484658,
        249396394,
        501006221,
        572588941,
        584895127,
        482581199,
        496113850,
        646525997,
        576341623,
        536298726,
        571100135,
        510417993,
        479984127,
        575782182,
        592540591,
        168164230,
        166054929,
        496151571,
        501115762,
        562521707,
        159832064,
        546103149,
        646525156,
        584511827,
        510417255,
        593277684,
        591535205,
        303784745,
        523718075,
        601476074
    ],
    "distance": [
        262.05907691539966,
        1765.7310444602167,
        3392.805591199318,
        3371.810306379015,
        454.00536487047333,
        2403.1193280851203,
        1371.0780010678473,
        2675.6384505266738,
        2588.01328648925,
        1169.7290147343506,
        839.477823884253,
        1801.057207575278,
        2646.4857462184973,
        3404.073451596468,
        592.6273527686094,
        1494.1984490935758,
        1838.670654128075,
        1327.0120434078415,
        1019.144678965548,
        2131.973939394957,
        1468.0125540710328,
        1178.9220110997592,
        1059.4886958352454,
        2701.145477691679,
        1180.163578949849,
        2753.63020902655,
        2606.02551009569,
        1049.1370007772841,
        946.2707031715593,
        2483.2714128336715,
        828.6501557847586,
        1660.5062752735244,
        2653.7107110825,
        1829.9752185746613,
        90.9218660309036,
        2442.0953472357887,
        1011.6194592551229,
        2638.3718063740107,
        3031.3858775618082,
        3574.050360328396,
        284.7457523390397,
        1654.1144173235473,
        2784.671206288,
        3263.8473439762924
    ],
    "injection_overlap": [
        0.8503959266420544,
        0,
        0,
        0,
        0.07691953359991173,
        0,
        0,
        0,
        0,
        0,
        0,
        0,
        0,
        0,
        0,
        0,
        0,
        0,
        0,
        0,
        0,
        0,
        0,
        0,
        0,
        0,
        0,
        0,
        0,
        0,
        0,
        0,
        0,
        0,
        0.9083224281774107,
        0,
        0,
        0,
        0,
        0,
        0.5484735228403991,
        0,
        0,
        0
    ],
    "exclusion_zone_overlap": [
        0.5640436718800261,
        0,
        0,
        0,
        0.10769015023776078,
        0,
        0,
        0,
        0,
        0,
        0,
        0,
        0,
        0,
        0,
        0,
        0,
        0,
        0,
        0,
        0,
        0,
        1.511208842318012e-06,
        0,
        0,
        0,
        0,
        0,
        0,
        0,
        5.735990545437824e-05,
        0,
        0,
        0,
        0.6160051112225619,
        0,
        0,
        0,
        0,
        0,
        0.41264631734719115,
        0,
        0,
        0
    ],
    "fraction of match covered by td injection": [
        0.31636864879479015,
        0,
        0,
        0,
        0.06122683288759724,
        0,
        0,
        0,
        0,
        0,
        0,
        0,
        0,
        0,
        0,
        0,
        0,
        0,
        0,
        0,
        0,
        0,
        0,
        0,
        0,
        0,
        0,
        0,
        0,
        0,
        0,
        0,
        0,
        0,
        0.4391523635929587,
        0,
        0,
        0,
        0,
        0,
        0.37443688677905956,
        0,
        0,
        0
    ],
    "fraction of match covered by td exclusion zone": [
        0.6238334537205261,
        0,
        0,
        0,
        0.22099380991504067,
        0,
        0,
        0,
        0,
        0,
        0,
        0,
        0,
        0,
        0,
        0,
        0,
        0,
        0,
        0,
        0,
        0,
        2.293310557861252e-06,
        0,
        0,
        0,
        0,
        0,
        0,
        0,
        1.0090211340735326e-05,
        0,
        0,
        0,
        0.8418501910927134,
        0,
        0,
        0,
        0,
        0,
        0.7834044116804725,
        0,
        0,
        0
    ],
    "dice_coefficient": [
        0.5320858447403218,
        0.0,
        0.0,
        0.0,
        0.09526119444356025,
        0.0,
        0.0,
        0.0,
        0.0,
        0.0,
        0.0,
        0.0,
        0.0,
        0.0,
        0.0,
        0.0,
        0.0,
        0.0,
        0.0,
        0.0,
        0.0,
        0.0,
        0.0,
        0.0,
        0.0,
        0.0,
        0.0,
        0.0,
        0.0,
        0.0,
        0.0,
        0.0,
        0.0,
        0.0,
        0.718762385942035,
        0.0,
        0.0,
        0.0,
        0.0,
        0.0,
        0.5627750303210368,
        0.0,
        0.0,
        0.0
    ],
    "spearman_correlation": [
        0.7802672701706576,
        0.27356205847339254,
        0.32407096250915646,
        0.3694410659454363,
        0.7578070863823119,
        0.4955283501076722,
        0.5035115244052734,
        0.22740934908314048,
        0.283282531704575,
        0.535381047399545,
        0.7525336688681109,
        0.5041204077931127,
        0.2896620124471347,
        0.2103419801842667,
        0.7789669543636429,
        0.5276865194820655,
        0.5173576942417373,
        0.5653351913360954,
        0.6785050801971619,
        0.4451960945590487,
        0.5243191832803858,
        0.5319757188008759,
        0.5378615949154522,
        0.40242277354253403,
        0.561275682496321,
        0.24010295152868175,
        0.4932790492663159,
        0.5752930619991353,
        0.773010877173712,
        0.3664186681979952,
        0.7574059660964126,
        0.7380237057084928,
        0.38331285831285833,
        0.3684020191047325,
        0.7999167722604289,
        0.6341111079697246,
        0.5779298347915026,
        0.5225006909868719,
        0.21929080509723647,
        0.09323536356343708,
        0.7826073375082612,
        0.44119202738133695,
        0.2533078025045496,
        0.3639025389025389
    ],
    "pearson_correlation": [
        0.9609041454798593,
        0.719442812481805,
        0.2520243254605088,
        0.0964835099872596,
        0.9596716847559904,
        0.12980627512256346,
        0.8483970862304214,
        0.10187178002781924,
        0.09246485789931594,
        0.8637490835111983,
        0.8107439720902504,
        0.36763906589303064,
        0.16320034115653775,
        0.13791049806005,
        0.845156125315977,
        0.6164587151394103,
        0.5511078851891295,
        0.6763534077484674,
        0.6059500844261748,
        0.4361944173433415,
        0.5383406332543486,
        0.5409849839456748,
        0.7303075127233735,
        0.16358888230240487,
        0.6236647782316407,
        0.12056683607833801,
        0.2532051777533878,
        0.8027041182769065,
        0.7552542754427483,
        0.25418624221587793,
        0.8253579124554483,
        0.7728205391028533,
        0.17706315094088684,
        0.4481884205216111,
        0.9596038334732091,
        0.282522101777259,
        0.6818160950400732,
        0.1663048264269939,
        0.17080087404204924,
        0.10426459276307778,
        0.9266351225131402,
        0.7043807835035226,
        0.38256107278047147,
        0.1268070578749795
    ],
    "source": "RSPv"
}