{
    "image_series_id": 478877019,
    "match_id": [
        100141454,
        141603190,
        146593590,
        112514202,
        139426984,
        112952510,
        157556400,
        112423392,
        157711748,
        112458114,
        139520203,
        180916954,
        126860974,
        584194481,
        478376197,
        501483880,
        496554237,
        526783054,
        166055636,
        125833030,
        480994108,
        478491090,
        286313491,
        583747816,
        182793477,
        126117554,
        478376911,
        286482701,
        496151571,
        478582494,
        161458737,
        168162771,
        496576666,
        263106036,
        167902586
    ],
    "distance": [
        1186.4638050320818,
        1809.1603087750655,
        2533.0116756296557,
        1431.0048271863718,
        2315.715043924594,
        1348.3756992014635,
        780.725981554171,
        694.204109746934,
        140.54485680408706,
        1415.435570229793,
        2394.82556500271,
        2490.017194440428,
        575.6240655717559,
        1803.0806577802782,
        261.7419855156479,
        2995.6581506794046,
        276.2986022364223,
        2227.924524400548,
        1223.2097796067665,
        2120.766317124307,
        805.9193969485655,
        2365.0653238914,
        724.9339876816047,
        1433.5839873491336,
        2475.752375412808,
        1972.3949574066553,
        1934.9582336524186,
        1168.0396383513357,
        3311.3359096561617,
        623.254325486206,
        1447.7895408341953,
        1778.015445770534,
        2331.5693921652605,
        79.52630988437885,
        575.7595137629511
    ],
    "injection_overlap": [
        0.0018617980530017482,
        0,
        0,
        0,
        0,
        1.045411690891471e-06,
        0.001165907161132539,
        0,
        0.6584052295980904,
        0,
        0,
        0,
        0.07542625750338972,
        0,
        0.764127484028543,
        0,
        0.447764619679094,
        0,
        0.005739971696464114,
        0,
        0,
        0,
        0.00927087076987818,
        0,
        0,
        0,
        0,
        0,
        0,
        0.018924078627726774,
        0,
        0,
        0,
        0.9550532310002081,
        0.034698610717858305
    ],
    "exclusion_zone_overlap": [
        0.006017688062527382,
        0,
        0,
        0,
        0,
        0.00022763072091915704,
        0.003753298189553334,
        0,
        0.31736347550370875,
        0,
        0,
        0,
        0.1070946847905281,
        0,
        0.5203250787468405,
        0,
        0.31624848723226784,
        0,
        0.018855995618555117,
        0,
        0.0008191158422420017,
        0,
        0.014454081720526113,
        0,
        0,
        0,
        0,
        0,
        0,
        0.048774843668887735,
        0,
        0,
        0,
        0.6228306001803765,
        0.05628969473087256
    ],
    "fraction of match covered by td injection": [
        0.00610270011501167,
        0,
        0,
        0,
        0,
        1.2742511759161716e-06,
        0.003994352554690438,
        0,
        0.8070238067063238,
        0,
        0,
        0,
        0.08440895032503798,
        0,
        0.39714475315183656,
        0,
        0.2784277172932843,
        0,
        0.004636030190964315,
        0,
        0,
        0,
        0.022877772457384628,
        0,
        0,
        0,
        0,
        0,
        0,
        0.026785544413904315,
        0,
        0,
        0,
        0.6170660006018374,
        0.01655176762858664
    ],
    "fraction of match covered by td exclusion zone": [
        0.04224220152678809,
        0,
        0,
        0,
        0,
        0.00027753253190649876,
        0.016610058056989493,
        0,
        0.9323918092481772,
        0,
        0,
        0,
        0.16396972604080065,
        0,
        0.5914666066447244,
        0,
        0.4660821953170836,
        0,
        0.02539554023153884,
        0,
        0.0005231428608258937,
        0,
        0.04888974486244467,
        0,
        0,
        0,
        0,
        0,
        0,
        0.11745151980913482,
        0,
        0,
        0,
        0.7861754383024128,
        0.05017065316590414
    ],
    "dice_coefficient": [
        0.007116104539289326,
        0.0,
        0.0,
        0.0,
        0.0,
        2.044381846582265e-06,
        0.005138370970534612,
        0.0,
        1.0647096422143203,
        0.0,
        0.0,
        0.0,
        0.1349502261011857,
        0.0,
        0.6915763295946504,
        0.0,
        0.44636514989628906,
        0.0,
        0.008083695363901553,
        0.0,
        0.0,
        0.0,
        0.03398755767153475,
        0.0,
        0.0,
        0.0,
        0.0,
        0.0,
        0.0,
        0.039485916446670315,
        0.0,
        0.0,
        0.0,
        1.044656760328344,
        0.029168528661519557
    ],
    "spearman_correlation": [
        0.33545009091886063,
        0.29382345027190276,
        0.26772117214522384,
        0.4891841040607852,
        0.20792224897683503,
        0.29031929893925684,
        0.5733422440487813,
        0.46178902723369003,
        0.8992382800808912,
        0.46921546132651426,
        0.24329583212129688,
        0.19398860693243838,
        0.8141720287889628,
        0.3801512075106662,
        0.7695870835618647,
        0.10804053596984597,
        0.8122384443015422,
        0.1849600015455031,
        0.2658620772364556,
        0.2623762716088352,
        0.5867232913989057,
        0.26775336818022766,
        0.7724795174461423,
        0.42257560383293286,
        0.05031289193316401,
        0.3718250832385283,
        0.34187503674886943,
        0.41841064109491366,
        0.03806341842120704,
        0.6449717540797822,
        0.3724217415693645,
        0.2846993733965898,
        0.2596602105041645,
        0.9059604767050349,
        0.6954680347492656
    ],
    "pearson_correlation": [
        0.11206233002577691,
        0.1363928674152612,
        0.07520724328377351,
        0.3246146870926985,
        0.1407955854275018,
        0.07339164920000486,
        0.5354667316746109,
        0.1932549022349762,
        0.9517580557376106,
        0.3566466707656729,
        0.12134478823904885,
        0.046130139463453436,
        0.8787320619226034,
        0.30098369113424195,
        0.7478177177623867,
        0.018943769843141278,
        0.7408738660712106,
        0.08834711070923197,
        0.03366818600261131,
        0.17097852988771883,
        0.4038587062195561,
        0.05632588454718502,
        0.654558740660466,
        0.3641879807857719,
        0.001260024445434211,
        0.13575991504963947,
        0.22680956689554194,
        0.3744280739454115,
        0.028697215885729925,
        0.5505271829982691,
        0.2804085837979346,
        0.030816857977155325,
        0.14709293126038486,
        0.9528399951122767,
        0.7170001211708608
    ],
    "source": "ILA"
}