{
    "image_series_id": 478995566,
    "match_id": [
        296047806,
        485846989,
        513775257,
        187268452,
        485902743,
        485903475,
        513773998,
        513826657
    ],
    "distance": [
        664.0693651529374,
        785.1226311731905,
        1165.7852233717683,
        1111.8148097744372,
        2190.5792636192364,
        1710.7481541718626,
        949.0664423029779,
        2136.8254741652495
    ],
    "injection_overlap": [
        0.9591628435755933,
        0.025697462041280365,
        0.005973194991025263,
        0.0012865838604220281,
        0,
        0,
        0.009151822170904034,
        0
    ],
    "exclusion_zone_overlap": [
        0.8134300464284863,
        0.03843439496854273,
        0.024969735154017448,
        0.005007983496491541,
        0,
        0,
        0.02606339971765629,
        0
    ],
    "fraction of match covered by td injection": [
        0.22393576423947914,
        0.028215454264064913,
        0.007878855676704172,
        0.003882398204099493,
        0,
        0,
        0.010914758530039585,
        0
    ],
    "fraction of match covered by td exclusion zone": [
        0.31995904094631744,
        0.05101474334226966,
        0.017543226101600425,
        0.0076236064303558575,
        0,
        0,
        0.027595839596885174,
        0
    ],
    "dice_coefficient": [
        0.42046411544573337,
        0.04434035850842968,
        0.014095374106387898,
        0.004220011665566202,
        0.0,
        0.0,
        0.019115080516928878,
        0.0
    ],
    "spearman_correlation": [
        0.7732172927985567,
        0.873046845456008,
        0.9076290676296134,
        0.8195010861485159,
        0.8582626881228911,
        0.8753036626600087,
        0.9597273848886602,
        0.8530795649151655
    ],
    "pearson_correlation": [
        0.7687033335291292,
        0.8576842719565225,
        0.8533350117120064,
        0.6446788974774218,
        0.7869399146393159,
        0.845765555106343,
        0.8697135852378215,
        0.8622954859085552
    ],
    "source": "CLA"
}