{
    "image_series_id": 479115470,
    "match_id": [
        180709230,
        180673746,
        170721670,
        112423392,
        112306316,
        158435116,
        126860974,
        478376197,
        496554237,
        480994108,
        287769286,
        156741826,
        478582494,
        167902586
    ],
    "distance": [
        1382.0752306988552,
        1042.4019489423413,
        1005.3298320080847,
        382.38070739993987,
        526.9052211109966,
        183.6542900369777,
        721.6252166124932,
        837.3504612812433,
        673.4513707302206,
        119.49970671605772,
        169.62426929961165,
        471.8481152362752,
        454.1863894008149,
        360.52604974258907
    ],
    "injection_overlap": [
        0,
        0,
        0,
        0.313024437958395,
        0.05012056628492391,
        0.6147152800672085,
        0,
        0,
        3.4146901121562326e-05,
        0.8753880608494315,
        0.8373560348715594,
        0.27288862094262234,
        0.004407497040861048,
        0.8577232505999172
    ],
    "exclusion_zone_overlap": [
        0,
        0,
        0,
        0.3175285967284707,
        0.06247701402362818,
        0.477412510992484,
        0,
        7.599438793947033e-06,
        0.0023895169184948205,
        0.821541113277776,
        0.7275801480634255,
        0.31505122409290476,
        0.010422133520960754,
        0.757565798215193
    ],
    "fraction of match covered by td injection": [
        0,
        0,
        0,
        0.3885430742632961,
        0.026071356996645277,
        0.6416425874985794,
        0,
        0,
        5.165052874439225e-05,
        0.27807438212962204,
        0.44776807360043064,
        0.1080786811715109,
        0.002502429378276206,
        0.2646684221313393
    ],
    "fraction of match covered by td exclusion zone": [
        0,
        0,
        0,
        0.6103199905609239,
        0.06615098679280204,
        0.8900554472814679,
        0,
        3.768732194093279e-06,
        0.0019296831785694602,
        0.47251317059521136,
        0.6588093516819363,
        0.19351384992820678,
        0.020956194056158766,
        0.4084779176891655
    ],
    "dice_coefficient": [
        0.0,
        0.0,
        0.0,
        0.6644654514626012,
        0.04910694447021456,
        1.0885790689090367,
        0.0,
        0.0,
        9.669757140424483e-05,
        0.5364317274784333,
        0.8400354738872859,
        0.2065899091993033,
        0.004556453425815437,
        0.5103428263329498
    ],
    "spearman_correlation": [
        0.5918891257162672,
        0.5101685627008423,
        0.48970741678102286,
        0.786329114674617,
        0.5085012820613637,
        0.7265665817421756,
        0.7225655793876528,
        0.735740862598526,
        0.7372236934831453,
        0.7996374512445364,
        0.7629047812290574,
        0.8197272834997943,
        0.7296139977100496,
        0.7578428735789544
    ],
    "pearson_correlation": [
        0.4934470840530659,
        0.2733729539706502,
        0.2592209967162419,
        0.9388143062183752,
        0.4774284451034763,
        0.7864192059085462,
        0.4327185893426868,
        0.37447884673330434,
        0.4998986927860532,
        0.5225446436712061,
        0.7177037223725644,
        0.6297967211626899,
        0.39946378280722883,
        0.594281981884019
    ],
    "source": "ORBvl"
}