{
    "image_series_id": 483094671,
    "match_id": [
        180296424,
        142656218,
        558580065,
        585051446,
        585026021,
        640282128,
        127139568,
        146553971,
        626107114,
        157062358,
        100141796,
        142654100,
        180297139,
        113226232,
        146984915,
        112672974,
        112373830,
        558581415,
        127089669,
        126116848,
        100148554,
        642967852,
        127397469,
        152994878,
        114250546,
        114472145,
        640081415,
        272414403,
        638314843,
        579409876,
        232311959,
        287028480,
        182794184,
        603468246,
        479673174,
        648252402,
        590988082,
        657172447,
        166083557,
        554334685,
        576340889,
        299446445,
        298178204,
        648050335,
        661987195,
        286483411,
        642809043
    ],
    "distance": [
        1170.4468994051958,
        768.7619598335513,
        2518.626128425309,
        2322.175196249838,
        2543.0154118920955,
        959.3775990883266,
        2029.3767276993838,
        2552.4776754471254,
        1602.9730973700098,
        543.3282186249346,
        816.6152329466021,
        927.6491244330471,
        1146.3537236305326,
        1697.0832829233445,
        1430.3002822317112,
        1813.9611849830724,
        740.4197408881537,
        989.9732414506393,
        585.6083154391713,
        2590.626189326688,
        1545.328438974081,
        1094.6052035342923,
        3010.8223255474427,
        1218.3202806470715,
        845.827033666745,
        2111.1137748255314,
        770.9893615103123,
        849.6110855568392,
        913.5375719843041,
        481.16916237585053,
        749.1567725506554,
        919.8722698879567,
        977.4432114396836,
        425.46295430489437,
        1108.8621774561816,
        508.5466803634139,
        237.90454882233036,
        531.951098881643,
        465.1930021455102,
        469.66830253461035,
        564.5027990099892,
        1122.8492996925797,
        580.0555407122603,
        658.1230693885719,
        902.5679111442914,
        1950.3223627491009,
        1387.6646807664933
    ],
    "injection_overlap": [
        0,
        0,
        0,
        0,
        0,
        0,
        0,
        0,
        0,
        1.084089276938199e-05,
        0,
        0,
        0,
        0.030360677862475996,
        0,
        0,
        0,
        0,
        0.03160686949321536,
        0,
        0,
        0,
        0,
        0,
        0,
        0,
        0.14312461862301065,
        0,
        0,
        0.6722860488563301,
        0.21870684572589758,
        0.004343001615467068,
        0,
        1.0,
        0,
        0.037410616762677755,
        0.3813425228518696,
        0.021398375281708442,
        0.09060731579216184,
        1.603059567100902e-05,
        0.3833758819539324,
        0.0020025165500371428,
        6.48023117326817e-05,
        0,
        0.017065687459909964,
        0,
        0
    ],
    "exclusion_zone_overlap": [
        0,
        0.01072225166385711,
        0,
        0,
        0,
        0,
        0,
        0,
        0,
        0.00014958686032320696,
        0,
        0.0722774783855357,
        0,
        0.08167484395642088,
        0,
        0,
        0,
        0,
        0.014082158195699794,
        0,
        0,
        0.03208568667799132,
        0,
        0,
        0,
        0,
        0.2316513245479586,
        0.04577099863695109,
        0,
        0.5560038983137666,
        0.2822346041049045,
        0.04770839307476435,
        0.006036088047628291,
        0.9568971858791339,
        0,
        0.01963917674333887,
        0.21868808994705044,
        0.01687219825927851,
        0.06705498521638678,
        0.011595801539901302,
        0.22105390216331777,
        0.003993278819387884,
        0.001462537255619357,
        0,
        0.005123102933456199,
        0,
        0
    ],
    "fraction of match covered by td injection": [
        0,
        0,
        0,
        0,
        0,
        0,
        0,
        0,
        0,
        2.4687413367477175e-08,
        0,
        0,
        0,
        0.00031904044589004286,
        0,
        0,
        0,
        0,
        0.0001757192878064445,
        0,
        0,
        0,
        0,
        0,
        0,
        0,
        0.004678676280680997,
        0,
        0,
        0.02287751108473937,
        0.018010612239439998,
        4.518763878251761e-05,
        0,
        0.028159914015617273,
        0,
        0.0017767702532955282,
        0.07792094123899572,
        0.0013514379856963841,
        0.0028939969290911528,
        4.347048618453798e-06,
        0.008932600686685206,
        0.00010476434053839317,
        1.4228929189740735e-07,
        0,
        0.00010410132986300242,
        0,
        0
    ],
    "fraction of match covered by td exclusion zone": [
        0,
        0.003447283501743749,
        0,
        0,
        0,
        0,
        0,
        0,
        0,
        2.4851217059578875e-05,
        0,
        0.013792901080053169,
        0,
        0.001787232836566005,
        0,
        0,
        0,
        0,
        0.0009669633588575027,
        0,
        0,
        0.002508830079471795,
        0,
        0,
        0,
        0,
        0.06402308196295252,
        0.007227162472741863,
        0,
        0.07202775512668318,
        0.10342919665356835,
        0.0006039980676214474,
        0.0021463081732582836,
        0.08318224298989033,
        0,
        0.003205441422415035,
        0.170406508830718,
        0.00238973899468336,
        0.008228894254854882,
        0.0008382006618264313,
        0.014321755218113108,
        0.00040144694493846154,
        0.00012127849595987526,
        0,
        0.00025612112260320097,
        0,
        0
    ],
    "dice_coefficient": [
        0.0,
        0.0,
        0.0,
        0.0,
        0.0,
        0.0,
        0.0,
        0.0,
        0.0,
        3.1593918976712384e-07,
        0.0,
        0.0,
        0.0,
        0.0006368352860783752,
        0.0,
        0.0,
        0.0,
        0.0,
        0.00035042934319918075,
        0.0,
        0.0,
        0.0,
        0.0,
        0.0,
        0.0,
        0.0,
        0.009292213224205243,
        0.0,
        0.0,
        0.04563751122364258,
        0.035820141047711966,
        9.00167596994213e-05,
        0.0,
        0.05625320137184216,
        0.0,
        0.003517947842892458,
        0.15033980853197879,
        0.0026934718138407797,
        0.005755701988853626,
        8.530023182046802e-06,
        0.017774622942313377,
        0.00020625698267148947,
        7.680388151802934e-07,
        0.0,
        0.00020764078565973598,
        0.0,
        0.0
    ],