{
    "image_series_id": 522274859,
    "match_id": [
        180296424,
        142656218,
        558580065,
        585051446,
        585026021,
        640282128,
        127139568,
        146553971,
        626107114,
        157062358,
        100141796,
        142654100,
        180297139,
        113226232,
        146984915,
        112672974,
        112373830,
        558581415,
        127089669,
        126116848,
        100148554,
        642967852,
        127397469,
        152994878,
        114250546,
        114472145,
        640081415,
        272414403,
        638314843,
        579409876,
        232311959,
        287028480,
        182794184,
        603468246,
        479673174,
        648252402,
        590988082,
        657172447,
        166083557,
        554334685,
        576340889,
        299446445,
        298178204,
        648050335,
        661987195,
        286483411,
        642809043
    ],
    "distance": [
        1687.1199870400255,
        248.44594555420397,
        2099.0946258008034,
        1939.8799448962816,
        2158.582142859611,
        711.307664933435,
        1698.3784371327445,
        2066.329341098159,
        1388.121972344467,
        748.9973069681386,
        1234.6910362211006,
        376.5475174398338,
        592.616296890932,
        1310.9958792036841,
        1411.8368833372233,
        1478.7427663517767,
        1195.2187431250327,
        1311.2069801698174,
        762.3751060960853,
        2098.7168741093965,
        1425.9121414666208,
        558.7977218800902,
        2535.2358350780933,
        853.9737746563393,
        1348.8903393967194,
        1587.4410513661253,
        282.4241102580065,
        310.12696737288826,
        1202.9211468149424,
        345.73846725052067,
        290.37491795854845,
        1029.4942897173644,
        456.81582057568824,
        975.6195587025213,
        1539.9430046464747,
        541.0143032235562,
        659.5445989186936,
        620.3955178049827,
        812.6531170291468,
        939.6583950982107,
        831.351653949925,
        826.0935302056283,
        709.8479109538775,
        953.5330705846203,
        1289.9380907400507,
        1440.7885472178534,
        1457.4957927943678
    ],
    "injection_overlap": [
        0,
        0.613918501167051,
        0,
        0,
        0,
        0.00026271673981433395,
        0,
        0,
        0,
        0.015232705927321713,
        0,
        0.5156610462506488,
        0.2571835534269124,
        0,
        0,
        0,
        0,
        0,
        0.07970165529612626,
        0,
        0,
        0.3114120908857509,
        0,
        0,
        0,
        0,
        0.9438951644292755,
        0.6248509341753097,
        0,
        0.7278802436119164,
        0.7943639557523218,
        0,
        0.7435909906424649,
        0.39457161379725975,
        0,
        0.06628017037758582,
        0.004690835192291719,
        0.07935258239195607,
        0.01779268501849833,
        0,
        0.03141286365180081,
        0.00023920941738829205,
        0.034804195429494325,
        0,
        6.689699701568002e-05,
        0,
        0
    ],
    "exclusion_zone_overlap": [
        0,
        0.2657703674575589,
        0,
        0,
        0,
        0.037475397630971456,
        0,
        0,
        0,
        0.0375660352314222,
        0,
        0.31041429438317636,
        0.21405508641505236,
        0.014309845001660023,
        0,
        0,
        0,
        0,
        0.1552475134528466,
        0,
        0,
        0.259952143495985,
        0,
        0.00317105852761405,
        0,
        0,
        0.5685050403504076,
        0.3852505719159834,
        0,
        0.4337625547762083,
        0.4680275780707014,
        0.0011480606237610851,
        0.33750650893387263,
        0.2873150624432102,
        0.0006911856201743343,
        0.12745352143349833,
        0.11194490085566111,
        0.17186879618860243,
        0.11302034069673421,
        0.014133786069088916,
        0.14075676806534732,
        0.03413639891079064,
        0.10588323949939389,
        0.009579121936910573,
        0.04281440125333968,
        0,
        0
    ],
    "fraction of match covered by td injection": [
        0,
        0.1595953989966589,
        0,
        0,
        0,
        7.671951898037187e-07,
        0,
        0,
        0,
        0.004584967789136932,
        0,
        0.12867926387934128,
        0.02880574207623611,
        0,
        0,
        0,
        0,
        0,
        0.008042977727576011,
        0,
        0,
        0.054069090244035334,
        0,
        0,
        0,
        0,
        0.198433133724708,
        0.08544836872667028,
        0,
        0.05865180746541815,
        0.1781936594511699,
        0,
        0.1504828598974152,
        0.016293197680142563,
        0,
        0.0346906418634213,
        0.00023743647465703787,
        0.01042709463519372,
        0.006772554124123333,
        0,
        0.005238202175471548,
        3.0327958233950734e-05,
        0.01264517959036598,
        0,
        2.5948825439282526e-08,
        0,
        0
    ],
    "fraction of match covered by td exclusion zone": [
        0,
        0.6477533199051922,
        0,
        0,
        0,
        0.027950454355781532,
        0,
        0,
        0,
        0.17372840503097206,
        0,
        0.6730823539830965,
        0.38032721471833447,
        0.013223534437071577,
        0,
        0,
        0,
        0,
        0.18946355979556198,
        0,
        0,
        0.5293623008589577,
        0,
        0.008878891260883197,
        0,
        0,
        0.9192242652102189,
        0.5025206190930003,
        0,
        0.4561088830721987,
        0.8655856764795659,
        0.0001718259150432325,
        0.6558378480442204,
        0.14152576576192086,
        0.0001957041122236824,
        0.4247451835699991,
        0.9278873851196466,
        0.24172488130851205,
        0.2682623992618066,
        0.1053182191574644,
        0.23709474689111304,
        0.02053555759455661,
        0.24254262133424204,
        0.04921545092637335,
        0.04106537125792634,
        0,
        0
    ],
    "dice_coefficient": [
        0.0,
        0.31211340694544176,
        0.0,
        0.0,
        0.0,
        5.225492123146661e-06,
        0.0,
        0.0,
        0.0,
        0.008802592783673768,
        0.0,
        0.2527617348224227,
        0.05681663127346677,
        0.0,
        0.0,
        0.0,
        0.0,
        0.0,
        0.015956267527673863,
        0.0,
        0.0,
        0.10606153744798634,
        0.0,
        0.0,
        0.0,
        0.0,
        0.3891672036772667,
        0.169293733979497,
        0.0,
        0.11645736074928847,
        0.35082927041928524,
        0.0,
        0.28992889714354886,
        0.03247783646851631,
        0.0,
        0.06745524793817556,
        0.0008782599647160145,
        0.020650710096308214,
        0.013333986768249652,
        0.0,
        0.010327874797089763,
        5.8056974873488435e-05,
        0.02487192146920227,
        0.0,
        1.0139965907376218e-06,
        0.0,
        0.0
    ],