{
    "image_series_id": 523704892,
    "match_id": [
        142656218,
        558580065,
        585051446,
        585026021,
        640282128,
        127139568,
        146553971,
        626107114,
        142654100,
        180297139,
        113226232,
        146984915,
        112672974,
        558581415,
        126116848,
        100148554,
        642967852,
        127397469,
        152994878,
        114472145,
        640081415,
        272414403,
        638314843,
        579409876,
        232311959,
        287028480,
        182794184,
        603468246,
        286483411
    ],
    "distance": [
        1329.3550902728102,
        676.8142400536015,
        614.9985628672968,
        803.8508410323868,
        1088.2743197414034,
        672.574538543251,
        1518.671114378247,
        981.9445790319551,
        1140.0613765914877,
        1015.6765793953847,
        405.1404158305578,
        1550.11334853792,
        570.5693024347072,
        2128.265222480448,
        753.6438391903752,
        1212.148871371535,
        943.2696843784536,
        1920.3906314080539,
        923.2122710619893,
        807.4772896933654,
        1197.3898544391106,
        1333.2732970908842,
        2181.6610216331346,
        1461.6170555471315,
        1208.4827292516998,
        1651.0897491392443,
        1044.6567931814259,
        2276.1827311426778,
        749.3762333183678
    ],
    "injection_overlap": [
        0,
        0.09724109943674417,
        0.061103688480334165,
        0.0301060049170702,
        0.031184501936494306,
        0.03513653851844641,
        0,
        0,
        0,
        0,
        0.4233506687771207,
        0,
        0.19867270756923988,
        0,
        0.051841778979555365,
        0,
        0,
        0,
        0,
        0.034461769677701516,
        0,
        0,
        0,
        0,
        0,
        0,
        0,
        0,
        0.001952376990754974
    ],
    "exclusion_zone_overlap": [
        0,
        0.13885989318766673,
        0.10883191445043511,
        0.07908336172509595,
        0.10295481061698587,
        0.05726606412458803,
        0,
        0.00024289425852221563,
        0,
        0,
        0.45416457967337387,
        0,
        0.14481943161326913,
        0,
        0.09579906795341193,
        0,
        4.404828645435801e-08,
        0,
        0.0040910661780372845,
        0.0389794752146433,
        0,
        0,
        0.0001992066336963655,
        0,
        5.062222895992769e-09,
        0,
        0.004940722746726529,
        0,
        0.019116305615468128
    ],
    "fraction of match covered by td injection": [
        0,
        0.02083094243832184,
        0.011793407148989228,
        0.0012757080773165008,
        0.00042707954658650064,
        0.0028781345252101923,
        0,
        0,
        0,
        0,
        0.0280879272903703,
        0,
        0.010511500796987166,
        0,
        0.006202807694836916,
        0,
        0,
        0,
        0,
        0.0029784408493552976,
        0,
        0,
        0,
        0,
        0,
        0,
        0,
        0,
        0.0003205821495116484
    ],
    "fraction of match covered by td exclusion zone": [
        0,
        0.29907379157408254,
        0.24346734130036005,
        0.0926862463952041,
        0.027631645186981985,
        0.0605359044270085,
        0,
        0.0006604266435887519,
        0,
        0,
        0.4251451851683237,
        0,
        0.1542265991553381,
        0,
        0.1345093685779066,
        0,
        2.1504692440379208e-05,
        0,
        0.010626252147309993,
        0.057904933547686714,
        0,
        0,
        0.0002251843795163751,
        0,
        2.6112284243855266e-09,
        0,
        0.0129725602836332,
        0,
        0.054067361230280456
    ],
    "dice_coefficient": [
        0.0,
        0.04125021304334681,
        0.02334223168823301,
        0.0025302556283107163,
        0.0008483618370455168,
        0.005735248176260561,
        0.0,
        0.0,
        0.0,
        0.0,
        0.055965697470875084,
        0.0,
        0.020916239525899216,
        0.0,
        0.012330047158319727,
        0.0,
        0.0,
        0.0,
        0.0,
        0.005922268367186953,
        0.0,
        0.0,
        0.0,
        0.0,
        0.0,
        0.0,
        0.0,
        0.0,
        0.0006179731909832731
    ],
    "spearman_correlation": [
        0.8070808589922829,
        0.7265436253716787,
        0.6038139838161878,
        0.47797247875938476,
        0.41132737084478477,
        0.5715363908085168,
        0.6097138031964412,
        0.36829868519917686,
        0.8092611849283837,
        0.8551320675362774,
        0.512231142853585,
        0.20791687666175848,
        0.3567552987121966,
        0.39575022388415376,
        0.653180235365708,
        0.21715516599440393,
        0.893918060888018,
        0.5717148563809703,
        0.5795439202853675,
        0.7326632295186576,
        0.8906367211893281,
        0.8174767006181648,
        0.4614814114394882,
        0.7858119970324575,
        0.8541508125241198,
        0.5938061805848991,
        0.8506128182713614,
        0.6028998850134123,
        0.6078777376349647
    ],
    "pearson_correlation": [
        0.9569049716188696,
        0.8638417728592189,
        0.7985433146689499,
        0.7652900208958204,
        0.467668337448518,
        0.7375415459191245,
        0.8822255135692518,
        0.42689177032036724,
        0.9383770530422398,
        0.9502838506061451,
        0.7469171253204264,
        0.26293841072522134,
        0.6536207345181361,
        0.30620509252314065,
        0.9138834045937504,
        0.22547245947032252,
        0.9749269717621865,
        0.8959025258437312,
        0.5861821227622149,
        0.9506107274391451,
        0.9671240383808349,
        0.8644400307148647,
        0.30442298745200347,
        0.8031897013472401,
        0.8408448188574693,
        0.5511806971108291,
        0.9320242887242417,
        0.6297640199070692,
        0.8926940328111345
    ],
    "source": "ENTl"
}