{
    "image_series_id": 524266253,
    "match_id": [
        484504171,
        175740500,
        168300739,
        267929554,
        268076421,
        278510903,
        162018169,
        166264185,
        510124187,
        506947040,
        294356922,
        301057735,
        278067445,
        183329222,
        263106751,
        301324895,
        183071513,
        301209502,
        267610466,
        301060890,
        183225830,
        278400363,
        267959197,
        175739791,
        182888003,
        299732738,
        183057424,
        182805965,
        183058837,
        267928844,
        268205344,
        268399145,
        573035760,
        538834292,
        480703321,
        305125123,
        167373923,
        184157585,
        168301446,
        182185289,
        181895006,
        268163228,
        184158996,
        284665639,
        265947058,
        167571459,
        514333422,
        479267539,
        553747363,
        558697990,
        309580808,
        267607635,
        277849256,
        264707643
    ],
    "distance": [
        696.7140919318983,
        474.81359028805934,
        371.131097295437,
        1334.950082618936,
        538.5712915056295,
        1082.0725230276523,
        1484.6667019017718,
        784.7132742923137,
        399.2254280859268,
        701.5898764886999,
        337.9422282717005,
        826.1083423275268,
        1156.4071885677477,
        377.63802330665794,
        351.3507084087713,
        790.5052165523782,
        813.2710450359676,
        321.36103456259724,
        605.4060367436233,
        457.7235770753786,
        624.7715124482952,
        257.14895696959826,
        1310.3828198228266,
        400.729551223371,
        687.3070636510582,
        1195.8612596676878,
        923.5171664513437,
        590.3470842109309,
        837.9385608440332,
        453.6311409048066,
        1283.912007684222,
        226.9287877621864,
        918.314807713179,
        1434.438258621501,
        519.3982566700978,
        926.9067458392084,
        1030.6493848034868,
        414.942823365044,
        254.96461358648355,
        891.4380111108685,
        220.1994452097774,
        1335.6043532176582,
        1038.7827813065735,
        685.1310968372462,
        1474.8223212366422,
        894.2013011656401,
        757.4233996422902,
        758.769750626058,
        397.3203129958135,
        132.11627651080275,
        1140.0563273604284,
        774.3587934566951,
        1483.1806076536222,
        641.9502544554458
    ],
    "injection_overlap": [
        0.10911404439846281,
        0.292301685998551,
        0.5992081299906248,
        0,
        0.28463204528070135,
        0,
        0,
        0,
        0.09444731051616466,
        0.1259644663909678,
        0.2453689080583354,
        0.008285648143890609,
        0.02532600476987361,
        0.31165316316837705,
        0.22747968331629903,
        0,
        9.497928562345765e-05,
        0.3497094207701773,
        0.4173231586027532,
        0.07826449578674116,
        0.26107584906631975,
        0.2966375264537031,
        0,
        0.526288619931034,
        0.012330518206338693,
        0,
        0,
        0.0025375333959854656,
        0.0001530666775325036,
        0.3479219972473483,
        0,
        0.6147241269639009,
        0.01936341511349246,
        0,
        0.312840009916929,
        0.04523749372639791,
        0.00899371531978248,
        0.09106775999837326,
        0.6760474734359359,
        0.0008998238087257528,
        0.8225144713421368,
        0,
        0,
        0.3600918260762356,
        0.01678663536579689,
        0.010859182015780915,
        0,
        5.502743750717532e-05,
        0.08731484853594852,
        0.8729314121663997,
        0,
        0.02652174677056487,
        0.0011161443580842078,
        0.0049862677655369975
    ],
    "exclusion_zone_overlap": [
        0.15880752174779184,
        0.4508875018843884,
        0.407210850851639,
        0.0028212539882762474,
        0.3847157868933696,
        0.0019110291361694118,
        0,
        0.009728362069987388,
        0.07732380767522319,
        0.09873970058766135,
        0.1960775180412355,
        0.047717333036128656,
        0.05020057741398784,
        0.29001938723690507,
        0.18523646789114892,
        6.874947561591461e-07,
        0.02222376082214969,
        0.27338725558974514,
        0.3313061962606459,
        0.06527252529256994,
        0.1587918477339958,
        0.23941156222425866,
        0,
        0.33418111011448565,
        0.013192037667326543,
        0,
        0,
        0.02603365935094943,
        0.004441304142664605,
        0.3381855645779813,
        0.006735200827399421,
        0.33131138534166826,
        0.01889364821800681,
        0.0008951079693045656,
        0.30039022087086337,
        0.03536176662908701,
        0.02531169888688883,
        0.07561874035296749,
        0.3347696354073186,
        0.01566513167610871,
        0.6607976677303771,
        0,
        0,
        0.14267550674993879,
        0.0221492748657327,
        0.03951855418795048,
        0.003312942324914978,
        0.012559145095660824,
        0.194818296311066,
        0.44600048067803266,
        0,
        0.048905589347299085,
        0.003019788259361924,
        0.07338531262144418
    ],
    "fraction of match covered by td injection": [
        0.03884312392340116,
        0.035551248675338584,
        0.1629914167620339,
        0,
        0.07198622575117589,
        0,
        0,
        0,
        0.07287538616754087,
        0.0693367245993911,
        0.0959327351956116,
        0.010969200491345336,
        0.010312872496397037,
        0.22309831800941277,
        0.07441640278869587,
        0,
        0.0004434900194591654,
        0.13448772219137128,
        0.07330750769010529,
        0.16113554333318822,
        0.06953228620321988,
        0.26225574234844606,
        0,
        0.11571901542512975,
        0.006807432614374374,
        0,
        0,
        0.0008558041031768764,
        0.0001797897750090377,
        0.11219113260955203,
        0,
        0.5177577168882754,
        0.001385620987046528,
        0,
        0.03812588068039997,
        0.0029552764103143226,
        0.0024081883212315838,
        0.03540999855398689,
        0.4726029821322371,
        0.00014354753064184787,
        0.15477522758239048,
        0,
        0,
        0.06097443811908991,
        0.0006895499735678611,
        0.0007647728194604997,
        0,
        1.8887569017856546e-05,
        0.06005240867636366,
        0.6631626416371612,
        0,
        0.016560404384986547,
        0.00018432345971443467,
        0.002102683531288634
    ],