{
    "image_series_id": 525413115,
    "match_id": [
        142656218,
        558580065,
        585051446,
        585026021,
        640282128,
        127139568,
        146553971,
        180403712,
        142654100,
        180297139,
        113226232,
        112672974,
        126116848,
        642967852,
        127397469,
        152994878,
        114472145,
        640081415,
        272414403,
        638314843,
        180435652,
        579409876,
        232311959,
        182794184,
        603468246,
        183330908,
        286483411,
        485846989,
        513775257,
        187268452,
        485903475,
        513773998
    ],
    "distance": [
        1631.4783103646732,
        1566.4957569521634,
        1635.5617349153308,
        1687.9327348242489,
        1717.2358322838572,
        1594.1241003721436,
        233.49286479676914,
        876.7707121822416,
        1565.4412754788555,
        1431.7199848226526,
        1652.1605571520213,
        1591.598935243969,
        1118.708475241478,
        1476.881134927268,
        681.7354172952353,
        1336.9408469465504,
        581.1809819842415,
        1771.8812852970034,
        1701.1993000790496,
        2399.227963780645,
        769.4378755896406,
        1954.5952593538107,
        1810.3292505273323,
        1638.674921065455,
        2763.9894618692174,
        2146.2864896384012,
        612.954753356895,
        3923.7904716885464,
        3619.6223741363633,
        3655.4868111550186,
        3116.078737195582,
        4162.619401333236
    ],
    "injection_overlap": [
        0,
        0,
        0,
        0,
        0,
        0,
        0.6429510240407761,
        0,
        0,
        0,
        0,
        0,
        0,
        0,
        0.17740536174764285,
        0,
        0.2632330441645722,
        0,
        0,
        0,
        0.21837976921161514,
        0,
        0,
        0,
        0,
        0,
        0.05459901932901406,
        0,
        0,
        0,
        0,
        0
    ],
    "exclusion_zone_overlap": [
        0,
        0,
        0,
        0,
        0,
        0,
        0.3870075745584932,
        0,
        0,
        1.121816101629768e-09,
        0,
        0,
        0,
        0,
        0.10830710567171817,
        0,
        0.27905046802101946,
        0,
        0,
        0,
        0.3380528704632339,
        0,
        0,
        0,
        0,
        0,
        0.1030369968096867,
        0,
        0,
        0,
        0,
        0
    ],
    "fraction of match covered by td injection": [
        0,
        0,
        0,
        0,
        0,
        0,
        0.05068640721829291,
        0,
        0,
        0,
        0,
        0,
        0,
        0,
        0.004587957396746859,
        0,
        0.019156134736384105,
        0,
        0,
        0,
        0.005303305512481541,
        0,
        0,
        0,
        0,
        0,
        0.025177942151244193,
        0,
        0,
        0,
        0,
        0
    ],
    "fraction of match covered by td exclusion zone": [
        0,
        0,
        0,
        0,
        0,
        0,
        0.9326485596759537,
        0,
        0,
        3.692352118298645e-07,
        0,
        0,
        0,
        0,
        0.23094174632950304,
        0,
        0.5536067288931681,
        0,
        0,
        0,
        0.24622720199220213,
        0,
        0,
        0,
        0,
        0,
        0.7679106989241444,
        0,
        0,
        0,
        0,
        0
    ],
    "dice_coefficient": [
        0.0,
        0.0,
        0.0,
        0.0,
        0.0,
        0.0,
        0.10091164848028182,
        0.0,
        0.0,
        0.0,
        0.0,
        0.0,
        0.0,
        0.0,
        0.009145633648710814,
        0.0,
        0.03820075707555146,
        0.0,
        0.0,
        0.0,
        0.010596394888827698,
        0.0,
        0.0,
        0.0,
        0.0,
        0.0,
        0.049429410467650294,
        0.0,
        0.0,
        0.0,
        0.0,
        0.0
    ],
    "spearman_correlation": [
        0.7390466878849162,
        0.3916333468008492,
        0.3151405364758755,
        0.19877188044150887,
        0.1531262369711184,
        0.24248412785917,
        0.5621503013084719,
        0.39902178498172836,
        0.6593415665624751,
        0.5867919426794648,
        0.21450177623433236,
        0.08136313053778517,
        0.38248308619511057,
        0.5765208155414071,
        0.502617151867842,
        0.307102574202144,
        0.6417199896923179,
        0.6057734009624725,
        0.6007929191615237,
        0.17893732846469104,
        0.7059497073754577,
        0.6047836674245931,
        0.7081047205389441,
        0.673522296805195,
        0.4805785027870346,
        0.26995925992462466,
        0.5365877742240442,
        0.5550520508498671,
        0.5686787404639913,
        0.4486957680939374,
        0.5755431110392704,
        0.49022430167233266
    ],
    "pearson_correlation": [
        0.8532861798726195,
        0.561159222219563,
        0.46903796412520127,
        0.43857703161078215,
        0.13285951687622974,
        0.4093608969938731,
        0.8569090885965415,
        0.3270275466952057,
        0.7961352866123106,
        0.8278724396602725,
        0.4740282862330593,
        0.3444597116605371,
        0.7305832521609161,
        0.833670243931156,
        0.9111746853092785,
        0.19743806764527042,
        0.8827729921376354,
        0.829370279260241,
        0.6957105332280161,
        0.040987402022706246,
        0.8021892855070119,
        0.5457923377942128,
        0.7493166186532111,
        0.8912890647994233,
        0.4658129499577338,
        0.42108185417599353,
        0.937301553978333,
        0.6646011509921947,
        0.6949623888066119,
        0.7720064478199056,
        0.6541128001259411,
        0.6152803962861524
    ],
    "source": "ENTl"
}