{
    "image_series_id": 525412369,
    "match_id": [
        100140949,
        126523791,
        126115436,
        113887868,
        100148142,
        126862385,
        112595376,
        174361040,
        272782668,
        272916915,
        112424813,
        523718823,
        657046319,
        606929366,
        501484658,
        249396394,
        501006221,
        572588941,
        584895127,
        482581199,
        496113850,
        646525997,
        576341623,
        536298726,
        571100135,
        510417993,
        479984127,
        575782182,
        592540591,
        168164230,
        166054929,
        496151571,
        501115762,
        562521707,
        159832064,
        546103149,
        646525156,
        584511827,
        510417255,
        593277684,
        591535205,
        303784745,
        523718075,
        601476074
    ],
    "distance": [
        434.1937338162699,
        1928.276709558082,
        3344.029179515455,
        3246.1562467563604,
        698.7996477753795,
        2203.1965884728243,
        1293.118062428557,
        2489.6440936210715,
        2411.73826468373,
        970.2026490622019,
        569.00752274455,
        1623.3877779927702,
        2485.3253109619527,
        3304.4830712922308,
        529.7449586144317,
        1412.3896249018887,
        1657.459755775908,
        1185.5711115146237,
        771.5199066456095,
        1984.991753696685,
        1306.2968517195443,
        1049.7535581179707,
        947.6526172320903,
        2535.288232346328,
        1042.1847235511082,
        2601.920432730585,
        2442.527635410335,
        926.4522627933237,
        736.8935636576945,
        2309.114832136012,
        575.7367829526486,
        1893.2823973205811,
        2501.118053289505,
        1630.5096476090541,
        431.7314929448987,
        2283.787379570404,
        936.8933141130167,
        2475.26325641223,
        2898.0186892614684,
        3477.4489746266654,
        302.8116349089223,
        1553.7653997176476,
        2647.4300391157476,
        3147.216047928262
    ],
    "injection_overlap": [
        0.27918464164103185,
        0,
        0,
        0,
        0,
        0,
        0,
        0,
        0,
        0,
        0,
        0,
        0,
        0,
        0.14992777857684447,
        0,
        0,
        0,
        0,
        0,
        0,
        0,
        0,
        0,
        0,
        0,
        0,
        0,
        0,
        0,
        0.1464532822509964,
        0,
        0,
        0,
        0.04491335825929132,
        0,
        0,
        0,
        0,
        0,
        0.5938675080148059,
        0,
        0,
        0
    ],
    "exclusion_zone_overlap": [
        0.28334560408023685,
        0,
        0,
        0,
        0.002565250747646349,
        0,
        0,
        0,
        0,
        0,
        4.1826939145652467e-07,
        0,
        0,
        0,
        0.11301197319993696,
        0,
        0,
        0,
        0.0002641523848639544,
        0,
        0,
        0,
        0.0012423221070526418,
        0,
        0,
        0,
        0,
        0,
        0.004581924851826727,
        0,
        0.12140559037204014,
        0,
        0,
        0,
        0.24615360991352156,
        0,
        0,
        0,
        0,
        0,
        0.34940394216598347,
        0,
        0,
        0
    ],
    "fraction of match covered by td injection": [
        0.019159145725229275,
        0,
        0,
        0,
        0,
        0,
        0,
        0,
        0,
        0,
        0,
        0,
        0,
        0,
        0.00720502593501734,
        0,
        0,
        0,
        0,
        0,
        0,
        0,
        0,
        0,
        0,
        0,
        0,
        0,
        0,
        0,
        0.007160115272625749,
        0,
        0,
        0,
        0.009123786808259335,
        0,
        0,
        0,
        0,
        0,
        0.09957404481922132,
        0,
        0,
        0
    ],
    "fraction of match covered by td exclusion zone": [
        0.3732086569352473,
        0,
        0,
        0,
        0.00871449039006496,
        0,
        0,
        0,
        0,
        0,
        6.913104584078307e-05,
        0,
        0,
        0,
        0.11254609928685291,
        0,
        0,
        0,
        5.117481394097125e-05,
        0,
        0,
        0,
        0.00010643245335165485,
        0,
        0,
        0,
        0,
        0,
        0.0013997053816322859,
        0,
        0.09842478522869984,
        0,
        0,
        0,
        0.35378421631873236,
        0,
        0,
        0,
        0,
        0,
        0.8204346396387809,
        0,
        0,
        0
    ],
    "dice_coefficient": [
        0.03767464300030195,
        0.0,
        0.0,
        0.0,
        0.0,
        0.0,
        0.0,
        0.0,
        0.0,
        0.0,
        0.0,
        0.0,
        0.0,
        0.0,
        0.014234793516313292,
        0.0,
        0.0,
        0.0,
        0.0,
        0.0,
        0.0,
        0.0,
        0.0,
        0.0,
        0.0,
        0.0,
        0.0,
        0.0,
        0.0,
        0.0,
        0.014176217477742743,
        0.0,
        0.0,
        0.0,
        0.017888951762276555,
        0.0,
        0.0,
        0.0,
        0.0,
        0.0,
        0.19337291006585863,
        0.0,
        0.0,
        0.0
    ],
    "spearman_correlation": [
        0.8259232895122015,
        0.2557521998129386,
        0.3086167029785556,
        0.4977719715814528,
        0.7300430099854776,
        0.6137775617013742,
        0.5440038648896929,
        0.4014117860624207,
        0.4323911117242196,
        0.6118231682411799,
        0.8227575923494267,
        0.5931881485269702,
        0.34657601822936707,
        0.3312199904394991,
        0.7749488177725745,
        0.6178835245995524,
        0.6292581614250368,
        0.665487367417863,
        0.785570817391958,
        0.5442019900414604,
        0.5944809320138156,
        0.6259547273857852,
        0.6498571622739077,
        0.5618031818751229,
        0.6570020976744025,
        0.385726303472485,
        0.5916802594996509,
        0.6487067467877637,
        0.8406100948842573,
        0.49017993240488855,
        0.8137564229684511,
        0.5702827928827805,
        0.5123362761673369,
        0.4193510418178015,
        0.8195147089778495,
        0.653677134853471,
        0.6675070024229116,
        0.6376456271586821,
        0.3730310697321062,
        0.19275673207634214,
        0.8552117120253699,
        0.5118800805052284,
        0.4045911884987891,
        0.498286030446925
    ],