{
    "image_series_id": 527713163,
    "match_id": [
        157556400,
        112423392,
        157711748,
        126860974,
        478376197,
        496554237,
        166055636,
        480994108,
        286313491,
        583747816,
        478582494,
        263106036,
        167902586
    ],
    "distance": [
        606.7157731403548,
        651.6294825430392,
        366.5847651782824,
        631.7252140722414,
        537.4574045971033,
        412.2311198138178,
        1528.1589241660697,
        706.1312382773286,
        571.21154275763,
        1618.4310559492296,
        520.5231766173863,
        306.1584200456723,
        591.0047119545093
    ],
    "injection_overlap": [
        0.0191521204934405,
        0,
        0.2717541446515041,
        0.09987772448406806,
        0.6290199732566244,
        0.7366705457267517,
        0,
        7.90521834034456e-06,
        0.09739846921455253,
        0,
        0.02332668978424488,
        0.9791928178844513,
        0.08899093436654454
    ],
    "exclusion_zone_overlap": [
        0.029888021560988815,
        0,
        0.2565336685772937,
        0.20895899678268326,
        0.41644738506828094,
        0.3952517080084401,
        0,
        0.02961300034453059,
        0.09600848574966879,
        0,
        0.1590066766609375,
        0.6016587129607686,
        0.14009399284494356
    ],
    "fraction of match covered by td injection": [
        0.012227104416922636,
        0,
        0.1891222368316372,
        0.01638430957231923,
        0.08018485540418561,
        0.12707996962086393,
        0,
        1.0107764832472776e-11,
        0.047372865828446915,
        0,
        0.005408014929017387,
        0.20894919955678734,
        0.005286225619661814
    ],
    "fraction of match covered by td exclusion zone": [
        0.11870801947685997,
        0,
        0.8370257755104278,
        0.36314697683203195,
        0.5191850511727136,
        0.6527798253585768,
        0,
        0.03381288494754937,
        0.2685058134941023,
        0,
        0.4687723079592019,
        0.7973725449753076,
        0.1559201828040964
    ],
    "dice_coefficient": [
        0.023071119025284026,
        0.0,
        0.3582676067133566,
        0.03190333402611998,
        0.1578363073722578,
        0.24753797176188133,
        0.0,
        2.244140318172864e-07,
        0.09132830630011275,
        0.0,
        0.010414542795119306,
        0.409864424135256,
        0.010420525290840628
    ],
    "spearman_correlation": [
        0.6744403904520235,
        0.5074502023449591,
        0.811912616235258,
        0.7954018654694435,
        0.7841337729890613,
        0.8280721421604409,
        0.23847309909497783,
        0.6497811283156143,
        0.8319235294989539,
        0.49066145121580906,
        0.7125215228774461,
        0.8198692244427345,
        0.7217079690852468
    ],
    "pearson_correlation": [
        0.48014617131177895,
        0.24082480921993402,
        0.716539253275664,
        0.7112786258083263,
        0.5261508333071339,
        0.6468254452687285,
        -0.017389061909505812,
        0.2887846024151175,
        0.5668092176352324,
        0.18792135044157074,
        0.4370480045715515,
        0.6957992942441787,
        0.598903287847916
    ],
    "source": "ILA"
}