{
    "image_series_id": 528511254,
    "match_id": [
        100141454,
        141603190,
        146593590,
        112514202,
        139426984,
        112952510,
        157556400,
        112458114,
        139520203,
        180916954,
        584194481,
        478376197,
        501483880,
        496554237,
        526783054,
        166055636,
        125833030,
        478491090,
        286313491,
        583747816,
        182793477,
        126117554,
        478376911,
        286482701,
        496151571,
        161458737,
        168162771,
        496576666,
        263106036
    ],
    "distance": [
        1270.1418648988408,
        742.5341223230432,
        1128.3004592039997,
        257.94622560452217,
        899.1235679635896,
        1127.8715609947456,
        1300.1405488639846,
        242.4515567754297,
        971.147929377882,
        1228.637376704001,
        437.57590571213365,
        1577.317203683356,
        1571.0212090732252,
        1695.3847070975432,
        809.1651795956725,
        1225.9711988858253,
        733.043887228815,
        952.573630632727,
        1222.4384600147348,
        255.47397753006152,
        1221.9414313316736,
        587.3695731887046,
        526.9999832500605,
        280.5996779658889,
        1901.6528127389038,
        114.6111594892007,
        941.9964171835068,
        957.526024066548,
        1368.5321414006457
    ],
    "injection_overlap": [
        0,
        0,
        0,
        0.6935195225779733,
        0,
        0,
        0,
        0.4709201677943188,
        0,
        0,
        0.371796510779656,
        0,
        0,
        0,
        0,
        0,
        0.03564902280553859,
        0,
        0,
        0.8020608955432764,
        0,
        0.004570078169828678,
        0.1296167386938539,
        0.38562946988671404,
        0,
        0.8721063577300107,
        0,
        0,
        0
    ],
    "exclusion_zone_overlap": [
        0,
        0.012734780920927991,
        0,
        0.31508121433625763,
        0.0005279026187754457,
        0,
        0,
        0.22465504732743805,
        0,
        0,
        0.26396538990196045,
        0,
        0,
        0,
        8.0536886962333e-05,
        0,
        0.07067164628155838,
        0.0005036264948772757,
        0,
        0.6032691758365609,
        0,
        0.07307292821842346,
        0.13794627105646376,
        0.29284852023628793,
        0,
        0.6029640437496109,
        0,
        0.0045333015428345785,
        0
    ],
    "fraction of match covered by td injection": [
        0,
        0,
        0,
        0.24018111483994387,
        0,
        0,
        0,
        0.274197951097328,
        0,
        0,
        0.16131931323832732,
        0,
        0,
        0,
        0,
        0,
        0.014392395181686666,
        0,
        0,
        0.13574879031408044,
        0,
        0.0036344071234735297,
        0.05698806948048553,
        0.11591034970558557,
        0,
        0.23879515845241822,
        0,
        0,
        0
    ],
    "fraction of match covered by td exclusion zone": [
        0,
        0.04725708558256548,
        0,
        0.6533818473475307,
        0.004668898902785163,
        0,
        0,
        0.8361372283060292,
        0,
        0,
        0.7297752411369554,
        0,
        0,
        0,
        0.0014391551959808567,
        0,
        0.1787764251925594,
        0.001109281176160616,
        0,
        0.5617463637483269,
        0,
        0.2638533609474425,
        0.419178305091138,
        0.6157891605565409,
        0,
        0.7931898408127152,
        0,
        0.014071063388879437,
        0
    ],
    "dice_coefficient": [
        0.0,
        0.0,
        0.0,
        0.4325123349734334,
        0.0,
        0.0,
        0.0,
        0.45676343899460836,
        0.0,
        0.0,
        0.2785440695507769,
        0.0,
        0.0,
        0.0,
        0.0,
        0.0,
        0.025619535803011018,
        0.0,
        0.0,
        0.26027165879082,
        0.0,
        0.006148087931634865,
        0.09801247109662463,
        0.20932802736825468,
        0.0,
        0.44932742533359604,
        0.0,
        0.0,
        0.0
    ],
    "spearman_correlation": [
        0.3007513901330006,
        0.38184708527205186,
        0.6151049255508335,
        0.7252699121284294,
        0.7559072382339446,
        0.18376474035067505,
        0.7152591070891329,
        0.7330084224303582,
        0.772265940959718,
        0.3405501384859195,
        0.8143464473894717,
        0.5942135641022853,
        0.5605080213647063,
        0.5937336629713588,
        0.6627500933693382,
        0.018958533807685536,
        0.618286192156971,
        0.604900392045132,
        0.6574318085556287,
        0.7520981722759407,
        0.17065480288524976,
        0.8301429617199516,
        0.7378672339255544,
        0.7020396532432186,
        0.5477493380406002,
        0.8117036874947396,
        0.08429462377397696,
        0.6568549900337841,
        0.49832574100896326
    ],
    "pearson_correlation": [
        0.13941711887604466,
        0.28237936496498883,
        0.6288291452015103,
        0.913003404909712,
        0.7798180231332317,
        0.10230779959066372,
        0.7552033538082967,
        0.8167938382069034,
        0.8338913520741413,
        0.17692065886546623,
        0.8636837441588711,
        0.43984046936431187,
        0.5393803064352918,
        0.390437505584204,
        0.7304583433176284,
        0.018884319593674613,
        0.7284289816045596,
        0.4840599844314801,
        0.7816558667156851,
        0.8059356199832985,
        0.05968866079484773,
        0.9102377107174298,
        0.8050372609590504,
        0.9265980922461061,
        0.36486855781065286,
        0.954134293109546,
        0.011387429196866722,
        0.662196086779635,
        0.355958366061351
    ],
    "source": "ACAv"
}