{
    "image_series_id": 536920234,
    "match_id": [
        100140949,
        126523791,
        180720175,
        126115436,
        113887868,
        112229103,
        100148142,
        116900714,
        146077302,
        126862385,
        112595376,
        126852363,
        174361040,
        272782668,
        272916915,
        112424813,
        523718823,
        512315551,
        657046319,
        606929366,
        593018150,
        501484658,
        512314723,
        249396394,
        501006221,
        572588941,
        584895127,
        482581199,
        496113850,
        646525997,
        576341623,
        536298726,
        571100135,
        510417993,
        479984127,
        575782182,
        524667618,
        592540591,
        168164230,
        166054929,
        496151571,
        501115762,
        603479758,
        562521707,
        159832064,
        546103149,
        593016678,
        646525156,
        597007143,
        272930013,
        584511827,
        510417255,
        593277684,
        591535205,
        303784745,
        562674923,
        523718075,
        601476074,
        580150240,
        183174303
    ],
    "distance": [
        1529.5303831421102,
        1794.7218135234366,
        2922.774724801064,
        2409.8516127451426,
        2176.9848913662436,
        1219.5495846638378,
        1790.4979632866052,
        1390.7591621562883,
        636.8524145223255,
        1067.1544422002278,
        641.7061229095239,
        2164.5668721397747,
        1340.5294705412077,
        1295.7218450762393,
        385.0612746250506,
        681.3193922919271,
        594.3614165849459,
        2268.2071181124375,
        1368.9894016209948,
        2280.6252996474113,
        788.4474477307299,
        845.987958938827,
        775.9532846869996,
        630.5760541168748,
        649.6410092018523,
        638.7135904445212,
        475.3111650764902,
        892.4162147934607,
        338.22418692768457,
        663.483822725089,
        999.4728389824803,
        1402.7240101944099,
        798.8474379447233,
        1488.5100814091854,
        1350.2784487876404,
        1030.6205138795842,
        1365.0136493747573,
        536.3112515390419,
        1165.8396267270314,
        610.9785775839724,
        2876.6529495732334,
        1408.2930258612437,
        2255.4108183627986,
        490.1876554661072,
        1436.4987487919736,
        1280.4231278264788,
        2565.833916337618,
        1200.0583249498711,
        1485.8891316177949,
        2013.8391562599625,
        1370.1190996804992,
        1815.9321646303815,
        2471.9718215569987,
        1330.7183761932267,
        652.8342707916775,
        1070.318728044743,
        1544.8000507096938,
        2104.46451240483,
        2450.2786264446877,
        2603.9509570082414
    ],
    "injection_overlap": [
        0,
        0,
        0,
        0,
        0,
        0,
        0,
        0,
        0.004029378674190537,
        0,
        0.05273399318395918,
        0,
        0,
        0,
        0.27080202390253444,
        0,
        0.00011022600031291876,
        0,
        0,
        0,
        0.011365153510013564,
        0,
        0.000989238372034218,
        0.3689596371304241,
        0.002902534556095853,
        0.2019101510616332,
        0.0002528939190143945,
        0.0093158950446801,
        0.37912226341889477,
        0.27945451565476565,
        1.8747115607978027e-05,
        0,
        0.08290131070313768,
        0,
        0,
        0,
        0.004164528026987102,
        0.02533527139218407,
        0,
        0.036505559992451,
        0,
        0,
        0,
        0.02951046995004874,
        0,
        0,
        0,
        0,
        0,
        0,
        0.00612997248764586,
        0,
        0,
        0,
        0.11928180647985007,
        0,
        0,
        0,
        0,
        0
    ],
    "exclusion_zone_overlap": [
        0,
        0,
        0,
        0,
        0,
        0,
        0,
        0,
        0.02461287551178115,
        0,
        0.046922462466249,
        0,
        0,
        0,
        0.11990290008073116,
        0.0002424122799829061,
        0.019666435031882614,
        0,
        0,
        0,
        0.0190715099801479,
        0.008451997978890421,
        0.0186677799885427,
        0.13318590343536776,
        0.03833124490775784,
        0.14424358071065674,
        0.050513849281300344,
        0.06085688025890627,
        0.18714063134996908,
        0.1529315425677351,
        0.000928684289248176,
        0,
        0.07920153796837771,
        0,
        0,
        2.9107384930137462e-05,
        0.007124517868524878,
        0.12233990815768189,
        0,
        0.10269234156314885,
        0,
        0,
        0,
        0.15198835340604755,
        0,
        0,
        0,
        0,
        0,
        0,
        0.03963737463478772,
        0,
        0,
        0,
        0.06636190084838571,
        0,
        0,
        0,
        0,
        0
    ],
    "fraction of match covered by td injection": [
        0,
        0,
        0,
        0,
        0,
        0,
        0,
        0,
        0.025650147852562474,
        0,
        0.10521864154445139,
        0,
        0,
        0,
        0.3955582649554998,
        0,
        0.0020251151729461813,
        0,
        0,
        0,
        0.021108769366808562,
        0,
        0.0007744202830832247,
        0.2331492290230957,
        0.006747838910847555,
        0.09063669344029332,
        0.0008639104634515259,
        0.0070781341628552855,
        0.35304883743423643,
        0.0857689553752773,
        0.00010366057066675632,
        0,
        0.032010986860366186,
        0,
        0,
        0,
        0.0007807581196083114,
        0.014035944538600326,
        0,
        0.011474314971953635,
        0,
        0,
        0,
        0.07164655388897498,
        0,
        0,
        0,
        0,
        0,
        0,
        0.00025459145848516875,
        0,
        0,
        0,
        0.11771057251019777,
        0,
        0,
        0,
        0,
        0
    ],
    "fraction of match covered by td exclusion zone": [
        0,
        0,
        0,
        0,
        0,
        0,
        0,
        0,
        0.3401653694525275,
        0,
        0.28495898267583775,
        0,
        0,
        0,
        0.7325719459183543,
        0.003816920243958135,
        0.1479687578771907,
        0,
        0,
        0,
        0.1283492456701102,
        0.026718684204317056,
        0.049598573156248486,
        0.4765140454342547,
        0.14116003407623573,
        0.2796827870864833,
        0.8412152861943895,
        0.1818474913623474,
        0.7111904586418178,
        0.2634697631335846,
        0.0026049795551911703,
        0,
        0.1265746471556732,
        0,
        0,
        1.9024842601284694e-05,
        0.0029587243011754373,
        0.4249733339352925,
        0,
        0.27503244886200323,
        0,
        0,
        0,
        0.9487537754179153,
        0,
        0,
        0,
        0,
        0,
        0,
        0.033415875842710344,
        0,
        0,
        0,
        0.3018271836501353,
        0,
        0,
        0,
        0,
        0
    ],