{
    "image_series_id": 544454674,
    "match_id": [
        307297141,
        272916202,
        113887162,
        272404772,
        180296424,
        146858755,
        307321674,
        307558646,
        307743253,
        100141796,
        116903968,
        304565427,
        127222723,
        120437703,
        126907302,
        112373830,
        309004492,
        307295727,
        307296433,
        114250546,
        127138787,
        115958825,
        309372716,
        638314843,
        500836105,
        579409876,
        512315551,
        598605738,
        521600943,
        479981981,
        603468246,
        479673174,
        530555292,
        579203888,
        540145406,
        510834706,
        495562600,
        511550172,
        518606617,
        479700629,
        518605900,
        167794131,
        479982715,
        657334568,
        272929308,
        657042668,
        656959718,
        562520963,
        299446445,
        479673887,
        524874308,
        482580380,
        661987195,
        479980810,
        593277684,
        524666904,
        656632388,
        554421791
    ],
    "distance": [
        1231.1517601797054,
        1625.9757837804393,
        1223.5058019317732,
        1408.6218658658247,
        1356.598768095803,
        432.2997982935378,
        1295.662386600273,
        1079.7840105307841,
        831.7270552381694,
        1202.1465714833055,
        483.3683728285836,
        1263.9352328390075,
        2397.707860555018,
        375.1939407842515,
        1392.712201587543,
        1345.384864184973,
        1051.7745441477239,
        1087.1547921794063,
        1515.5962309990455,
        1379.3023330833855,
        1508.6176153277224,
        579.8135048825065,
        1040.2786699987175,
        1556.6867712384355,
        267.1333027442571,
        2139.6669960599856,
        1513.825317241015,
        1263.5831737312212,
        1184.521460595142,
        1168.3524372772615,
        1918.0832495795303,
        1055.3673719346846,
        1154.3743756725135,
        782.4219213272588,
        1145.4847579310492,
        140.0356043893868,
        965.6319919920469,
        1423.535951327715,
        1117.9552275887368,
        847.4756877986254,
        295.95036030383847,
        421.2869455896863,
        881.9653360165089,
        1358.8163863939694,
        1187.3237205032763,
        1527.5181266867073,
        1683.1880244756442,
        525.3303091827592,
        2413.1315572105686,
        901.9396851010057,
        962.1229201105394,
        861.9207216565984,
        1071.0189345347053,
        1003.4086757164064,
        1861.2151718993748,
        234.26048236327182,
        1433.0201137269962,
        910.7763294036669
    ],
    "injection_overlap": [
        0,
        0,
        0,
        0,
        0,
        0.019458269379651436,
        0,
        0,
        0.001439424575856352,
        0,
        0.07230946287834186,
        0,
        0,
        0.08577470925695861,
        0,
        0,
        0.0018303496846802563,
        0,
        0,
        0,
        0,
        0.0010518132511248325,
        4.48720544319309e-05,
        0,
        0.6780642486840065,
        0,
        0.008605308512684368,
        0,
        0,
        0,
        0,
        0.29128727023831313,
        0,
        0.0021567653425425886,
        0,
        0.8609934592451094,
        0,
        0,
        0,
        0,
        0.690231388307184,
        0.14399984062302898,
        0.0007629279744634409,
        0,
        0,
        0,
        0,
        0.0014428165710929366,
        0,
        0.006755853737154701,
        0.035992296023019454,
        0.028899657804020512,
        0.4645825652331376,
        0,
        0,
        0.37221830741390904,
        0,
        0
    ],
    "exclusion_zone_overlap": [
        0,
        0,
        0,
        0,
        0,
        0.06870410365892643,
        0,
        0.02743161908281311,
        0.021381830163192613,
        0,
        0.13281308130975522,
        0,
        0.002058125248666208,
        0.08961030895535839,
        1.239124069913625e-06,
        0,
        0.0287116574272968,
        0,
        0,
        0,
        0,
        0.007397765627656063,
        0.05314732203036887,
        1.3969784944404909e-06,
        0.34945349785800234,
        0,
        0.02913129049890981,
        0.0007197897271159903,
        0,
        0,
        0,
        0.16007563332176336,
        0,
        0.014694502253962917,
        9.697504133143776e-05,
        0.2984305422908887,
        0,
        0,
        0,
        0.00012957681938942096,
        0.3421259189519997,
        0.18071564514130672,
        0.0005771334542557211,
        0,
        0,
        0,
        0,
        0.023934439612123118,
        0,
        0.010366912837883147,
        0.08602055075555534,
        0.04968451571415652,
        0.12478649192460846,
        0,
        0,
        0.13950852888882526,
        0,
        0
    ],
    "fraction of match covered by td injection": [
        0,
        0,
        0,
        0,
        0,
        0.0305197623095876,
        0,
        0,
        0.00022159588485878826,
        0,
        0.0589600708874406,
        0,
        0,
        0.049931451823496086,
        0,
        0,
        0.0003909881319585282,
        0,
        0,
        0,
        0,
        0.0019353856234920115,
        8.384600627296231e-07,
        0,
        0.2601477203901898,
        0,
        0.000412543012418305,
        0,
        0,
        0,
        0,
        0.021243033393895366,
        0,
        0.0031237698421668963,
        0,
        0.5374591526281042,
        0,
        0,
        0,
        0,
        0.2083139092010585,
        0.08189764654576619,
        0.0009024514747711916,
        0,
        0,
        0,
        0,
        0.004044054572255108,
        0,
        0.0007128896212631228,
        0.005248990099023518,
        0.009990378840123186,
        0.03778336813464009,
        0,
        0,
        0.5032423974539011,
        0,
        0
    ],
    "fraction of match covered by td exclusion zone": [
        0,
        0,
        0,
        0,
        0,
        0.454739181171942,
        0,
        0.016932828834930136,
        0.02739966205996349,
        0,
        0.385827638479968,
        0,
        0.0020543920688293115,
        0.28012333814798424,
        1.9648585675438135e-09,
        0,
        0.017408014740639306,
        0,
        0,
        0,
        0,
        0.02071234331421297,
        0.04296065199078731,
        3.5337322534037717e-07,
        0.8541465732693507,
        0,
        0.009815831740508799,
        0.0008668188316911617,
        0,
        0,
        0,
        0.0915211138427601,
        0,
        0.015215537687577416,
        0.00034938581465768025,
        0.9213528928738297,
        0,
        0,
        0,
        0.0006036345121743233,
        0.6934204690874226,
        0.6043688392540931,
        0.01041079390999084,
        0,
        0,
        0,
        0,
        0.2416595731578337,
        0,
        0.002879175576554285,
        0.10493001519781836,
        0.07833205028146246,
        0.09759976057263679,
        0,
        0,
        0.9925054643793334,
        0,
        0
    ],