{
    "image_series_id": 555012592,
    "match_id": [
        100140949,
        126523791,
        126115436,
        113887868,
        100148142,
        126862385,
        112595376,
        174361040,
        272782668,
        272916915,
        112424813,
        523718823,
        657046319,
        606929366,
        501484658,
        249396394,
        501006221,
        572588941,
        584895127,
        482581199,
        496113850,
        646525997,
        576341623,
        536298726,
        571100135,
        510417993,
        479984127,
        575782182,
        592540591,
        168164230,
        166054929,
        496151571,
        501115762,
        562521707,
        159832064,
        546103149,
        646525156,
        584511827,
        510417255,
        593277684,
        591535205,
        303784745,
        523718075,
        601476074
    ],
    "distance": [
        874.9320234173033,
        1908.8288532423287,
        3113.1521261423877,
        2964.3476873895715,
        1132.1953050924565,
        1876.4832718225114,
        1105.0034107405952,
        2145.2627618283577,
        2103.3146871445597,
        760.24779932483,
        450.96898709999874,
        1356.628501410313,
        2171.0024404174355,
        3045.195322949284,
        424.0666246001104,
        1129.796617304823,
        1402.1168373806026,
        1059.6055404708195,
        355.3221712832932,
        1667.1059509509948,
        1029.8795058199407,
        956.995016744287,
        1026.8871021027708,
        2203.7774574753653,
        1011.5800745554485,
        2284.6869205022076,
        2151.0475226061585,
        1023.1798512016607,
        329.22756274893163,
        1962.7683478214165,
        207.90392596830307,
        2333.777437820712,
        2205.3947043206545,
        1249.0843158601183,
        775.1784530441355,
        2045.6436694633558,
        1108.9855091982718,
        2173.0926825912757,
        2604.929106245428,
        3233.9778247332,
        726.3947817309607,
        1282.3319424637084,
        2326.1096287496434,
        2881.990862215373
    ],
    "injection_overlap": [
        0,
        0,
        0,
        0,
        0,
        0,
        0,
        0,
        0,
        0,
        0.0039822476793889994,
        0,
        0,
        0,
        0.9273953656679232,
        0,
        0,
        0,
        0.1642725183955041,
        0,
        0,
        0,
        0,
        0,
        0,
        0,
        0,
        0,
        0.7600837770222391,
        0,
        0.9904605618873035,
        0,
        0,
        0,
        0,
        0,
        0,
        0,
        0,
        0,
        0.0006819824836383213,
        0,
        0,
        0
    ],
    "exclusion_zone_overlap": [
        0.01474706529395675,
        0,
        0,
        0,
        0,
        0,
        0,
        0,
        0,
        0,
        0.003614028376244509,
        0,
        0,
        0,
        0.4483377043038591,
        0,
        0,
        0,
        0.1601825307093318,
        0,
        0,
        0,
        0,
        0,
        0,
        0,
        0,
        0,
        0.482266446210881,
        0,
        0.6119552039830402,
        0,
        0,
        0,
        0.03792324821054679,
        0,
        0,
        0,
        0,
        0,
        0.03515499965912581,
        0,
        0,
        0
    ],
    "fraction of match covered by td injection": [
        0,
        0,
        0,
        0,
        0,
        0,
        0,
        0,
        0,
        0,
        0.004794891367549292,
        0,
        0,
        0,
        0.14136239570014844,
        0,
        0,
        0,
        0.01982871719345903,
        0,
        0,
        0,
        0,
        0,
        0,
        0,
        0,
        0,
        0.11155487679621885,
        0,
        0.14993726617628705,
        0,
        0,
        0,
        0,
        0,
        0,
        0,
        0,
        0,
        0.00010747717773544388,
        0,
        0,
        0
    ],
    "fraction of match covered by td exclusion zone": [
        0.0069611993760070575,
        0,
        0,
        0,
        0,
        0,
        0,
        0,
        0,
        0,
        0.03580769482380978,
        0,
        0,
        0,
        0.4178933509137277,
        0,
        0,
        0,
        0.749484484200386,
        0,
        0,
        0,
        0,
        0,
        0,
        0,
        0,
        0,
        0.6075319536388906,
        0,
        0.5932858935665524,
        0,
        0,
        0,
        0.06927317778998193,
        0,
        0,
        0,
        0,
        0,
        0.06224149672401935,
        0,
        0,
        0
    ],
    "dice_coefficient": [
        0.0,
        0.0,
        0.0,
        0.0,
        0.0,
        0.0,
        0.0,
        0.0,
        0.0,
        0.0,
        0.006916077004395699,
        0.0,
        0.0,
        0.0,
        0.27017431823196336,
        0.0,
        0.0,
        0.0,
        0.07661130997792547,
        0.0,
        0.0,
        0.0,
        0.0,
        0.0,
        0.0,
        0.0,
        0.0,
        0.0,
        0.21292566814167732,
        0.0,
        0.2888048662849289,
        0.0,
        0.0,
        0.0,
        0.0,
        0.0,
        0.0,
        0.0,
        0.0,
        0.0,
        0.00019318562301212628,
        0.0,
        0.0,
        0.0
    ],
    "spearman_correlation": [
        0.7713582171912923,
        0.26703954030486854,
        0.32818592477439096,
        0.5862614027828833,
        0.7151686371955327,
        0.6745929010420463,
        0.7444584305312872,
        0.5616203274902599,
        0.5937595486758701,
        0.7433517659703791,
        0.9712319024126471,
        0.7245912577804192,
        0.45477384458104914,
        0.5137549764483756,
        0.8367768998146524,
        0.8071851026823285,
        0.7262327648987578,
        0.7335387761998352,
        0.8369623146382082,
        0.7233584835551206,
        0.7605982597697933,
        0.7675856952994701,
        0.7340339708157412,
        0.5999019071344851,
        0.6983020123994976,
        0.5532744197157458,
        0.6846713906128795,
        0.6539139394317586,
        0.9955126329138622,
        0.6301629109355186,
        0.9186003324730433,
        0.5219314051475281,
        0.6013439409847314,
        0.6016813397306926,
        0.756892138113063,
        0.7650757337272434,
        0.6494775186160268,
        0.7072321221969514,
        0.550961143366785,
        0.35967609655911464,
        0.8453177064414479,
        0.6284279760998641,
        0.5815897312140532,
        0.5984658365708051
    ],