{
    "image_series_id": 561910766,
    "match_id": [
        100140949,
        126523791,
        126115436,
        113887868,
        100148142,
        126862385,
        112595376,
        174361040,
        272782668,
        272916915,
        112424813,
        523718823,
        657046319,
        606929366,
        501484658,
        249396394,
        501006221,
        572588941,
        584895127,
        482581199,
        496113850,
        646525997,
        576341623,
        536298726,
        571100135,
        510417993,
        479984127,
        575782182,
        592540591,
        168164230,
        166054929,
        496151571,
        501115762,
        562521707,
        159832064,
        546103149,
        646525156,
        584511827,
        510417255,
        593277684,
        591535205,
        303784745,
        523718075,
        601476074
    ],
    "distance": [
        299.5824638906879,
        1873.7309954366472,
        3639.633934399246,
        3665.4918344386815,
        138.06825381853196,
        2745.305893528524,
        1666.5274017103902,
        3021.588026837339,
        2915.0756200081955,
        1502.2538498970473,
        1180.1919657077635,
        2124.462718469511,
        2973.519644512497,
        3678.849855770706,
        966.7134737860468,
        1825.9090799641147,
        2155.9564028834347,
        1604.8458981409424,
        1414.2913391416446,
        2467.380146789114,
        1806.4245711136425,
        1453.130115470047,
        1253.3247046736788,
        3037.1994077552795,
        1424.2986832040556,
        3079.2800840529353,
        2921.9220916070376,
        1236.720877084332,
        1343.6761784032092,
        2830.6927263655007,
        1220.0922752634403,
        1275.712078439859,
        2969.3995185955646,
        2204.3373006738993,
        364.8084596858837,
        2731.4080463252953,
        1141.6179734979376,
        2959.4049885713266,
        3337.061291435695,
        3836.5428983371853,
        490.1952358350285,
        1975.7338043874256,
        3109.7329250955454,
        3547.3308533924846
    ],
    "injection_overlap": [
        0.7069039802009968,
        0,
        0,
        0,
        0.8406501205951288,
        0,
        0,
        0,
        0,
        0,
        0,
        0,
        0,
        0,
        0,
        0,
        0,
        0,
        0,
        0,
        0,
        0,
        0,
        0,
        0,
        0,
        0,
        0,
        0,
        0,
        0,
        0,
        0,
        0,
        0.6417360928161828,
        0,
        0,
        0,
        0,
        0,
        0.03772733437216376,
        0,
        0,
        0
    ],
    "exclusion_zone_overlap": [
        0.27606041123317093,
        0,
        0,
        0,
        0.38983008412323045,
        0,
        0,
        0,
        0,
        0,
        0,
        0,
        0,
        0,
        0,
        0,
        0,
        0,
        0,
        0,
        0,
        0,
        0,
        0,
        0,
        0,
        0,
        0,
        0,
        0,
        0,
        0,
        0,
        0,
        0.21645190342728757,
        0,
        0,
        0,
        0,
        0,
        0.05574693565603879,
        0,
        0,
        0
    ],
    "fraction of match covered by td injection": [
        0.11743024531803785,
        0,
        0,
        0,
        0.2171525832322352,
        0,
        0,
        0,
        0,
        0,
        0,
        0,
        0,
        0,
        0,
        0,
        0,
        0,
        0,
        0,
        0,
        0,
        0,
        0,
        0,
        0,
        0,
        0,
        0,
        0,
        0,
        0,
        0,
        0,
        0.12021037277700422,
        0,
        0,
        0,
        0,
        0,
        0.005295277094350722,
        0,
        0,
        0
    ],
    "fraction of match covered by td exclusion zone": [
        0.669022096658804,
        0,
        0,
        0,
        0.9995154153630841,
        0,
        0,
        0,
        0,
        0,
        0,
        0,
        0,
        0,
        0,
        0,
        0,
        0,
        0,
        0,
        0,
        0,
        0,
        0,
        0,
        0,
        0,
        0,
        0,
        0,
        0,
        0,
        0,
        0,
        0.580322585292411,
        0,
        0,
        0,
        0,
        0,
        0.23829149075595538,
        0,
        0,
        0
    ],
    "dice_coefficient": [
        0.23133345380734205,
        0.0,
        0.0,
        0.0,
        0.4245376955913408,
        0.0,
        0.0,
        0.0,
        0.0,
        0.0,
        0.0,
        0.0,
        0.0,
        0.0,
        0.0,
        0.0,
        0.0,
        0.0,
        0.0,
        0.0,
        0.0,
        0.0,
        0.0,
        0.0,
        0.0,
        0.0,
        0.0,
        0.0,
        0.0,
        0.0,
        0.0,
        0.0,
        0.0,
        0.0,
        0.23619508425510988,
        0.0,
        0.0,
        0.0,
        0.0,
        0.0,
        0.010315614809860893,
        0.0,
        0.0,
        0.0
    ],
    "spearman_correlation": [
        0.7790102479717924,
        0.24633109268160802,
        0.168293190592593,
        0.15276785445699906,
        0.8289577371643213,
        0.24592014609446342,
        0.33497136216485435,
        0.020658633887738385,
        0.07338947798666232,
        0.3011960580787125,
        0.44497424848698247,
        0.2518151642524787,
        0.15398024404416039,
        0.14377849880295285,
        0.5853622737345611,
        0.3019802184841862,
        0.26303840988783583,
        0.36622468409029396,
        0.41074868120483504,
        0.2877110523040097,
        0.33861271587585995,
        0.35254431919550433,
        0.3078830941007964,
        0.17448595178474574,
        0.39753574764194893,
        0.046657794012310225,
        0.26464680003320334,
        0.49638133621945807,
        0.4653562586304242,
        0.15249114666726937,
        0.44693284635178887,
        0.7571551688348853,
        0.171739650305204,
        0.20937189756409727,
        0.734314757095439,
        0.41198025065975474,
        0.4761105580710266,
        0.26304752644344603,
        0.08709646447170265,
        0.0076865609695359865,
        0.5694722112101515,
        0.3002060013377685,
        0.12293889425325727,
        0.1501316127144687
    ],
    "pearson_correlation": [
        0.939487331442367,
        0.7536929217281771,
        0.21627498414521915,
        0.06730942105496829,
        0.9720572052215267,
        0.09760413396980705,
        0.8429336594393245,
        0.07785176175314337,
        0.06476210798473234,
        0.8712385647104595,
        0.7827601212884754,
        0.3474851528133338,
        0.13940380196844435,
        0.11809488381933568,
        0.8073818371955357,
        0.6017840981391741,
        0.5273872714440911,
        0.6267468575954845,
        0.5571533488942162,
        0.43946883270706816,
        0.5309961518947036,
        0.4998955080394348,
        0.6627797927395807,
        0.13090424481163093,
        0.5668464831580812,
        0.0976737512867269,
        0.2306233426121757,
        0.7412273613555612,
        0.7470219061500705,
        0.23047745937707667,
        0.7829386130495721,
        0.6746307710051296,
        0.15290213721499715,
        0.434022279964932,
        0.9302159856933373,
        0.24659996263349393,
        0.597746394997747,
        0.1285122879554397,
        0.1520783602348992,
        0.08486343060953912,
        0.8466065862893191,
        0.7112881602630248,
        0.36968201404265194,
        0.10124362551658739
    ],
    "source": "RSPv"
}