{
    "image_series_id": 570461017,
    "match_id": [
        180601025,
        180720175,
        100141563,
        112935169,
        100147861,
        180718587,
        114292355,
        126907302,
        100141495,
        112229814,
        126852363,
        100142655,
        100141273,
        148964212,
        112791318,
        182803137,
        511550172,
        272698650,
        166082842,
        656959718,
        297652799
    ],
    "distance": [
        1475.6394209408907,
        691.6425272142083,
        1177.5890799287677,
        694.4671627760724,
        708.6481301300421,
        882.3023596972805,
        586.4918872599007,
        1441.8391671284048,
        343.0171887491152,
        751.415803353799,
        482.81468603036154,
        919.3369075412629,
        946.0920424305463,
        730.4954755109555,
        428.2677159773356,
        806.5442133295128,
        1368.7924866599046,
        495.1246328071695,
        954.1089689273845,
        1215.5030773467076,
        305.1751738679133
    ],
    "injection_overlap": [
        0,
        0.14911500549398182,
        0,
        0,
        0.06959017374703379,
        0.003236451770666952,
        0.035287021719992574,
        0,
        0.25145706289701847,
        0,
        0.2633612584445901,
        0,
        0,
        0,
        0.27866481397254733,
        0,
        0,
        0.07865774343114397,
        0,
        0,
        0.7895383267965201
    ],
    "exclusion_zone_overlap": [
        0.007537574291626692,
        0.20257510200677648,
        0,
        0.00012230908094249703,
        0.10639402542359742,
        0.04451919295765519,
        0.08273109784780514,
        0,
        0.21671739485496044,
        6.328566056975634e-05,
        0.26667480867926174,
        0.0005136842785689348,
        0,
        0,
        0.3506968660621589,
        0,
        0,
        0.11318858356163992,
        0,
        0,
        0.41954485119128904
    ],
    "fraction of match covered by td injection": [
        0,
        0.014108449006929188,
        0,
        0,
        0.043276316378116235,
        5.4899381179300876e-05,
        0.004245926797429168,
        0,
        0.11112362264970786,
        0,
        0.04987498723552325,
        0,
        0,
        0,
        0.056261406196415786,
        0,
        0,
        0.027008975147472462,
        0,
        0,
        0.09624403955103408
    ],
    "fraction of match covered by td exclusion zone": [
        0.08385576847872417,
        0.10977203690927562,
        0,
        0.0014314531217993122,
        0.303915410374465,
        0.02692093565902997,
        0.13214632968975476,
        0,
        0.8447832047537615,
        0.00012716001377374538,
        0.39609175896435506,
        0.002791446952837285,
        0,
        0,
        0.5754751294040777,
        0,
        0,
        0.34120154748547404,
        0,
        0,
        0.6157260148087502
    ],
    "dice_coefficient": [
        0.0,
        0.028034560402845833,
        0.0,
        0.0,
        0.08257263166544178,
        0.0001090693868002002,
        0.008344585272903379,
        0.0,
        0.21142475750793568,
        0.0,
        0.09816335615419176,
        0.0,
        0.0,
        0.0,
        0.11079156915570562,
        0.0,
        0.0,
        0.05211225737333347,
        0.0,
        0.0,
        0.18906439254079227
    ],
    "spearman_correlation": [
        0.6279508064534837,
        0.72337653851508,
        0.6508293908434323,
        0.785424396417664,
        0.7519178503317453,
        0.5191045651277948,
        0.8494714503936405,
        0.5114599036227039,
        0.8001210627387523,
        0.640750934859532,
        0.7515177497781734,
        0.6285346661930881,
        0.7386049115803753,
        0.43421803642405116,
        0.8289715482359772,
        0.700605135614407,
        0.37725878023132975,
        0.7500140164590227,
        0.7038031713410116,
        0.4677817199573587,
        0.8503551002813023
    ],
    "pearson_correlation": [
        0.18557479471879137,
        0.7543424935451382,
        0.5762430567301291,
        0.8713382300997581,
        0.9109426596209665,
        0.5831544875868614,
        0.9321359027116,
        0.17880652296945915,
        0.9101945540915559,
        0.6683107084796898,
        0.7596455357085827,
        0.3909090626332062,
        0.7885826582170623,
        0.813384157459671,
        0.8932724713954296,
        0.7796958316585246,
        0.14412380004135705,
        0.8173600947385177,
        0.6944822972493186,
        0.18577179626119758,
        0.9510234376967088
    ],
    "source": "SSp-ll"
}