{
    "image_series_id": 571401645,
    "match_id": [
        100141454,
        141603190,
        146593590,
        112514202,
        139426984,
        112952510,
        157556400,
        112458114,
        139520203,
        180916954,
        584194481,
        478376197,
        501483880,
        496554237,
        526783054,
        166055636,
        125833030,
        478491090,
        286313491,
        583747816,
        182793477,
        126117554,
        478376911,
        286482701,
        496151571,
        161458737,
        168162771,
        496576666,
        263106036
    ],
    "distance": [
        1752.8542763766634,
        729.6539713605067,
        293.414782015674,
        824.4300151950174,
        145.36123009150933,
        1520.3053261961577,
        2125.2092780790404,
        833.7418908194346,
        316.66671932599286,
        592.5766371766861,
        441.5745114532046,
        2362.8169511695887,
        790.5101333616497,
        2503.3705586580395,
        138.86553382610867,
        1695.76545440058,
        131.70049627674274,
        178.18303161061587,
        2055.517013116074,
        816.7490908507621,
        670.293824759493,
        566.4777348940645,
        321.99049985961733,
        1077.0745617142431,
        1106.9701329131328,
        856.2477443707926,
        1026.3351483696354,
        149.83467753390212,
        2192.1637029509143
    ],
    "injection_overlap": [
        0,
        5.202258588745339e-09,
        0.48012598289157343,
        2.133212569753719e-06,
        0.7395115505556186,
        0,
        0,
        0.0006375994097436688,
        0.38573557091604066,
        4.943316960071984e-06,
        0.1905808934196444,
        0,
        0,
        0,
        0.5781447924741643,
        0,
        0.9513015375990672,
        0.7617444362987519,
        0,
        0.14879744337800774,
        0.00042711115067457106,
        0.04747576751079944,
        0.6140967608767661,
        0,
        0,
        0.12981637783761418,
        0,
        0.8838061883969431,
        0
    ],
    "exclusion_zone_overlap": [
        0,
        0.011030011415655568,
        0.2414517351587752,
        0.038571090435761235,
        0.23436568109369413,
        0,
        0,
        0.05345760199297674,
        0.17252844649847449,
        0.09781906925334119,
        0.28154223250898214,
        0,
        0.00569668481626728,
        0,
        0.07566092865424164,
        0,
        0.3259690266021763,
        0.2839153567270389,
        0,
        0.20873519673872867,
        0.020560986718104714,
        0.10551806223466774,
        0.25429107815555363,
        0.00405317343002903,
        0,
        0.18628023051120624,
        0,
        0.35056266538397957,
        0
    ],
    "fraction of match covered by td injection": [
        0,
        7.852676690380036e-10,
        0.23777037880877902,
        1.2826190074338594e-06,
        0.4565284157633917,
        0,
        0,
        0.001636522519075826,
        0.25168373934960797,
        1.8349734589824113e-09,
        0.20729572180499573,
        0,
        0,
        0,
        0.7841218768670173,
        0,
        0.49468245065886834,
        0.3641106528747987,
        0,
        0.04199506014741065,
        0.00011136954995027468,
        0.11529821755416045,
        0.4306506287750688,
        0,
        0,
        0.07754133501837505,
        0,
        0.3099859848701206,
        0
    ],
    "fraction of match covered by td exclusion zone": [
        0,
        0.06787901812178831,
        0.9126429603264022,
        0.18528746807071045,
        0.9972122210093803,
        0,
        0,
        0.41347768766992893,
        0.8284405476479534,
        0.13740400862928073,
        0.9685932096545934,
        0,
        0.08827485746282454,
        0,
        0.9999999999999999,
        0,
        1.0000000000000002,
        0.9665779551869772,
        0,
        0.3126741005282435,
        0.012722840508032504,
        0.5504536831967202,
        0.972518085876896,
        0.02234550463780974,
        0,
        0.37213627043764297,
        0,
        0.9189388576325318,
        0
    ],
    "dice_coefficient": [
        0.0,
        1.611622905019126e-09,
        0.40407774891689363,
        2.248881100720643e-06,
        0.7307071067508326,
        0.0,
        0.0,
        0.002607825615308492,
        0.40207316260264714,
        5.147297320469424e-07,
        0.34512223463750374,
        0.0,
        0.0,
        0.0,
        0.7789733602362583,
        0.0,
        0.8550411665540059,
        0.614096342924755,
        0.0,
        0.07962331587771689,
        0.00019840647888098083,
        0.18720489646135577,
        0.7135294474772904,
        0.0,
        0.0,
        0.143597709064329,
        0.0,
        0.5448180001305719,
        0.0
    ],
    "spearman_correlation": [
        0.3639765395877513,
        0.6601205605731779,
        0.793633057163213,
        0.9060927004543049,
        0.7435036611782327,
        0.3843354201272159,
        0.7252560667756321,
        0.8789497949983598,
        0.8200745331196343,
        0.6566999710510116,
        0.8387206000862388,
        0.6509609422107699,
        0.7429155073813261,
        0.6614469261735844,
        0.8132569450675499,
        0.216379149264948,
        0.8238438137149595,
        0.8051107621764682,
        0.6674924419353779,
        0.9098455313912583,
        0.42801904552499204,
        0.8155920327323932,
        0.8850273174832952,
        0.816642257121306,
        0.6779813889287488,
        0.894951863303801,
        0.3495868883301981,
        0.8336045212660848,
        0.4542668059909439
    ],
    "pearson_correlation": [
        0.430761532031974,
        0.6393332249493306,
        0.868760075632952,
        0.8946820379544901,
        0.9027503910747511,
        0.4023159850154044,
        0.6135699447568015,
        0.9520578112884317,
        0.8448555537379754,
        0.537422750567657,
        0.9283605679589535,
        0.47993599366591155,
        0.7815404915921782,
        0.3513868265132837,
        0.9095850977850561,
        0.2812664133641729,
        0.9650228799962683,
        0.6771845991786741,
        0.4391671535773256,
        0.8476623991294617,
        0.335140764506094,
        0.6376385494474655,
        0.9182274832737114,
        0.8171265910700691,
        0.7278416037287178,
        0.8144920994991631,
        0.27659867530283816,
        0.8746890358955264,
        0.1152074805928554
    ],
    "source": "ACAd"
}