{
    "image_series_id": 571816813,
    "match_id": [
        180709230,
        180673746,
        170721670,
        112423392,
        112306316,
        158435116,
        126860974,
        478376197,
        496554237,
        480994108,
        287769286,
        156741826,
        478582494,
        167902586
    ],
    "distance": [
        910.7890612121251,
        1000.6239516242061,
        977.4506322379709,
        474.1793411610681,
        337.182250501505,
        382.92302508119616,
        1224.328610604039,
        1214.1928117210164,
        1103.0328660209834,
        653.005507578634,
        395.359072396064,
        415.8258534315428,
        984.7776465593947,
        823.0696565952711
    ],
    "injection_overlap": [
        0.004596510259083062,
        0,
        0,
        0.1501109396508798,
        0.7439116887056695,
        0.2233955579061104,
        0,
        0,
        0,
        0.42460362174829175,
        0.5747689431493213,
        0.6707933931702855,
        0,
        0.20976876172077955
    ],
    "exclusion_zone_overlap": [
        0.12260849294334496,
        0,
        0.007617890814708798,
        0.12386441440876216,
        0.34157992432819523,
        0.17631520598053757,
        0,
        6.979063656359202e-05,
        6.407194327915961e-08,
        0.28645837681951825,
        0.3831192105063396,
        0.38877384557302747,
        0.002162525627371965,
        0.23650600475484784
    ],
    "fraction of match covered by td injection": [
        0.0011610890345220678,
        0,
        0,
        0.08272999932706875,
        0.1294700604161364,
        0.09759222792669367,
        0,
        0,
        0,
        0.04658270752918823,
        0.12019236434062318,
        0.08863415656675215,
        0,
        0.028185389950270746
    ],
    "fraction of match covered by td exclusion zone": [
        0.14512678417066568,
        0,
        0.027391967694272837,
        0.6627867738351254,
        0.7371571136574796,
        0.9207397851323632,
        0,
        0.0005596702272482626,
        4.343098420231006e-05,
        0.4392642059074734,
        0.9297082747702238,
        0.6408132997235324,
        0.01254722955474076,
        0.37372168434423153
    ],
    "dice_coefficient": [
        0.002300693820918745,
        0.0,
        0.0,
        0.15525374844580747,
        0.2528767641036485,
        0.1825221315005917,
        0.0,
        0.0,
        0.0,
        0.09185589387507259,
        0.23437856954103167,
        0.17414032639198765,
        0.0,
        0.05556861671734093
    ],
    "spearman_correlation": [
        0.7512894548311043,
        0.6568824083347863,
        0.7254612149679825,
        0.6296669860959746,
        0.7468463293080096,
        0.4325446093145689,
        0.6960376654217932,
        0.7358127345181559,
        0.6505959093703164,
        0.6473233144053151,
        0.7064216786903423,
        0.7908571200621476,
        0.6112348408404492,
        0.6828769959690324
    ],
    "pearson_correlation": [
        0.7416493934067344,
        0.7478253101266391,
        0.7344416582422632,
        0.7707742530237507,
        0.9093378642846744,
        0.5385135583683736,
        0.287496717439617,
        0.5103011343465417,
        0.5063809816870195,
        0.6432425750669847,
        0.9064204393496004,
        0.9467465714521437,
        0.474752288744655,
        0.5955849021694938
    ],
    "source": "ORBl"
}