{
    "image_series_id": 575683857,
    "match_id": [
        100141454,
        141603190,
        146593590,
        112514202,
        139426984,
        112952510,
        157556400,
        112423392,
        157711748,
        112458114,
        139520203,
        180916954,
        126860974,
        584194481,
        478376197,
        501483880,
        496554237,
        526783054,
        166055636,
        125833030,
        480994108,
        478491090,
        286313491,
        583747816,
        182793477,
        126117554,
        478376911,
        286482701,
        496151571,
        478582494,
        161458737,
        168162771,
        496576666,
        263106036,
        167902586
    ],
    "distance": [
        1180.4892038711528,
        1723.9815204235852,
        2420.5915521244547,
        1325.1871579695066,
        2199.5470219083936,
        1319.1003885737673,
        686.0493380632382,
        742.8458608434391,
        175.9771761260885,
        1308.8564410228996,
        2275.1398550139734,
        2396.210151110358,
        703.2847382930341,
        1692.7542447781882,
        382.7900489432279,
        2876.671260505158,
        409.8181357691578,
        2111.5321762180743,
        1209.4887070751568,
        2010.1909639567345,
        903.3112257153781,
        2250.4676244686275,
        616.8277279887982,
        1327.6373736304226,
        2379.7054342306114,
        1847.329666388128,
        1820.430790246193,
        1054.8983167406832,
        3196.8331006291005,
        730.8743029497666,
        1326.268785632694,
        1709.0080265639444,
        2223.8202536639055,
        64.0280154036501,
        694.6992425153628
    ],
    "injection_overlap": [
        0.004094611442499533,
        0,
        0,
        0,
        0,
        0.00044102924097363315,
        0.05055835765855083,
        0,
        0.3560066156568749,
        0,
        0,
        0,
        0.013102813713034586,
        0,
        0.3900656002093619,
        0,
        0.23344481748301232,
        0,
        0.013758304062615627,
        0,
        0,
        0,
        0.06862385105377396,
        0,
        0,
        0,
        0,
        0,
        0,
        0.00323865056655584,
        0,
        0,
        0,
        0.8774265506797664,
        0.010737485684457367
    ],
    "exclusion_zone_overlap": [
        0.023931884690877734,
        0,
        0,
        0,
        0,
        0.006481751081583307,
        0.06902034008582186,
        0,
        0.1970876098381034,
        0,
        0,
        0,
        0.01930115252871228,
        0,
        0.2823914471619723,
        0,
        0.1850559004926355,
        0,
        0.05265350591352085,
        0,
        0,
        0,
        0.10873332426699414,
        0,
        0,
        0,
        0,
        0,
        0,
        0.008007538720146581,
        0,
        0,
        0,
        0.5477090178721516,
        0.011689994214780279
    ],
    "fraction of match covered by td injection": [
        0.013280755341403019,
        0,
        0,
        0,
        0,
        0.00024685242640006997,
        0.1544648849878337,
        0,
        0.590634697567206,
        0,
        0,
        0,
        0.010717961770617254,
        0,
        0.23887747084462585,
        0,
        0.16932887020926296,
        0,
        0.01087252772554533,
        0,
        0,
        0,
        0.14103799210020987,
        0,
        0,
        0,
        0,
        0,
        0,
        0.001929574065875302,
        0,
        0,
        0,
        0.6379504941856718,
        0.003601307214010819
    ],
    "fraction of match covered by td exclusion zone": [
        0.19628894297581204,
        0,
        0,
        0,
        0,
        0.01814367351966003,
        0.37322923012754183,
        0,
        0.8851454687329351,
        0,
        0,
        0,
        0.04661205111432318,
        0,
        0.47375684915101796,
        0,
        0.3599367050928165,
        0,
        0.09459295397647506,
        0,
        0,
        0,
        0.4210372999729558,
        0,
        0,
        0,
        0,
        0,
        0,
        0.019805766838146614,
        0,
        0,
        0,
        0.8516858572648135,
        0.015252485652465377
    ],
    "dice_coefficient": [
        0.022411759864678648,
        0.0,
        0.0,
        0.0,
        0.0,
        0.00046407745481327685,
        0.2701343213045623,
        0.0,
        1.0420703757477205,
        0.0,
        0.0,
        0.0,
        0.020128111067362203,
        0.0,
        0.46006462624851596,
        0.0,
        0.3182615666587065,
        0.0,
        0.020947779599603058,
        0.0,
        0.0,
        0.0,
        0.2588702620192298,
        0.0,
        0.0,
        0.0,
        0.0,
        0.0,
        0.0,
        0.003532876651927457,
        0.0,
        0.0,
        0.0,
        1.2186744786398056,
        0.0069595384323941035
    ],
    "spearman_correlation": [
        0.07981245197403516,
        0.07589092644283088,
        0.05888194449882962,
        0.2412737547374422,
        0.007019370824308889,
        0.08523441445059739,
        0.4593893844147019,
        0.2850618009990978,
        0.7119509530906696,
        0.2250470568823079,
        0.018066597055856257,
        -0.003086120337653513,
        0.6287131812413556,
        0.1429891354898791,
        0.5922308728225988,
        -0.1532110783550746,
        0.6392292451292486,
        -0.00904603554229782,
        0.09386718738157401,
        0.056356671207165504,
        0.3864677503031086,
        0.09031708940284013,
        0.6514193319212099,
        0.16063143406530295,
        -0.13133918448183923,
        0.19445121484834635,
        0.12527674364462507,
        0.23338470133922307,
        -0.19002533138077476,
        0.477513759877799,
        0.166536723643138,
        0.10569774369186156,
        0.053661544752438325,
        0.750403938081488,
        0.5336900952994339
    ],
    "pearson_correlation": [
        -0.0073651875650004375,
        -0.026542701667496633,
        -0.09980709358439947,
        0.11099760662993305,
        -0.049639954604362,
        -0.036858999424022716,
        0.35216425141992236,
        0.08488246784928366,
        0.850478088299113,
        0.13063707999325277,
        -0.05351424031745808,
        -0.08575455896055105,
        0.776464532309983,
        0.08917321618756605,
        0.6895614927164082,
        -0.11108104817672011,
        0.6774268775157146,
        -0.0871294266995834,
        -0.052465042614404635,
        -0.03851945251363918,
        0.28479565046382116,
        -0.061665757297296224,
        0.5679942718444067,
        0.18889011333326927,
        -0.09493348317465788,
        0.007829101684469713,
        0.0378452698952352,
        0.20099434324951038,
        -0.12067361024383438,
        0.43168011427898234,
        0.09827806548003098,
        -0.050500943831203106,
        -0.025095710663879525,
        0.9542561204532098,
        0.6520487044816796
    ],
    "source": "PL"
}