{
    "image_series_id": 584651014,
    "match_id": [
        272916202,
        180296424,
        100141796,
        113887868,
        304565427,
        112373830,
        309004492,
        114250546,
        127138787,
        512315551,
        606929366,
        603468246,
        479673174,
        574941472,
        166083557,
        286417464,
        593016678,
        661987195,
        584511827,
        593277684,
        601476074
    ],
    "distance": [
        280.18531543517275,
        539.9884421850999,
        631.352918557197,
        1258.1332660272653,
        624.5518830881338,
        523.3847358562031,
        867.0031315041881,
        384.14062982117713,
        439.4777089354874,
        1076.8316810555114,
        1060.1169581591246,
        363.22557667638745,
        751.0185903312628,
        793.6806516545769,
        723.9904969738556,
        290.60763770151453,
        788.5934494274069,
        730.6455647036087,
        1981.2847661590108,
        832.6114340810425,
        1222.866493217436
    ],
    "injection_overlap": [
        0.17665912792364993,
        0.8739569257958969,
        0.0036152453286229973,
        0,
        0,
        0.00020788772184143317,
        0.012267815178987514,
        0.16485954727931423,
        0.009940613252712147,
        0,
        0,
        0.97228079623972,
        0.10858439785660944,
        0,
        0.4101944403137391,
        0.19957670408417474,
        0,
        0.965845847036001,
        0,
        0.89611256539555,
        0
    ],
    "exclusion_zone_overlap": [
        0.11582568825141944,
        0.3586208622330594,
        0.017779448864675057,
        0,
        0.0007369682249016865,
        0.004889409099410255,
        0.06666463003903587,
        0.10182376081861418,
        0.09718431564942266,
        0.0050702646837389315,
        0,
        0.7901213947980645,
        0.1815142549864226,
        0,
        0.14366082410743372,
        0.13571660487532883,
        0,
        0.34686664780745474,
        0,
        0.41374075671349486,
        0
    ],
    "fraction of match covered by td injection": [
        0.031589441506456525,
        0.015250580785542615,
        0.002351221498256659,
        0,
        0,
        0.0009038875620183495,
        0.0007553514438120175,
        0.023853538616102142,
        0.005192992441490241,
        0,
        0,
        0.023488117098706168,
        0.0030598347483820646,
        0,
        0.0031103074722892976,
        0.05980446640203692,
        0,
        0.030789380827447956,
        0,
        0.02287836419664561,
        0
    ],
    "fraction of match covered by td exclusion zone": [
        0.2538732298634862,
        0.0673547320661103,
        0.014682822903060841,
        0,
        0.0001970792949051715,
        0.008265802437656946,
        0.006509425993414184,
        0.1150119351760202,
        0.08007603610676556,
        0.0003944921042518228,
        0,
        0.15011779226161595,
        0.036165806155073546,
        0,
        0.01152494626291937,
        0.4501797820269032,
        0,
        0.07506177748539299,
        0,
        0.0939925881697623,
        0
    ],
    "dice_coefficient": [
        0.055800855470890295,
        0.030346836145289886,
        0.004595870176881348,
        0.0,
        0.0,
        0.0017174722528200091,
        0.0015049534937381275,
        0.04624381208486996,
        0.010182996988815574,
        0.0,
        0.0,
        0.04676422742419341,
        0.006078103196584256,
        0.0,
        0.01724734109544157,
        0.09890747637672967,
        0.0,
        0.060947488509379026,
        0.0,
        0.04516989955270768,
        0.0
    ],
    "spearman_correlation": [
        0.468694414162016,
        0.7142232890264387,
        0.6939321684648472,
        0.6389781894362917,
        0.7214288156568783,
        0.6929828311249494,
        0.6632018353422136,
        0.709918829531862,
        0.6697598237578608,
        0.6571747507843404,
        0.5520520577956566,
        0.7543722647837827,
        0.7345831349449315,
        0.6461517069648942,
        0.7898131706667301,
        0.7347488491809527,
        0.6224393182991909,
        0.8175805639182475,
        0.5893939733902122,
        0.7645456645915363,
        0.5359095933786473
    ],
    "pearson_correlation": [
        0.816757660057812,
        0.8306801348597952,
        0.901802761164781,
        0.9051340160190539,
        0.8683064558167376,
        0.9172187365131045,
        0.8221657244620494,
        0.9282175881632502,
        0.879884303973496,
        0.7053425120969948,
        0.898254493631196,
        0.8396948674186555,
        0.8659417492410347,
        0.8503269469914163,
        0.8531836415744676,
        0.8966028514366813,
        0.8636259714584286,
        0.852895964500105,
        0.772041459455183,
        0.8910329222806037,
        0.8498127699460182
    ],
    "source": "VISpl"
}