{
    "image_series_id": 589726838,
    "match_id": [
        307297141,
        272916202,
        180296424,
        146858755,
        307321674,
        307558646,
        307743253,
        100141796,
        116903968,
        304565427,
        127222723,
        120437703,
        112373830,
        309004492,
        307295727,
        307296433,
        114250546,
        127138787,
        115958825,
        309372716,
        638314843,
        500836105,
        579409876,
        512315551,
        479981981,
        603468246,
        479673174,
        530555292,
        579203888,
        510834706,
        495562600,
        479700629,
        518605900,
        167794131,
        479982715,
        562520963,
        299446445,
        479673887,
        482580380,
        661987195,
        479980810,
        593277684,
        524666904,
        554421791
    ],
    "distance": [
        851.8957550523997,
        1120.109485797507,
        864.1856076063424,
        441.9417016892685,
        889.1719063384859,
        965.5366721334165,
        530.6867925875431,
        719.7311113860623,
        278.0820428815988,
        777.2048004637103,
        2128.4471350957856,
        685.3258180126411,
        859.383702331711,
        601.065626687246,
        607.6789087003519,
        1103.6908852104273,
        871.7217603741469,
        1012.5883341271337,
        780.9384266213772,
        1018.5104684957344,
        1164.4835873988386,
        256.9291020485046,
        1742.218010750459,
        1140.5272310293724,
        694.3122306937695,
        1421.6015134115864,
        568.8620640746568,
        753.4370647138638,
        734.4028108877703,
        399.32265586962,
        455.2573783717697,
        367.57676631630045,
        247.25396483547996,
        526.2849090362411,
        507.6671654430031,
        306.0589263231878,
        2098.124078896567,
        394.6710957038118,
        394.6631843894102,
        589.386798949562,
        493.95654164911383,
        1413.5071170108279,
        325.8734146896888,
        799.9325526826206
    ],
    "injection_overlap": [
        5.708483327776403e-07,
        0,
        0.003731040198758187,
        0.0021007008100817647,
        1.0316167201772243e-05,
        0,
        0.4765445920899324,
        0,
        0.7077327145979289,
        0,
        0.3162467108992157,
        0,
        0,
        0.8919100529228101,
        0.08448044566564837,
        0,
        0,
        0,
        0,
        0,
        0.003236714022064683,
        0.8861872516142262,
        0,
        0.2823448668728413,
        0.002982646796602024,
        0,
        0.9751152337689999,
        0,
        0.0012398334725303778,
        0.4266649423267141,
        0.22393014406926742,
        0.36920420722241365,
        0.8835766329704025,
        0.014299809357362754,
        0.0035723910518333023,
        0.15715497002589843,
        0,
        0.3613397308510914,
        0.7762336885180794,
        0.9576735840091782,
        0.06237497446799875,
        0,
        0.31196538773839183,
        1.9279928634063476e-06
    ],
    "exclusion_zone_overlap": [
        0.0118653586824325,
        0,
        0.06730744076099805,
        0.10987459873687778,
        0.01679149337600702,
        0.011710458272075968,
        0.3096088073709865,
        0.025383618506830623,
        0.369045281390197,
        0.007384642790681432,
        0.10070937736706718,
        0.00039557650202397997,
        0,
        0.5517824445340631,
        0.16594153382598642,
        0.0002669417927544838,
        0,
        0,
        8.234211699449553e-05,
        0.002471254340524051,
        0.03615188442441692,
        0.45095148681812935,
        0,
        0.3429432182952175,
        0.03290769892031569,
        0,
        0.6882155176311602,
        0.001059687905076894,
        0.01593301506064965,
        0.22396067509491627,
        0.11945758756906263,
        0.2428138100211727,
        0.46696629471741863,
        0.0951536010901177,
        0.04654427244971627,
        0.16547589692173695,
        0.00010157446287686912,
        0.22118662990316162,
        0.2285958855734806,
        0.3213024977623611,
        0.14906118570633237,
        0,
        0.155037169194243,
        0.015758757033972243
    ],
    "fraction of match covered by td injection": [
        6.6782394966559385e-09,
        0,
        0.0002099569572473688,
        0.00019369826370655647,
        3.3851832782276942e-06,
        0,
        0.018239290140533087,
        0,
        0.08284064577005601,
        0,
        0.0030029238611094587,
        0,
        0,
        0.021608506185720043,
        0.00558818531154664,
        0,
        0,
        0,
        0,
        0,
        3.155336623458917e-05,
        0.13769945872697273,
        0,
        0.0032011346867372886,
        0.0002638855098082139,
        0,
        0.044043371550684225,
        0,
        6.293950927089613e-05,
        0.08886333436132791,
        0.048581929735484704,
        0.0774464355486913,
        0.12780982473422206,
        0.002792811406461589,
        0.00012097185200706683,
        0.04496060221469494,
        0,
        0.0446918725069131,
        0.0782449801533492,
        0.05823797910000604,
        0.010493438447592675,
        0,
        0.11266320198999717,
        3.4476886984614673e-06
    ],
    "fraction of match covered by td exclusion zone": [
        0.007128942360930508,
        0,
        0.03781645863122857,
        0.47890940256312714,
        0.00821911758523916,
        0.00374847868581105,
        0.19484412569284104,
        0.05145899552301668,
        0.6906682258042207,
        0.011585420081338626,
        0.018057413744105077,
        0.002419271160054085,
        0,
        0.1860911968348,
        0.12007848075667896,
        0.00015936904075577782,
        0,
        0,
        0.0001956763638215249,
        0.0013453038605674213,
        0.0070999947706414605,
        0.7704637660751938,
        0,
        0.07019673335031426,
        0.06151471440159731,
        0,
        0.3046253656258191,
        0.002463820591768793,
        0.028949549269791805,
        0.5273379553158272,
        0.4943169974576044,
        0.7093398942400551,
        0.7662231591093327,
        0.22611952886110706,
        0.15981523091939626,
        0.7617846466651298,
        7.070160618704853e-05,
        0.5130760125002276,
        0.3429443380318352,
        0.20419223960945024,
        0.31161585804741604,
        0,
        0.8856945398847557,
        0.01236535101765234
    ],
    "dice_coefficient": [
        2.2183711946804352e-08,
        0.0,
        0.00041323465351868693,
        0.0006977771584658009,
        6.6616580636011835e-06,
        0.0,
        0.03565489318665544,
        0.0,
        0.15370666819636639,
        0.0,
        0.016392326731278523,
        0.0,
        0.0,
        0.042698547071235736,
        0.010904983410191735,
        0.0,
        0.0,
        0.0,
        0.0,
        0.0,
        0.0003812990875808909,
        0.2576663098535084,
        0.0,
        0.0063507687014899925,
        0.0004962492810814414,
        0.0,
        0.08621281577368445,
        0.0,
        0.00011984426209593739,
        0.15664288994823586,
        0.08207544737818495,
        0.1365075645047985,
        0.24073262229989348,
        0.005122089362370466,
        0.0010471373499582712,
        0.07595872548024139,
        0.0,
        0.08117550053546002,
        0.14555054659315167,
        0.11276369786854082,
        0.019470739530350695,
        0.0,
        0.1715962837383576,
        6.6742922137262115e-06
    ],