{
    "image_series_id": 592724077,
    "match_id": [
        100140949,
        126523791,
        126115436,
        113887868,
        100148142,
        126862385,
        112595376,
        174361040,
        272782668,
        272916915,
        112424813,
        523718823,
        657046319,
        606929366,
        501484658,
        249396394,
        501006221,
        572588941,
        584895127,
        482581199,
        496113850,
        646525997,
        576341623,
        536298726,
        571100135,
        510417993,
        479984127,
        575782182,
        592540591,
        168164230,
        166054929,
        496151571,
        501115762,
        562521707,
        159832064,
        546103149,
        646525156,
        584511827,
        510417255,
        593277684,
        591535205,
        303784745,
        523718075,
        601476074
    ],
    "distance": [
        1384.2503500627408,
        1110.3442036906702,
        2236.095442476125,
        2234.3213248107127,
        1586.590187907018,
        1412.0003763239404,
        321.1978634870657,
        1620.112593500012,
        1536.4380358296798,
        646.8973158037951,
        897.3376364365015,
        869.8950199546589,
        1551.896135983732,
        2257.040447866522,
        655.029697020972,
        343.3970852065159,
        932.7143860407698,
        680.2867509143292,
        800.451217505013,
        1025.6924382638758,
        542.9222642319235,
        637.164685572088,
        972.3892616706894,
        1604.3524034757838,
        822.230811922284,
        1635.1641280509587,
        1540.2148193640608,
        1032.9328818144932,
        721.5261827841483,
        1409.0283421965783,
        811.256082166116,
        2581.6533933980368,
        1557.0867294607583,
        914.8633427412749,
        1213.3853914076867,
        1449.0826950363198,
        1134.3161582944358,
        1559.0952807946492,
        1896.1078194183738,
        2443.921597005231,
        1226.9244935243369,
        504.1682091555535,
        1639.2242296574202,
        2132.098320169106
    ],
    "injection_overlap": [
        0,
        0,
        0,
        0,
        0,
        0,
        0.34874914354072556,
        0,
        0,
        0.12216559260264946,
        0.011367827020869317,
        0,
        0,
        0,
        0.005180028266417248,
        0.08383937212305312,
        0,
        0.08148619185870862,
        0,
        0,
        0.33796126775104934,
        0.39531742562338656,
        0.0009589801646145322,
        0,
        0.04412360077972092,
        0,
        0,
        0,
        0,
        0,
        0.07790135316920059,
        0,
        0,
        0,
        0,
        0,
        0,
        0,
        0,
        0,
        0,
        0.1948768837330973,
        0,
        0
    ],
    "exclusion_zone_overlap": [
        0,
        0.00022607843960994366,
        0,
        0,
        0,
        0,
        0.37089999362632803,
        0,
        0,
        0.07625099516219488,
        0.007461517847075043,
        0,
        0,
        0,
        0.12609157251399217,
        0.16528572769721,
        0,
        0.1797137380944869,
        0,
        0,
        0.3037518493438421,
        0.4500186030351378,
        0.00026864544779213104,
        0,
        0.05825672539715992,
        0,
        0,
        0,
        0.00029413732391535226,
        0,
        0.04767904795574087,
        0,
        0,
        0,
        0,
        0,
        0,
        0,
        0,
        0,
        0,
        0.10690742031451281,
        0,
        0
    ],
    "fraction of match covered by td injection": [
        0,
        0,
        0,
        0,
        0,
        0,
        0.03703751966526138,
        0,
        0,
        0.013101466367458866,
        0.0018152124801126593,
        0,
        0,
        0,
        0.00015246086113018172,
        0.0007310320607335894,
        0,
        0.002248589330219574,
        0,
        0,
        0.014779157385439388,
        0.008947062039486609,
        6.404897771764381e-06,
        0,
        0.0009864682485426133,
        0,
        0,
        0,
        0,
        0,
        0.0033933699483592408,
        0,
        0,
        0,
        0,
        0,
        0,
        0,
        0,
        0,
        0,
        0.003911872949101752,
        0,
        0
    ],
    "fraction of match covered by td exclusion zone": [
        0,
        7.336911590369376e-05,
        0,
        0,
        0,
        0,
        0.33825643146708734,
        0,
        0,
        0.11417193793183984,
        0.009566729094550124,
        0,
        0,
        0,
        0.03996606117559341,
        0.041356476086319746,
        0,
        0.035975205950351134,
        0,
        0,
        0.10111373809021913,
        0.0794176291067176,
        1.1489664422273562e-05,
        0,
        0.010701609778799517,
        0,
        0,
        0,
        2.6699883294426296e-05,
        0,
        0.01987505938600724,
        0,
        0,
        0,
        0,
        0,
        0,
        0,
        0,
        0,
        0,
        0.04867084917482329,
        0,
        0
    ],
    "dice_coefficient": [
        0.0,
        0.0,
        0.0,
        0.0,
        0.0,
        0.0,
        0.07329687571800252,
        0.0,
        0.0,
        0.025961014395248786,
        0.0035222844320111713,
        0.0,
        0.0,
        0.0,
        0.0003038009549726078,
        0.0014542067851916942,
        0.0,
        0.004487463950524556,
        0.0,
        0.0,
        0.02938537389960294,
        0.017839467500197524,
        1.2747931255689772e-05,
        0.0,
        0.001969352348382635,
        0.0,
        0.0,
        0.0,
        0.0,
        0.0,
        0.006766143961190499,
        0.0,
        0.0,
        0.0,
        0.0,
        0.0,
        0.0,
        0.0,
        0.0,
        0.0,
        0.0,
        0.007753407307191265,
        0.0,
        0.0
    ],
    "spearman_correlation": [
        0.62374518493494,
        0.2557521998129386,
        0.3135306414821947,
        0.4951591832352046,
        0.6287607328390572,
        0.44806503177363083,
        0.7009602095456144,
        0.3972051920696871,
        0.4933839856477231,
        0.6872906181624763,
        0.6803263177566449,
        0.6312144148321047,
        0.469955494953185,
        0.5655966405765669,
        0.7688946761151512,
        0.6898359991466814,
        0.6333356260312856,
        0.571073622954073,
        0.5457104034354955,
        0.6842165541110509,
        0.6664936738309561,
        0.6904208694245971,
        0.5862434164501397,
        0.44676891139784175,
        0.6211620656976469,
        0.4545074028783089,
        0.5366955527730541,
        0.5705742962270534,
        0.7031212852690715,
        0.49571087663512714,
        0.6303246834748953,
        0.5080383884414856,
        0.5068807992867954,
        0.5687963924235041,
        0.6831864123458301,
        0.5781447755182391,
        0.5577442589328794,
        0.49354856028203786,
        0.4574830070508447,
        0.4330347294960157,
        0.6028849676267128,
        0.5907404665495539,
        0.4972829979898373,
        0.5491463885928848
    ],