{
    "image_series_id": 604100536,
    "match_id": [
        126861679,
        180720175,
        100148503,
        113887868,
        112229103,
        116900714,
        146077302,
        126862385,
        112595376,
        126852363,
        174361040,
        272782668,
        100141599,
        272916915,
        523718823,
        512315551,
        657046319,
        606929366,
        593018150,
        518742338,
        512314723,
        559878074,
        501006221,
        572588941,
        482581199,
        496113850,
        646525997,
        576341623,
        536298726,
        571100135,
        510417993,
        479984127,
        575782182,
        524667618,
        168164230,
        502074651,
        501115762,
        603479758,
        657042668,
        159753308,
        562521707,
        546103149,
        593016678,
        646525156,
        597007143,
        272930013,
        584511827,
        510417255,
        593277684,
        303784745,
        562674923,
        523718075,
        601476074,
        656632388,
        580150240,
        267493760,
        298003295,
        183174303
    ],
    "distance": [
        472.86343856958075,
        2008.312957799766,
        467.3234300589559,
        2680.1618634070746,
        273.68485256781736,
        852.4933403181103,
        603.8735090364994,
        1728.6627495500761,
        952.1054233335223,
        1242.456726535446,
        2050.798896372819,
        1892.8590991216145,
        425.4556691669844,
        610.8333429897699,
        1119.695083164297,
        2541.6553304327354,
        1997.038705738597,
        2731.611361579125,
        351.15593988218814,
        518.9795559674801,
        897.6282670044116,
        398.739020531384,
        1113.3758317960405,
        580.6756938591318,
        1599.434928747331,
        964.1811282905154,
        490.00077766903377,
        162.6815800503854,
        2083.4767990173395,
        320.2075192860293,
        2127.104510682948,
        1894.9872758756849,
        107.64012021782048,
        522.7106793866502,
        1912.1823915920327,
        672.6719649550963,
        1975.6960892590375,
        2621.268748625178,
        1103.7697453198705,
        416.80301954631454,
        1423.8360699757177,
        1637.0068439029708,
        2960.3701669836614,
        265.8962892218861,
        675.2229324681495,
        2463.773854705763,
        1952.405232917305,
        2367.6490151338044,
        2865.4882870485385,
        1260.437510398894,
        115.25167443040436,
        2208.73627464107,
        2563.1999344295195,
        1190.5459457997488,
        2886.311975154485,
        2632.3496451140863,
        2651.850914369708,
        2304.9897531818233
    ],
    "injection_overlap": [
        0.03760969257485315,
        0,
        0,
        0,
        0.26756244738950935,
        0.3317872931742192,
        0,
        0,
        0,
        0,
        0,
        0,
        0.0001386555231942816,
        0.0007394727489744807,
        0,
        0,
        0,
        0,
        0.4025743842730972,
        1.5210823934725758e-05,
        0,
        0.0021858252744904674,
        0,
        0.1883896272388819,
        0,
        0,
        0.8701996186628459,
        0.9506872234543592,
        0,
        0.9572602076704994,
        0,
        0,
        0.9998689334992918,
        0.2797026832880466,
        0,
        0,
        0,
        0,
        0,
        0.00018132266010210162,
        0,
        0,
        0,
        0.7769031431745188,
        0.015354875078183864,
        0,
        0,
        0,
        0,
        0,
        0.9593568432801387,
        0,
        0,
        0,
        0,
        0,
        0,
        0
    ],
    "exclusion_zone_overlap": [
        0.09393584662978995,
        0,
        0.02866502420725018,
        0,
        0.16046829803776538,
        0.1843160633687123,
        0.004264519080766508,
        0,
        0,
        0,
        0,
        0,
        0.05459762141537126,
        0.012422503080591448,
        0,
        0,
        0,
        0,
        0.2778575542974492,
        0.07853119182863039,
        0,
        0.10134156106706392,
        0,
        0.15214520080212685,
        0,
        0,
        0.540578415398899,
        0.5798603859099445,
        0,
        0.6437639169097231,
        0,
        0,
        0.8366008964423987,
        0.25521443513714476,
        0,
        0,
        0,
        0,
        0,
        0.06226931701053666,
        0,
        0,
        0,
        0.4930620236464095,
        0.11270076396535708,
        0,
        0,
        0,
        0,
        0,
        0.6443135238054717,
        0,
        0,
        0,
        0,
        0,
        0,
        0
    ],
    "fraction of match covered by td injection": [
        0.007893552300992002,
        0,
        0,
        0,
        0.2077770077285139,
        0.04734104884365534,
        0,
        0,
        0,
        0,
        0,
        0,
        7.551620084244928e-05,
        0.00010900796715168787,
        0,
        0,
        0,
        0,
        0.0882248499279484,
        5.860114741618348e-11,
        0,
        4.409179970860095e-05,
        0,
        0.0071413263766117565,
        0,
        0,
        0.08236776086776355,
        0.18419548659732296,
        0,
        0.07568888910634318,
        0,
        0,
        0.16935687710574712,
        0.031167285091559273,
        0,
        0,
        0,
        0,
        0,
        8.966152213782327e-05,
        0,
        0,
        0,
        0.17477252009398334,
        0.00015801627366183362,
        0,
        0,
        0,
        0,
        0,
        0.303184985522152,
        0,
        0,
        0,
        0,
        0,
        0,
        0
    ],
    "fraction of match covered by td exclusion zone": [
        0.12798447914160557,
        0,
        0.07589249322578152,
        0,
        0.7225807250003643,
        0.1250496100987314,
        0.013053723030689919,
        0,
        0,
        0,
        0,
        0,
        0.11204907670413386,
        0.02358840916787974,
        0,
        0,
        0,
        0,
        0.3977160005349819,
        0.08729637074039605,
        0,
        0.30250893259734635,
        0,
        0.07624723865570757,
        0,
        0,
        0.22950578024242344,
        0.6716238102494511,
        0,
        0.31180205983707004,
        0,
        0,
        0.7119576439960036,
        0.15239483833165945,
        0,
        0,
        0,
        0,
        0,
        0.11985124793778604,
        0,
        0,
        0,
        0.5911387997483469,
        0.042597977415431205,
        0,
        0,
        0,
        0,
        0,
        0.9019717790926274,
        0,
        0,
        0,
        0,
        0,
        0,
        0
    ],
    "dice_coefficient": [
        0.015487173169237017,
        0.0,
        0.0,
        0.0,
        0.38142742931375456,
        0.09301874760771163,
        0.0,
        0.0,
        0.0,
        0.0,
        0.0,
        0.0,
        0.00014718713388265313,
        0.00021117075127706874,
        0.0,
        0.0,
        0.0,
        0.0,
        0.17166399789650477,
        4.826453281267274e-07,
        0.0,
        0.00033718921995778983,
        0.0,
        0.014175898881367121,
        0.0,
        0.0,
        0.16299832951841142,
        0.3622753148932374,
        0.0,
        0.1504254468883729,
        0.0,
        0.0,
        0.33472238539547866,
        0.06061814860856552,
        0.0,
        0.0,
        0.0,
        0.0,
        0.0,
        0.0001747126261478792,
        0.0,
        0.0,
        0.0,
        0.3426905038481398,
        0.00031312646746382177,
        0.0,
        0.0,
        0.0,
        0.0,
        0.0,
        0.5921242665327084,
        0.0,
        0.0,
        0.0,
        0.0,
        0.0,
        0.0,
        0.0
    ],