{
    "image_series_id": 605496542,
    "match_id": [
        100140949,
        126523791,
        100148142,
        112595376,
        272916915,
        523718823,
        501484658,
        249396394,
        501006221,
        572588941,
        584895127,
        482581199,
        496113850,
        646525997,
        571100135,
        592540591,
        166054929,
        496151571,
        562521707,
        159832064,
        591535205,
        303784745
    ],
    "distance": [
        412.88769535043343,
        1724.6531109002046,
        302.6783478181281,
        1603.4831040039876,
        1493.8769637150506,
        2094.235985954919,
        933.3737183257954,
        1756.0643955248204,
        2128.6068920683365,
        1579.574595209595,
        1421.9955813928384,
        2414.7551703556987,
        1771.086543396303,
        1428.0831890697552,
        1414.6876822025317,
        1338.857054570673,
        1234.0956055107706,
        1307.732119376096,
        2176.0908202367586,
        370.07495672142187,
        562.9105268641075,
        1911.0433330280316
    ],
    "injection_overlap": [
        0.5049855464453123,
        0,
        0.4345704053063453,
        0,
        0,
        0,
        7.554307172585073e-05,
        0,
        0,
        0,
        0,
        0,
        0,
        0,
        0,
        0,
        0,
        0,
        0,
        0.5883826526446387,
        0.023082810955090575,
        0
    ],
    "exclusion_zone_overlap": [
        0.3118964110949969,
        0,
        0.2937944478383809,
        0,
        0,
        0,
        0.0010913705425798013,
        0,
        0,
        0,
        0,
        0,
        0,
        0,
        0,
        0,
        0,
        0,
        0,
        0.36059307505902277,
        0.07053763291511193,
        0
    ],
    "fraction of match covered by td injection": [
        0.3619783502161353,
        0,
        0.5011881005827719,
        0,
        0,
        0,
        1.2124738285714846e-06,
        0,
        0,
        0,
        0,
        0,
        0,
        0,
        0,
        0,
        0,
        0,
        0,
        0.4725368373135627,
        0.023950294024564216,
        0
    ],
    "fraction of match covered by td exclusion zone": [
        0.713244526445289,
        0,
        0.9251390155152541,
        0,
        0,
        0,
        0.001681170185273611,
        0,
        0,
        0,
        0,
        0,
        0,
        0,
        0,
        0,
        0,
        0,
        0,
        0.9033451651740739,
        0.2715774049286114,
        0
    ],
    "dice_coefficient": [
        0.510398897490345,
        0.0,
        0.6144294856321215,
        0.0,
        0.0,
        0.0,
        3.5002850295784074e-05,
        0.0,
        0.0,
        0.0,
        0.0,
        0.0,
        0.0,
        0.0,
        0.0,
        0.0,
        0.0,
        0.0,
        0.0,
        0.6338635238832891,
        0.027665246522294656,
        0.0
    ],
    "spearman_correlation": [
        0.8587763552704409,
        0.24633109268160802,
        0.8526949479023243,
        0.5163609197310535,
        0.4925793310721876,
        0.44288016167301825,
        0.7870760435736682,
        0.4969416906170487,
        0.45573908695211685,
        0.5244474988904989,
        0.5836989306006798,
        0.48248327820106085,
        0.5343858503588336,
        0.5262370364543212,
        0.5604390710616962,
        0.6532480999152457,
        0.6229102681165436,
        0.8657305802147606,
        0.37706291725730656,
        0.8948704880399375,
        0.7235869060259094,
        0.44884426063748833
    ],
    "pearson_correlation": [
        0.940518017170688,
        0.6426556281894009,
        0.9865227148256667,
        0.8016412572800385,
        0.8216014104864833,
        0.3855715807724628,
        0.8746549106242734,
        0.5914618865369055,
        0.5608256188129666,
        0.6458134204040236,
        0.5671381846862771,
        0.4488889382370609,
        0.5604056041743753,
        0.5294921785521458,
        0.6147319191917338,
        0.7756464499886099,
        0.7818821577006415,
        0.7754827461024354,
        0.46154927807210633,
        0.9621830468754193,
        0.8740271203071659,
        0.6812634871425739
    ],
    "source": "RSPv"
}