{
    "image_series_id": 606278526,
    "match_id": [
        484504171,
        175740500,
        168300739,
        267929554,
        204832205,
        268076421,
        278510903,
        162018169,
        159432479,
        166264185,
        510124187,
        159331462,
        506947040,
        266839077,
        294356922,
        301057735,
        278067445,
        183329222,
        263106751,
        301324895,
        183071513,
        301209502,
        305449231,
        267610466,
        184158290,
        301060890,
        183225830,
        278400363,
        267959197,
        176897793,
        175739791,
        182888003,
        299732738,
        183057424,
        182805965,
        183058837,
        267928844,
        268205344,
        170784358,
        268399145,
        573035760,
        538834292,
        480703321,
        305125123,
        167373923,
        545428296,
        184157585,
        168301446,
        292321278,
        182185289,
        181895006,
        268163228,
        184158996,
        284665639,
        265947058,
        167571459,
        514333422,
        479267539,
        553747363,
        278500868,
        558697990,
        309580808,
        267607635,
        277849256,
        264707643
    ],
    "distance": [
        165.39193237722338,
        1172.5083926857378,
        890.1603399276976,
        1171.1913318830248,
        817.5295291783871,
        1186.077174346922,
        452.04925508068646,
        1442.4664976139497,
        403.37421034625993,
        543.7347710495583,
        1171.4108838765949,
        292.7489918584352,
        181.41699731648274,
        410.7090106131068,
        572.7504992294055,
        1571.0848728256094,
        1071.5094913145049,
        1094.8631049159196,
        919.3639014393623,
        630.7936150853445,
        957.5095312428889,
        754.2166092286363,
        554.1165828792316,
        448.35820530265624,
        633.3901113935275,
        1186.3379912503403,
        437.7718470972134,
        910.2810400229695,
        1909.502742451744,
        410.46457896095603,
        693.7081368518886,
        525.8362534906673,
        1707.238487793994,
        768.2483792389091,
        897.4569764098029,
        1471.719045933511,
        1088.0761680156484,
        1020.802491970545,
        988.9775654842349,
        670.3492398110548,
        190.29995007127724,
        1004.167444673208,
        595.7710293955915,
        144.91059586977627,
        245.5157030873165,
        469.05459425569313,
        744.9288245502826,
        597.6484860844877,
        600.2581528471638,
        1250.275669314259,
        826.1011163727682,
        1053.6550387942902,
        1504.5644142414174,
        692.7909667358272,
        924.1684985881569,
        272.75658090895257,
        279.0794059616934,
        592.2580414263565,
        883.9326354892604,
        371.5115097084849,
        727.3259514785772,
        1625.114892483174,
        1152.1175629672339,
        1237.4704167155176,
        222.35883813413275
    ],
    "injection_overlap": [
        0.8087204797975739,
        0.0003577232912586896,
        0.0002539503776041546,
        0,
        0.3446713816278124,
        0,
        0.2244355666318796,
        0,
        0.7549033100554361,
        0.022538077081138023,
        0,
        0.6803720602557476,
        0.682855806638014,
        0.2884660628162611,
        0.05012699971358357,
        0,
        0,
        0,
        0.005442672282868852,
        0.00036656604004611066,
        0,
        0.043349072837646614,
        0.12993257689788096,
        0.20836263018127724,
        0.27923720891861314,
        0,
        0.432859880591876,
        0,
        0,
        0.1460908072251568,
        0.0428153768403609,
        0.0009164030340925651,
        0,
        0,
        0,
        0,
        0.00027619263358012904,
        0,
        0,
        0.20597790661467105,
        0.6084989280219569,
        0,
        0.2609124218649087,
        0.7230535890778842,
        0.5908973620655393,
        0.045095428690056706,
        0.009571679643777895,
        0.28815226936947086,
        0,
        0,
        0.1302157542908957,
        0,
        0,
        0,
        0,
        0.7023830788242018,
        0.036313567249686304,
        0.02341090275655691,
        0,
        0.476449103670258,
        0.13857824414174152,
        0,
        0,
        0,
        0.5538193476628555
    ],
    "exclusion_zone_overlap": [
        0.6568622147364033,
        0.004908148955862798,
        0.0018738800425255986,
        0,
        0.26746441435397145,
        0,
        0.3064094992344433,
        0,
        0.6413019361306983,
        0.10691521940276212,
        0,
        0.6301056695850688,
        0.4258277347886826,
        0.3117279889153975,
        0.06428147734734838,
        0,
        0,
        7.721636898430787e-06,
        0.03345310384534877,
        0.008038507155710953,
        0,
        0.08089127209064273,
        0.21049858506414523,
        0.20842981063223623,
        0.32351704279387294,
        0,
        0.33519753325490137,
        0,
        0,
        0.24963010844006664,
        0.13950660405010634,
        0.024833954175182162,
        0,
        2.709854946183858e-07,
        0,
        0,
        0.0021199599840024184,
        0,
        9.884199267165347e-06,
        0.15709465313735924,
        0.3311628664170245,
        0,
        0.21355122277415028,
        0.4845874711787317,
        0.49443952559628646,
        0.13554328547515762,
        0.031110421115709424,
        0.2004045124353811,
        0.003541115997200691,
        0,
        0.12231541620374917,
        0,
        0,
        0.0010380475247511508,
        0.003542880288231011,
        0.449227419273215,
        0.08632382890811532,
        0.02496577563673008,
        0,
        0.4888481361272634,
        0.10516125135363971,
        0,
        0,
        0,
        0.47911071336628
    ],
    "fraction of match covered by td injection": [
        0.3809866330289915,
        1.588090497553241e-05,
        6.288447728241227e-05,
        0,
        0.06883792502335007,
        0,
        0.06817401601577032,
        0,
        0.19529932589510154,
        0.006195123180703996,
        0,
        0.28698333807749316,
        0.3956053013485178,
        0.3742265417952639,
        0.03706998015907589,
        0,
        0,
        0,
        0.007039332651660721,
        0.004534719445250054,
        0,
        0.03514482975217014,
        0.14054124137489762,
        0.049345307423064505,
        0.05755767090946345,
        0,
        0.15743681367465928,
        0,
        0,
        0.22454875181267886,
        0.022172194580369693,
        0.0008175495863889117,
        0,
        0,
        0,
        0,
        9.077288333347016e-05,
        0,
        0,
        0.18957600593980128,
        0.4567441128030045,
        0,
        0.036573216714419265,
        0.6913841219384838,
        0.461671548647458,
        0.2137254055903156,
        0.001086285282107424,
        0.27077477104341996,
        0,
        0,
        0.03947289291703202,
        0,
        0,
        0,
        0,
        0.17966092594778935,
        0.01957425789131719,
        0.0006835641811956156,
        0,
        0.23300806390058526,
        0.13562200085547774,
        0,
        0,
        0,
        0.3957951319318874
    ],