{
    "image_series_id": 607321130,
    "match_id": [
        100141454,
        141603190,
        146593590,
        112514202,
        139426984,
        112952510,
        157556400,
        112458114,
        139520203,
        180916954,
        584194481,
        478376197,
        501483880,
        496554237,
        526783054,
        166055636,
        125833030,
        478491090,
        286313491,
        583747816,
        182793477,
        126117554,
        478376911,
        286482701,
        496151571,
        161458737,
        168162771,
        496576666,
        263106036
    ],
    "distance": [
        1851.5282009287343,
        846.9133168571998,
        294.7189982168977,
        878.6988946739635,
        41.76074623285715,
        1625.9754994280527,
        2116.6520879585373,
        885.557866777919,
        213.75580117493402,
        705.1403010315183,
        497.1928974614626,
        2408.590824239812,
        726.6728477876516,
        2541.3166395836897,
        74.6621273093158,
        1795.011450239892,
        232.24909621201581,
        156.9435306341445,
        2046.9854950078493,
        870.6383037492114,
        757.7096673721717,
        504.0469925006557,
        351.4810123260522,
        1110.5690937321715,
        1077.0230983948222,
        863.2820221086006,
        1141.4611407652558,
        264.3906608973781,
        2221.968048431831
    ],
    "injection_overlap": [
        0,
        0,
        0.6969290391106256,
        0,
        0.9569043635412902,
        0,
        0,
        0,
        0.6373043887665957,
        0,
        0.039969603163811866,
        0,
        0,
        0,
        0.7807816070013208,
        0,
        0.8994515389699265,
        0.9069352201032619,
        0,
        0.004377514526455869,
        0,
        0.18796070306579118,
        0.4553856159065192,
        0,
        0,
        0.2539957684327221,
        0,
        0.8816045558257845,
        0
    ],
    "exclusion_zone_overlap": [
        0,
        0,
        0.43946217888090583,
        0,
        0.6502317050130854,
        0,
        0,
        0,
        0.37861746422502457,
        0.01107535046132461,
        0.07354720824947111,
        0,
        0,
        0,
        0.24219551319716,
        0,
        0.4224699732491101,
        0.5240491985006126,
        0,
        0.021200945205166695,
        3.770083555854665e-05,
        0.15608524274933055,
        0.2836330853515025,
        0,
        0,
        0.1540438330426978,
        0,
        0.4441937179269713,
        0
    ],
    "fraction of match covered by td injection": [
        0,
        0,
        0.15062159322052954,
        0,
        0.4404304480047112,
        0,
        0,
        0,
        0.2005446437120774,
        0,
        0.021307980757373213,
        0,
        0,
        0,
        0.6584828274759735,
        0,
        0.20017710308280875,
        0.2602597249145657,
        0,
        0.0009346508842765346,
        0,
        0.05001794338978711,
        0.14048159996637122,
        0,
        0,
        0.018398289234347224,
        0,
        0.17781062545093826,
        0
    ],
    "fraction of match covered by td exclusion zone": [
        0,
        0,
        0.6014758888290876,
        0,
        0.9446117975224123,
        0,
        0,
        0,
        0.6012364725664031,
        0.004604269108997429,
        0.11551358255562758,
        0,
        0,
        0,
        0.9977013975252598,
        0,
        0.5551227859567307,
        0.7434703189475191,
        0,
        0.011111271894986842,
        1.3678750756448137e-05,
        0.30385401643461263,
        0.476968257069867,
        0,
        0,
        0.09854060136039784,
        0,
        0.47817384477397484,
        0
    ],
    "dice_coefficient": [
        0.0,
        0.0,
        0.28950512750215596,
        0.0,
        0.833192473061626,
        0.0,
        0.0,
        0.0,
        0.37918854368846294,
        0.0,
        0.040736113776966267,
        0.0,
        0.0,
        0.0,
        1.0687157543614787,
        0.0,
        0.3864365038431644,
        0.4992486085786369,
        0.0,
        0.0018460904336229857,
        0.0,
        0.09498832391806436,
        0.2682279523814918,
        0.0,
        0.0,
        0.036134023372527954,
        0.0,
        0.3447196523451305,
        0.0
    ],
    "spearman_correlation": [
        0.28752639680238473,
        0.46591332767070454,
        0.7092716202472223,
        0.7050685242362189,
        0.8175399575892673,
        0.19813994536404236,
        0.6401945101847967,
        0.724853839928456,
        0.8607079733340546,
        0.496257782387018,
        0.856284534998542,
        0.4392760506191172,
        0.8419898882483534,
        0.3998076386820583,
        0.7817631487757101,
        0.05624811740514892,
        0.7151655122412289,
        0.7155549392404371,
        0.5088001005454781,
        0.7573099299232547,
        0.30571837569432414,
        0.806945015581183,
        0.7768429350812555,
        0.6964638073988455,
        0.7687303319500886,
        0.842333079122756,
        0.1412373605540764,
        0.7446368540559766,
        0.21468452465906546
    ],
    "pearson_correlation": [
        0.3680053691021948,
        0.5874340957749796,
        0.8537428104829609,
        0.8989596796331265,
        0.9313345766117401,
        0.33761634575887256,
        0.6270188967319512,
        0.940413322172447,
        0.8791177173166929,
        0.47857965833486804,
        0.90452803257692,
        0.3927071427322658,
        0.7688904710073681,
        0.2802440245037198,
        0.8914768058119229,
        0.21560699613791606,
        0.9458857490477022,
        0.6120629289654819,
        0.4436959306811942,
        0.7652086313212124,
        0.284710323493473,
        0.6771487986370219,
        0.8719430299351469,
        0.7884663201041302,
        0.7082105778979069,
        0.8278266650683412,
        0.2032823818374811,
        0.7953206078505677,
        0.048871009861341665
    ],
    "source": "ACAd"
}