{
    "image_series_id": 616674416,
    "match_id": [
        100140949,
        126523791,
        100148142,
        112595376,
        272916915,
        523718823,
        501484658,
        249396394,
        501006221,
        572588941,
        584895127,
        482581199,
        496113850,
        646525997,
        571100135,
        592540591,
        166054929,
        496151571,
        562521707,
        159832064,
        591535205,
        303784745
    ],
    "distance": [
        206.16046663060757,
        1820.3565680060449,
        238.39272729480876,
        1540.7429542613224,
        1362.543957582319,
        1989.578912450169,
        810.6682730480363,
        1687.0135375672621,
        2023.4510767434583,
        1485.506512077695,
        1252.1873794006356,
        2328.2963283949875,
        1665.306644964505,
        1334.3398439392606,
        1316.4372971415733,
        1180.736437557326,
        1059.148706030153,
        1432.829431613052,
        2050.302142493902,
        207.01164683754206,
        370.04333645924595,
        1841.0321586631055
    ],
    "injection_overlap": [
        0.9981862106248043,
        0,
        0.7464303715983539,
        0,
        0,
        0,
        0,
        0,
        0,
        0,
        0,
        0,
        0,
        0,
        0,
        0,
        0,
        0,
        0,
        0.9823361192335737,
        0.16943740169415472,
        0
    ],
    "exclusion_zone_overlap": [
        0.6290002270799179,
        0,
        0.5825607546028081,
        0,
        0,
        0,
        0,
        0,
        0,
        0,
        0,
        0,
        0,
        0,
        0,
        0,
        0,
        0,
        0,
        0.6135158765348733,
        0.12745038067432296,
        0
    ],
    "fraction of match covered by td injection": [
        0.1839589568116785,
        0,
        0.14980464577117178,
        0,
        0,
        0,
        0,
        0,
        0,
        0,
        0,
        0,
        0,
        0,
        0,
        0,
        0,
        0,
        0,
        0.20418487259239354,
        0.024155551576808973,
        0
    ],
    "fraction of match covered by td exclusion zone": [
        0.5253358854389596,
        0,
        0.6500512759487649,
        0,
        0,
        0,
        0,
        0,
        0,
        0,
        0,
        0,
        0,
        0,
        0,
        0,
        0,
        0,
        0,
        0.5232606858274472,
        0.15071850795393132,
        0
    ],
    "dice_coefficient": [
        0.3460904611687455,
        0.0,
        0.27357289914965327,
        0.0,
        0.0,
        0.0,
        0.0,
        0.0,
        0.0,
        0.0,
        0.0,
        0.0,
        0.0,
        0.0,
        0.0,
        0.0,
        0.0,
        0.0,
        0.0,
        0.3802304876370675,
        0.04351366521851852,
        0.0
    ],
    "spearman_correlation": [
        0.7443629081317816,
        0.21608874763402244,
        0.8143661574054831,
        0.48707428850810724,
        0.3828317846975961,
        0.4418642638735421,
        0.6591229299037231,
        0.3939969032729804,
        0.4110131233966574,
        0.46762419443903674,
        0.5201990012364791,
        0.4392850485613422,
        0.47691349050208287,
        0.4745584588998141,
        0.49737826012401987,
        0.5359152999013601,
        0.4947929123056644,
        0.8070809254547525,
        0.33397373592525653,
        0.755062682365853,
        0.6528483600447353,
        0.3773015151912064
    ],
    "pearson_correlation": [
        0.9359269001902399,
        0.6601293084609632,
        0.9641358240010952,
        0.8363977015247098,
        0.8904527177610219,
        0.4278333905290194,
        0.8469553161772383,
        0.6512841492880267,
        0.6165467394239702,
        0.6715642748014798,
        0.6135149132105618,
        0.4918784860432821,
        0.589171424666361,
        0.5629071483349093,
        0.6116823321849807,
        0.7572147434029265,
        0.8166236832000917,
        0.7401690344574736,
        0.4878964188960613,
        0.9266969954990989,
        0.8721600797946972,
        0.763335471459518
    ],
    "source": "RSPv"
}