{
    "image_series_id": 617898760,
    "match_id": [
        112423392,
        112306316,
        157711748,
        158435116,
        126860974,
        478376197,
        496554237,
        480994108,
        287769286,
        156741826,
        478582494,
        263106036,
        167902586
    ],
    "distance": [
        343.33446353434016,
        642.0731620571793,
        520.6949671592427,
        364.82070964019005,
        546.620737458467,
        588.5848221203158,
        422.40483876828205,
        264.3606461491402,
        368.49295156115176,
        608.9322521938802,
        325.9881552507741,
        589.0582271390057,
        213.93136746668483
    ],
    "injection_overlap": [
        0.14866218204954423,
        0.00023196069256785826,
        0.02897439189191787,
        0.0860875653312999,
        0.10685195053356716,
        0.34137921343953875,
        0.2648093425937344,
        0.6564408249226421,
        0.3368483491546873,
        0.03134807125077131,
        0.4350179593604765,
        0.00906885135447677,
        0.9332328836606406
    ],
    "exclusion_zone_overlap": [
        0.1621009211785201,
        0.003794869048061089,
        0.0558759874795397,
        0.11792476165737509,
        0.1950929953581217,
        0.343490038319075,
        0.29564403955274504,
        0.5402338722876959,
        0.26438267304517205,
        0.07008240025991115,
        0.44981970953678957,
        0.037220174699155444,
        0.8311903892889732
    ],
    "fraction of match covered by td injection": [
        0.1313784155942113,
        7.012784059084566e-05,
        0.02076728019616056,
        0.109984671283284,
        0.07178215582670062,
        0.10379219205587213,
        0.1403296603385711,
        0.11833147779028644,
        0.1123106226204795,
        0.010962980573187578,
        0.2604977366660814,
        0.00520663318329539,
        0.24082986165563475
    ],
    "fraction of match covered by td exclusion zone": [
        0.35948516344829456,
        0.005317498098476613,
        0.10445993852197732,
        0.34468190810956384,
        0.20619898187746288,
        0.22174640268696247,
        0.32241083305088064,
        0.31958736468907245,
        0.30096559259547984,
        0.06496125917184371,
        0.5294432285077627,
        0.03937746451870895,
        0.5089867293803072
    ],
    "dice_coefficient": [
        0.24878951278658645,
        0.00013744132934963117,
        0.03966444313217863,
        0.20766607940343407,
        0.14034569030706437,
        0.20480476592457592,
        0.27445123017058454,
        0.23381628570746713,
        0.21981080504074518,
        0.0215947006974413,
        0.5045486496183837,
        0.010243486690272457,
        0.47579416844163613
    ],
    "spearman_correlation": [
        0.593357846600114,
        0.381756128603783,
        0.5449081522548395,
        0.6195895785176896,
        0.6124542244305133,
        0.5702728771012912,
        0.6085442941271249,
        0.6096732985997342,
        0.5820491126290476,
        0.6059804807036483,
        0.5700401824601271,
        0.46505555611453875,
        0.5769383425427766
    ],
    "pearson_correlation": [
        0.7530453149218391,
        0.2635706127596419,
        0.24645868106084395,
        0.6643679970309742,
        0.4121804479506863,
        0.3190682302765493,
        0.34007537000273913,
        0.23293944516936135,
        0.421754714942691,
        0.3790300250564678,
        0.2107277308545138,
        0.19139537476294183,
        0.418179040585871
    ],
    "source": "ORBvl"
}