{
    "image_series_id": 623286726,
    "match_id": [
        100141454,
        272697944,
        180720175,
        141603190,
        146593590,
        180709942,
        112514202,
        180673746,
        180719293,
        139426984,
        141602484,
        112952510,
        157556400,
        585025284,
        170721670,
        112423392,
        112458114,
        584903636,
        139520203,
        100140756,
        157710335,
        180916954,
        584194481,
        478376197,
        501483880,
        496554237,
        526783054,
        166055636,
        125833030,
        478491090,
        286313491,
        583747816,
        182793477,
        126117554,
        478376911,
        286482701,
        496151571,
        120814821,
        161458737,
        168162771,
        606785720,
        496576666,
        263106036,
        166082128,
        263242463,
        598604288
    ],
    "distance": [
        1360.149588886882,
        2236.067870033403,
        2392.550118130385,
        1062.2382790349295,
        1447.576002468674,
        2369.4096267409527,
        560.2939111410749,
        2419.397223300696,
        2356.716037054122,
        1211.118044951639,
        1540.5340131061037,
        1278.6863749223292,
        951.5390282637585,
        1766.3529829233132,
        2361.2881101156727,
        1536.1809230658052,
        548.4307319793347,
        1873.8611151144908,
        1246.693533044035,
        2208.2172431220247,
        2330.7521763810037,
        1566.0579040112582,
        798.9479672677278,
        1404.545005243986,
        1849.398482003295,
        1485.6729167387812,
        1118.6944143084647,
        1318.7913609023165,
        1073.6695513018212,
        1261.7721500341104,
        879.1690283822668,
        570.4288257565961,
        1524.4791227822639,
        785.3708558551808,
        859.6376417465633,
        364.8719832808704,
        2182.50328649595,
        1457.7941476779786,
        336.7627063083655,
        1196.77667346879,
        1688.2269293091995,
        1299.8227999932633,
        1141.9779745248698,
        1957.868985885283,
        2206.528616304026,
        1750.9054130483098
    ],
    "injection_overlap": [
        0,
        0,
        0,
        0.010757956689967872,
        0,
        0,
        0.3992010790990176,
        0,
        0,
        0,
        0,
        0,
        0,
        0,
        0,
        0,
        0.11097477661780106,
        0,
        0,
        0,
        0,
        0,
        0.005546091969538257,
        0,
        0,
        0,
        0,
        0,
        0,
        0,
        0,
        0.3755676836950279,
        0,
        0.00019275463925124754,
        0.0008883081438294349,
        0.736977030885,
        0,
        0,
        0.9530927569177858,
        0,
        0,
        0,
        0,
        0,
        0,
        0
    ],
    "exclusion_zone_overlap": [
        0,
        0,
        0,
        0.04898350078867694,
        0,
        0,
        0.38755687405599065,
        0,
        0,
        0,
        0,
        0,
        1.4160110888129545e-05,
        0,
        0,
        0,
        0.2055939734711653,
        0,
        0,
        0,
        0,
        0.0005213329520422467,
        0.022429492452166463,
        0,
        0,
        0,
        0,
        0,
        0.0002720264847301307,
        0,
        0.005071990460116274,
        0.5255151649509142,
        0,
        0.014353617244737186,
        0.007079952320712314,
        0.479428809470861,
        0,
        0,
        0.5832352960726587,
        3.420124789444012e-05,
        0,
        6.769339158155965e-05,
        0,
        0,
        0,
        0
    ],
    "fraction of match covered by td injection": [
        0,
        0,
        0,
        0.02967120363572558,
        0,
        0,
        0.23719640504425252,
        0,
        0,
        0,
        0,
        0,
        0,
        0,
        0,
        0,
        0.19483769372378454,
        0,
        0,
        0,
        0,
        0,
        0.0050536731660186926,
        0,
        0,
        0,
        0,
        0,
        0,
        0,
        0,
        0.09897048157170849,
        0,
        6.50982573426626e-05,
        0.0006939567212807985,
        0.24733832473520131,
        0,
        0,
        0.225284236979015,
        0,
        0,
        0,
        0,
        0,
        0,
        0
    ],
    "fraction of match covered by td exclusion zone": [
        0,
        0,
        0,
        0.17488797748388538,
        0,
        0,
        0.788277678230149,
        0,
        0,
        0,
        0,
        0,
        8.927938657480018e-06,
        0,
        0,
        0,
        0.7985055434509639,
        0,
        0,
        0,
        0,
        0.0003172833149961766,
        0.07604309966993869,
        0,
        0,
        0,
        0,
        0,
        0.0015848923719672784,
        0,
        0.011156719198310449,
        0.48611081224446034,
        0,
        0.051333089907644056,
        0.019085119526059326,
        0.7777491315980332,
        0,
        0,
        0.6357597160868645,
        0.0004186608436284,
        0,
        2.095281111326361e-05,
        0,
        0,
        0,
        0
    ],
    "dice_coefficient": [
        0.0,
        0.0,
        0.0,
        0.05350604734404417,
        0.0,
        0.0,
        0.437745652561874,
        0.0,
        0.0,
        0.0,
        0.0,
        0.0,
        0.0,
        0.0,
        0.0,
        0.0,
        0.33831633946230405,
        0.0,
        0.0,
        0.0,
        0.0,
        0.0,
        0.009026094386263537,
        0.0,
        0.0,
        0.0,
        0.0,
        0.0,
        0.0,
        0.0,
        0.0,
        0.19168465060137393,
        0.0,
        0.00011441405010658696,
        0.0012356227988756584,
        0.4574785801495664,
        0.0,
        0.0,
        0.4300966881809202,
        0.0,
        0.0,
        0.0,
        0.0,
        0.0,
        0.0,
        0.0
    ],
    "spearman_correlation": [
        0.2969982459263224,
        -0.0373256684399707,
        0.09319365894707013,
        0.3887237445269366,
        0.5546340506347796,
        -0.15442256663435117,
        0.7203855344124099,
        0.16814126368221896,
        -0.13468153796742488,
        0.7017542883133752,
        -0.1803197650621546,
        0.20392082697677563,
        0.7271527298931634,
        -0.16783459841044351,
        0.16446921006957016,
        0.3050516128629844,
        0.6750254921721709,
        -0.1317460641987231,
        0.7480287673437819,
        0.023504761491989077,
        -0.06590325831910876,
        0.3182478797390871,
        0.8242739660021187,
        0.6272789346828167,
        0.5657052291715877,
        0.6091432230480891,
        0.6191636693090037,
        0.04191892351449274,
        0.5854560000344268,
        0.5684456440636809,
        0.7159539163676392,
        0.7413424328326891,
        0.16126305104754513,
        0.7833160750873539,
        0.6920676244691042,
        0.6594670574009732,
        0.5177656653675142,
        -0.1504599289893422,
        0.8312227625613069,
        0.10035914996186371,
        -0.1730225460669484,
        0.6176664571037564,
        0.48562922891270954,
        -0.159774344591728,
        -0.08773421034793925,
        -0.12162485452631984
    ],