{
    "image_series_id": 651703553,
    "match_id": [
        126861679,
        100148503,
        112229103,
        116900714,
        146077302,
        126907302,
        126852363,
        100141599,
        523718823,
        294481346,
        598605738,
        593018150,
        518742338,
        512314723,
        559878074,
        501006221,
        540145406,
        572588941,
        511550172,
        482581199,
        496113850,
        646525997,
        576341623,
        571100135,
        575782182,
        524667618,
        657334568,
        502074651,
        272929308,
        657042668,
        159753308,
        656959718,
        646525156,
        524874308,
        597007143,
        584511827,
        485237081,
        562674923,
        656632388,
        525796603,
        267493760,
        298003295
    ],
    "distance": [
        266.5722995834951,
        250.5314825081487,
        636.8240919708094,
        856.8771247946776,
        755.9288082718538,
        1257.819695503371,
        1226.430142077477,
        383.440753260152,
        1219.6191948210358,
        858.2462088964437,
        828.6212826621739,
        594.1020119919953,
        133.13989079779643,
        882.3532199321924,
        265.925184644331,
        1182.7161111147402,
        1006.3087816769353,
        768.2233681043745,
        892.0834845227395,
        1686.9487179833018,
        1213.1912113106057,
        765.3561659891565,
        534.7775229907857,
        597.5083335465056,
        539.0249162312682,
        179.42606138784583,
        897.5619688522487,
        320.0528208828366,
        1100.2653081550284,
        550.7230230682123,
        281.5058033735677,
        613.7914612028725,
        555.690852004102,
        1130.9290186350736,
        187.87736323730567,
        1902.1414804715648,
        919.8379643658247,
        524.1834000838687,
        654.3307892661312,
        2812.3380405986773,
        2425.425028583841,
        2413.5939970259137
    ],
    "injection_overlap": [
        0.5307371101445497,
        0.3942271814686743,
        0,
        0,
        0,
        0,
        0,
        0.340742981555798,
        0,
        0,
        0,
        0.001456939190216585,
        0.9146199454195186,
        0,
        0.3632721404041394,
        0,
        0,
        0.0572400103846625,
        0.05905999957377793,
        0,
        0,
        0,
        0.034927788086927966,
        0.36096243405952055,
        0.011097735057008845,
        0.662846884038422,
        0,
        0.4927007608348573,
        0,
        0.008600453835866904,
        0.5300510792042246,
        0.07026784614066646,
        0.0013016423070932725,
        0,
        0.9130020711740392,
        0,
        0,
        0.001923002844654605,
        0,
        0,
        0.20263023207964415,
        0.10037143792244362
    ],
    "exclusion_zone_overlap": [
        0.4033301852710297,
        0.27915743084726297,
        0,
        0.00017517261573251562,
        4.2034695722070545e-06,
        0,
        0,
        0.3265264992776186,
        0,
        0,
        0.0180876452838659,
        0.022053303621549444,
        0.834965664578216,
        0,
        0.37120592941742914,
        0,
        0.0019371516670905625,
        0.10504387044952944,
        0.08218081811009124,
        0,
        0,
        0.0003639618023598577,
        0.07263606330022558,
        0.3082303758978127,
        0.03126356412596835,
        0.5267031195571884,
        0,
        0.5180734409112363,
        0,
        0.07180484438850404,
        0.4971523638075304,
        0.09429633722672405,
        0.01772006292757005,
        0.004281499256241671,
        0.8479235057949708,
        0,
        0,
        0.00812295780752184,
        0.0381428272612209,
        0.003855044909229393,
        0.1887878815395564,
        0.17817017104884558
    ],
    "fraction of match covered by td injection": [
        0.13453999586057533,
        0.14637725434662868,
        0,
        0,
        0,
        0,
        0,
        0.08265321523120359,
        0,
        0,
        0,
        1.8512279001337054e-06,
        0.213548923857777,
        0,
        0.1218486504608425,
        0,
        0,
        0.002989116728137389,
        0.0010128814719493264,
        0,
        0,
        0,
        0.0012078793848502721,
        0.024573962287014667,
        0.0022468654934266787,
        0.24065980437751508,
        0,
        0.09917581816911504,
        0,
        0.0011897833895397384,
        0.15776181639948633,
        0.007646720057963902,
        0.00047074630428871133,
        0,
        0.12635807883442593,
        0,
        0,
        3.0775898071716774e-06,
        0,
        0,
        0.00930550755702877,
        0.001142177032659882
    ],
    "fraction of match covered by td exclusion zone": [
        0.33865773900453255,
        0.41239832927383485,
        0,
        7.611558543521414e-05,
        1.4165557315744285e-05,
        0,
        0,
        0.3049216369223412,
        0,
        0,
        0.0054653318869603,
        0.01365362457098323,
        0.5840792535769567,
        0,
        0.3904725266190082,
        0,
        0.00040056406624716277,
        0.037108397920870485,
        0.033744666039412445,
        0,
        0,
        0.00014186564417822042,
        0.0512720797584038,
        0.09114881339501887,
        0.02352586261307549,
        0.5776072978895688,
        0,
        0.3595092930420707,
        0,
        0.0875526371405244,
        0.4868542070104926,
        0.07160478052244927,
        0.02421337445126566,
        0.0022427699683370377,
        0.4012662923868638,
        0,
        0,
        0.0038661446228606777,
        0.059134126589582614,
        0.0002664575602663784,
        0.03281699073076597,
        0.027110540799024283
    ],
    "dice_coefficient": [
        0.26600677963945435,
        0.2864596781327954,
        0.0,
        0.0,
        0.0,
        0.0,
        0.0,
        0.16276966560374248,
        0.0,
        0.0,
        0.0,
        4.766773638812715e-05,
        0.42302956153550525,
        0.0,
        0.23212397655772968,
        0.0,
        0.0,
        0.005951496668904307,
        0.002007935241431152,
        0.0,
        0.0,
        0.0,
        0.0023916732339281446,
        0.04896300417822598,
        0.004461990343388621,
        0.47332439310739677,
        0.0,
        0.19578909379072484,
        0.0,
        0.0023470043923078197,
        0.3106335703042441,
        0.015067743208407812,
        0.0009303908584957242,
        0.0,
        0.2513246906356964,
        0.0,
        0.0,
        5.4417950456740646e-05,
        0.0,
        0.0,
        0.017923436502647508,
        0.0022680383373295675
    ],