{
    "image_series_id": 666090944,
    "match_id": [
        100140949,
        126523791,
        100148142,
        112595376,
        272916915,
        523718823,
        501484658,
        249396394,
        501006221,
        572588941,
        584895127,
        482581199,
        496113850,
        646525997,
        571100135,
        592540591,
        166054929,
        496151571,
        562521707,
        159832064,
        591535205,
        303784745
    ],
    "distance": [
        1582.783930743227,
        1439.0572035541327,
        1818.2986890993134,
        311.93921254458263,
        488.54658072647646,
        525.9340958220075,
        845.8381870789594,
        279.93347749934776,
        598.1636132036149,
        564.3617787274965,
        714.210550391355,
        722.4004640719528,
        190.00163909346816,
        596.6245682107276,
        784.9536155738535,
        699.6215388990447,
        799.9267338251755,
        2843.674249109213,
        548.4709678223767,
        1452.144063951431,
        1395.838589240569,
        301.6557054447138
    ],
    "injection_overlap": [
        0,
        0,
        0,
        0.327784027909159,
        0.13437299076516396,
        0.09891280389785968,
        0,
        0.7148655663084907,
        0.10413697165770713,
        0.4555871320630569,
        0,
        0.09623218594974407,
        0.7415408578772993,
        0.6749366298960808,
        0.0010931186350324736,
        0.03712031177574108,
        0.005965192212700272,
        0,
        0.05892326681009885,
        0,
        0,
        0.529878158243803
    ],
    "exclusion_zone_overlap": [
        0,
        0,
        0,
        0.26660053732564143,
        0.08333126164379631,
        0.13500295881038846,
        0,
        0.4747186393508558,
        0.1255938599726183,
        0.3081578728402246,
        0.005127369157763038,
        0.1938736965453678,
        0.5452718619978174,
        0.48509286764379395,
        0.008808344337265241,
        0.09081945405578039,
        0.028171194691146866,
        0,
        0.12028573047173972,
        0,
        0,
        0.3926177201832293
    ],
    "fraction of match covered by td injection": [
        0,
        0,
        0,
        0.3447162171771326,
        0.01799858967288482,
        0.11743597900683544,
        0,
        0.2763342962220024,
        0.02100637900725363,
        0.04191315032984263,
        0,
        0.0824160850849748,
        0.31292283764671985,
        0.1432365343258369,
        0.00019766078567545135,
        0.00866620864461492,
        0.0006036217028261311,
        0,
        0.05813145875512188,
        0,
        0,
        0.35610876193442254
    ],
    "fraction of match covered by td exclusion zone": [
        0,
        0,
        0,
        0.6263423494213125,
        0.06833509550866615,
        0.19898067124701455,
        0,
        0.47060799993793034,
        0.07625092035971857,
        0.11296345128598251,
        0.03864527234334696,
        0.22683066779204725,
        0.516027690933309,
        0.2271261635793753,
        0.0024223787661900795,
        0.0790665517444479,
        0.022592397303696495,
        0,
        0.21043936594671367,
        0,
        0,
        0.584817409742401
    ],
    "dice_coefficient": [
        0.0,
        0.0,
        0.0,
        0.5161554051510595,
        0.0611657369390846,
        0.16821514139659366,
        0.0,
        0.4720219285532682,
        0.037300112419660005,
        0.07845563561382021,
        0.0,
        0.14391642271051627,
        0.5276509415161021,
        0.26117075901620174,
        0.00037380923034117795,
        0.015473852124981686,
        0.00110124500792134,
        0.0,
        0.09403925658272633,
        0.0,
        0.0,
        0.5534520330188524
    ],
    "spearman_correlation": [
        0.6124919204119784,
        0.2606885498393505,
        0.546122919125895,
        0.8286092435498424,
        0.768786085305258,
        0.775948259233212,
        0.7247426677318226,
        0.9685531802744538,
        0.7663826389473222,
        0.7215901866268226,
        0.8088714437353047,
        0.844638901205382,
        0.8611805241357116,
        0.8101915290449655,
        0.6905825724053075,
        0.865929678703875,
        0.8813203181845798,
        0.33410912301655266,
        0.7578080483305929,
        0.5974671547077264,
        0.7313970653069966,
        0.6911998659226778
    ],
    "pearson_correlation": [
        0.7820677200353117,
        0.5034627436347788,
        0.6685602620640851,
        0.8198561743060231,
        0.8483231125272093,
        0.8620857333386727,
        0.7864255824126725,
        0.9920121226965827,
        0.9130186949688264,
        0.9520169051431394,
        0.9580011831981285,
        0.9182816966799623,
        0.9344390839704908,
        0.9414325685960224,
        0.8937451410315777,
        0.8958446835094522,
        0.9574522656594642,
        0.462223259811654,
        0.8765194227012579,
        0.7209015281210476,
        0.8243252763784841,
        0.9646109095483673
    ],
    "source": "RSPv"
}