{
    "sum_NPV_A": [
        16.03919388458765, 
        16.03919388458765, 
        16.03919388458765, 
        16.03919388458765, 
        20.470143641252214, 
        20.470143641252214
    ], 
    "sum_NPV_B": [
        7.486241230753582, 
        20.470143641252214, 
        6.059401806463294, 
        10.37250303422075, 
        6.059401806463294, 
        10.37250303422075
    ], 
    "pearson_correlation": [
        0.7649354707270412, 
        0.6058102724882307, 
        0.7093098729364846, 
        0.6530935368642667, 
        0.8806666661377145, 
        0.4379591167720196
    ], 
    "match_A": [
        112596790, 
        112596790, 
        112596790, 
        112596790, 
        166153483, 
        166153483
    ], 
    "fraction of match covered by td injection": [
        0.018842735324200714, 
        0.09459325631773105, 
        0.3190403229003509, 
        0.30800967591755796, 
        0.38435058665020944, 
        0.23095043087928982
    ], 
    "absolute_overlap": [
        213.6184493055531, 
        2246.955942250727, 
        7526.9801832521325, 
        11671.961768819618, 
        8356.770559670895, 
        10285.546516697228
    ], 
    "distance": [
        886.8483523128405, 
        449.1102314577124, 
        322.64531609803356, 
        934.986630920464, 
        492.54441424099, 
        744.7818472546172
    ], 
    "absolute_overlap_lg_over_small": [
        265.6321582551696, 
        2283.1764614637395, 
        7105.143213890374, 
        13632.85062499091, 
        8559.626374705867, 
        10222.122784212073
    ], 
    "spearman_correlation": [
        0.6630928553743977, 
        0.8777837570976298, 
        0.8817560269514676, 
        0.5781919937959782, 
        0.9389536296925539, 
        0.5603377517807443
    ], 
    "injection_overlap": [
        0.009243932813476734, 
        0.09723275228582087, 
        0.3257157765564998, 
        0.5050819849277542, 
        0.3462255996773169, 
        0.42613584821128314
    ], 
    "source": "AId", 
    "match_B": [
        272737914, 
        166153483, 
        296048512, 
        296047806, 
        296048512, 
        296047806
    ]
}