{
    "sum_NPV_A": [
        6.698312018739873, 
        6.698312018739873, 
        6.698312018739873, 
        6.698312018739873, 
        6.698312018739873, 
        6.698312018739873, 
        6.698312018739873, 
        6.698312018739873, 
        15.231698040792974, 
        15.231698040792974, 
        15.231698040792974, 
        15.231698040792974, 
        15.231698040792974, 
        15.231698040792974, 
        15.231698040792974, 
        5.178746736541553, 
        5.178746736541553, 
        5.178746736541553, 
        5.178746736541553, 
        5.178746736541553, 
        5.178746736541553, 
        2.2184493326168417, 
        2.2184493326168417, 
        2.2184493326168417, 
        17.658959443669772, 
        17.658959443669772, 
        11.719326858373394
    ], 
    "sum_NPV_B": [
        15.231698040792974, 
        5.178746736541553, 
        1.678161365312509, 
        11.005175236834678, 
        2.2184493326168417, 
        17.658959443669772, 
        11.719326858373394, 
        15.300875439980047, 
        5.178746736541553, 
        1.678161365312509, 
        11.005175236834678, 
        2.2184493326168417, 
        17.658959443669772, 
        11.719326858373394, 
        15.300875439980047, 
        1.678161365312509, 
        11.005175236834678, 
        2.2184493326168417, 
        17.658959443669772, 
        11.719326858373394, 
        15.300875439980047, 
        17.658959443669772, 
        11.719326858373394, 
        15.300875439980047, 
        11.719326858373394, 
        15.300875439980047, 
        15.300875439980047
    ], 
    "pearson_correlation": [
        0.5026375497194763, 
        0.9980268700073387, 
        0.9784713458981079, 
        0.5763048768094728, 
        0.9825894775191439, 
        0.3403157737025392, 
        0.9954140368974871, 
        0.5853820028407015, 
        0.5255601127343109, 
        0.576308634414508, 
        0.9557471859914638, 
        0.5168450150486824, 
        0.9115132837631872, 
        0.47211033685693576, 
        0.7901141855014459, 
        0.9845411128726959, 
        0.5972911112607743, 
        0.9790006786075038, 
        0.3706165772015806, 
        0.993379157873754, 
        0.6083621011695493, 
        0.3062860183303454, 
        0.9864939927054308, 
        0.5305706825691019, 
        0.2832995251734752, 
        0.8981504451360578, 
        0.522565954955782
    ], 
    "match_A": [
        114427219, 
        114427219, 
        114427219, 
        114427219, 
        114427219, 
        114427219, 
        114427219, 
        114427219, 
        100142569, 
        100142569, 
        100142569, 
        100142569, 
        100142569, 
        100142569, 
        100142569, 
        292478008, 
        292478008, 
        292478008, 
        292478008, 
        292478008, 
        292478008, 
        309702727, 
        309702727, 
        309702727, 
        292321278, 
        292321278, 
        286553311
    ], 
    "fraction of match covered by td injection": [
        0.5837327606739925, 
        0.9296357324259993, 
        0.3152324163739938, 
        0.47163892280344355, 
        0.29440905663667405, 
        0.5474224399012104, 
        0.9989340473378068, 
        0.608867659095756, 
        0.8510373813836128, 
        0.4248982081187996, 
        0.4569294990825444, 
        0.8034054359076872, 
        0.5536433428321069, 
        0.870513587907678, 
        0.39116452260404366, 
        0.524280841964584, 
        0.4759080042693471, 
        0.4311329033500423, 
        0.4594138832061894, 
        0.9848725901197884, 
        0.4321767212368416, 
        0.002481746009776809, 
        0.029026085280591477, 
        7.802506734081595e-05, 
        0.563976035799776, 
        0.7451577590680372, 
        0.24692208808089192
    ], 
    "absolute_overlap": [
        4994.674410305188, 
        6268.717762547316, 
        1032.8975845261787, 
        5739.273907538676, 
        186.7309039949132, 
        4877.815057878409, 
        4158.572571756511, 
        6502.513603064141, 
        6083.727114976303, 
        1495.614295374124, 
        5843.849982466816, 
        774.1487666477648, 
        5478.327149352446, 
        3229.9181644317478, 
        4041.2952587007176, 
        1629.838529128827, 
        5308.19608274389, 
        312.7759486652192, 
        3917.1506176551925, 
        3693.5452740228125, 
        4114.000528629671, 
        19.49950658282488, 
        40.77515263393525, 
        0.20186021737390547, 
        1428.8557604850157, 
        5768.586164133723, 
        1858.3542195623654
    ], 
    "distance": [
        746.7931440499437, 
        607.5360071633614, 
        415.33119314590374, 
        300.9983388658482, 
        644.5153217728807, 
        434.6262762420146, 
        456.17978911828175, 
        187.88294228055935, 
        258.0697580112788, 
        700.713921654194, 
        702.2107945624305, 
        528.4884104689525, 
        617.73780845922, 
        577.9273310719956, 
        567.097875150313, 
        502.19518117958876, 
        501.2983143797713, 
        287.92360097775935, 
        567.9788728465171, 
        383.40579025361626, 
        420.7136793592526, 
        631.5853069855251, 
        444.6346815083142, 
        489.18299234540035, 
        695.4135460285484, 
        374.16573867739413, 
        345.83232931581165
    ], 
    "absolute_overlap_lg_over_small": [
        5501.485244174222, 
        5495.771766036679, 
        680.7708746816631, 
        5826.168369887958, 
        95.19759849967221, 
        3692.354619175691, 
        2503.8727166830636, 
        4802.066957714475, 
        5031.118156618571, 
        917.6033610976373, 
        5644.462460815441, 
        259.78232121568124, 
        3734.3144987825344, 
        2181.9811108378717, 
        3085.0681604877645, 
        1132.228504506409, 
        5878.904448702827, 
        139.407454043663, 
        3098.7384698295123, 
        2468.6270473830405, 
        3408.526503159909, 
        16.73933268879864, 
        72.75517658035304, 
        0.615374444928193, 
        1413.6310727074413, 
        5876.970799236407, 
        1947.4452002658181
    ], 
    "spearman_correlation": [
        0.7025430905785405, 
        0.5823230374424859, 
        0.6949299638361953, 
        0.7525806565711246, 
        -0.009113254405042086, 
        0.7371586198692105, 
        0.8217198188917318, 
        0.7266457738470796, 
        0.492676643234826, 
        0.5505469118979028, 
        0.9035304992391316, 
        -0.052973859453133515, 
        0.9104146204476287, 
        0.6662756470475513, 
        0.8915078795767449, 
        0.5938831979451598, 
        0.5393731161636696, 
        0.334371433459934, 
        0.5186019123424758, 
        0.5002116595041691, 
        0.41037881077053767, 
        -0.05321992318275937, 
        0.00899802557850258, 
        -0.16222617665296304, 
        0.7203671183527991, 
        0.9107802128719528, 
        0.7361212056323346
    ], 
    "injection_overlap": [
        0.5020093106269513, 
        0.6300620268657343, 
        0.10381541653373696, 
        0.5768481989292857, 
        0.018768120739527046, 
        0.4902639037930162, 
        0.41797362118986925, 
        0.6535605933555024, 
        0.6455112876605361, 
        0.1586915210700105, 
        0.6200592261593985, 
        0.08214072685302569, 
        0.5812755808357697, 
        0.34270909821513484, 
        0.42879992099554926, 
        0.27569487949377813, 
        0.8979064203026625, 
        0.05290752791437649, 
        0.662604514614506, 
        0.6247806153968056, 
        0.695902606121447, 
        0.06030437141699383, 
        0.12610164973031968, 
        0.0006242749513237994, 
        0.21183981154178205, 
        0.8552411234691835, 
        0.7414008266338331
    ], 
    "source": "AV",