{
    "sum_NPV_A": [
        6.720681972738207, 
        6.720681972738207, 
        6.720681972738207, 
        6.720681972738207, 
        6.720681972738207, 
        6.720681972738207, 
        11.371866793367623, 
        11.371866793367623, 
        11.371866793367623, 
        11.371866793367623, 
        11.371866793367623, 
        9.433039015271069, 
        9.433039015271069, 
        9.433039015271069, 
        9.433039015271069, 
        8.650066095823275, 
        8.650066095823275, 
        8.650066095823275, 
        15.586226579040519, 
        15.586226579040519, 
        8.607577187876673
    ], 
    "sum_NPV_B": [
        11.371866793367623, 
        9.433039015271069, 
        8.650066095823275, 
        15.586226579040519, 
        8.607577187876673, 
        3.280206089557463, 
        9.433039015271069, 
        8.650066095823275, 
        15.586226579040519, 
        8.607577187876673, 
        3.280206089557463, 
        8.650066095823275, 
        15.586226579040519, 
        8.607577187876673, 
        3.280206089557463, 
        15.586226579040519, 
        8.607577187876673, 
        3.280206089557463, 
        8.607577187876673, 
        3.280206089557463, 
        3.280206089557463
    ], 
    "pearson_correlation": [
        0.2652564055504544, 
        0.5103167121740184, 
        0.5867718034287341, 
        0.5688922289526686, 
        0.5034935304476428, 
        0.586203233469213, 
        0.4214770049209048, 
        0.37335930905816345, 
        0.5109765611924629, 
        0.5870059452639502, 
        0.16710796760178637, 
        0.5037701799053965, 
        0.8678977230565383, 
        0.6924300535746956, 
        0.6405715055748081, 
        0.5917696912555621, 
        0.5859068426701695, 
        0.43302443563046145, 
        0.8638453732154149, 
        0.5892085849199135, 
        0.3854062933694108
    ], 
    "match_A": [
        122641784, 
        122641784, 
        122641784, 
        122641784, 
        122641784, 
        122641784, 
        100147861, 
        100147861, 
        100147861, 
        100147861, 
        100147861, 
        116900714, 
        116900714, 
        116900714, 
        116900714, 
        127649005, 
        127649005, 
        127649005, 
        120436274, 
        120436274, 
        120494729
    ], 
    "fraction of match covered by td injection": [
        0, 
        0, 
        0.0969306171192225, 
        0, 
        0, 
        0, 
        0.00033784732259853323, 
        0, 
        0.09598995186039962, 
        0, 
        0, 
        0, 
        0.4642690185645534, 
        0, 
        0, 
        0, 
        0, 
        0, 
        0, 
        0, 
        0
    ], 
    "absolute_overlap": [
        0, 
        0, 
        2472.7140964461937, 
        0, 
        0, 
        0, 
        0.621666586507672, 
        0, 
        546.4752194003842, 
        0, 
        0, 
        0, 
        2349.7547667063673, 
        0, 
        0, 
        0, 
        0, 
        0, 
        0, 
        0, 
        0
    ], 
    "distance": [
        4393.358624105253, 
        5367.336397134057, 
        1041.633332799983, 
        4643.156254101298, 
        3797.3280079550673, 
        2678.3950418114205, 
        1477.3963584630903, 
        3990.5638699311653, 
        1013.1633629380802, 
        1152.0850663036997, 
        3388.6575513025805, 
        4731.014690317501, 
        847.7027781009097, 
        1776.6823013696062, 
        3788.6805090954817, 
        4035.2571169629327, 
        3282.209621581169, 
        2005.2929960482084, 
        1379.130160644745, 
        3382.735579379506, 
        2295.844071360248
    ], 
    "absolute_overlap_lg_over_small": [
        0, 
        0, 
        3571.4874736528764, 
        0, 
        0, 
        0, 
        3.5991206272738054, 
        0, 
        520.5426607852542, 
        0, 
        0, 
        0, 
        2517.678419041402, 
        0, 
        0, 
        0, 
        0, 
        0, 
        0, 
        0, 
        0
    ], 
    "spearman_correlation": [
        0.2645775281504489, 
        0.3084550993118853, 
        0.5715767638351529, 
        0.3470718044513217, 
        0.4017794592102597, 
        0.6572248772555813, 
        0.6398168768562864, 
        0.22399900217168262, 
        0.4843476485597868, 
        0.10456741887706833, 
        0.24513923537841759, 
        0.41439054129986297, 
        0.6624804862999637, 
        0.11498351705063702, 
        0.32797161292775967, 
        0.6044048720590366, 
        0.4530933922566986, 
        0.33093722866185704, 
        0.2664420665106356, 
        0.2726416229147911, 
        0.3481430453946932
    ], 
    "injection_overlap": [
        0, 
        0, 
        0.6126545621400692, 
        0, 
        0, 
        0, 
        7.712590220788202e-05, 
        0, 
        0.06779742589556846, 
        0, 
        0, 
        0, 
        0.2205700888931317, 
        0, 
        0, 
        0, 
        0, 
        0, 
        0, 
        0, 
        0
    ], 
    "source": "CA1", 
    "match_B": [
        100147861, 
        116900714, 
        127649005, 
        120436274, 
        120494729, 
        100148443, 
        116900714, 
        127649005, 
        120436274, 
        120494729, 
        100148443, 
        127649005, 
        120436274, 
        120494729, 
        100148443, 
        120436274, 
        120494729, 
        100148443, 
        120494729, 
        100148443, 
        100148443
    ]
}