{
    "sum_NPV_A": [
        9.10103342889281, 
        9.10103342889281, 
        9.10103342889281, 
        7.2198571140675725, 
        7.2198571140675725, 
        9.98331761582073
    ], 
    "sum_NPV_B": [
        7.2198571140675725, 
        9.98331761582073, 
        9.828890550580399, 
        9.98331761582073, 
        9.828890550580399, 
        9.828890550580399
    ], 
    "pearson_correlation": [
        0.7660225121620824, 
        0.9145136731909964, 
        0.6534947017134028, 
        0.8050683888224559, 
        0.9056256550421121, 
        0.8333414217307044
    ], 
    "match_A": [
        157556400, 
        157556400, 
        157556400, 
        157711748, 
        157711748, 
        286313491
    ], 
    "fraction of match covered by td injection": [
        0.010870778428925539, 
        0.6300609586281206, 
        0.08378493063896293, 
        0.001826665799143517, 
        0.4133350538724307, 
        0.1280253213743112
    ], 
    "absolute_overlap": [
        58.26799424644753, 
        6476.898047275026, 
        1779.0052370307394, 
        8.697451804977657, 
        7089.033206066093, 
        3205.099281814975
    ], 
    "distance": [
        718.6097689288673, 
        678.0855403265874, 
        544.1507144165116, 
        886.9047299456689, 
        213.7755832643195, 
        688.4039511798287
    ], 
    "absolute_overlap_lg_over_small": [
        86.861390181803, 
        7501.962729501664, 
        1904.4151585837358, 
        21.749607806628546, 
        9395.025288743564, 
        2909.990625383544
    ], 
    "spearman_correlation": [
        0.7584934855538774, 
        0.8823584939699303, 
        0.7443416075971536, 
        0.8264660130197446, 
        0.9421859521675551, 
        0.8581497419903279
    ], 
    "injection_overlap": [
        0.007840176210387167, 
        0.8714908183139444, 
        0.23937179780944576, 
        0.0010884936479865128, 
        0.8871986632627541, 
        0.26918394543034313
    ], 
    "source": "ILA", 
    "match_B": [
        157711748, 
        286313491, 
        263106036, 
        286313491, 
        263106036, 
        263106036
    ]
}