{
    "sum_NPV_A": [
        13.46176513194151, 
        13.46176513194151, 
        13.46176513194151, 
        13.46176513194151, 
        8.463841175328499, 
        8.463841175328499, 
        16.68167208707088
    ], 
    "sum_NPV_B": [
        10.936998711911052, 
        8.463841175328499, 
        16.68167208707088, 
        21.60241208342403, 
        16.68167208707088, 
        21.60241208342403, 
        21.60241208342403
    ], 
    "pearson_correlation": [
        0.9417299847159045, 
        0.9530966053680807, 
        0.8966463832763423, 
        0.8980387530838841, 
        0.870577790521109, 
        0.9412577256743776, 
        0.8828415356796255
    ], 
    "match_A": [
        126860974, 
        126860974, 
        126860974, 
        126860974, 
        496554237, 
        496554237, 
        478582494
    ], 
    "fraction of match covered by td injection": [
        0.384101476963838, 
        0.46104827819841016, 
        0.5808752654401901, 
        0.22527451302864743, 
        0.6231533154249917, 
        0.2257615738883016, 
        0.3629127572843597
    ], 
    "absolute_overlap": [
        9257.661426938752, 
        7291.037010038926, 
        8712.391092659953, 
        7382.595212453362, 
        7342.5455116953235, 
        6937.074084097931, 
        9664.591044201477
    ], 
    "distance": [
        896.6604708583958, 
        1526.7612779999367, 
        313.6877428271624, 
        658.7867636800241, 
        1560.7049689162907, 
        1869.4919095839919, 
        418.09089920733743
    ], 
    "absolute_overlap_lg_over_small": [
        10661.89743048887, 
        7678.690364201829, 
        6713.322391639728, 
        6884.234914807024, 
        7201.94051075132, 
        6899.1191612785315, 
        11090.365444084506
    ], 
    "spearman_correlation": [
        0.9411170875647822, 
        0.9251250128229571, 
        0.8309934908765333, 
        0.8804604217741077, 
        0.9342233124203971, 
        0.9518656540402849, 
        0.9391292042077455
    ], 
    "injection_overlap": [
        0.5635578335130641, 
        0.443840061971224, 
        0.5303646377270397, 
        0.4494136447383454, 
        0.44086527847805457, 
        0.4165197332501918, 
        0.8362360036757027
    ], 
    "source": "ORBm", 
    "match_B": [
        478376197, 
        496554237, 
        478582494, 
        167902586, 
        478582494, 
        167902586, 
        167902586
    ]
}