{
    "sum_NPV_A": [
        7.2198571140675725, 
        7.2198571140675725
    ], 
    "sum_NPV_B": [
        10.936998711911052, 
        9.828890550580399
    ], 
    "pearson_correlation": [
        0.8697803910172315, 
        0.9056256550421121
    ], 
    "match_A": [
        157711748, 
        157711748
    ], 
    "fraction of match covered by td injection": [
        0.2582191620884503, 
        0.4133350538724307
    ], 
    "absolute_overlap": [
        5239.6757122587505, 
        7089.033206066093
    ], 
    "distance": [
        360.1388621073821, 
        213.7755832643195
    ], 
    "absolute_overlap_lg_over_small": [
        7167.653304892222, 
        9395.025288743564
    ], 
    "spearman_correlation": [
        0.9356573423274682, 
        0.9421859521675551
    ], 
    "injection_overlap": [
        0.655749966563627, 
        0.8871986632627541
    ], 
    "source": "PL", 
    "match_B": [
        478376197, 
        263106036
    ]
}