{
    "sum_NPV_A": [
        7.522156381332894, 
        7.522156381332894, 
        7.522156381332894, 
        7.522156381332894, 
        7.522156381332894, 
        7.522156381332894, 
        7.522156381332894, 
        18.040494351694573, 
        18.040494351694573, 
        18.040494351694573
    ], 
    "sum_NPV_B": [
        5.16580513787332, 
        5.643143484772581, 
        1.5998675451580109, 
        18.040494351694573, 
        1.4092999465840872, 
        8.339701594028634, 
        6.219572826814119, 
        1.4092999465840872, 
        8.339701594028634, 
        6.219572826814119
    ], 
    "pearson_correlation": [
        0.6216170081935428, 
        0.8111374979845566, 
        0.7493305246609597, 
        0.6673901993560037, 
        0.7179335742832074, 
        0.36244128564697664, 
        0.60906122941476, 
        0.8513374111983143, 
        0.5006314316895815, 
        0.7571402483684495
    ], 
    "match_A": [
        175374982, 
        175374982, 
        175374982, 
        175374982, 
        175374982, 
        175374982, 
        175374982, 
        538833505, 
        538833505, 
        538833505
    ], 
    "fraction of match covered by td injection": [
        0.2164770915657699, 
        0.6733547572993208, 
        0.41384638135913276, 
        0.6077732902672259, 
        0.518405385464869, 
        0.22707380165120453, 
        0.08816503309202078, 
        0.30364353837941865, 
        0.5711940339314141, 
        0.12345184660450774
    ], 
    "absolute_overlap": [
        4200.390265188608, 
        6145.592013909501, 
        6912.74450710864, 
        4069.9126205657203, 
        9478.429410098295, 
        3547.7841061224017, 
        1120.2821522416566, 
        3843.4033547729714, 
        5756.388005345717, 
        1435.0421605635402
    ], 
    "distance": [
        725.9476565152614, 
        153.94804318340653, 
        836.9587803470372, 
        263.81811916545837, 
        386.52296180175375, 
        594.3904440685432, 
        833.9064695755753, 
        522.8766584960549, 
        334.81338085566415, 
        748.4650960465692
    ], 
    "absolute_overlap_lg_over_small": [
        4608.807366363029, 
        5961.419646156151, 
        5867.834915617268, 
        4002.723190135988, 
        3281.454455193236, 
        2097.9129227073227, 
        1138.2791410828968, 
        1922.0333540946685, 
        5277.2065136721685, 
        1593.8593452509501
    ], 
    "spearman_correlation": [
        0.5530377110957935, 
        0.7146880262734654, 
        0.8021227416387565, 
        0.5364940094657211, 
        0.5951381298099748, 
        0.6139251851502429, 
        0.6547761686872022, 
        0.8286367005947852, 
        0.9027738475938224, 
        0.7138597988884756
    ], 
    "injection_overlap": [
        0.35215377706605183, 
        0.5152362764815657, 
        0.5795530734955653, 
        0.3412147470055751, 
        0.7946558549768912, 
        0.2974403553736954, 
        0.09392260394496237, 
        0.5835821743834109, 
        0.8740496686569275, 
        0.2178967303427895
    ], 
    "source": "RE", 
    "match_B": [
        204832205, 
        265286700, 
        184158290, 
        538833505, 
        170784358, 
        265947058, 
        278500868, 
        170784358, 
        265947058, 
        278500868
    ]
}