{
    "sum_NPV_A": [
        7.057684266939037, 
        7.057684266939037, 
        7.057684266939037, 
        7.057684266939037, 
        7.057684266939037, 
        7.057684266939037, 
        7.057684266939037, 
        7.057684266939037, 
        7.057684266939037, 
        7.057684266939037, 
        7.057684266939037, 
        7.057684266939037, 
        7.057684266939037, 
        7.057684266939037, 
        7.057684266939037, 
        7.057684266939037, 
        19.944333979954415, 
        19.944333979954415, 
        19.944333979954415, 
        19.944333979954415, 
        19.944333979954415, 
        19.944333979954415, 
        19.944333979954415, 
        19.944333979954415, 
        19.944333979954415, 
        19.944333979954415, 
        19.944333979954415, 
        19.944333979954415, 
        19.944333979954415, 
        19.944333979954415, 
        19.944333979954415, 
        3.4953486553744204, 
        3.4953486553744204, 
        3.4953486553744204, 
        3.4953486553744204, 
        3.4953486553744204, 
        3.4953486553744204, 
        3.4953486553744204, 
        3.4953486553744204, 
        3.4953486553744204, 
        3.4953486553744204, 
        3.4953486553744204, 
        3.4953486553744204, 
        3.4953486553744204, 
        3.4953486553744204, 
        5.353521148891912, 
        5.353521148891912, 
        5.353521148891912, 
        5.353521148891912, 
        5.353521148891912, 
        5.353521148891912, 
        5.353521148891912, 
        5.353521148891912, 
        5.353521148891912, 
        5.353521148891912, 
        18.78452521253953, 
        18.78452521253953, 
        18.78452521253953, 
        18.78452521253953, 
        20.398055405778553, 
        20.398055405778553, 
        2.5691046713315586
    ], 
    "sum_NPV_B": [
        19.944333979954415, 
        3.4953486553744204, 
        12.227592035854542, 
        4.272716359227412, 
        11.258658286060955, 
        5.353521148891912, 
        5.978677110856395, 
        7.131400499374073, 
        9.506144075509587, 
        12.97669848761425, 
        6.320618747668311, 
        18.78452521253953, 
        4.397269538455416, 
        20.398055405778553, 
        2.5691046713315586, 
        9.972338897388084, 
        3.4953486553744204, 
        12.227592035854542, 
        4.272716359227412, 
        11.258658286060955, 
        5.353521148891912, 
        5.978677110856395, 
        7.131400499374073, 
        9.506144075509587, 
        12.97669848761425, 
        6.320618747668311, 
        18.78452521253953, 
        4.397269538455416, 
        20.398055405778553, 
        2.5691046713315586, 
        9.972338897388084, 
        12.227592035854542, 
        4.272716359227412, 
        11.258658286060955, 
        5.353521148891912, 
        5.978677110856395, 
        7.131400499374073, 
        9.506144075509587, 
        12.97669848761425, 
        6.320618747668311, 
        18.78452521253953, 
        4.397269538455416, 
        20.398055405778553, 
        2.5691046713315586, 
        9.972338897388084, 
        5.978677110856395, 
        7.131400499374073, 
        9.506144075509587, 
        12.97669848761425, 
        6.320618747668311, 
        18.78452521253953, 
        4.397269538455416, 
        20.398055405778553, 
        2.5691046713315586, 
        9.972338897388084, 
        4.397269538455416, 
        20.398055405778553, 
        2.5691046713315586, 
        9.972338897388084, 
        2.5691046713315586, 
        9.972338897388084, 
        9.972338897388084
    ], 
    "pearson_correlation": [
        0.2149486104511872, 
        0.8257509895015447, 
        0.30111925687891405, 
        0.9106744985366408, 
        0.5017708837249902, 
        0.6445890945295384, 
        0.6951905196300785, 
        0.3589684890891169, 
        0.5902779910125505, 
        0.30573015919168844, 
        0.714285198563537, 
        0.3005662609575634, 
        0.9017463896646867, 
        0.32251462790561397, 
        0.46673981757978095, 
        0.07958091422198388, 
        0.46220700786050894, 
        0.5610226218055513, 
        0.15580999906892387, 
        0.8277098972004584, 
        0.7497046912418983, 
        0.7021731341371487, 
        0.9213011946664666, 
        0.7747227860281893, 
        0.8188893401308945, 
        0.576452992639353, 
        0.929194989829237, 
        0.2893108622202028, 
        0.8518506070521004, 
        0.4191028955251237, 
        0.34732507872525803, 
        0.4861437600100343, 
        0.6718800099409556, 
        0.6386132140971901, 
        0.7673970476351744, 
        0.7909498537049064, 
        0.5477707048077795, 
        0.6716992995263368, 
        0.4749992834068072, 
        0.82199622851876, 
        0.5258162775465186, 
        0.8339841326288379, 
        0.5134583286191935, 
        0.6279169444040616, 
        0.22162959511015254, 
        0.9723363195373422, 
        0.8769250208378055, 
        0.9002380379347527, 
        0.8184340496572945, 
        0.8647577248333264, 
        0.8223044703531597, 
        0.7082740281779866, 
        0.8149589374580916, 
        0.6480795916027666, 
        0.17294436255772275, 
        0.3855252676571518, 
        0.9639411496526462, 
        0.5186649672655919, 
        0.3508228457689833, 
        0.5128327788315648, 
        0.26240115314040646, 
        0.18694296001530156
    ], 
    "match_A": [
        113887868, 
        113887868, 
        113887868, 
        113887868, 
        113887868, 
        113887868, 
        113887868, 
        113887868, 
        113887868, 
        113887868, 
        113887868, 
        113887868, 
        113887868, 
        113887868, 
        113887868, 
        113887868, 
        112229103, 
        112229103, 
        112229103, 
        112229103, 
        112229103, 
        112229103, 
        112229103, 
        112229103, 
        112229103, 
        112229103, 
        112229103, 
        112229103, 
        112229103, 
        112229103, 
        112229103, 
        174361040, 
        174361040, 
        174361040, 
        174361040, 
        174361040, 
        174361040, 
        174361040, 
        174361040, 
        174361040, 
        174361040, 
        174361040, 
        174361040, 
        174361040, 
        174361040, 
        496113850, 
        496113850, 
        496113850, 
        496113850, 
        496113850, 
        496113850, 
        496113850, 
        496113850, 
        496113850, 
        496113850, 
        646525156, 
        646525156, 
        646525156, 
        646525156, 
        562674923, 
        562674923, 
        523718075
    ], 
    "fraction of match covered by td injection": [
        0, 
        0, 
        0, 
        0.8290247421926481, 
        0, 
        0, 
        0, 
        0, 
        0, 
        0, 
        0, 
        0, 
        0.40691370937420773, 
        0, 
        0.0013086030997103326, 
        0, 
        0, 
        0, 
        0, 
        0.002884917743446628, 
        0, 
        0.09753065594248603, 
        0.2068025832335557, 
        0.035789922036937795, 
        0.19159319012309417, 
        0, 
        0.33241870422848135, 
        0, 
        0.27740421558296435, 
        0, 
        0, 
        0, 
        0, 
        0, 
        0, 
        0, 
        0, 
        0, 
        0, 
        0.4933524850866053, 
        0, 
        0.006817707486616988, 
        0, 
        0.2665963792971756, 
        0, 
        0.3591173973724055, 
        0, 
        0.04167447084741023, 
        0, 
        0, 
        0, 
        0, 
        0, 
        0, 
        0, 
        0, 
        0.7955005232237188, 
        0, 
        0, 
        0, 
        0, 
        0
    ],