{
    "sum_NPV_A": [
        15.787325909163208, 
        15.787325909163208, 
        15.787325909163208, 
        15.787325909163208, 
        15.787325909163208, 
        15.787325909163208, 
        7.178910843635116, 
        7.178910843635116, 
        7.178910843635116, 
        7.178910843635116, 
        7.178910843635116, 
        16.14738980309498, 
        16.14738980309498, 
        16.14738980309498, 
        16.14738980309498, 
        1.3096860688551057, 
        1.3096860688551057, 
        1.3096860688551057, 
        9.128714772100365, 
        9.128714772100365, 
        15.187175771842536
    ], 
    "sum_NPV_B": [
        7.178910843635116, 
        16.14738980309498, 
        1.3096860688551057, 
        9.128714772100365, 
        15.187175771842536, 
        10.19638336060986, 
        16.14738980309498, 
        1.3096860688551057, 
        9.128714772100365, 
        15.187175771842536, 
        10.19638336060986, 
        1.3096860688551057, 
        9.128714772100365, 
        15.187175771842536, 
        10.19638336060986, 
        9.128714772100365, 
        15.187175771842536, 
        10.19638336060986, 
        15.187175771842536, 
        10.19638336060986, 
        10.19638336060986
    ], 
    "pearson_correlation": [
        0.8160716421142888, 
        0.7864379216199263, 
        0.4607801003117927, 
        0.3549116099234961, 
        0.5495731817181482, 
        0.9515674871796164, 
        0.9567068037772734, 
        0.726885961840223, 
        0.7461409191410848, 
        0.8297117025986388, 
        0.8153113988062826, 
        0.8578977761110412, 
        0.7792748193498495, 
        0.6979708374464823, 
        0.8035317973786129, 
        0.8276434837331662, 
        0.41035875663718163, 
        0.4464488218823792, 
        0.6185992810763287, 
        0.3305573240121046, 
        0.6078842647184906
    ], 
    "match_A": [
        126909424, 
        126909424, 
        126909424, 
        126909424, 
        126909424, 
        126909424, 
        180718587, 
        180718587, 
        180718587, 
        180718587, 
        180718587, 
        112229814, 
        112229814, 
        112229814, 
        112229814, 
        148964212, 
        148964212, 
        148964212, 
        112791318, 
        112791318, 
        266249483
    ], 
    "fraction of match covered by td injection": [
        0.0033217292134098447, 
        0, 
        0, 
        0, 
        0, 
        0.5572042079922797, 
        0.9938230180061178, 
        0.9974822711466028, 
        0.406222422641901, 
        0.19231009989702808, 
        0, 
        0.9617845895744889, 
        0.07742626938846102, 
        0.019201527579545703, 
        0, 
        0.04383237921054843, 
        0.0012284599566869119, 
        0, 
        0.35912231894925073, 
        0, 
        0
    ], 
    "absolute_overlap": [
        191.94838601687798, 
        0, 
        0, 
        0, 
        0, 
        3436.389256246341, 
        16508.55384686194, 
        8751.90672614912, 
        9507.700087046418, 
        2589.6631587790316, 
        0, 
        6565.279008323754, 
        1930.2594466223877, 
        206.72265042027678, 
        0, 
        742.9145494447606, 
        3.8656376396947962, 
        0, 
        5683.911280148706, 
        0, 
        0
    ], 
    "distance": [
        961.9251530134765, 
        1137.4093370462544, 
        1215.4834429147934, 
        1335.889216963742, 
        1198.2069938036582, 
        240.8318915758459, 
        589.576118919347, 
        676.8308503607086, 
        484.25200051213005, 
        410.6093033529562, 
        1000.8496390567366, 
        94.33981132056604, 
        682.1290200541243, 
        694.4062211702887, 
        1067.9419459877022, 
        725.8098924649622, 
        752.2632517942106, 
        1134.9889867307083, 
        163.40134638368193, 
        1316.4345787011218, 
        1183.7651794169315
    ], 
    "absolute_overlap_lg_over_small": [
        192.98352040848505, 
        0, 
        0, 
        0, 
        0, 
        3124.977343517374, 
        10915.899790078884, 
        2270.1685694085945, 
        10099.894756345431, 
        2762.5671433992175, 
        0, 
        2188.9242635698406, 
        1925.046793611547, 
        275.8331945266002, 
        0, 
        1089.8030051310584, 
        17.64703525785717, 
        0, 
        5158.852911634653, 
        0, 
        0
    ], 
    "spearman_correlation": [
        0.759415924109047, 
        0.6661917212482079, 
        0.5632172517931295, 
        0.3510933972521393, 
        0.3987922018938713, 
        0.8718805315913576, 
        0.9419773005554548, 
        0.41344625602020363, 
        0.7928770225010613, 
        0.8201613283645455, 
        0.780251925914945, 
        0.43430793430835724, 
        0.8121762759363834, 
        0.8013831103480553, 
        0.7389392659493673, 
        0.17396145645400024, 
        0.1737538652171816, 
        0.5653903333575024, 
        0.9176564932308127, 
        0.4150115600866904, 
        0.4809076777551101
    ], 
    "injection_overlap": [
        0.010784527894526622, 
        0, 
        0, 
        0, 
        0, 
        0.1930718802042003, 
        0.2841535146016526, 
        0.15064221123001878, 
        0.1636513058971683, 
        0.04457458206379217, 
        0, 
        0.5977267585430422, 
        0.17573780500628958, 
        0.01882077815679714, 
        0, 
        0.32642690152346954, 
        0.0016985104384900664, 
        0, 
        0.22860953168378417, 
        0, 
        0
    ], 
    "source": "SSp-ul", 
    "match_B": [
        180718587, 
        112229814, 
        148964212, 
        112791318, 
        266249483, 
        286312782, 
        112229814, 
        148964212, 
        112791318, 
        266249483, 
        286312782, 
        148964212, 
        112791318, 
        266249483, 
        286312782, 
        112791318, 
        266249483, 
        286312782, 
        266249483, 
        286312782, 
        286312782
    ]
}