{
    "sum_NPV_A": [
        11.491586413514229, 
        11.491586413514229, 
        11.491586413514229, 
        11.491586413514229, 
        11.491586413514229, 
        11.491586413514229, 
        11.491586413514229, 
        11.437221132706028, 
        11.437221132706028, 
        11.437221132706028, 
        11.437221132706028, 
        11.437221132706028, 
        11.437221132706028, 
        27.614935567161886, 
        27.614935567161886, 
        27.614935567161886, 
        27.614935567161886, 
        2.970736566993681, 
        2.970736566993681
    ], 
    "sum_NPV_B": [
        11.437221132706028, 
        8.727084455831344, 
        27.614935567161886, 
        18.828492393590274, 
        2.970736566993681, 
        13.280899395175004, 
        5.914307057808631, 
        8.727084455831344, 
        27.614935567161886, 
        18.828492393590274, 
        2.970736566993681, 
        13.280899395175004, 
        5.914307057808631, 
        18.828492393590274, 
        2.970736566993681, 
        13.280899395175004, 
        5.914307057808631, 
        13.280899395175004, 
        5.914307057808631
    ], 
    "pearson_correlation": [
        0.5574948135894289, 
        0.8714098249910401, 
        0.8730606021555994, 
        0.5672051804028613, 
        0.7874965899266357, 
        0.6355308038696003, 
        0.7788059462499173, 
        0.667540854917408, 
        0.7443047227201215, 
        0.9052272444719508, 
        0.39048106008176203, 
        0.7824716188602289, 
        0.856669767853074, 
        0.7484320723860136, 
        0.8844281293328056, 
        0.7996468648691304, 
        0.8256978860895651, 
        0.5219816809062453, 
        0.5797328243770763
    ], 
    "match_A": [
        127139568, 
        127139568, 
        127139568, 
        127139568, 
        127139568, 
        127139568, 
        127139568, 
        640285199, 
        640285199, 
        640285199, 
        640285199, 
        640285199, 
        640285199, 
        152994878, 
        152994878, 
        152994878, 
        152994878, 
        638314843, 
        638314843
    ], 
    "fraction of match covered by td injection": [
        0.0002981754903771398, 
        0.12737962340323064, 
        0.12209449026625521, 
        0, 
        0.4121057313508051, 
        0, 
        0.4727454726772983, 
        0.04690653900301306, 
        0.0788987036818852, 
        0, 
        0.0006428170863714571, 
        0, 
        0.1049415053296418, 
        0, 
        0, 
        0, 
        0.5762536292187663, 
        0.020363944038452222, 
        0
    ], 
    "absolute_overlap": [
        0.056518663206588826, 
        3502.663060068832, 
        765.9870249910441, 
        0, 
        8164.581509502277, 
        0, 
        3243.4289982748387, 
        933.1926767083835, 
        422.5469965528476, 
        0, 
        2.059006837396282, 
        0, 
        860.9878516947676, 
        0, 
        0, 
        0, 
        4773.736500756391, 
        52.45583451734467, 
        0
    ], 
    "distance": [
        2041.396580775034, 
        1673.2602905704778, 
        1631.2571838922274, 
        3411.832352270551, 
        516.6236541235796, 
        3166.322788346128, 
        1498.4325143295578, 
        758.485332752058, 
        601.5812497078014, 
        1801.9156473042794, 
        1598.937146982332, 
        1911.6746585127921, 
        567.2741841473133, 
        2365.6288804459587, 
        1229.8373876248843, 
        2421.445849074474, 
        335.4101966249685, 
        2731.098680018721, 
        1048.2366145102926
    ], 
    "absolute_overlap_lg_over_small": [
        0.4986158198225894, 
        3656.6113605494365, 
        885.3256147756904, 
        0, 
        5028.974587171558, 
        0, 
        1871.0588593448676, 
        1346.5182171210804, 
        572.1064332210547, 
        0, 
        7.844372319126705, 
        0, 
        415.34344506360827, 
        0, 
        0, 
        0, 
        2280.72931523429, 
        376.2071260387372, 
        0
    ], 
    "spearman_correlation": [
        0.4306033897079303, 
        0.7114525629132393, 
        0.8003902020083123, 
        0.599584202376773, 
        0.46899078314741094, 
        0.7859646843570374, 
        0.6456713162612887, 
        0.49867338873043243, 
        0.5911343388411713, 
        0.6776262370058965, 
        0.642886792583916, 
        0.4616911201891297, 
        0.5821693832618566, 
        0.6790741436287329, 
        0.5838285472507211, 
        0.729232534099023, 
        0.6715260864451116, 
        0.47371811562097177, 
        0.6128276205573344
    ], 
    "injection_overlap": [
        1.7186880863958856e-06, 
        0.10651322820560731, 
        0.023293062848529316, 
        0, 
        0.24827850084666964, 
        0, 
        0.09863012431893559, 
        0.5580552660621214, 
        0.25268584127427424, 
        0, 
        0.0012312994273807152, 
        0, 
        0.514876312948097, 
        0, 
        0, 
        0, 
        0.6583418744446254, 
        0.004298560207985732, 
        0
    ], 
    "source": "SUB", 
    "match_B": [
        640285199, 
        127222723, 
        152994878, 
        157063781, 
        638314843, 
        127795906, 
        299446445, 
        127222723, 
        152994878, 
        157063781, 
        638314843, 
        127795906, 
        299446445, 
        157063781, 
        638314843, 
        127795906, 
        299446445, 
        127795906, 
        299446445
    ]
}