{
    "sum_NPV_A": [
        8.413430602929115, 
        8.413430602929115, 
        8.413430602929115, 
        8.413430602929115, 
        21.541928122804396, 
        21.541928122804396
    ], 
    "sum_NPV_B": [
        8.01713483880432, 
        21.541928122804396, 
        14.246630915749426, 
        7.98504750816, 
        14.246630915749426, 
        7.98504750816
    ], 
    "pearson_correlation": [
        0.6120968827380561, 
        0.8702500790035579, 
        0.8770093683840462, 
        0.9345000337736892, 
        0.8517772784549017, 
        0.8497002393635598
    ], 
    "match_A": [
        180917660, 
        180917660, 
        180917660, 
        180917660, 
        180074890, 
        180074890
    ], 
    "fraction of match covered by td injection": [
        0, 
        0.8269355425053007, 
        0.42863860712547225, 
        0.9189296814227936, 
        0.07019345867721494, 
        0.24219623542739074
    ], 
    "absolute_overlap": [
        0, 
        23333.44516403036, 
        29824.40113860031, 
        31945.766887528458, 
        5576.933225093548, 
        6576.623057676616
    ], 
    "distance": [
        1455.0944986494862, 
        41.23105625617661, 
        886.0022573334675, 
        341.9064199455752, 
        877.8952101475437, 
        333.7663853655727
    ], 
    "absolute_overlap_lg_over_small": [
        0, 
        21509.08473224447, 
        28253.603709323448, 
        23992.104879820923, 
        4626.783802216559, 
        6323.440845740021
    ], 
    "spearman_correlation": [
        0.2876267748478702, 
        0.8114250672201518, 
        0.4555403556771545, 
        0.977130565399957, 
        0.7325345535166754, 
        0.7626824414290678
    ], 
    "injection_overlap": [
        0, 
        0.308748319953708, 
        0.39463669768591403, 
        0.42270662505345813, 
        0.21441006716083227, 
        0.25284401562191344
    ], 
    "source": "VISC", 
    "match_B": [
        180404418, 
        180074890, 
        180436360, 
        174361746, 
        180436360, 
        174361746
    ]
}